Report Number,Local Case Number,Agency Name,ACRS Report Type,Crash Date/Time,Route Type,Road Name,Cross-Street Name,Off-Road Description,Municipality,Related Non-Motorist,Collision Type,Weather,Surface Condition,Light,Traffic Control,Driver Substance Abuse,Non-Motorist Substance Abuse,Person ID,Pedestrian Type,Pedestrian Movement,Pedestrian Actions,Pedestrian Location,At Fault,Injury Severity,Safety Equipment,Latitude,Longitude,Location
MCP2818005C,260031019,MONTGOMERY,Injury Crash,07/15/2026 07:35:00 AM,Maryland (State) Route,UNIVERSITY BLVD E (WB/L),E MELBOURNE AVE,,,Pedestrian,Single Vehicle,Clear,Dry,Daylight,Stop Sign,"Not Suspect of Alcohol Use, Not Suspect of Drug Use","Not Suspect of Alcohol Use, Not Suspect of Drug Use",71B57F1D-E0C9-46F5-A008-C34EB745893E,Pedestrian,Cross/Enter at Intersection,None (No Improper Action),Intersection Marked Crosswalk,No,Suspected Minor Injury,None,39.00976699,-76.99962433,"    (39.00976699, -76.99962433)"
DD556700F6,260030875,ROCKVILLE,Injury Crash,07/13/2026 10:00:00 AM,Municipality Route,E GUDE DR,ROTHGEB DR,,,Pedestrian,Single Vehicle,Clear,Dry,Daylight,Traffic Control Signal,"Unknown, Unknown","Not Suspect of Alcohol Use, Not Suspect of Drug Use",BEF59DEE-77DE-4ED1-80D7-2A07DC287479,Pedestrian,Cross/Enter at Intersection,None (No Improper Action),Intersection Marked Crosswalk,No,Suspected Minor Injury,None,39.09588007,-77.13388137,"    (39.09588007, -77.13388137)"
DD556700F6,260030875,ROCKVILLE,Injury Crash,07/13/2026 10:00:00 AM,Municipality Route,E GUDE DR,ROTHGEB DR,,,Pedestrian,Single Vehicle,Clear,Dry,Daylight,Traffic Control Signal,"Unknown, Unknown","Not Suspect of Alcohol Use, Not Suspect of Drug Use",CFB7372F-73FB-46E0-A888-537D79E17175,Pedestrian,Cross/Enter at Intersection,None (No Improper Action),Intersection Marked Crosswalk,No,No Apparent Injury,None,39.09588007,-77.13388137,"    (39.09588007, -77.13388137)"
DM8493005G,260030584,TAKOMA,Injury Crash,07/12/2026 11:58,,,,"Parking Lot Way        PARKING LOT INFRONT OF 1345 UNIVERSITY BLVD E TAKOMA PARK, MONTGOMERY COUNTY, MD 20912.",,Pedestrian,Single Vehicle,Clear,,Daylight,,"Not Suspect of Alcohol Use, Not Suspect of Drug Use","Suspect of Alcohol Use, Not Suspect of Drug Use",E74D67D0-5C81-4F10-A4BC-54BC1AE5AFAD,Pedestrian,Other,None (No Improper Action),Other,No,Suspected Minor Injury,None,38.9871204,-76.9856589,"    (38.9871204, -76.9856589)"
MCP3388002B,260030535,MONTGOMERY,Injury Crash,07/11/2026 21:34,Maryland (State) Route,,SLIGO CREEK PKWY,,,Cyclist (Electric),Single Vehicle,Clear,Dry,Dark - Lighted,Traffic Control Signal,"Not Suspect of Alcohol Use, Not Suspect of Drug Use","Not Suspect of Alcohol Use, Not Suspect of Drug Use",158C14A9-C8BB-4E36-B6F5-5330487D21D4,Cyclist (Electric),Cross/Enter at Intersection,Wrong-Way Riding or Walking,Intersection Marked Crosswalk,Yes,Suspected Serious Injury,Helmet,38.9997199,-77.01063484,"    (38.9997199, -77.01063484)"
MCP3127006C,260030350,MONTGOMERY,Injury Crash,07/10/2026 15:48,Maryland (State) Route,KNOWLES AVE,BEACH DR,,,Pedestrian,Single Vehicle,Rain,Wet,Daylight,Pedestrian Crossing Sign,"Not Suspect of Alcohol Use, Not Suspect of Drug Use","Not Suspect of Alcohol Use, Not Suspect of Drug Use",68878119-6D2C-4BAC-9943-BC3105676B7B,Pedestrian,Cross/Enter at Intersection,None (No Improper Action),Intersection Marked Crosswalk,No,Suspected Minor Injury,None,39.03098699,-77.08610048,"    (39.03098699, -77.08610048)"
MCP31710038,260030315,MONTGOMERY,Injury Crash,07/10/2026 12:50,,,,Parking Lot Way        PARKING LOT OF 12615 WISTERIA DRIVE GERMANTOWN MD 20874.,,Pedestrian,Single Vehicle,Clear,,Daylight,,"Not Suspect of Alcohol Use, Not Suspect of Drug Use","Not Suspect of Alcohol Use, Not Suspect of Drug Use",D2AFFBA7-9948-4CD0-8B77-134B3FD54E81,Pedestrian,Other,None (No Improper Action),Travel Lane Other Location,No,Suspected Serious Injury,None,39.1709875,-77.26092418,"    (39.1709875, -77.26092418)"
MCP3414002Y,260030301,MONTGOMERY,Injury Crash,07/10/2026 11:50,Other Public Roadway,W FALKLAND LA,EAST WEST HWY (WB/L),,,Scooter (electric),Single Vehicle,Cloudy,Dry,Daylight,Stop Sign,"Not Suspect of Alcohol Use, Not Suspect of Drug Use","Not Suspect of Alcohol Use, Not Suspect of Drug Use",DB977378-3A8B-4D39-A34D-D17407282C3B,Scooter (electric),Cross/Enter at Intersection,None (No Improper Action),Intersection Other,No,Suspected Minor Injury,None,38.99459863,-77.03528713,"    (38.99459863, -77.03528713)"
MCP3468001M,260030236,MONTGOMERY,Injury Crash,07/09/2026 21:52,County Route,REEDIE DR,FERN ST,,,Pedestrian,Single Vehicle,Clear,Wet,Dark - Lighted,Traffic Control Signal,"Not Suspect of Alcohol Use, Not Suspect of Drug Use","Not Suspect of Alcohol Use, Not Suspect of Drug Use",0C13A337-F36A-4D40-8725-4E18DB4DA7AF,Pedestrian,Cross/Enter at Intersection,None (No Improper Action),Intersection Marked Crosswalk,No,Possible Injury,None,39.03894707,-77.04952004,"    (39.03894707, -77.04952004)"
MCP316300CK,260030227,MONTGOMERY,Injury Crash,07/09/2026 20:19,County Route,BOILING BROOK PKWY,NICHOLSON LA PARKLAWN DR,,,Pedestrian,Single Vehicle,Clear,Wet,Dark - Lighted,No Controls,"Unknown, Unknown","Not Suspect of Alcohol Use, Not Suspect of Drug Use",0957E1D7-AFD0-415C-807B-8A89F3A8C25F,Pedestrian,Cross/Enter at Intersection,None (No Improper Action),Intersection Marked Crosswalk,No,Suspected Serious Injury,None,39.04887918,-77.10205875,"    (39.04887918, -77.10205875)"
MCP2440002Z,260029776,MONTGOMERY,Injury Crash,07/07/2026 8:57,County Route,MIDCOUNTY HWY (NB/L),MILLER FALL RD,,,Pedestrian,Single Vehicle,Cloudy,Wet,Daylight,Stop Sign,"Not Suspect of Alcohol Use, Not Suspect of Drug Use","Not Suspect of Alcohol Use, Not Suspect of Drug Use",73FBE6C3-C956-4DED-BE85-FC8D0DB68A0A,Pedestrian,Cross/Enter at Intersection,None (No Improper Action),Intersection Unmarked Crosswalk,No,Suspected Serious Injury,None,39.1432865,-77.1590525,"    (39.1432865, -77.1590525)"
MCP229801D4,260029689,MONTGOMERY,Injury Crash,07/06/2026 16:21,Maryland (State) Route,GEORGIA AVE,HENDERSON AVE,,,Pedestrian,Single Vehicle,Clear,Dry,Daylight,Stop Sign,"Not Suspect of Alcohol Use, Not Suspect of Drug Use","Not Suspect of Alcohol Use, Not Suspect of Drug Use",E4EC6DEF-01B4-442C-9580-37D84CB48A1F,Pedestrian,Cross/Enter at Intersection,None (No Improper Action),Intersection Marked Crosswalk,No,Suspected Serious Injury,None,39.05066293,-77.05151103,"    (39.05066293, -77.05151103)"
MCP287500CF,260029674,MONTGOMERY,Injury Crash,07/06/2026 13:54,County Route,BOWMAN ACRES LA,DAMASCUS RD MULLINIX MILL RD,,,Cyclist (non-electric),Single Vehicle,Cloudy,Dry,Daylight,No Controls,"Not Suspect of Alcohol Use, Not Suspect of Drug Use","Not Suspect of Alcohol Use, Not Suspect of Drug Use",B28519B9-F0E9-43F2-8CC5-7B8DFDD39D6A,Cyclist (non-electric),Walking/Cycling Along Roadway With Traffic (In or Adjacent to Travel Lane),None (No Improper Action),Travel Lane Other Location,No,Suspected Serious Injury,"Helmet, Reflectors",39.28180317,-77.17358054,"    (39.28180317, -77.17358054)"
DD56040068,260029647,ROCKVILLE,Injury Crash,07/06/2026 12:40,,,,Parking Lot Way        PARKING LOT OF 1683 ROCKVILLE PIKE,,Pedestrian,Single Vehicle,Clear,,Daylight,,"Not Suspect of Alcohol Use, Not Suspect of Drug Use","Not Suspect of Alcohol Use, Not Suspect of Drug Use",12EF526B-6570-4260-8663-2529F1743869,Pedestrian,Other,None (No Improper Action),Midblock Marked Crosswalk,No,Suspected Minor Injury,None,39.06133653,-77.12625961,"    (39.06133653, -77.12625961)"
DD5695000V,260029591,ROCKVILLE,Injury Crash,07/05/2026 19:59,Municipality Route,MARYLAND AVE,E MIDDLE LA,,,Pedestrian,Single Vehicle,Rain,Wet,Dusk,Traffic Control Signal,"Not Suspect of Alcohol Use, Not Suspect of Drug Use","Not Suspect of Alcohol Use, Not Suspect of Drug Use",B394843C-B680-4F26-833E-5EC0A6D0BABF,Pedestrian,Cross/Enter at Intersection,None (No Improper Action),Intersection Marked Crosswalk,No,Suspected Minor Injury,None,39.08501792,-77.15110415,"    (39.08501792, -77.15110415)"
MCP20470071,260029022,MONTGOMERY,Injury Crash,07/01/2026 18:24,Crossover,,,,,Pedestrian,Single Vehicle,Clear,Dry,Daylight,Pedestrian Crossing,"Not Suspect of Alcohol Use, Not Suspect of Drug Use","Not Suspect of Alcohol Use, Not Suspect of Drug Use",44212335-F735-46FB-9DE7-C7214CD2FD8C,Pedestrian,Cross/Enter at Intersection,None (No Improper Action),Intersection Marked Crosswalk,No,Suspected Minor Injury,None,39.05739988,-77.12015106,"    (39.05739988, -77.12015106)"
MCP29890048,260029007,MONTGOMERY,Injury Crash,07/01/2026 16:30,Maryland (State) Route,FREDERICK RD,,,,Scooter (electric),Single Vehicle,Clear,Dry,Daylight,No Controls,"Not Suspect of Alcohol Use, Not Suspect of Drug Use","Not Suspect of Alcohol Use, Not Suspect of Drug Use",F76076EC-3312-4BEB-9454-78EA8B6AB713,Scooter (electric),Walking/Cycling on Sidewalk,None (No Improper Action),Driveway Access,No,Suspected Minor Injury,None,39.11438497,-77.16391644,"    (39.11438497, -77.16391644)"
EJ79210010,260028997,GAITHERSBURG,Injury Crash,07/01/2026 16:09,,,,"Parking Lot Way        EXIT OF PARKINGLOT AT 6 MONTGOMERY VILLAGE AVE IN GAITHERSBURG, MD ONTO RUSSELL AVE.",,Scooter (electric),Single Vehicle,Clear,,Daylight,,"Not Suspect of Alcohol Use, Not Suspect of Drug Use","Not Suspect of Alcohol Use, Not Suspect of Drug Use",ACA728AA-4BE1-4142-AA14-7C29EAACB341,Scooter (electric),Cross/Enter at Intersection,"Dart/Dash, Failure to Yield Right-Of-Way, Inattentive (Talking, Eating, etc.), Other",Intersection Unmarked Crosswalk,Yes,Suspected Minor Injury,Helmet,39.1550397,-77.2102769,"    (39.1550397, -77.2102769)"
MCP2162005V,260028702,MONTGOMERY,Injury Crash,06/29/2026 07:20:00 PM,,,,"Parking Aisle        IN THE PARKING GARAGE OF MONTGOMERY MALL AT 7101 DEMOCRACY BLVD, BETHESDA, MONTGOMERY COUNTY, MARYLAND",,Pedestrian,Single Vehicle,Clear,,Daylight,,"Not Suspect of Alcohol Use, Not Suspect of Drug Use","Not Suspect of Alcohol Use, Not Suspect of Drug Use",1B21A6F2-1D09-44D8-8E58-31737BE42A9B,Pedestrian,Walking/Cycling Along Roadway With Traffic (In or Adjacent to Travel Lane),None (No Improper Action),Other,No,Suspected Minor Injury,None,39.02446959,-77.14742437,"    (39.02446959, -77.14742437)"
MCP3260002C,260028874,MONTGOMERY,Injury Crash,06/29/2026 04:11:00 PM,County Route,ALLEY,,,,Pedestrian,Unknown,Clear,Dry,Daylight,No Controls,"Unknown, Unknown","Not Suspect of Alcohol Use, Not Suspect of Drug Use",006E867F-0801-4263-A43F-9AD5A27D7524,Pedestrian,Walking/Cycling on Sidewalk,None (No Improper Action),Shoulder/Roadside,No,Suspected Minor Injury,None,39.01979878,-77.01160181,"    (39.01979878, -77.01160181)"
EJ7913001V,260028555,GAITHERSBURG,Injury Crash,06/28/2026 10:27:00 PM,Ramp,RAMP 6 FR MD 117 EB TO IS 270 SB,,,,Pedestrian,Single Vehicle,Clear,Dry,Dark - Not Lighted,Pedestrian Crossing Sign,"Not Suspect of Alcohol Use, Not Suspect of Drug Use","Not Suspect of Alcohol Use, Not Suspect of Drug Use",765D9794-5096-4825-AAF6-482368FB3DA7,Pedestrian,Cross/Enter Not at Intersection,Dart/Dash,Midblock Marked Crosswalk,No,Suspected Serious Injury,None,39.14059767,-77.21475083,"    (39.14059767, -77.21475083)"
DD5538006H,260028486,ROCKVILLE,Injury Crash,06/28/2026 02:00:00 PM,,,,"Parking Lot Way        2092 VEIRS MILL RD ROCKVILLE, MD, IN FRONT OF LITTLE CAESARS",,Pedestrian,Single Vehicle,Rain,,Daylight,,"Not Suspect of Alcohol Use, Not Suspect of Drug Use","Not Suspect of Alcohol Use, Not Suspect of Drug Use",563DA18F-026F-4104-A907-CE69BB0DB196,Pedestrian,Other,Unknown,Other,No,Possible Injury,None,39.0756305,-77.11589367,"    (39.0756305, -77.11589367)"
MCP2351007D,260028321,MONTGOMERY,Injury Crash,06/27/2026 09:56:00 AM,County Route,WILKINS AVE,PARKLAWN DR,,,Pedestrian,Unknown,Cloudy,Wet,Daylight,Traffic Control Signal,"Not Suspect of Alcohol Use, Not Suspect of Drug Use","Not Suspect of Alcohol Use, Not Suspect of Drug Use",ABC70337-69B8-45EC-848A-75A255FC2608,Pedestrian,Cross/Enter at Intersection,Unknown,Intersection Marked Crosswalk,No,Suspected Minor Injury,None,39.0565347,-77.10872278,"    (39.0565347, -77.10872278)"
MCP3401002S,260028290,MONTGOMERY,Injury Crash,06/27/2026 02:23:00 AM,County Route,ALLEY,,,,Pedestrian,Single Vehicle,Clear,Dry,Dark - Lighted,No Controls,"Unknown, Unknown","Not Suspect of Alcohol Use, Not Suspect of Drug Use",17A04DEE-D51B-43F0-A564-B0AC2AE22C69,Pedestrian,Unknown,Unknown,Intersection Unmarked Crosswalk,No,Possible Injury,None,38.99370609,-77.02612727,"    (38.99370609, -77.02612727)"
MCP27800098,260028209,MONTGOMERY,Injury Crash,06/26/2026 04:11:00 PM,Maryland (State) Route,FREDERICK RD,,,,Scooter (electric),Single Vehicle,Cloudy,Dry,Daylight,No Controls,"Not Suspect of Alcohol Use, Not Suspect of Drug Use","Not Suspect of Alcohol Use, Not Suspect of Drug Use",B88F4169-F40D-4999-A706-3530B60370B4,Scooter (electric),Other,None (No Improper Action),Driveway Access,No,Suspected Minor Injury,None,39.18331645,-77.23860466,"    (39.18331645, -77.23860466)"
MCP289200KJ,260028207,MONTGOMERY,Property Damage Crash,06/26/2026 03:49:00 PM,,,,"Parking Lot Way        PARKING LOT OF 9440 GEORGIA AVENUE SILVER SPRING, MD 20910",,Pedestrian,"Sideswipe, Same Direction",Clear,,Daylight,,"Not Suspect of Alcohol Use, Not Suspect of Drug Use","Not Suspect of Alcohol Use, Not Suspect of Drug Use",C52C0F6D-DC00-4999-9B47-981EDD6BF631,Pedestrian,Standing,Other,Other,No,No Apparent Injury,None,39.01037983,-77.04175582,"    (39.01037983, -77.04175582)"
MCP3079008N,260028012,MONTGOMERY,Property Damage Crash,06/25/2026 09:04:00 AM,Maryland (State) Route,CLOPPER RD,KINGSVIEW VILLAGE AVE (NB/L),,,Unknown,Single Vehicle,Clear,Dry,Daylight,Traffic Control Signal,"Not Suspect of Alcohol Use, Not Suspect of Drug Use","Unknown, Unknown",0FC2411D-F457-408F-A8A0-002EAA0037BF,Unknown,Unknown,Unknown,Unknown,No,No Apparent Injury,Unknown,39.16073336,-77.27925326,"    (39.16073336, -77.27925326)"
HA2516000V,26001335,MCPARK,Injury Crash,06/24/2026 01:00:00 PM,Private Route,,,,,Unknown Type Of Non-Motorist,Single Vehicle,Clear,Dry,Daylight,No Controls,"Unknown, Unknown","Unknown, Unknown",091D77F5-1038-4FD7-8CAF-893330355CC7,Unknown Type Of Non-Motorist,Walking/Cycling Along Roadway With Traffic (In or Adjacent to Travel Lane),None (No Improper Action),Shoulder/Roadside,No,Possible Injury,Unknown,39.15227283,-77.30398787,"    (39.15227283, -77.30398787)"
MCP3289004Q,260027681,MONTGOMERY,Injury Crash,06/24/2026 09:41:00 AM,Maryland (State) Route,COLESVILLE RD (WB/L),RAMSEY AVE,,,Pedestrian,Single Vehicle,Clear,Dry,Daylight,No Controls,"Not Suspect of Alcohol Use, Not Suspect of Drug Use","Not Suspect of Alcohol Use, Not Suspect of Drug Use",54D70A19-6778-4372-B87C-1708772E3C1A,Pedestrian,Cross/Enter at Intersection,None (No Improper Action),Intersection Marked Crosswalk,No,Suspected Minor Injury,None,38.99554181,-77.02930683,"    (38.99554181, -77.02930683)"
MCP3317004Z,260027774,MONTGOMERY,Injury Crash,06/23/2026 07:51:00 PM,Maryland (State) Route,CHERRY HILL RD (NB/L),,,,Scooter (electric),Single Vehicle,Clear,Dry,Daylight,Yield Sign,"Not Suspect of Alcohol Use, Not Suspect of Drug Use","Not Suspect of Alcohol Use, Not Suspect of Drug Use",A0F926BD-E2A2-4C4E-872A-65261E355578,Scooter (electric),Cross/Enter at Intersection,Dart/Dash,Intersection Marked Crosswalk,No,Suspected Minor Injury,None,39.06252521,-76.96212204,"    (39.06252521, -76.96212204)"
MCP3190007N,260027763,MONTGOMERY,Property Damage Crash,06/23/2026 06:29:00 PM,County Route,BAUER DR,MYER TERR,,,Scooter (electric),Single Vehicle,Clear,Dry,Daylight,Stop Sign,"Not Suspect of Alcohol Use, Not Suspect of Drug Use","Unknown, Unknown",67FD4D1E-4ED4-4522-9F9F-A2A55C36EB66,Scooter (electric),Unknown,Failure to Yield Right-Of-Way,Intersection Marked Crosswalk,Yes,No Apparent Injury,Unknown,39.08988245,-77.10432275,"    (39.08988245, -77.10432275)"
MCP2291009S,260027752,MONTGOMERY,Injury Crash,06/23/2026 05:12:00 PM,,,,Private Road        PRIVATE ROAD TO 8211 RIVER ROAD,,Cyclist (non-electric),Single Vehicle,Clear,,Daylight,,"Not Suspect of Alcohol Use, Not Suspect of Drug Use","Not Suspect of Alcohol Use, Not Suspect of Drug Use",394B0F22-49AF-41C6-96A2-22F19CD3C0FF,Cyclist (non-electric),Other,None (No Improper Action),Shoulder/Roadside,No,Suspected Minor Injury,Helmet,38.99583726,-77.16647614,"    (38.99583726, -77.16647614)"
MCP31930080,260027732,MONTGOMERY,Property Damage Crash,06/23/2026 03:30:00 PM,County Route,PLYERS MILL RD,,,,Cyclist (non-electric),Single Vehicle,Rain,Wet,Daylight,Traffic Control Signal,"Not Suspect of Alcohol Use, Not Suspect of Drug Use","Not Suspect of Alcohol Use, Not Suspect of Drug Use",222E5783-AF17-4998-8127-EE6AAE283EFB,Cyclist (non-electric),Cross/Enter at Intersection,None (No Improper Action),Intersection Marked Crosswalk,No,No Apparent Injury,Helmet,39.03015617,-77.04735033,"    (39.03015617, -77.04735033)"
MCP34380019,260027488,MONTGOMERY,Injury Crash,06/21/2026 09:00:00 PM,Maryland (State) Route,WILSON LA,ARLINGTON RD OLD GEORGETOWN RD ST ELMO AVE,,,Pedestrian,Single Vehicle,Clear,Dry,Dark - Lighted,Traffic Control Signal,"Unknown, Unknown","Not Suspect of Alcohol Use, Not Suspect of Drug Use",DC8C24E0-CAC4-4EF1-9F3F-5AE2258EA5C0,Pedestrian,Cross/Enter at Intersection,None (No Improper Action),Intersection Marked Crosswalk,No,Suspected Serious Injury,None,38.98745215,-77.09872578,"    (38.98745215, -77.09872578)"
MCP28250031,260027386,MONTGOMERY,Injury Crash,06/21/2026 10:31:00 AM,County Route,MATENY RD,,,,Cyclist (Electric),Single Vehicle,Clear,Dry,Daylight,Stop Sign,"Not Suspect of Alcohol Use, Not Suspect of Drug Use","Not Suspect of Alcohol Use, Not Suspect of Drug Use",1C043327-9B7F-43DC-A59F-6F5FD98CB71A,Cyclist (Electric),Cross/Enter at Intersection,Unknown,Intersection Marked Crosswalk,Yes,Suspected Minor Injury,None,39.16037598,-77.26805504,"    (39.16037598, -77.26805504)"
MCP3463001V,260027333,MONTGOMERY,Injury Crash,06/20/2026 09:55:00 PM,County Route,ROBINDALE DR,VEIRS MILL RD (WB/L),,,Pedestrian,Single Vehicle,Clear,Dry,Dark - Lighted,Traffic Control Signal,"Not Suspect of Alcohol Use, Not Suspect of Drug Use","Suspect of Alcohol Use, Not Suspect of Drug Use",F5EE87E2-7D77-4793-9AFE-087AAFA5B0CD,Pedestrian,Other,"In Roadway Improperly (Standing, Lying, Working, Playing)",Travel Lane Other Location,Yes,Suspected Serious Injury,None,39.06305626,-77.09468186,"    (39.06305626, -77.09468186)"
MCP233900CW,260027263,MONTGOMERY,Injury Crash,06/20/2026 12:43:00 PM,,,,Parking Lot Way        14801 STONEBRIDGE VIEW DR PARKING LOT,,Pedestrian,Single Vehicle,Clear,,Daylight,,"Not Suspect of Alcohol Use, Not Suspect of Drug Use","Not Suspect of Alcohol Use, Not Suspect of Drug Use",989A98D2-4148-4BC9-911F-22365D7BB1C9,Pedestrian,Other,None (No Improper Action),NonTrafficway Area,No,Suspected Minor Injury,None,39.09975561,-77.22200949,"    (39.09975561, -77.22200949)"
MCP26710050,260027173,MONTGOMERY,Property Damage Crash,06/19/2026 06:25:00 PM,Maryland (State) Route,,CHICAGO AVE,,,Pedestrian,Single Vehicle,Clear,Dry,Daylight,Stop Sign,"Not Suspect of Alcohol Use, Not Suspect of Drug Use","Not Suspect of Alcohol Use, Not Suspect of Drug Use",8D28DCB9-4255-41EC-A295-D13ABB48A8A9,Pedestrian,Cross/Enter at Intersection,Dart/Dash,Intersection Marked Crosswalk,Yes,No Apparent Injury,None,38.9865749,-77.02154783,"    (38.9865749, -77.02154783)"
MCP30510098,260027128,MONTGOMERY,Injury Crash,06/19/2026 02:20:00 PM,County Route,ABERDEEN RD,BRADLEY BLVD,,,Cyclist (non-electric),Single Vehicle,Clear,Dry,Daylight,Stop Sign,"Not Suspect of Alcohol Use, Not Suspect of Drug Use","Not Suspect of Alcohol Use, Not Suspect of Drug Use",BB3CABDC-F524-41B5-AF3E-6483AF1391C3,Cyclist (non-electric),Walking/Cycling Along Roadway With Traffic (In or Adjacent to Travel Lane),None (No Improper Action),Intersection Other,No,Suspected Serious Injury,Helmet,38.99131944,-77.11767761,"    (38.99131944, -77.11767761)"
MCP1227002M,260027124,MONTGOMERY,Fatal Crash,06/19/2026 01:14:00 PM,US (State),COLESVILLE RD,CRESTMOOR DR,,,Pedestrian,Single Vehicle,Clear,Dry,Daylight,Pedestrian Crossing,"Unknown, Unknown","Not Suspect of Alcohol Use, Not Suspect of Drug Use",0B37744B-9443-45B8-BCB4-1211A2D659EA,Pedestrian,Cross/Enter at Intersection,None (No Improper Action),Intersection Marked Crosswalk,No,Fatal Injury,None,39.0279839,-77.00907411,"    (39.0279839, -77.00907411)"
MCP2162005T,260027126,MONTGOMERY,Injury Crash,06/19/2026 09:50:00 AM,,,,"Private Road        CVS PARKING LOT EXIT AT 6917 ARLINGTON RD ONTO BRADLEY BLVD, BETHESDA, MD 20814",,Pedestrian,Single Vehicle,Clear,,Daylight,,"Not Suspect of Alcohol Use, Not Suspect of Drug Use","Not Suspect of Alcohol Use, Not Suspect of Drug Use",3FE440A0-292E-47A7-9AF5-808EAAC6B682,Pedestrian,Walking/Cycling on Sidewalk,None (No Improper Action),Driveway Access,No,Suspected Minor Injury,None,38.97817546,-77.09820985,"    (38.97817546, -77.09820985)"
MCP31050065,260027023,MONTGOMERY,Injury Crash,06/18/2026 11:26:00 PM,Maryland (State) Route,GERMANTOWN RD,,,,Pedestrian,Single Vehicle,Clear,Dry,Dark - Not Lighted,No Controls,"Not Suspect of Alcohol Use, Not Suspect of Drug Use","Unknown, Not Suspect of Drug Use",1CDCD9E0-97BB-44E5-96E5-3846731CA98B,Pedestrian,Walking/Cycling Along Roadway With Traffic (In or Adjacent to Travel Lane),"In Roadway Improperly (Standing, Lying, Working, Playing), Not Visible (Dark Clothing, No Lighting, etc.)",Travel Lane Other Location,Yes,Suspected Serious Injury,None,39.16831239,-77.27967278,"    (39.16831239, -77.27967278)"
MCP3190007M,260026977,MONTGOMERY,Injury Crash,06/18/2026 06:03:00 PM,County Route,AMESFIELD CT,BAUER DR,,,Cyclist (Electric),Single Vehicle,Clear,Dry,Daylight,No Controls,"Not Suspect of Alcohol Use, Not Suspect of Drug Use","Not Suspect of Alcohol Use, Not Suspect of Drug Use",883B7E52-1695-4C27-A71C-A4468A368830,Cyclist (Electric),Cross/Enter at Intersection,None (No Improper Action),Intersection Marked Crosswalk,No,Suspected Minor Injury,None,39.09148127,-77.10861429,"    (39.09148127, -77.10861429)"