Report Number,Local Case Number,Agency Name,ACRS Report Type,Crash Date/Time,Route Type,Road Name,Cross-Street Name,Off-Road Description,Municipality,Related Non-Motorist,Collision Type,Weather,Surface Condition,Light,Traffic Control,Driver Substance Abuse,Non-Motorist Substance Abuse,Person ID,Pedestrian Type,Pedestrian Movement,Pedestrian Actions,Pedestrian Location,At Fault,Injury Severity,Safety Equipment,Latitude,Longitude,Location
MCP3126008T,260026945,MONTGOMERY,Property Damage Crash,06/18/2026 03:08:00 PM,,,,Parking Lot Way        PARKING LOT,,Pedestrian,Single Vehicle,Clear,,Daylight,,"Not Suspect of Alcohol Use, Not Suspect of Drug Use","Not Suspect of Alcohol Use, Not Suspect of Drug Use",6D4361A3-B257-46E2-AE1C-38DED736ECAE,Pedestrian,Walking/Cycling on Sidewalk,None (No Improper Action),OffStreet Trails or Sidepaths,No,No Apparent Injury,None,39.17969454,-77.23930403,"    (39.17969454, -77.23930403)"
DM8503002G,260026823,TAKOMA,Injury Crash,06/17/2026 07:46:00 PM,Maryland (State) Route,EAST WEST HWY (WB/L),,,,Pedestrian,Single Vehicle,Clear,Dry,Daylight,Traffic Control Signal,"Not Suspect of Alcohol Use, Not Suspect of Drug Use","Suspect of Alcohol Use, Unknown",23ED8B6E-8A8E-475E-828F-FEADB6689B7A,Pedestrian,Cross/Enter Not at Intersection,Other,Other,No,Possible Injury,Other,38.9753987,-76.99308892,"    (38.9753987, -76.99308892)"
MCP3193007Z,260026778,MONTGOMERY,Injury Crash,06/17/2026 04:39:00 PM,County Route,JUDSON RD,HARRIS AVE,,,Cyclist (non-electric),Unknown,Clear,Dry,Daylight,Stop Sign,"Not Suspect of Alcohol Use, Not Suspect of Drug Use, Not Suspect of Alcohol Use, Not Suspect of Drug Use","Not Suspect of Alcohol Use, Not Suspect of Drug Use",A0E372CC-BAF0-4A3A-A309-F00DF6E98216,Cyclist (non-electric),Cross/Enter at Intersection,Failure to Yield Right-Of-Way,Intersection Other,Yes,Possible Injury,None,39.0511025,-77.05935267,"    (39.0511025, -77.05935267)"
MCP3193007Z,260026778,MONTGOMERY,Injury Crash,06/17/2026 04:39:00 PM,County Route,JUDSON RD,HARRIS AVE,,,Cyclist (non-electric),Unknown,Clear,Dry,Daylight,No Controls,"Not Suspect of Alcohol Use, Not Suspect of Drug Use, Not Suspect of Alcohol Use, Not Suspect of Drug Use","Not Suspect of Alcohol Use, Not Suspect of Drug Use",A0E372CC-BAF0-4A3A-A309-F00DF6E98216,Cyclist (non-electric),Cross/Enter at Intersection,Failure to Yield Right-Of-Way,Intersection Other,Yes,Possible Injury,None,39.0511025,-77.05935267,"    (39.0511025, -77.05935267)"
MCP3473001X,260026758,MONTGOMERY,Injury Crash,06/17/2026 03:33:00 PM,US (State),COLESVILLE RD,FENTON ST,,,Pedestrian,Single Vehicle,Clear,Dry,Daylight,Traffic Control Signal,"Not Suspect of Alcohol Use, Not Suspect of Drug Use","Not Suspect of Alcohol Use, Not Suspect of Drug Use",E275BE18-DA07-4DA2-8B55-FB09051C6B09,Pedestrian,Cross/Enter at Intersection,Unknown,Intersection Marked Crosswalk,No,Suspected Minor Injury,None,38.99760379,-77.02704505,"    (38.99760379, -77.02704505)"
MCP33870041,260026760,MONTGOMERY,Injury Crash,06/17/2026 03:09:00 PM,County Route,E MELBOURNE AVE,MINTWOOD ST,,,Scooter (electric),Single Vehicle,Clear,Dry,Daylight,Stop Sign,"Not Suspect of Alcohol Use, Not Suspect of Drug Use","Not Suspect of Alcohol Use, Not Suspect of Drug Use",D4941B66-C338-4104-BC08-697E906D4A69,Scooter (electric),Cross/Enter at Intersection,"Failure to Obey Traffic Signs, Signals, or Officer, Failure to Yield Right-Of-Way",Intersection Other,Yes,Suspected Minor Injury,None,39.00832359,-77.0038038,"    (39.00832359, -77.0038038)"
EJ7904004J,260026739,GAITHERSBURG,Injury Crash,06/17/2026 01:35:00 PM,Municipality Route,FALLBROOK ST,,,,Pedestrian,Single Vehicle,Clear,Dry,Daylight,No Controls,"Unknown, Unknown","Not Suspect of Alcohol Use, Not Suspect of Drug Use",967595CA-685C-401F-A4F9-9A0FE4BCC3B6,Pedestrian,Getting Off/On Vehicle,None (No Improper Action),Shoulder/Roadside,No,Possible Injury,None,39.14443405,-77.18392194,"    (39.14443405, -77.18392194)"
MCP26350097,260026671,MONTGOMERY,Fatal Crash,06/17/2026 04:47:00 AM,County Route,MUDDY BRANCH RD,,,,Pedestrian,Single Vehicle,Clear,Dry,Dark - Lighted,No Controls,"Unknown, Unknown","Unknown, Unknown",CD2452D2-5FAA-403E-88B0-C66409083E20,Pedestrian,Unknown,Unknown,Shoulder/Roadside,No,Fatal Injury,None,39.13907663,-77.20518083,"    (39.13907663, -77.20518083)"
MCP3109009L,260026645,MONTGOMERY,Fatal Crash,06/16/2026 09:45:00 PM,Ramp,RAMP 2 FR US 29 WB TO MD 650 NB,,,,Cyclist (non-electric),Single Vehicle,Clear,Dry,Dark - Lighted,Pedestrian Crossing,"Not Suspect of Alcohol Use, Not Suspect of Drug Use","Not Suspect of Alcohol Use, Not Suspect of Drug Use",14509375-D9B4-4643-ADF3-5C7E27291352,Cyclist (non-electric),Cross/Enter Not at Intersection,Unknown,Midblock Marked Crosswalk,No,Fatal Injury,None,39.04525214,-76.99201264,"    (39.04525214, -76.99201264)"
DD5695000R,260026600,ROCKVILLE,Injury Crash,06/16/2026 05:15:00 PM,Municipality Route,FLEET ST,,,,Pedestrian,Single Vehicle,Clear,Dry,Daylight,Pedestrian Crossing Sign,"Not Suspect of Alcohol Use, Not Suspect of Drug Use","Not Suspect of Alcohol Use, Not Suspect of Drug Use",42115991-3326-4249-BFBD-1991529B64F4,Pedestrian,Cross/Enter Not at Intersection,None (No Improper Action),Intersection Marked Crosswalk,No,Suspected Minor Injury,None,39.08017693,-77.1484339,"    (39.08017693, -77.1484339)"
MCP3335004K,260026421,MONTGOMERY,Injury Crash,06/15/2026 07:38:00 PM,US (State),COLUMBIA PIKE (SB/L),,,,"Other Pedestrian (person in a building, skater, personal conveyance, etc.)",Single Vehicle,Cloudy,Dry,Daylight,Traffic Control Signal,"Not Suspect of Alcohol Use, Not Suspect of Drug Use","Unknown, Unknown",EC0B6F1F-40A6-4EB5-9F4A-ADB56DC46BD9,"Other Pedestrian (person in a building, skater, personal conveyance, etc.)",Cross/Enter Not at Intersection,"In Roadway Improperly (Standing, Lying, Working, Playing), Other",Travel Lane Other Location,Yes,Suspected Serious Injury,None,39.0360685,-77.00039333,"    (39.0360685, -77.00039333)"
MCP3220005Y,260026374,MONTGOMERY,Property Damage Crash,06/15/2026 04:17:00 PM,Maryland (State) Route,KEY WEST AVE,,,,Scooter (electric),Single Vehicle,Clear,Dry,Daylight,Traffic Control Signal,"Unknown, Unknown","Not Suspect of Alcohol Use, Not Suspect of Drug Use",C7676E15-0D45-4086-BEA4-D58708F07135,Scooter (electric),Cross/Enter at Intersection,None (No Improper Action),Intersection Marked Crosswalk,No,No Apparent Injury,None,39.1034222,-77.19090052,"    (39.1034222, -77.19090052)"
MCP3335004J,260026363,MONTGOMERY,Injury Crash,06/15/2026 02:33:00 PM,,,,Parking Lot Way        ENTRANCE/EXIT TO PARKING LOT OF SHELL GAS STATION,,Scooter (electric),Unknown,Clear,,Daylight,,"Not Suspect of Alcohol Use, Not Suspect of Drug Use","Not Suspect of Alcohol Use, Not Suspect of Drug Use",18FA40E7-908B-42AE-97A4-66601FC175A2,Scooter (electric),Walking/Cycling on Sidewalk,None (No Improper Action),Other,No,Suspected Serious Injury,None,39.02130381,-77.01222369,"    (39.02130381, -77.01222369)"
MCP3335004J,260026363,MONTGOMERY,Injury Crash,06/15/2026 02:33:00 PM,,,,Parking Lot Way        ENTRANCE/EXIT TO PARKING LOT OF SHELL GAS STATION,,Scooter (electric),Unknown,Clear,,Daylight,,"Not Suspect of Alcohol Use, Not Suspect of Drug Use","Not Suspect of Alcohol Use, Not Suspect of Drug Use",D9C6DE7F-7E6F-498F-87E6-096E5FDCEDE9,Scooter (electric),Walking/Cycling on Sidewalk,None (No Improper Action),Other,No,Suspected Minor Injury,None,39.02130381,-77.01222369,"    (39.02130381, -77.01222369)"
MCP31760038,260026270,MONTGOMERY,Injury Crash,06/15/2026 12:18:00 AM,Maryland (State) Route,GEORGIA AVE (SB/L),,,,Pedestrian,Single Vehicle,Clear,Dry,Dark - Lighted,Traffic Control Signal,"Suspect of Alcohol Use, Not Suspect of Drug Use","Not Suspect of Alcohol Use, Not Suspect of Drug Use",F63E1674-9770-4C48-AB4E-9352DDFD53E2,Pedestrian,Other,None (No Improper Action),Other,No,Suspected Minor Injury,"Reflective Wear (backpack, triangles, etc.)",39.00988157,-77.04071281,"    (39.00988157, -77.04071281)"
MCP34510019,260026148,MONTGOMERY,Injury Crash,06/13/2026 09:55:00 PM,Maryland (State) Route,,COLESVILLE RD,,,Scooter (electric),Single Vehicle,Clear,Dry,Dark - Lighted,Traffic Control Signal,"Not Suspect of Alcohol Use, Not Suspect of Drug Use","Not Suspect of Alcohol Use, Not Suspect of Drug Use",FCC85F00-A466-467F-90C2-B4E63AEFBEDA,Scooter (electric),Cross/Enter at Intersection,"Failure to Obey Traffic Signs, Signals, or Officer",Intersection Marked Crosswalk,No,Suspected Minor Injury,None,38.99357817,-77.03218122,"    (38.99357817, -77.03218122)"
MCP229801CN,220026141,MONTGOMERY,Injury Crash,06/13/2026 09:15:00 PM,County Route,GLENALLAN AVE (WB/L),LAYHILL RD,,,Occupant Of a Non-Motor Vehicle Transportation Device,Single Vehicle,Clear,Dry,Dark - Lighted,Traffic Control Signal,"Not Suspect of Alcohol Use, Not Suspect of Drug Use","Not Suspect of Alcohol Use, Not Suspect of Drug Use",1905DF41-982C-4C25-AEFA-E8014CEDDE4C,Occupant Of a Non-Motor Vehicle Transportation Device,Cross/Enter at Intersection,None (No Improper Action),Intersection Marked Crosswalk,No,Possible Injury,"Helmet, Lighting, Reflectors",39.0631703,-77.05016229,"    (39.0631703, -77.05016229)"
EJ7906004J,260026096,GAITHERSBURG,Injury Crash,06/13/2026 12:30:00 PM,Maryland (State) Route,FREDERICK RD,,,,Pedestrian,Single Vehicle,Clear,,Daylight,Traffic Control Signal,"Unknown, Unknown","Not Suspect of Alcohol Use, Not Suspect of Drug Use",D9469E71-B791-475F-8E35-A81D67037106,Pedestrian,Cross/Enter Not at Intersection,Dart/Dash,Travel Lane Other Location,No,Suspected Minor Injury,None,39.14641276,-77.20458193,"    (39.14641276, -77.20458193)"
MCP34660014,260025941,MONTGOMERY,Injury Crash,06/12/2026 14:04,County Route,,,,,Cyclist (non-electric),Unknown,Clear,Dry,Daylight,Pedestrian Crossing Sign,"Not Suspect of Alcohol Use, Not Suspect of Drug Use","Not Suspect of Alcohol Use, Not Suspect of Drug Use",230C0545-41CB-474A-854F-DE259D2305C7,Cyclist (non-electric),Walking/Cycling Along Roadway With Traffic (In or Adjacent to Travel Lane),None (No Improper Action),Shoulder/Roadside,Yes,Suspected Minor Injury,"Helmet, Protective Pads (elbows, knees, shins, etc.)",39.02966667,-77.1118745,"    (39.02966667, -77.1118745)"
MCP2270005X,260025876,MONTGOMERY,Injury Crash,06/12/2026 8:00,Maryland (State) Route,OLD GEORGETOWN RD (SB/L),,,,Pedestrian,Single Vehicle,Clear,Dry,Daylight,No Controls,"Not Suspect of Alcohol Use, Not Suspect of Drug Use","Suspect of Alcohol Use, Suspect of Drug Use",F0DAB2E3-835E-4A8C-B2A2-DC8C58E05D49,Pedestrian,Cross/Enter Not at Intersection,Other,Travel Lane Other Location,Yes,Suspected Minor Injury,None,38.99731082,-77.10921059,"    (38.99731082, -77.10921059)"
MCP3456001M,260025746,MONTGOMERY,Injury Crash,06/11/2026 12:57,County Route,HOLLY SPRING DR,,,,Pedestrian,Single Vehicle,Clear,Dry,Daylight,No Controls,"Not Suspect of Alcohol Use, Not Suspect of Drug Use","Not Suspect of Alcohol Use, Not Suspect of Drug Use",D789F633-3074-4E31-8C8B-738DBE98FDEF,Pedestrian,Other,Other,Other,No,Possible Injury,None,39.09821567,-76.96339517,"    (39.09821567, -76.96339517)"
MCP2270005V,260025664,MONTGOMERY,Injury Crash,06/11/2026 7:15,County Route,PERSIMMON TREE RD,HOLLY LEAF LA,,,Cyclist (non-electric),Single Vehicle,Clear,Dry,Daylight,No Controls,"Not Suspect of Alcohol Use, Not Suspect of Drug Use","Not Suspect of Alcohol Use, Not Suspect of Drug Use",69151D64-69D7-407D-ACD3-7BBFD5F6CB38,Cyclist (non-electric),Walking/Cycling Along Roadway With Traffic (In or Adjacent to Travel Lane),None (No Improper Action),Travel Lane Other Location,No,Suspected Minor Injury,"Helmet, Reflectors",38.99382233,-77.18454933,"    (38.99382233, -77.18454933)"
MCP3471001Q,260025567,MONTGOMERY,Injury Crash,06/10/2026 15:49,,,,Parking Aisle        GLENMONT SHOPPING CENTER,,Pedestrian,Single Vehicle,Clear,,Daylight,,"Not Suspect of Alcohol Use, Not Suspect of Drug Use","Not Suspect of Alcohol Use, Not Suspect of Drug Use",D104A014-2415-4B6B-ADAA-20A17624F315,Pedestrian,Standing,None (No Improper Action),Other,No,Suspected Minor Injury,None,39.06082278,-77.0503634,"    (39.06082278, -77.0503634)"
MCP29050080,260025526,MONTGOMERY,Property Damage Crash,06/10/2026 12:27,Maryland (State) Route,BRADLEY BLVD,,,,Pedestrian,Single Vehicle,Clear,Dry,Daylight,No Controls,"Not Suspect of Alcohol Use, Not Suspect of Drug Use","Unknown, Unknown",5F9F906F-2095-439E-AD11-11C8C6AA32D0,Pedestrian,Walking/Cycling Along Roadway Against Traffic (In or Adjacent to Travel Lane),None (No Improper Action),Shoulder/Roadside,No,No Apparent Injury,None,39.00204767,-77.13262133,"    (39.00204767, -77.13262133)"
MCP316300BT,260025393,MONTGOMERY,Injury Crash,06/09/2026 16:22,,,,Parking Aisle        PARKING LOT OF 10400 OLD GEORGETOWN RD,,Pedestrian,Front to Rear,Clear,,Daylight,,"Not Suspect of Alcohol Use, Not Suspect of Drug Use, Not Suspect of Alcohol Use, Not Suspect of Drug Use","Not Suspect of Alcohol Use, Not Suspect of Drug Use",3D37CB2E-7517-4389-B711-2A442A09ECEE,Pedestrian,Standing,None (No Improper Action),Other,No,Suspected Minor Injury,None,39.02612893,-77.12729436,"    (39.02612893, -77.12729436)"
MCP285900L2,260025195,MONTGOMERY,Injury Crash,06/08/2026 14:00,County Route,SHADY GROVE RD (SB/L),COMPRINT CT,,,Cyclist (non-electric),Single Vehicle,Cloudy,Dry,Daylight,Traffic Control Signal,"Not Suspect of Alcohol Use, Not Suspect of Drug Use","Not Suspect of Alcohol Use, Not Suspect of Drug Use",4EA98930-B1C8-4425-853B-3A6AC45A043B,Cyclist (non-electric),Cross/Enter at Intersection,Failure to Yield Right-Of-Way,Intersection Marked Crosswalk,Yes,Suspected Minor Injury,Helmet,39.1192702,-77.18245226,"    (39.1192702, -77.18245226)"
MCP2181005T,260025108,MONTGOMERY,Fatal Crash,06/08/2026 2:09,Maryland (State) Route,VEIRS MILL RD,GAIL ST,,,Pedestrian,Single Vehicle,Clear,Dry,Dark - Lighted,Pedestrian Crossing,"Not Suspect of Alcohol Use, Not Suspect of Drug Use","Suspect of Alcohol Use, Not Suspect of Drug Use",7FAEA294-EF79-49F3-901D-695BDD16EF1E,Pedestrian,Other,"In Roadway Improperly (Standing, Lying, Working, Playing)",Travel Lane Other Location,No,Fatal Injury,None,39.049453,-77.07077009,"    (39.049453, -77.07077009)"
MCP3444001F,260025085,MONTGOMERY,Injury Crash,06/07/2026 21:34,Local Route,PARKING LOT CUT THRU CUT,,,,Cyclist (Electric),Single Vehicle,Clear,Dry,Dark - Lighted,Pedestrian Crossing,"Not Suspect of Alcohol Use, Not Suspect of Drug Use","Not Suspect of Alcohol Use, Not Suspect of Drug Use",FA155720-06A8-4F48-B3B2-0C16949E33E8,Cyclist (Electric),Cross/Enter at Intersection,None (No Improper Action),Intersection Marked Crosswalk,No,Suspected Serious Injury,Helmet,38.99614629,-77.02470158,"    (38.99614629, -77.02470158)"
DD57030009,260024929,ROCKVILLE,Injury Crash,06/06/2026 18:18,,,,"Parking Lot Way        IN THE PARKING LOT, IN FRONT OF LIL CAKES AND CREAMERY WITH THEM USING THE EXIT OUT OF THE PARKING LOT.",,Cyclist (Electric),Unknown,Clear,,Daylight,,"Not Suspect of Alcohol Use, Not Suspect of Drug Use","Not Suspect of Alcohol Use, Not Suspect of Drug Use",467D77F2-C168-43B6-B7A7-F4E2AC810AD1,Cyclist (Electric),None,Unknown,Sidewalk,No,Suspected Minor Injury,None,39.07559286,-77.13693252,"    (39.07559286, -77.13693252)"
DM8494004N,260024742,TAKOMA,Injury Crash,06/05/2026 14:20,Maryland (State) Route,NEW HAMPSHIRE AVE (SB/L),,,,Pedestrian,Single Vehicle,Clear,Dry,Daylight,No Controls,"Not Suspect of Alcohol Use, Not Suspect of Drug Use","Not Suspect of Alcohol Use, Not Suspect of Drug Use",1DE68B89-B4B2-4C35-B3A1-3A49000F716F,Pedestrian,Walking/Cycling on Sidewalk,None (No Improper Action),Other,No,Possible Injury,None,38.96915877,-77.00003729,"    (38.96915877, -77.00003729)"
DM8494004N,260024742,TAKOMA,Injury Crash,06/05/2026 14:20,Maryland (State) Route,NEW HAMPSHIRE AVE (SB/L),,,,Pedestrian,Single Vehicle,Clear,Dry,Daylight,No Controls,"Not Suspect of Alcohol Use, Not Suspect of Drug Use","Not Suspect of Alcohol Use, Not Suspect of Drug Use",C66BA2A6-CA93-42D2-8D81-8B887FF68B2A,Pedestrian,Walking/Cycling on Sidewalk,None (No Improper Action),Other,No,Possible Injury,None,38.96915877,-77.00003729,"    (38.96915877, -77.00003729)"
DD556700DW,260024528,ROCKVILLE,Property Damage Crash,06/04/2026 14:44,Maryland (State) Route,VEIRS MILL RD (WB/L),ATLANTIC AVE ATLANTIC AVE (NB/L),,,Scooter (electric),Single Vehicle,Clear,Dry,Daylight,Traffic Control Signal,"Not Suspect of Alcohol Use, Not Suspect of Drug Use","Not Suspect of Alcohol Use, Not Suspect of Drug Use",DE9F1A3C-ADEE-4273-9013-1874442D1C1B,Scooter (electric),Other,None (No Improper Action),Intersection Marked Crosswalk,No,No Apparent Injury,Helmet,39.07503844,-77.11555282,"    (39.07503844, -77.11555282)"
MCP31360081,260024390,MONTGOMERY,Property Damage Crash,06/03/2026 19:37,County Route,GREENWOOD AVE,,,,Scooter (electric),Unknown,Clear,Dry,Daylight,Traffic Control Signal,"Not Suspect of Alcohol Use, Not Suspect of Drug Use","Not Suspect of Alcohol Use, Not Suspect of Drug Use",56BA5D77-A5C9-45EB-B390-12ADF81833BC,Scooter (electric),Cross/Enter at Intersection,Dart/Dash,Travel Lane Other Location,Yes,No Apparent Injury,None,38.9980215,-77.002277,"    (38.9980215, -77.002277)"
MCP31270065,260024542,MONTGOMERY,Injury Crash,06/03/2026 16:00,County Route,EXETER RD,EDGEMOOR LA,,,Occupant Of a Non-Motor Vehicle Transportation Device,Single Vehicle,Clear,Dry,Daylight,Stop Sign,"Unknown, Unknown","Not Suspect of Alcohol Use, Not Suspect of Drug Use",88CC76FE-3C42-4EFF-B1BA-9359443FDBDC,Occupant Of a Non-Motor Vehicle Transportation Device,Cross/Enter at Intersection,Unknown,Unknown,No,Suspected Minor Injury,Helmet,38.98454323,-77.10320347,"    (38.98454323, -77.10320347)"
MCP12600023,260024347,MONTGOMERY,Injury Crash,06/03/2026 15:33,Local Route,GREEN POPLAR LOOP,TATE ST VERDANT OAK ALY,,,Scooter (electric),Single Vehicle,Clear,Dry,Daylight,Stop Sign,"Not Suspect of Alcohol Use, Not Suspect of Drug Use","Not Suspect of Alcohol Use, Not Suspect of Drug Use",B55BD32A-1718-471C-A671-1CD7446DD8C3,Scooter (electric),Walking/Cycling on Sidewalk,Failure to Yield Right-Of-Way,Sidewalk,Yes,Suspected Minor Injury,None,39.2278282,-77.2748059,"    (39.2278282, -77.2748059)"
MCP3348005N,260024338,MONTGOMERY,Injury Crash,06/03/2026 14:14,Local Route,NIGHT SKY DR,,,,Pedestrian,Single Vehicle,Clear,Dry,Daylight,No Controls,"Unknown, Unknown","Not Suspect of Alcohol Use, Not Suspect of Drug Use",507B3485-D349-418C-A62E-AFAFC89B2265,Pedestrian,Other Working,Unknown,Shoulder/Roadside,No,Suspected Minor Injury,None,39.07997421,-77.03716949,"    (39.07997421, -77.03716949)"
MCP32270075,260024309,MONTGOMERY,Injury Crash,06/03/2026 12:10,Maryland (State) Route,NEW HAMPSHIRE AVE,MILESTONE DR,,,Scooter (electric),Single Vehicle,Clear,Dry,Daylight,Stop Sign,"Not Suspect of Alcohol Use, Not Suspect of Drug Use","Not Suspect of Alcohol Use, Not Suspect of Drug Use",C31D7646-179F-4D65-942A-4A6BBAE6E26D,Scooter (electric),Cross/Enter at Intersection,"Failure to Yield Right-Of-Way, Other",Intersection Unmarked Crosswalk,Yes,Suspected Minor Injury,None,39.045808,-76.99221752,"    (39.045808, -76.99221752)"
MCP3079008F,260024276,MONTGOMERY,Injury Crash,06/03/2026 8:33,County Route,MATENY RD (NB/L),GREAT SENECA HWY,,,Pedestrian,Single Vehicle,Clear,Dry,Daylight,Traffic Control Signal,"Not Suspect of Alcohol Use, Not Suspect of Drug Use","Unknown, Not Suspect of Drug Use",041A8BA9-06A2-4593-A034-AE3F2FD756A0,Pedestrian,Cross/Enter at Intersection,Unknown,Intersection Marked Crosswalk,No,Suspected Serious Injury,None,39.14607157,-77.27457144,"    (39.14607157, -77.27457144)"
MCP9118005T,260024059,MONTGOMERY,Injury Crash,06/01/2026 22:58,County Route,GLENALLAN AVE (WB/L),LAYHILL RD,,,Pedestrian,Single Vehicle,Clear,Dry,Dark - Lighted,Traffic Control Signal,"Not Suspect of Alcohol Use, Not Suspect of Drug Use","Not Suspect of Alcohol Use, Not Suspect of Drug Use",2FA24800-4128-4CF6-8509-002263C0E928,Pedestrian,Cross/Enter at Intersection,None (No Improper Action),Intersection Marked Crosswalk,No,Possible Injury,None,39.06320298,-77.05015657,"    (39.06320298, -77.05015657)"
MCP2782005Z,260023999,MONTGOMERY,Injury Crash,06/01/2026 17:09,Maryland (State) Route,GEORGIA AVE,SPARTAN RD,,,Pedestrian,Single Vehicle,Clear,Dry,Daylight,Traffic Control Signal,"Not Suspect of Alcohol Use, Not Suspect of Drug Use","Not Suspect of Alcohol Use, Not Suspect of Drug Use",392CFAC6-867F-4F87-90DE-E9A507E69B0D,Pedestrian,Cross/Enter at Intersection,Failure to Yield Right-Of-Way,Intersection Marked Crosswalk,Yes,Suspected Minor Injury,None,39.1504285,-77.06660867,"    (39.1504285, -77.06660867)"
MCP33740057,260023964,MONTGOMERY,Injury Crash,06/01/2026 13:45,County Route,TUCKERMAN LA,OLD GEORGETOWN RD,,,Scooter (electric),Single Vehicle,Clear,Dry,Daylight,Traffic Control Signal,"Not Suspect of Alcohol Use, Not Suspect of Drug Use","Not Suspect of Alcohol Use, Not Suspect of Drug Use",F8A75DB6-27D1-481B-B6DD-D1DEF18E641D,Scooter (electric),Cross/Enter at Intersection,None (No Improper Action),Intersection Marked Crosswalk,No,Suspected Minor Injury,None,39.03457688,-77.12484085,"    (39.03457688, -77.12484085)"
MCP3472000Y,260023916,MONTGOMERY,Injury Crash,06/01/2026 10:00,County Route,ASPEN HILL RD,,,,Pedestrian,Unknown,Clear,Dry,Daylight,Pedestrian Crossing,"Not Suspect of Alcohol Use, Not Suspect of Drug Use","Not Suspect of Alcohol Use, Not Suspect of Drug Use",131FD512-DAD6-458D-9531-42AF3CB54480,Pedestrian,Cross/Enter at Intersection,None (No Improper Action),Intersection Marked Crosswalk,No,Suspected Minor Injury,None,39.08029025,-77.07886829,"    (39.08029025, -77.07886829)"
MCP3472000X,260023910,MONTGOMERY,Injury Crash,06/01/2026 8:55,County Route,CONNECTICUT AVE (SB/L),,,,Pedestrian,Unknown,Clear,Dry,Daylight,No Controls,"Not Suspect of Alcohol Use, Not Suspect of Drug Use","Not Suspect of Alcohol Use, Not Suspect of Drug Use",FDBAEC18-A674-4676-996C-28DEB834FC7A,Pedestrian,Other,None (No Improper Action),NonTrafficway Area,No,Suspected Minor Injury,None,39.09130617,-77.07078483,"    (39.09130617, -77.07078483)"