Report Number,Local Case Number,Agency Name,ACRS Report Type,Crash Date/Time,Route Type,Road Name,Cross-Street Name,Off-Road Description,Municipality,Related Non-Motorist,Collision Type,Weather,Surface Condition,Light,Traffic Control,Driver Substance Abuse,Non-Motorist Substance Abuse,Person ID,Pedestrian Type,Pedestrian Movement,Pedestrian Actions,Pedestrian Location,At Fault,Injury Severity,Safety Equipment,Latitude,Longitude,Location
MCP3305004T,260023739,MONTGOMERY,Property Damage Crash,05/30/2026 10:30:00 PM,,,,Parking Lot Way        EXIT OF SUNOCO GAS STATION ONTO CARROL AVE.,,Pedestrian,Single Vehicle,Clear,,Dark - Unknown Lighting,,"Unknown, Unknown","Suspect of Alcohol Use, Not Suspect of Drug Use",0FA5D87A-643A-492D-90A2-5C494AF4D0B5,Pedestrian,Cross/Enter at Intersection,"Not Visible (Dark Clothing, No Lighting, etc.), Other",Driveway Access,No,No Apparent Injury,None,38.99952027,-76.9907574,"    (38.99952027, -76.9907574)"
MCP2450006F,260023714,MONTGOMERY,Injury Crash,05/30/2026 06:24:00 PM,County Route,MILLCREST TERR,,,,"Other Pedestrian (person in a building, skater, personal conveyance, etc.)",Unknown,Clear,Dry,Daylight,No Controls,"Not Suspect of Alcohol Use, Not Suspect of Drug Use","Not Suspect of Alcohol Use, Not Suspect of Drug Use",C9A5B058-ED8E-470B-A541-E57F9F8361C3,"Other Pedestrian (person in a building, skater, personal conveyance, etc.)",Walking/Cycling Along Roadway With Traffic (In or Adjacent to Travel Lane),Other,Shoulder/Roadside,No,Suspected Minor Injury,None,39.14667449,-77.14707155,"    (39.14667449, -77.14707155)"
MCP287500C8,260023567,MONTGOMERY,Injury Crash,05/29/2026 06:51:00 PM,County Route,SWEET MEADOW LA,DORSEY RD,,,Cyclist (non-electric),Single Vehicle,Clear,Dry,Daylight,Stop Sign,"Not Suspect of Alcohol Use, Not Suspect of Drug Use","Not Suspect of Alcohol Use, Not Suspect of Drug Use",3648BD8C-118B-478E-8AA0-795F9D63F44A,Cyclist (non-electric),Other,Unknown,Travel Lane Other Location,Yes,Suspected Serious Injury,Unknown,39.19626006,-77.1330021,"    (39.19626006, -77.1330021)"
MCP3040009L,260023564,MONTGOMERY,Injury Crash,05/29/2026 06:30:00 PM,County Route,NORTH HIGH ST,,,,Cyclist (non-electric),Single Vehicle,Clear,Dry,Daylight,Stop Sign,"Not Suspect of Alcohol Use, Not Suspect of Drug Use","Not Suspect of Alcohol Use, Not Suspect of Drug Use",DFDBF769-B721-4C36-A618-8395F4DD9ED5,Cyclist (non-electric),Cross/Enter at Intersection,"Failure to Obey Traffic Signs, Signals, or Officer",Intersection Other,Yes,Suspected Minor Injury,Unknown,39.15133543,-77.06688063,"    (39.15133543, -77.06688063)"
MCP3044009K,260023526,MONTGOMERY,Injury Crash,05/29/2026 03:31:00 PM,County Route,TECH RD,,,,Cyclist (non-electric),Single Vehicle,Clear,Dry,Daylight,Stop Sign,"Unknown, Unknown","Not Suspect of Alcohol Use, Not Suspect of Drug Use",9AE87B84-3629-41E8-AF26-5DCF25092D4B,Cyclist (non-electric),Cross/Enter at Intersection,None (No Improper Action),Intersection Marked Crosswalk,No,Suspected Minor Injury,None,39.05644216,-76.96700006,"    (39.05644216, -76.96700006)"
EJ78980080,260023487,GAITHERSBURG,Injury Crash,05/29/2026 12:15:00 PM,Municipality Route,ROSEMONT DR,S FREDERICK RD (SB/L),,,Pedestrian,Single Vehicle,Clear,Dry,Daylight,Stop Sign,"Not Suspect of Alcohol Use, Not Suspect of Drug Use","Not Suspect of Alcohol Use, Not Suspect of Drug Use",ACDC0178-B537-4365-B3F4-F00F12BBD761,Pedestrian,Cross/Enter at Intersection,Dart/Dash,Intersection Unmarked Crosswalk,Yes,Suspected Minor Injury,None,39.1282095,-77.1856015,"    (39.1282095, -77.1856015)"
MCP2244003S,260023460,MONTGOMERY,Fatal Crash,05/29/2026 09:59:00 AM,,,,"Parking Stall        HOSPITAL MAIN ENTRANCE - DROP OFF AREA OF 11866 HEALING WAY, SILVER SPRING, MD 20904",,Pedestrian,Unknown,Clear,,Daylight,,"Not Suspect of Alcohol Use, Not Suspect of Drug Use","Not Suspect of Alcohol Use, Not Suspect of Drug Use",F6C448E5-7ABA-408B-BA45-B52F21F9D406,Pedestrian,Other,None (No Improper Action),Other,No,Fatal Injury,None,39.0495666,-76.95751337,"    (39.0495666, -76.95751337)"
MCP3444001C,260023424,MONTGOMERY,Injury Crash,05/28/2026 10:45:00 PM,County Route,FENTON ST,,,,Occupant of Motor Vehicle Not in Transport,Single Vehicle,Clear,Dry,Dark - Lighted,Traffic Control Signal,"Not Suspect of Alcohol Use, Not Suspect of Drug Use","Not Suspect of Alcohol Use, Not Suspect of Drug Use",D3E5D41F-9729-4118-AE8F-BAC01ED0749F,Occupant of Motor Vehicle Not in Transport,Getting Off/On Vehicle,None (No Improper Action),Shoulder/Roadside,No,Suspected Minor Injury,None,38.99699826,-77.02559395,"    (38.99699826, -77.02559395)"
EJ7902002J,260023407,GAITHERSBURG,Property Damage Crash,05/28/2026 09:00:00 PM,,,,Parking Lot Way        IN CROSSWALK IN FRONT OF DMV EMPANADAS,,Pedestrian,Single Vehicle,Clear,,Dark - Lighted,,"Not Suspect of Alcohol Use, Not Suspect of Drug Use","Not Suspect of Alcohol Use, Not Suspect of Drug Use",901AF45D-3025-4E2D-8C7B-9B9FDC9B0F99,Pedestrian,Walking/Cycling on Sidewalk,None (No Improper Action),Midblock Marked Crosswalk,No,No Apparent Injury,None,39.14850516,-77.20995927,"    (39.14850516, -77.20995927)"
MCP33680032,260023395,MONTGOMERY,Property Damage Crash,05/28/2026 07:17:00 PM,,,,"Parking Lot Way        PARKING LOT OF 9501 KEY WEST AVE, ROAD LEADING TO KEY WEST AVE",,Cyclist (non-electric),Single Vehicle,Clear,,Daylight,,"Not Suspect of Alcohol Use, Not Suspect of Drug Use","Not Suspect of Alcohol Use, Not Suspect of Drug Use",B2227F92-0AE9-414F-8232-E1CC0BD1597C,Cyclist (non-electric),Cross/Enter at Intersection,Failure to Yield Right-Of-Way,Intersection Unmarked Crosswalk,No,No Apparent Injury,Helmet,39.10570017,-77.19905381,"    (39.10570017, -77.19905381)"
MCP272300BB,260023380,MONTGOMERY,Injury Crash,05/28/2026 05:45:00 PM,County Route,ASPEN HILL RD,,,,Pedestrian,Single Vehicle,Clear,Dry,Daylight,No Controls,"Not Suspect of Alcohol Use, Not Suspect of Drug Use","Not Suspect of Alcohol Use, Not Suspect of Drug Use",2E41374F-E644-4FAB-A87C-6AA2F4AA7D7A,Pedestrian,Cross/Enter at Intersection,None (No Improper Action),Intersection Unmarked Crosswalk,No,Possible Injury,None,39.08038467,-77.07874346,"    (39.08038467, -77.07874346)"
MCP3409001K,260023361,MONTGOMERY,Injury Crash,05/28/2026 04:00:00 PM,,,,Parking Lot Way        PARKING LOT EXIT OF BURGER KING LOCATED 16004 SHADY GROVE ROAD,,Pedestrian,Single Vehicle,Clear,,Daylight,,"Unknown, Unknown","Not Suspect of Alcohol Use, Not Suspect of Drug Use",89560D8D-42FE-452E-B873-20FDCE4A6C18,Pedestrian,Walking/Cycling on Sidewalk,None (No Improper Action),Midblock Marked Crosswalk,No,Suspected Minor Injury,None,39.11987135,-77.18187875,"    (39.11987135, -77.18187875)"
MCP29390098,260023333,MONTGOMERY,Injury Crash,05/28/2026 02:50:00 PM,Maryland (State) Route,CLOPPER RD,,,,Pedestrian,Single Vehicle,Clear,Dry,Daylight,Traffic Control Signal,"Not Suspect of Alcohol Use, Not Suspect of Drug Use","Not Suspect of Alcohol Use, Not Suspect of Drug Use",52EEC7C1-5CEB-4AF9-ACDD-428909FAB427,Pedestrian,Cross/Enter at Intersection,"Dart/Dash, Failure to Yield Right-Of-Way",Intersection Marked Crosswalk,Yes,Possible Injury,None,39.16472492,-77.28694081,"    (39.16472492, -77.28694081)"
MCP3094007L,260023160,MONTGOMERY,Injury Crash,05/27/2026 02:44:00 PM,County Route,MILL RUN DR,BEAUVOIR BLVD,,,Cyclist (Electric),Single Vehicle,Clear,Wet,Daylight,No Controls,"Not Suspect of Alcohol Use, Not Suspect of Drug Use","Not Suspect of Alcohol Use, Not Suspect of Drug Use",FA6E095B-AF22-4978-AB25-0449870CCFC3,Cyclist (Electric),Cross/Enter at Intersection,Failure to Yield Right-Of-Way,Intersection Other,Yes,Suspected Minor Injury,None,39.14443167,-77.14721767,"    (39.14443167, -77.14721767)"
EJ7918001B,260023152,GAITHERSBURG,Injury Crash,05/27/2026 02:20:00 PM,,,,"Parking Lot Way        PARKING LOT @ 400 EAST DIAMOND AVE, LIBERTY GAS STATION.",,Pedestrian,Single Vehicle,Clear,,Daylight,,"Not Suspect of Alcohol Use, Not Suspect of Drug Use","Not Suspect of Alcohol Use, Not Suspect of Drug Use",6D69810D-2FB1-4094-AA82-53A23FCD48CF,Pedestrian,Walking/Cycling on Sidewalk,None (No Improper Action),Sidewalk,No,Suspected Minor Injury,None,39.14203194,-77.18972321,"    (39.14203194, -77.18972321)"
MCP2966008L,260021980,MONTGOMERY,Injury Crash,05/27/2026 11:09:00 AM,County Route,DAWSON FARM RD,,,,Pedestrian,Single Vehicle,Clear,Dry,Daylight,Traffic Control Signal,"Unknown, Unknown","Not Suspect of Alcohol Use, Not Suspect of Drug Use",E6182BCE-6850-4FFE-B8EE-806E08A4585E,Pedestrian,Cross/Enter at Intersection,None (No Improper Action),Intersection Marked Crosswalk,No,Possible Injury,None,39.16665284,-77.270771,"    (39.16665284, -77.270771)"
MCP913000MS,260023109,MONTGOMERY,Injury Crash,05/27/2026 11:00:00 AM,Maryland (State) Route,UNIVERSITY BLVD E (WB/L),BUCKINGHAM DR,,,Cyclist (Electric),Single Vehicle,Cloudy,Dry,Daylight,Traffic Control Signal,"Not Suspect of Alcohol Use, Not Suspect of Drug Use","Not Suspect of Alcohol Use, Not Suspect of Drug Use",B0708EC7-F5DC-4C6B-BAE4-37BB7499C216,Cyclist (Electric),Cross/Enter at Intersection,None (No Improper Action),Intersection Marked Crosswalk,No,Suspected Minor Injury,Helmet,39.00624345,-76.9974414,"    (39.00624345, -76.9974414)"
MCP2622005T,260023087,MONTGOMERY,Injury Crash,05/27/2026 08:29:00 AM,,,,Parking Stall        PARKING LOT OF 11890 HEALING WAY,,Pedestrian,Single Vehicle,Cloudy,,Daylight,,"Not Suspect of Alcohol Use, Not Suspect of Drug Use","Not Suspect of Alcohol Use, Not Suspect of Drug Use",DD79B91B-C90A-473A-9815-60151D8D466C,Pedestrian,Other,None (No Improper Action),Other,No,Possible Injury,None,39.04843371,-76.95618284,"    (39.04843371, -76.95618284)"
MCP3341006C,260022663,MONTGOMERY,Injury Crash,05/24/2026 01:25:00 PM,Maryland (State) Route,GEORGIA AVE,DAWSON AVE,,,Pedestrian,Single Vehicle,Cloudy,Dry,Daylight,No Controls,"Not Suspect of Alcohol Use, Not Suspect of Drug Use","Not Suspect of Alcohol Use, Not Suspect of Drug Use",18F62119-3E91-489F-B25C-945089ECA00A,Pedestrian,Cross/Enter at Intersection,Failure to Yield Right-Of-Way,Intersection Unmarked Crosswalk,Yes,Suspected Minor Injury,None,39.04557569,-77.05206288,"    (39.04557569, -77.05206288)"
MCP3148009D,260022570,MONTGOMERY,Injury Crash,05/23/2026 01:36:00 PM,County Route,,GLOXINIA DR,,,Pedestrian,Single Vehicle,Rain,Wet,Daylight,Traffic Control Signal,"Unknown, Unknown","Not Suspect of Alcohol Use, Not Suspect of Drug Use",A88DFBD6-7887-4358-8881-4D9B2F9F41EC,Pedestrian,Cross/Enter at Intersection,None (No Improper Action),Intersection Marked Crosswalk,No,Possible Injury,None,39.03312002,-77.12133101,"    (39.03312002, -77.12133101)"
EJ78880097,260022418,GAITHERSBURG,Property Damage Crash,05/22/2026 02:30:00 PM,,,,Parking Aisle        PARKING LOT OF 880 RUSSELL AVE,,Pedestrian,Single Vehicle,Rain,,Daylight,,"Not Suspect of Alcohol Use, Not Suspect of Drug Use","Not Suspect of Alcohol Use, Not Suspect of Drug Use",3C6DEBDE-DB2E-4A67-A353-CE4382431021,Pedestrian,Standing,None (No Improper Action),Other,No,No Apparent Injury,None,39.1560588,-77.21353125,"    (39.1560588, -77.21353125)"
MCP32620078,260022420,MONTGOMERY,Injury Crash,05/22/2026 12:30:00 PM,County Route,TECH RD,TECH RD,,,Pedestrian,Single Vehicle,Rain,Wet,Daylight,Traffic Control Signal,"Unknown, Unknown","Not Suspect of Alcohol Use, Not Suspect of Drug Use",A9193EF5-D04F-441E-A0B4-7C01477E4FDD,Pedestrian,Cross/Enter Not at Intersection,"Failure to Obey Traffic Signs, Signals, or Officer, Failure to Yield Right-Of-Way",Intersection Unmarked Crosswalk,Yes,Suspected Minor Injury,None,39.05801644,-76.96859163,"    (39.05801644, -76.96859163)"
MCP34660011,260022168,MONTGOMERY,Injury Crash,05/21/2026 12:37:00 PM,,,,Parking Lot Way        PARKING LOT OF 12001 NEBEL ST - LIBERTY DISPENSARY,,Pedestrian,Single Vehicle,Cloudy,,Daylight,,"Unknown, Unknown","Not Suspect of Alcohol Use, Not Suspect of Drug Use",1CE792AA-7F17-45B2-A466-873204E1E7B0,Pedestrian,Standing,None (No Improper Action),NonTrafficway Area,No,Suspected Minor Injury,None,39.05113847,-77.10922957,"    (39.05113847, -77.10922957)"
DD558300C5,260022128,ROCKVILLE,Injury Crash,05/21/2026 09:00:00 AM,Municipality Route,ANDERSON AVE,,,,Pedestrian,Single Vehicle,Cloudy,Dry,Daylight,No Controls,"Unknown, Unknown","Not Suspect of Alcohol Use, Not Suspect of Drug Use",C97FF3BE-679D-4DAB-9A5E-510024DC7252,Pedestrian,Cross/Enter Not at Intersection,None (No Improper Action),Travel Lane Other Location,No,Possible Injury,None,39.08676706,-77.16707313,"    (39.08676706, -77.16707313)"
MCP3493000X,260021860,MONTGOMERY,Injury Crash,05/19/2026 02:55:00 PM,US (State),GEORGIA AVE (SB/L),SILVER SPRING AVE,,,Scooter (electric),Single Vehicle,Clear,Dry,Daylight,Traffic Control Signal,"Not Suspect of Alcohol Use, Not Suspect of Drug Use","Not Suspect of Alcohol Use, Not Suspect of Drug Use",68E2BB9C-8BD8-4228-AE3E-59FE8F2388EC,Scooter (electric),Walking/Cycling on Sidewalk,None (No Improper Action),Intersection Marked Crosswalk,No,Suspected Serious Injury,None,38.99165106,-77.02671263,"    (38.99165106, -77.02671263)"
MCP3220005W,260021870,MONTGOMERY,Injury Crash,05/19/2026 02:53:00 PM,County Route,HUNTING LA,,,,Scooter (electric),Single Vehicle,Clear,Dry,Daylight,No Controls,"Unknown, Unknown","Not Suspect of Alcohol Use, Not Suspect of Drug Use",43E95665-5DC8-4A3B-ADF2-6A0E7052A4AF,Scooter (electric),Walking/Cycling Along Roadway With Traffic (In or Adjacent to Travel Lane),None (No Improper Action),Travel Lane Other Location,No,Suspected Minor Injury,None,39.09801193,-77.21673467,"    (39.09801193, -77.21673467)"
MCP3165006Q,260021837,MONTGOMERY,Injury Crash,05/19/2026 01:00:00 PM,,,,Parking Lot Way        PARKING GARGE OF WHITE OAK MEDICAL CENTER,,Pedestrian,Single Vehicle,Clear,,Daylight,,"Not Suspect of Alcohol Use, Not Suspect of Drug Use","Not Suspect of Alcohol Use, Not Suspect of Drug Use",8183B9B0-6FDE-40B8-B82A-5916C0CCE811,Pedestrian,Other,"Inattentive (Talking, Eating, etc.)",Travel Lane Other Location,Yes,Suspected Minor Injury,None,39.04941188,-76.95743133,"    (39.04941188, -76.95743133)"
MCP3075005B,260021748,MONTGOMERY,Injury Crash,05/19/2026 01:35:00 AM,Ramp,RAMP 6 FR MD 118 EB TO IS 270 SB,,,,Pedestrian,Single Vehicle,Clear,Dry,Dark - Lighted,No Controls,"Unknown, Unknown","Not Suspect of Alcohol Use, Not Suspect of Drug Use",8B1B2527-E84C-4D9C-AC3A-AB59E82FA196,Pedestrian,Cross/Enter Not at Intersection,None (No Improper Action),Intersection Marked Crosswalk,No,Suspected Serious Injury,None,39.18301524,-77.2573915,"    (39.18301524, -77.2573915)"
MCP31920078,260021688,MONTGOMERY,Injury Crash,05/18/2026 05:17:00 PM,County Route,HELSEL DR,,,,Cyclist (Electric),Single Vehicle,Clear,Dry,Daylight,Stop Sign,"Not Suspect of Alcohol Use, Not Suspect of Drug Use","Not Suspect of Alcohol Use, Not Suspect of Drug Use",9C5A9136-24C5-449C-A3DE-FCA8B6FB963F,Cyclist (Electric),Cross/Enter at Intersection,"Failure to Yield Right-Of-Way, Other",Intersection Unmarked Crosswalk,Yes,Suspected Minor Injury,Helmet,39.07324177,-77.06539802,"    (39.07324177, -77.06539802)"
DM8505003M,260021660,TAKOMA,Injury Crash,05/18/2026 03:34:00 PM,Maryland (State) Route,NEW HAMPSHIRE AVE (SB/L),HOLTON LA,,,Pedestrian,Single Vehicle,Clear,Dry,Daylight,Traffic Control Signal,"Unknown, Unknown","Unknown, Unknown",5D5FBFB0-8CAF-4104-9AED-CD08F2D5DA02,Pedestrian,None,"Failure to Obey Traffic Signs, Signals, or Officer",Intersection Other,Yes,Suspected Minor Injury,None,38.98577867,-76.9883145,"    (38.98577867, -76.9883145)"
MCP3126008F,260021508,MONTGOMERY,Injury Crash,05/17/2026 05:22:00 PM,County Route,VALLEY PARK DR,SHELLDRAKE CIR,,,Cyclist (Electric),Single Vehicle,Clear,Dry,Daylight,No Controls,"Not Suspect of Alcohol Use, Not Suspect of Drug Use","Not Suspect of Alcohol Use, Not Suspect of Drug Use",534F2602-266C-4F9B-83FB-9F4728C81C21,Cyclist (Electric),Walking/Cycling on Sidewalk,Failure to Yield Right-Of-Way,Sidewalk,Yes,Suspected Serious Injury,Helmet,39.27731587,-77.20993844,"    (39.27731587, -77.20993844)"
MCP3258006D,260021484,MONTGOMERY,Injury Crash,05/17/2026 03:27:00 PM,County Route,REEDIE DR,GEORGIA AVE,,,Pedestrian,Single Vehicle,Clear,Dry,Daylight,Traffic Control Signal,"Not Suspect of Alcohol Use, Not Suspect of Drug Use","Not Suspect of Alcohol Use, Not Suspect of Drug Use",18CCA9E8-68B5-4FA9-A896-1782FC0DAA14,Pedestrian,Cross/Enter at Intersection,None (No Improper Action),Intersection Marked Crosswalk,No,Suspected Minor Injury,None,39.0386633,-77.05087702,"    (39.0386633, -77.05087702)"
MCP3389001V,260021456,MONTGOMERY,Injury Crash,05/17/2026 11:29:00 AM,County Route,13TH ST,,,,Pedestrian,Single Vehicle,Clear,Dry,Daylight,No Controls,"Unknown, Unknown","Not Suspect of Alcohol Use, Not Suspect of Drug Use",7480847B-B2EC-4D46-A771-E29543534F4D,Pedestrian,Walking/Cycling on Sidewalk,None (No Improper Action),Driveway Access,No,Suspected Minor Injury,None,38.98730282,-77.02746261,"    (38.98730282, -77.02746261)"
MCP3387003Y,260021181,MONTGOMERY,Injury Crash,05/15/2026 03:04:00 PM,Maryland (State) Route,16TH ST,EAST WEST HWY (WB/L),,,Pedestrian,Single Vehicle,Clear,Dry,Daylight,Traffic Control Signal,"Not Suspect of Alcohol Use, Not Suspect of Drug Use","Not Suspect of Alcohol Use, Not Suspect of Drug Use",3EFA4AD0-3D7A-4471-999B-497B2EF30454,Pedestrian,Cross/Enter at Intersection,None (No Improper Action),Intersection Marked Crosswalk,No,Suspected Minor Injury,None,38.9946112,-77.0361794,"    (38.9946112, -77.0361794)"
MCP3021008F,260021170,MONTGOMERY,Injury Crash,05/15/2026 01:50:00 PM,Maryland (State) Route,ROCKVILLE PIKE,NO NAME,,,Cyclist (non-electric),Single Vehicle,Clear,Dry,Daylight,Pedestrian Crossing Sign,"Not Suspect of Alcohol Use, Not Suspect of Drug Use","Not Suspect of Alcohol Use, Not Suspect of Drug Use",BBCC1442-670D-4BBC-83FC-A9FEDF788225,Cyclist (non-electric),Walking/Cycling Along Roadway Against Traffic (In or Adjacent to Travel Lane),None (No Improper Action),Intersection Marked Crosswalk,No,Suspected Minor Injury,Helmet,39.00433152,-77.09714611,"    (39.00433152, -77.09714611)"
DD5686001G,260021143,ROCKVILLE,Injury Crash,05/15/2026 11:24:00 AM,Maryland (State) Route,DODGE ST,ROCKVILLE PIKE,,,Pedestrian,Single Vehicle,Clear,Dry,Daylight,Traffic Control Signal,"Not Suspect of Alcohol Use, Not Suspect of Drug Use","Not Suspect of Alcohol Use, Not Suspect of Drug Use",2C2D235C-CE3F-45B1-ABBD-B941AE69E6E8,Pedestrian,Cross/Enter at Intersection,Unknown,Intersection Marked Crosswalk,No,Possible Injury,None,39.08035583,-77.1439325,"    (39.08035583, -77.1439325)"
MCP300900B9,260021113,MONTGOMERY,Injury Crash,05/15/2026 09:04:00 AM,Other Public Roadway,HENDERSON CORNER RD,FREDERICK RD (SB/L),,,Pedestrian,Single Vehicle,Clear,Dry,Daylight,Traffic Control Signal,"Not Suspect of Alcohol Use, Not Suspect of Drug Use","Not Suspect of Alcohol Use, Not Suspect of Drug Use",37B46E00-615B-43BF-868F-4404EC596938,Pedestrian,Cross/Enter at Intersection,None (No Improper Action),Intersection Marked Crosswalk,No,Suspected Serious Injury,None,39.20244885,-77.24572048,"    (39.20244885, -77.24572048)"
MCP34900016,260020880,MONTGOMERY,Injury Crash,05/13/2026 08:57:00 PM,Maryland (State) Route,COLESVILLE RD,GEORGIA AVE (SB/L),,,Pedestrian,Single Vehicle,Rain,Wet,Dark - Lighted,Traffic Control Signal,"Unknown, Unknown","Not Suspect of Alcohol Use, Not Suspect of Drug Use",D53624DD-B5B9-43D6-8369-7C9190D887B7,Pedestrian,Cross/Enter at Intersection,Unknown,Intersection Marked Crosswalk,No,Possible Injury,None,38.99594644,-77.02818925,"    (38.99594644, -77.02818925)"
MCP3391002K,260020715,MONTGOMERY,Injury Crash,05/12/2026 21:45,County Route,FULHAM ST,KEMP MILL RD,,,Scooter (electric),Single Vehicle,Clear,Dry,Dark - Not Lighted,No Controls,"Not Suspect of Alcohol Use, Not Suspect of Drug Use","Not Suspect of Alcohol Use, Not Suspect of Drug Use",140D3DCA-4610-4763-9916-38630104E10D,Scooter (electric),Cross/Enter at Intersection,None (No Improper Action),Intersection Marked Crosswalk,No,Suspected Minor Injury,None,39.0475893,-77.02770258,"    (39.0475893, -77.02770258)"
MCP3039008G,260020710,MONTGOMERY,Injury Crash,05/12/2026 21:00,County Route,SCHRIDER ST,SLIGO AVE,,,Pedestrian,Single Vehicle,Clear,Dry,Dark - Lighted,Pedestrian Crossing,"Not Suspect of Alcohol Use, Not Suspect of Drug Use","Not Suspect of Alcohol Use, Not Suspect of Drug Use",6F190869-450D-4B2B-B267-D22928AA1B16,Pedestrian,Cross/Enter at Intersection,None (No Improper Action),Intersection Marked Crosswalk,No,Possible Injury,None,38.99115557,-77.0143243,"    (38.99115557, -77.0143243)"
EJ78870072,260020590,GAITHERSBURG,Injury Crash,05/12/2026 11:00,Municipality Route,BARKLEY PL,,,,Pedestrian,Single Vehicle,Clear,Dry,Daylight,Stop Sign,"Not Suspect of Alcohol Use, Not Suspect of Drug Use","Not Suspect of Alcohol Use, Not Suspect of Drug Use",8C55C50E-D76F-4C6E-AC85-247E0A6F44E0,Pedestrian,Cross/Enter at Intersection,None (No Improper Action),Intersection Marked Crosswalk,No,Suspected Minor Injury,None,39.13134227,-77.19021626,"    (39.13134227, -77.19021626)"
EJ78870072,260020590,GAITHERSBURG,Injury Crash,05/12/2026 11:00,Municipality Route,BARKLEY PL,,,,Pedestrian,Single Vehicle,Clear,Dry,Daylight,Stop Sign,"Not Suspect of Alcohol Use, Not Suspect of Drug Use","Not Suspect of Alcohol Use, Not Suspect of Drug Use",0BC677A6-1706-4B9E-84F8-060C1C8422FF,Pedestrian,Cross/Enter at Intersection,None (No Improper Action),Intersection Marked Crosswalk,No,Suspected Minor Injury,None,39.13134227,-77.19021626,"    (39.13134227, -77.19021626)"
MCP3107003V,260020332,MONTGOMERY,Injury Crash,05/10/2026 22:05,County Route,MINERAL SPRINGS DR,WASHINGTON GROVE LA,,,Cyclist (non-electric),Single Vehicle,Clear,Wet,Dark - Lighted,Stop Sign,"Not Suspect of Alcohol Use, Not Suspect of Drug Use","Not Suspect of Alcohol Use, Not Suspect of Drug Use",6110E900-5FF8-4261-BC03-30C76A5D0711,Cyclist (non-electric),Cross/Enter at Intersection,Unknown,Intersection Marked Crosswalk,No,Suspected Minor Injury,None,39.15227317,-77.16478483,"    (39.15227317, -77.16478483)"