Report Number,Local Case Number,Agency Name,ACRS Report Type,Crash Date/Time,Route Type,Road Name,Cross-Street Name,Off-Road Description,Municipality,Related Non-Motorist,Collision Type,Weather,Surface Condition,Light,Traffic Control,Driver Substance Abuse,Non-Motorist Substance Abuse,Person ID,Pedestrian Type,Pedestrian Movement,Pedestrian Actions,Pedestrian Location,At Fault,Injury Severity,Safety Equipment,Latitude,Longitude,Location
MCP1550006Q,260020399,MONTGOMERY,Injury Crash,05/10/2026 14:15,Maryland (State) Route,PINEY BRANCH RD,FLOWER AVE,,,Scooter (electric),Single Vehicle,Cloudy,Dry,Daylight,Traffic Control Signal,"Unknown, Unknown","Unknown, Unknown",0E17DD8D-FF54-4A47-8BCD-57F449775F69,Scooter (electric),Cross/Enter at Intersection,"Failure to Obey Traffic Signs, Signals, or Officer",Intersection Marked Crosswalk,Yes,Suspected Serious Injury,None,38.99810436,-77.00352597,"    (38.99810436, -77.00352597)"
MCP31480099,260020509,MONTGOMERY,Injury Crash,05/10/2026 10:58,County Route,E GUDE DR (WB/L),FREDERICK RD,,,Scooter (electric),Single Vehicle,Unknown,,Daylight,Traffic Control Signal,"Unknown, Unknown","Not Suspect of Alcohol Use, Not Suspect of Drug Use",3F56D702-C661-4057-A280-57460A0190F2,Scooter (electric),Cross/Enter at Intersection,None (No Improper Action),Intersection Marked Crosswalk,No,Possible Injury,None,39.10663256,-77.15825044,"    (39.10663256, -77.15825044)"
MCP2420006R,260020230,MONTGOMERY,Injury Crash,05/10/2026 10:10,,,,Parking Lot Way        PARKING LOT OF 18140 VILLAGE CENTER DR,,Pedestrian,Single Vehicle,Clear,,Daylight,,"Not Suspect of Alcohol Use, Not Suspect of Drug Use","Not Suspect of Alcohol Use, Not Suspect of Drug Use",E3E5C7A1-7C39-4F40-9DFA-9A7DF556046F,Pedestrian,Cross/Enter at Intersection,None (No Improper Action),Intersection Marked Crosswalk,No,Suspected Minor Injury,None,39.15343,-77.06423232,"    (39.15343, -77.06423232)"
MCP3348005M,260020131,MONTGOMERY,Injury Crash,05/09/2026 14:24,County Route,WAGON WAY,ALDERTON RD,,,Cyclist (non-electric),Single Vehicle,Clear,Dry,Daylight,No Controls,"Not Suspect of Alcohol Use, Not Suspect of Drug Use","Not Suspect of Alcohol Use, Not Suspect of Drug Use",0CD38168-3D6E-4AA8-823E-A2EA7FC7A515,Cyclist (non-electric),Cross/Enter at Intersection,Failure to Yield Right-Of-Way,Intersection Other,No,Suspected Minor Injury,"Helmet, Reflectors",39.08322633,-77.03488733,"    (39.08322633, -77.03488733)"
MCP304800G0,260020105,MONTGOMERY,Injury Crash,05/09/2026 9:55,,,,Parking Lot Way        SIDEWALK ADJACENT TO PARKING LOT OF 6930 ARLINGTON ROAD,,Pedestrian,Single Vehicle,Cloudy,,Daylight,,"Not Suspect of Alcohol Use, Not Suspect of Drug Use","Not Suspect of Alcohol Use, Not Suspect of Drug Use",BB0EC20D-DC9B-4C08-99D8-09192A7F2E7B,Pedestrian,Walking/Cycling on Sidewalk,None (No Improper Action),Sidewalk,No,Suspected Minor Injury,None,38.9791438,-77.0987722,"    (38.9791438, -77.0987722)"
MCP235800FP,260019922,MONTGOMERY,Injury Crash,05/08/2026 10:45,,,,Parking Lot Way        PARKING GARAGE MONTGOMERY MALL 7101 DEMOCRACY BLVD BETHESDA MD,,Pedestrian,Single Vehicle,Clear,,Daylight,,"Not Suspect of Alcohol Use, Not Suspect of Drug Use","Not Suspect of Alcohol Use, Not Suspect of Drug Use",023781C1-C1BA-436F-A0AB-909E0E9E5C36,Pedestrian,Other,None (No Improper Action),Other,No,Suspected Minor Injury,None,39.02409345,-77.14388959,"    (39.02409345, -77.14388959)"
MCP33720053,260019831,MONTGOMERY,Injury Crash,05/07/2026 19:21,County Route,LONGMEAD CROSSING DR,,,,Pedestrian,Single Vehicle,Clear,Dry,Daylight,No Controls,"Not Suspect of Alcohol Use, Not Suspect of Drug Use","Not Suspect of Alcohol Use, Not Suspect of Drug Use",F64B3CBF-B80C-4594-B977-9D3431A6D0EF,Pedestrian,Walking/Cycling on Sidewalk,Other,Shoulder/Roadside,Yes,No Apparent Injury,None,39.10339117,-77.05387533,"    (39.10339117, -77.05387533)"
MCP33820043,260019810,MONTGOMERY,Injury Crash,05/07/2026 18:26,,,,Parking Lot Way        PARKING LOT,,Pedestrian,Single Vehicle,Clear,,Daylight,,"Not Suspect of Alcohol Use, Not Suspect of Drug Use","Not Suspect of Alcohol Use, Not Suspect of Drug Use",5525E898-1729-4D12-9FB4-E35A12272BB2,Pedestrian,None,None (No Improper Action),Other,No,Suspected Serious Injury,None,39.07700192,-77.00320706,"    (39.07700192, -77.00320706)"
MCP289200K6,260019756,MONTGOMERY,Injury Crash,05/07/2026 14:39,Maryland (State) Route,GEORGIA AVE (SB/L),,,,Cyclist (non-electric),Single Vehicle,Clear,Dry,Daylight,No Controls,"Unknown, Unknown","Not Suspect of Alcohol Use, Not Suspect of Drug Use",921B5AAA-476D-4699-92C5-9150D19E9CFE,Cyclist (non-electric),Walking/Cycling on Sidewalk,Other,Travel Lane Other Location,Yes,Suspected Minor Injury,Helmet,39.00879326,-77.04025064,"    (39.00879326, -77.04025064)"
MCP289100GD,260019741,MONTGOMERY,Injury Crash,05/07/2026 13:12,US (State),COLESVILLE RD,,,,Pedestrian,Single Vehicle,Clear,Dry,Daylight,No Controls,"Unknown, Unknown","Not Suspect of Alcohol Use, Not Suspect of Drug Use",975D29C8-18B8-4829-804A-2D73344AFB70,Pedestrian,Getting Off/On Vehicle,None (No Improper Action),Travel Lane Other Location,No,Suspected Minor Injury,None,38.9976063,-77.02701055,"    (38.9976063, -77.02701055)"
EJ79170010,260019901,GAITHERSBURG,Injury Crash,05/06/2026 15:00,Maryland (State) Route,,,,,Pedestrian,Single Vehicle,Clear,Dry,Daylight,No Controls,"Unknown, Unknown","Not Suspect of Alcohol Use, Not Suspect of Drug Use",FAA006C8-664A-49D2-8F17-1964B7CF8D1E,Pedestrian,Cross/Enter Not at Intersection,None (No Improper Action),Travel Lane Other Location,No,Suspected Minor Injury,None,39.1445111,-77.2023039,"    (39.1445111, -77.2023039)"
MCP3319004M,260019564,MONTGOMERY,Injury Crash,05/06/2026 12:30,,,,Alley        440 UNIVERSITY BLVD E(ROAD LEADING TO THE DUMPSTER),,Pedestrian,Single Vehicle,Clear,,Daylight,,"Not Suspect of Alcohol Use, Not Suspect of Drug Use","Not Suspect of Alcohol Use, Not Suspect of Drug Use",C982928C-E9D0-4B80-B903-CEB221F812E8,Pedestrian,Other,None (No Improper Action),Other,No,Possible Injury,None,39.00695458,-76.99707936,"    (39.00695458, -76.99707936)"
MCP34650010,260019516,MONTGOMERY,Injury Crash,05/06/2026 6:54,Maryland (State) Route,GEORGIA AVE,NORBECK RD,,,Pedestrian,Single Vehicle,Rain,Wet,Daylight,Traffic Control Signal,"Not Suspect of Alcohol Use, Not Suspect of Drug Use","Not Suspect of Alcohol Use, Not Suspect of Drug Use",60D453E4-57FC-4711-882E-0D20B37A5078,Pedestrian,Cross/Enter at Intersection,None (No Improper Action),Intersection Marked Crosswalk,No,Suspected Minor Injury,None,39.10940542,-77.07579086,"    (39.10940542, -77.07579086)"
MCP3386004J,260019479,MONTGOMERY,Property Damage Crash,05/05/2026 20:20,County Route,LINCOLN ST,,,,Cyclist (non-electric),Single Vehicle,Clear,Dry,Dark - Unknown Lighting,Traffic Control Signal,"Unknown, Unknown","Not Suspect of Alcohol Use, Not Suspect of Drug Use",67A477CA-BC52-4F16-9D0E-6CAF21A7CCB7,Cyclist (non-electric),Cross/Enter at Intersection,Unknown,Intersection Marked Crosswalk,No,No Apparent Injury,Unknown,38.99817407,-77.10956426,"    (38.99817407, -77.10956426)"
MCP34760013,260019438,MONTGOMERY,Injury Crash,05/05/2026 16:35,County Route,CENTERWAY RD (WB/L),,,,Pedestrian,Single Vehicle,Clear,Dry,Daylight,No Controls,"Not Suspect of Alcohol Use, Not Suspect of Drug Use","Not Suspect of Alcohol Use, Not Suspect of Drug Use",5C78FC35-2D78-476E-A086-44C33C33F5EB,Pedestrian,Walking/Cycling on Sidewalk,None (No Improper Action),Sidewalk,No,Suspected Minor Injury,None,39.17261866,-77.20202399,"    (39.17261866, -77.20202399)"
MCP34760013,260019438,MONTGOMERY,Injury Crash,05/05/2026 16:35,County Route,CENTERWAY RD (WB/L),,,,Pedestrian,Single Vehicle,Clear,Dry,Daylight,No Controls,"Not Suspect of Alcohol Use, Not Suspect of Drug Use","Not Suspect of Alcohol Use, Not Suspect of Drug Use",16D0CD1C-BD4F-4A56-B20E-67D1048971A0,Pedestrian,Walking/Cycling on Sidewalk,None (No Improper Action),Sidewalk,No,Suspected Serious Injury,None,39.17261866,-77.20202399,"    (39.17261866, -77.20202399)"
MCP33410067,260019385,MONTGOMERY,Property Damage Crash,05/05/2026 12:20,Spur,,,,,Cyclist (non-electric),Single Vehicle,Clear,Dry,Daylight,No Controls,"Not Suspect of Alcohol Use, Not Suspect of Drug Use","Not Suspect of Alcohol Use, Not Suspect of Drug Use",6BEB5E95-4D89-4DFB-9C70-7AFD93946637,Cyclist (non-electric),Walking/Cycling on Sidewalk,Unknown,Sidewalk,No,No Apparent Injury,None,39.05453142,-77.05032612,"    (39.05453142, -77.05032612)"
MCP301000D0,260019372,MONTGOMERY,Injury Crash,05/05/2026 10:50,Maryland (State) Route,ROCKVILLE PIKE (SB/L),,,,Pedestrian,Single Vehicle,Clear,Dry,Daylight,No Controls,"Not Suspect of Alcohol Use, Not Suspect of Drug Use","Not Suspect of Alcohol Use, Not Suspect of Drug Use",620AA166-3363-42A7-8EE3-255A10E964A9,Pedestrian,Standing,"In Roadway Improperly (Standing, Lying, Working, Playing)",Travel Lane Other Location,Yes,Suspected Serious Injury,None,39.02924606,-77.10456451,"    (39.02924606, -77.10456451)"
MCP3400003M,260019263,MONTGOMERY,Injury Crash,05/04/2026 17:30,County Route,BROADBIRCH DR,BOURNEFIELD WAY,,,Pedestrian,Single Vehicle,Clear,Dry,Daylight,Stop Sign,"Not Suspect of Alcohol Use, Not Suspect of Drug Use","Not Suspect of Alcohol Use, Not Suspect of Drug Use",B7EE35F1-7DB1-46DC-B4AB-412A79962D53,Pedestrian,Cross/Enter at Intersection,None (No Improper Action),Intersection Marked Crosswalk,No,Suspected Minor Injury,None,39.05561463,-76.96177969,"    (39.05561463, -76.96177969)"
DD56740030,260019246,ROCKVILLE,Injury Crash,05/04/2026 16:06,Municipality Route,ARDENNES AVE,,,,Pedestrian,Single Vehicle,Clear,Dry,Daylight,No Controls,"Not Suspect of Alcohol Use, Not Suspect of Drug Use","Unknown, Unknown",D75D1C76-AFB6-4639-B888-52F735BDC41A,Pedestrian,Walking/Cycling Along Roadway Against Traffic (In or Adjacent to Travel Lane),None (No Improper Action),Other,Yes,Suspected Minor Injury,None,39.06529972,-77.11823774,"    (39.06529972, -77.11823774)"
MCP3408002S,260019175,MONTGOMERY,Injury Crash,05/04/2026 10:40,Maryland (State) Route,COLESVILLE RD (WB/L),SECOND AVE (NB/L),,,Cyclist (non-electric),Single Vehicle,Clear,Dry,Daylight,Traffic Control Signal,"Unknown, Unknown","Not Suspect of Alcohol Use, Not Suspect of Drug Use",9B5BF70F-5A12-444D-88A8-B84E184D2112,Cyclist (non-electric),Walking/Cycling Along Roadway With Traffic (In or Adjacent to Travel Lane),"Failure to Obey Traffic Signs, Signals, or Officer",Travel Lane Other Location,No,Suspected Minor Injury,None,38.99481767,-77.03022948,"    (38.99481767, -77.03022948)"
MCP34680014,260019098,MONTGOMERY,Injury Crash,05/03/2026 20:00,Bicycle Route,,CONNECTICUT AVE,,,Pedestrian,Single Vehicle,Clear,Dry,Dusk,Traffic Control Signal,"Not Suspect of Alcohol Use, Not Suspect of Drug Use","Not Suspect of Alcohol Use, Suspect of Drug Use",A4D39807-A17D-4EC4-8CBC-847224558283,Pedestrian,Cross/Enter at Intersection,"Failure to Obey Traffic Signs, Signals, or Officer, Inattentive (Talking, Eating, etc.)",Intersection Marked Crosswalk,Yes,Suspected Minor Injury,None,39.09187463,-77.07035495,"    (39.09187463, -77.07035495)"
MCP33840021,260018956,MONTGOMERY,Injury Crash,05/02/2026 17:45,,,,Private Road        PRIVATE ROAD TO 1220 EAST WEST HWY,,Pedestrian,Single Vehicle,Clear,,Daylight,,"Unknown, Unknown","Not Suspect of Alcohol Use, Not Suspect of Drug Use",76E7EDEB-BB01-4181-8AC9-10C0E5BD192D,Pedestrian,None,None (No Improper Action),NonTrafficway Area,No,Possible Injury,None,38.99117729,-77.03035569,"    (38.99117729, -77.03035569)"
MCP33370050,260018952,MONTGOMERY,Injury Crash,05/02/2026 16:52,,,,Parking Lot Way        PARKING LOT IN FRONT OF 2322 GLENMONT CIRCLE,,Pedestrian,Single Vehicle,Clear,,Daylight,,"Not Suspect of Alcohol Use, Not Suspect of Drug Use","Not Suspect of Alcohol Use, Not Suspect of Drug Use",0DF8B8B8-DFF0-4F55-BBEB-153484C32B67,Pedestrian,Standing,None (No Improper Action),Other,No,Suspected Minor Injury,None,39.0561241,-77.04677472,"    (39.0561241, -77.04677472)"
MCP272300B9,260018949,MONTGOMERY,Injury Crash,05/02/2026 16:45,County Route,EVANSTON ST,,,,Pedestrian,Single Vehicle,Clear,Dry,Daylight,No Controls,"Not Suspect of Alcohol Use, Not Suspect of Drug Use","Not Suspect of Alcohol Use, Not Suspect of Drug Use",A491C431-264B-4745-950D-AB7481A72FC4,Pedestrian,Cross/Enter Not at Intersection,"Dart/Dash, In Roadway Improperly (Standing, Lying, Working, Playing)",Other,Yes,Suspected Minor Injury,None,39.06694614,-77.09056743,"    (39.06694614, -77.09056743)"
DD56960012,260018967,ROCKVILLE,Property Damage Crash,05/02/2026 11:30,Maryland (State) Route,ROCKVILLE PIKE (SB/L),,,,Cyclist (non-electric),Single Vehicle,Clear,Dry,Daylight,No Controls,"Unknown, Unknown","Not Suspect of Alcohol Use, Not Suspect of Drug Use",CB41F2C4-3630-4E86-970B-137104F986F4,Cyclist (non-electric),Walking/Cycling on Sidewalk,None (No Improper Action),Sidewalk,No,No Apparent Injury,None,39.07601346,-77.13792487,"    (39.07601346, -77.13792487)"
MCP1227002J,260018771,MONTGOMERY,Fatal Crash,05/01/2026 12:35,,,,Parking Lot Way        PARKING LOT OF DRUMCASTLE TERRACE,,Pedestrian,Single Vehicle,Clear,,Daylight,,"Not Suspect of Alcohol Use, Not Suspect of Drug Use","Not Suspect of Alcohol Use, Not Suspect of Drug Use",2D7BE686-1210-4CA1-9775-D016433FAB83,Pedestrian,Getting Off/On Vehicle,Entering/Exiting Parked/Standing Vehicle,NonTrafficway Area,No,Fatal Injury,None,39.19214704,-77.24033137,"    (39.19214704, -77.24033137)"
MCP2717011S,260018551,MONTGOMERY,Injury Crash,04/30/2026 10:08:00 AM,County Route,SHADY GROVE RD (SB/L),,,,Cyclist (non-electric),Single Vehicle,Clear,Dry,Daylight,No Controls,"Not Suspect of Alcohol Use, Not Suspect of Drug Use","Not Suspect of Alcohol Use, Not Suspect of Drug Use",EC559732-E27D-44DE-8FAA-635D78343789,Cyclist (non-electric),Cross/Enter at Intersection,None (No Improper Action),Intersection Unmarked Crosswalk,No,Suspected Minor Injury,"Helmet, Other",39.11834557,-77.18312837,"    (39.11834557, -77.18312837)"
MCP320000HW,260018528,MONTGOMERY,Injury Crash,04/30/2026 08:35:00 AM,County Route,SUGARBUSH LA,TUCKERMAN LA TUCKERMAN LA (EB/L),,,Cyclist (Electric),Single Vehicle,Clear,Dry,Daylight,Traffic Control Signal,"Not Suspect of Alcohol Use, Not Suspect of Drug Use","Not Suspect of Alcohol Use, Not Suspect of Drug Use",63C37032-2A2C-41F5-A44D-A9DBCFA36A8A,Cyclist (Electric),Cross/Enter at Intersection,None (No Improper Action),Intersection Unmarked Crosswalk,No,Suspected Minor Injury,Helmet,39.03190713,-77.11799533,"    (39.03190713, -77.11799533)"
MCP2717011P,260018513,MONTGOMERY,Injury Crash,04/30/2026 07:38:00 AM,County Route,PLUMMER DR (EB/L),FREDERICK RD (SB/L),,,Pedestrian,Single Vehicle,Clear,Dry,Daylight,Traffic Control Signal,"Not Suspect of Alcohol Use, Not Suspect of Drug Use","Not Suspect of Alcohol Use, Not Suspect of Drug Use",086C8F86-E626-42D0-B439-6E19DC03198C,Pedestrian,Cross/Enter at Intersection,Unknown,Intersection Marked Crosswalk,No,Suspected Minor Injury,Unknown,39.17159632,-77.2361159,"    (39.17159632, -77.2361159)"
MCP3386004H,260018490,MONTGOMERY,Injury Crash,04/29/2026 09:00:00 PM,County Route,STRATHMORE ST,BRADLEY BLVD,,,Pedestrian,Single Vehicle,Rain,Wet,Dark - Not Lighted,No Controls,"Not Suspect of Alcohol Use, Not Suspect of Drug Use","Not Suspect of Alcohol Use, Not Suspect of Drug Use",D67F029C-A35C-4762-BE22-DEEB978A4B6C,Pedestrian,Cross/Enter at Intersection,None (No Improper Action),Intersection Marked Crosswalk,No,Suspected Minor Injury,None,38.9778885,-77.092637,"    (38.9778885, -77.092637)"
MCP2760008D,260018245,MONTGOMERY,Injury Crash,04/28/2026 04:55:00 PM,Maryland (State) Route,MUNCASTER MILL RD,,,,Pedestrian,Single Vehicle,Cloudy,Dry,Daylight,No Controls,"Unknown, Unknown","Not Suspect of Alcohol Use, Not Suspect of Drug Use",5CC8E608-226A-413B-A7F6-CF8306BE7A51,Pedestrian,Walking/Cycling on Sidewalk,Unknown,Sidewalk,No,Suspected Minor Injury,None,39.1487781,-77.1471454,"    (39.1487781, -77.1471454)"
DD57030006,260018068,ROCKVILLE,Property Damage Crash,04/27/2026 06:06:00 PM,Municipality Route,CHAPMAN AVE,,,,Cyclist (non-electric),Single Vehicle,Clear,Dry,Daylight,No Controls,"Not Suspect of Alcohol Use, Not Suspect of Drug Use","Not Suspect of Alcohol Use, Not Suspect of Drug Use",5181B23B-8C74-47CF-963D-75D482CE7865,Cyclist (non-electric),Walking/Cycling Along Roadway With Traffic (In or Adjacent to Travel Lane),None (No Improper Action),Shoulder/Roadside,No,No Apparent Injury,Other,39.06230831,-77.12201893,"    (39.06230831, -77.12201893)"
DD5690000X,260017831,ROCKVILLE,Injury Crash,04/25/2026 11:50:00 PM,Maryland (State) Route,ROCKVILLE PIKE,,,,Pedestrian,Single Vehicle,Clear,Wet,Dark - Lighted,No Controls,,"Not Suspect of Alcohol Use, Not Suspect of Drug Use",083D5D8B-6107-42D2-8D24-9449A7A48EC8,Pedestrian,Cross/Enter Not at Intersection,Unknown,Median/Crossing Island,No,Possible Injury,None,39.07555453,-77.13714509,"    (39.07555453, -77.13714509)"
DD57080002,260017780,ROCKVILLE,Injury Crash,04/25/2026 03:58:00 PM,Maryland (State) Route,HUNGERFORD DR (SB/L),BEALL AVE #2,,,Occupant Of a Non-Motor Vehicle Transportation Device,Single Vehicle,Rain,Wet,Daylight,Traffic Control Signal,"Not Suspect of Alcohol Use, Not Suspect of Drug Use","Not Suspect of Alcohol Use, Not Suspect of Drug Use",793ED2DD-C89D-4F38-9C71-554EA89AA769,Occupant Of a Non-Motor Vehicle Transportation Device,Walking/Cycling on Sidewalk,Unknown,Intersection Marked Crosswalk,Yes,Suspected Minor Injury,None,39.08738724,-77.15025721,"    (39.08738724, -77.15025721)"
MCP3317004M,260017778,MONTGOMERY,Injury Crash,04/25/2026 03:46:00 PM,Local Route,MOZART DR,,,,Scooter (non-Electric),Single Vehicle,Cloudy,Dry,Daylight,No Controls,"Not Suspect of Alcohol Use, Not Suspect of Drug Use","Not Suspect of Alcohol Use, Not Suspect of Drug Use",A8CF91B2-BDD3-4DEB-AA9E-900050FEFBCE,Scooter (non-Electric),Cross/Enter Not at Intersection,Dart/Dash,Shoulder/Roadside,Yes,Suspected Minor Injury,None,39.06992439,-76.94834889,"    (39.06992439, -76.94834889)"
MCP3378002S,260017617,MONTGOMERY,Injury Crash,04/24/2026 04:00:00 PM,County Route,LAMBERTON DR,,,,Pedestrian,Single Vehicle,Clear,Wet,Daylight,No Controls,"Not Suspect of Alcohol Use, Not Suspect of Drug Use","Not Suspect of Alcohol Use, Not Suspect of Drug Use",96CE8C74-B1B4-4EFF-AD09-85266A30F672,Pedestrian,None,None (No Improper Action),Travel Lane Other Location,No,Suspected Minor Injury,None,39.04378767,-77.024344,"    (39.04378767, -77.024344)"
DD5680002N,260017484,ROCKVILLE,Injury Crash,04/23/2026 08:54:00 PM,Maryland (State) Route,HUNGERFORD DR,,,,Pedestrian,Single Vehicle,Clear,Dry,Dark - Lighted,No Controls,"Not Suspect of Alcohol Use, Not Suspect of Drug Use","Not Suspect of Alcohol Use, Not Suspect of Drug Use",C00734E8-F766-463B-9229-A38C0B19F99B,Pedestrian,Cross/Enter Not at Intersection,Unknown,Median/Crossing Island,No,Suspected Minor Injury,None,39.09284198,-77.15336376,"    (39.09284198, -77.15336376)"
EJ7919000S,260017394,GAITHERSBURG,Injury Crash,04/23/2026 12:21:00 PM,Maryland (State) Route,S FREDERICK RD,,,,Pedestrian,Single Vehicle,Clear,Dry,Daylight,No Controls,"Not Suspect of Alcohol Use, Not Suspect of Drug Use","Not Suspect of Alcohol Use, Not Suspect of Drug Use",786540A7-A884-46C1-A92C-BD471B3C7B99,Pedestrian,Walking/Cycling on Sidewalk,Unknown,Driveway Access,No,Possible Injury,None,39.12869567,-77.1857675,"    (39.12869567, -77.1857675)"
MCP3300003V,260017325,MONTGOMERY,Injury Crash,04/22/2026 09:54:00 PM,County Route,ASPEN HILL RD,CONNECTICUT AVE (SB/L),,,Scooter (electric),Single Vehicle,Clear,Dry,Dark - Lighted,Traffic Control Signal,"Not Suspect of Alcohol Use, Not Suspect of Drug Use","Not Suspect of Alcohol Use, Not Suspect of Drug Use",A8796098-A214-459C-9DC2-6624654A992A,Scooter (electric),Cross/Enter at Intersection,Unknown,Intersection Marked Crosswalk,No,Possible Injury,None,39.08022754,-77.08068748,"    (39.08022754, -77.08068748)"
MCP3490000Y,260017280,MONTGOMERY,Injury Crash,04/22/2026 05:32:00 PM,County Route,,,,,Scooter (electric),Single Vehicle,Clear,Dry,Daylight,No Controls,"Not Suspect of Alcohol Use, Not Suspect of Drug Use","Not Suspect of Alcohol Use, Not Suspect of Drug Use",5273F674-D6EB-4E8C-89A4-63AA3C05590A,Scooter (electric),Cross/Enter Not at Intersection,Improper Turn/Merge),Travel Lane Other Location,Yes,Suspected Minor Injury,Unknown,39.01620354,-77.0334641,"    (39.01620354, -77.0334641)"
MCP25130052,260017167,MONTGOMERY,Injury Crash,04/22/2026 07:30:00 AM,Maryland (State) Route,UNIVERSITY BLVD W,COLESVILLE RD (SB/L),,,Pedestrian,Single Vehicle,Clear,Dry,Daylight,Traffic Control Signal,"Not Suspect of Alcohol Use, Not Suspect of Drug Use","Not Suspect of Alcohol Use, Not Suspect of Drug Use",240F934E-35FA-431E-B25D-E7A7D03184B8,Pedestrian,Cross/Enter at Intersection,"Dart/Dash, Failure to Obey Traffic Signs, Signals, or Officer, Other",Intersection Marked Crosswalk,Yes,Suspected Serious Injury,None,39.01985721,-77.01336701,"    (39.01985721, -77.01336701)"
MCP3402005H,260017047,MONTGOMERY,Injury Crash,04/21/2026 01:14:00 PM,,,,Parking Lot Way        PARKING LOT OF 1212O TECH ROAD,,Pedestrian,Single Vehicle,Clear,,Daylight,,"Not Suspect of Alcohol Use, Not Suspect of Drug Use","Not Suspect of Alcohol Use, Not Suspect of Drug Use",180DE451-707C-40C5-B83B-457378666B5F,Pedestrian,Standing,None (No Improper Action),Other,No,Suspected Serious Injury,None,39.0545426,-76.96801733,"    (39.0545426, -76.96801733)"
MCP3378002R,260016949,MONTGOMERY,Property Damage Crash,04/20/2026 06:00:00 PM,County Route,GOODHILL RD,,,,Pedestrian,Single Vehicle,Clear,Dry,Daylight,No Controls,"Not Suspect of Alcohol Use, Not Suspect of Drug Use","Not Suspect of Alcohol Use, Not Suspect of Drug Use",38AAF28E-B5FB-4426-B2C4-22CFB36F6463,Pedestrian,Standing,Other,Travel Lane Other Location,No,No Apparent Injury,None,39.06044241,-77.0716903,"    (39.06044241, -77.0716903)"