Report Number,Local Case Number,Agency Name,ACRS Report Type,Crash Date/Time,Route Type,Road Name,Cross-Street Name,Off-Road Description,Municipality,Related Non-Motorist,Collision Type,Weather,Surface Condition,Light,Traffic Control,Driver Substance Abuse,Non-Motorist Substance Abuse,Person ID,Pedestrian Type,Pedestrian Movement,Pedestrian Actions,Pedestrian Location,At Fault,Injury Severity,Safety Equipment,Latitude,Longitude,Location
MCP3262006Z,260016929,MONTGOMERY,Property Damage Crash,04/20/2026 04:45:00 PM,Maryland (State) Route,NEW HAMPSHIRE AVE,LOCKWOOD DR,,,Scooter (electric),Single Vehicle,Clear,Dry,Daylight,Traffic Control Signal,"Not Suspect of Alcohol Use, Not Suspect of Drug Use","Unknown, Unknown",9B8B6077-7241-4D46-B2F6-ACEA985725BB,Scooter (electric),Cross/Enter at Intersection,"Failure to Obey Traffic Signs, Signals, or Officer, Failure to Yield Right-Of-Way, In Roadway Improperly (Standing, Lying, Working, Playing)",Intersection Marked Crosswalk,Yes,No Apparent Injury,None,39.03974606,-76.99050629,"    (39.03974606, -76.99050629)"
EJ7912000L,260016671,GAITHERSBURG,Injury Crash,04/18/2026 08:28:00 PM,Municipality Route,ODENDHAL AVE (EB/L),,,,Pedestrian,Single Vehicle,Clear,Dry,Dark - Lighted,Other,"Not Suspect of Alcohol Use, Not Suspect of Drug Use","Suspect of Alcohol Use, Not Suspect of Drug Use",AB1CAABA-CC73-4B74-8BBF-0427FC921EC0,Pedestrian,None,"In Roadway Improperly (Standing, Lying, Working, Playing)",Travel Lane Other Location,Yes,Suspected Serious Injury,None,39.15180334,-77.19992973,"    (39.15180334, -77.19992973)"
MCP2047006W,260016633,MONTGOMERY,Injury Crash,04/18/2026 01:58:00 PM,Private Route,,,,,Pedestrian,Single Vehicle,Clear,Dry,Daylight,Pedestrian Crossing,"Not Suspect of Alcohol Use, Not Suspect of Drug Use","Not Suspect of Alcohol Use, Not Suspect of Drug Use",6C08889C-759D-418F-B10C-128D728F2D98,Pedestrian,Cross/Enter at Intersection,None (No Improper Action),Intersection Marked Crosswalk,No,Suspected Minor Injury,None,39.11876833,-77.1674775,"    (39.11876833, -77.1674775)"
MCP32540053,260016616,MONTGOMERY,Injury Crash,04/18/2026 12:07:00 PM,County Route,MORNING STAR DR,,,,Pedestrian,Single Vehicle,Clear,Dry,Daylight,No Controls,"Not Suspect of Alcohol Use, Not Suspect of Drug Use","Not Suspect of Alcohol Use, Not Suspect of Drug Use",FA836A7F-70E5-4E20-B67A-4E804E3B78EF,Pedestrian,Cross/Enter Not at Intersection,"In Roadway Improperly (Standing, Lying, Working, Playing)",Other,Yes,Suspected Minor Injury,None,39.2180697,-77.24772759,"    (39.2180697, -77.24772759)"
MCP3466000Y,260016595,MONTGOMERY,Injury Crash,04/18/2026 09:40:00 AM,County Route,KENT ST,STONEYBROOK DR,,,Pedestrian,Single Vehicle,Clear,Dry,Daylight,Pedestrian Crossing Sign,"Not Suspect of Alcohol Use, Not Suspect of Drug Use","Not Suspect of Alcohol Use, Not Suspect of Drug Use",6D9071CF-934C-4D2B-ADC4-7E0EC41AE3D8,Pedestrian,Cross/Enter Not at Intersection,Dart/Dash,Intersection Other,No,Suspected Minor Injury,None,39.01967305,-77.06428297,"    (39.01967305, -77.06428297)"
MCP287100DR,260016494,MONTGOMERY,Injury Crash,04/17/2026 04:42:00 PM,Maryland (State) Route,STRATHMORE AVE,,,,Cyclist (non-electric),Single Vehicle,Clear,Dry,Daylight,Pedestrian Crossing Sign,"Not Suspect of Alcohol Use, Not Suspect of Drug Use","Not Suspect of Alcohol Use, Not Suspect of Drug Use",6A29FEAC-53CE-498E-94F4-2E9C3343A53C,Cyclist (non-electric),Cross/Enter at Intersection,None (No Improper Action),Midblock Marked Crosswalk,No,Suspected Minor Injury,Helmet,39.03455961,-77.10203315,"    (39.03455961, -77.10203315)"
MCP30310082,260016490,MONTGOMERY,Injury Crash,04/17/2026 04:15:00 PM,Maryland (State) Route,GEORGIA AVE (SB/L),HILLCREST AVE,,,Pedestrian,Single Vehicle,Clear,Dry,Daylight,Pedestrian Crossing,"Unknown, Unknown","Not Suspect of Alcohol Use, Not Suspect of Drug Use",BB7DE915-FB56-46DC-917D-D00E910057E2,Pedestrian,Cross/Enter at Intersection,None (No Improper Action),Intersection Marked Crosswalk,No,Suspected Minor Injury,None,39.15456866,-77.06681465,"    (39.15456866, -77.06681465)"
MCP9429001Y,260016300,MONTGOMERY,Property Damage Crash,04/16/2026 03:47:00 PM,County Route,RAMSEY AVE,,,,Pedestrian,Single Vehicle,Clear,Dry,Daylight,"Other Pavement Marking (excluding edgelines, centerlines, or lane lines)","Not Suspect of Alcohol Use, Not Suspect of Drug Use","Not Suspect of Alcohol Use, Not Suspect of Drug Use",9C9ECFEE-FAF1-41A3-83A7-516A1A57B090,Pedestrian,Walking/Cycling Along Roadway With Traffic (In or Adjacent to Travel Lane),Unknown,Intersection Marked Crosswalk,Yes,No Apparent Injury,None,38.99443614,-77.02915283,"    (38.99443614, -77.02915283)"
MCP2563002D,260016322,MONTGOMERY,Fatal Crash,04/16/2026 03:40:00 PM,Municipality Route,N HORNERS LA,SOUTHLAWN LA,,,Pedestrian,Single Vehicle,Clear,Dry,Daylight,Stop Sign,"Not Suspect of Alcohol Use, Not Suspect of Drug Use","Not Suspect of Alcohol Use, Not Suspect of Drug Use",557616A7-3E31-4D33-A448-DE2EF8E38715,Pedestrian,Cross/Enter at Intersection,None (No Improper Action),Intersection Other,No,Fatal Injury,None,39.09322848,-77.14361506,"    (39.09322848, -77.14361506)"
DD57050017,260016242,ROCKVILLE,Property Damage Crash,04/16/2026 10:55:00 AM,,,,Parking Stall        STAPLE'S PARKING LOT,,Unknown,Single Vehicle,Clear,,Daylight,,"Not Suspect of Alcohol Use, Not Suspect of Drug Use","Not Suspect of Alcohol Use, Not Suspect of Drug Use",C39D0598-27BB-41AC-B635-0A7734BD6042,Unknown,None,None (No Improper Action),NonTrafficway Area,No,No Apparent Injury,None,39.06436024,-77.12693118,"    (39.06436024, -77.12693118)"
MCP320000HT,260016393,MONTGOMERY,Injury Crash,04/15/2026 12:20:00 PM,County Route,,WESTLAKE DR,,,Pedestrian,Single Vehicle,Clear,Dry,Daylight,Traffic Control Signal,"Not Suspect of Alcohol Use, Not Suspect of Drug Use","Not Suspect of Alcohol Use, Not Suspect of Drug Use",5DD8F0AD-F8F3-49CC-82AD-8405EFDE3811,Pedestrian,Cross/Enter Not at Intersection,"Dart/Dash, Failure to Yield Right-Of-Way",Travel Lane Other Location,Yes,Suspected Minor Injury,Unknown,39.0272165,-77.14750133,"    (39.0272165, -77.14750133)"
DD57050015,260016084,ROCKVILLE,Injury Crash,04/15/2026 12:07:00 PM,Municipality Route,CHAPMAN AVE,,,,Cyclist (non-electric),Single Vehicle,Clear,Dry,Daylight,No Controls,"Not Suspect of Alcohol Use, Not Suspect of Drug Use","Not Suspect of Alcohol Use, Not Suspect of Drug Use",772C4604-DC78-4B8D-BA6C-1865B5331B26,Cyclist (non-electric),Walking/Cycling Along Roadway With Traffic (In or Adjacent to Travel Lane),None (No Improper Action),OnStreet Bike Lanes,No,Suspected Minor Injury,Helmet,39.06101446,-77.12091312,"    (39.06101446, -77.12091312)"
MCP3465000P,260016070,MONTGOMERY,Property Damage Crash,04/15/2026 10:01:00 AM,County Route,HEWITT AVE,,,,Pedestrian,Single Vehicle,Clear,Dry,Daylight,No Controls,"Not Suspect of Alcohol Use, Not Suspect of Drug Use","Not Suspect of Alcohol Use, Not Suspect of Drug Use",7A4E11C4-861E-48EF-9AAF-F1375C98F609,Pedestrian,Cross/Enter Not at Intersection,Unknown,Travel Lane Other Location,Yes,No Apparent Injury,None,39.07894591,-77.06867873,"    (39.07894591, -77.06867873)"
MCP2016009M,260015932,MONTGOMERY,Injury Crash,04/14/2026 09:30:00 AM,,,,Parking Lot Way        PARKING LOT OF 16651 CRABBS BRCH WAY,,Pedestrian,Single Vehicle,Clear,,Daylight,,"Not Suspect of Alcohol Use, Not Suspect of Drug Use","Not Suspect of Alcohol Use, Not Suspect of Drug Use",9BA98E63-04DA-40CB-96B6-829A64B51C6A,Pedestrian,Other,None (No Improper Action),Driveway Access,No,Suspected Minor Injury,None,39.12718902,-77.16537526,"    (39.12718902, -77.16537526)"
MCP3490000T,260016001,MONTGOMERY,Property Damage Crash,04/14/2026 08:15:00 AM,Maryland (State) Route,GEORGIA AVE (SB/L),FOREST GLEN RD,,,Scooter (electric),Single Vehicle,Clear,Dry,Daylight,Traffic Control Signal,"Unknown, Unknown","Not Suspect of Alcohol Use, Not Suspect of Drug Use",1E13E456-0E68-4D7D-89A4-CB92222BAEB6,Scooter (electric),Cross/Enter at Intersection,None (No Improper Action),Intersection Marked Crosswalk,No,No Apparent Injury,Unknown,39.01556976,-77.04270213,"    (39.01556976, -77.04270213)"
MCP312900F8,260015806,MONTGOMERY,Injury Crash,04/13/2026 03:06:00 PM,County Route,CASHELL RD,,,,Scooter (electric),Single Vehicle,Cloudy,Dry,Daylight,No Controls,"Not Suspect of Alcohol Use, Not Suspect of Drug Use","Not Suspect of Alcohol Use, Unknown",450706DE-8923-44C5-8834-C424A4338C8F,Scooter (electric),None,"Inattentive (Talking, Eating, etc.)",Travel Lane Other Location,Yes,Suspected Serious Injury,None,39.1414435,-77.09188567,"    (39.1414435, -77.09188567)"
EJ7912000G,260015581,GAITHERSBURG,Injury Crash,04/11/2026 20:11,,,,Parking Lot Way        PARKNG LOT OF 40 MARKET STREET.,,Cyclist (non-electric),Single Vehicle,Clear,,Dusk,,"Not Suspect of Alcohol Use, Not Suspect of Drug Use","Not Suspect of Alcohol Use, Not Suspect of Drug Use",857C6DD1-1367-4F33-AB31-2D9B62B13E49,Cyclist (non-electric),Cross/Enter at Intersection,"Failure to Obey Traffic Signs, Signals, or Officer",Driveway Access,Yes,Suspected Minor Injury,Reflectors,39.12505611,-77.2360747,"    (39.12505611, -77.2360747)"
MCP24370066,260015555,MONTGOMERY,Injury Crash,04/11/2026 15:46,,,,"Driveway        DRIVEWAY OF 16100 RIFFLE FORD RD, GAITHERSBURG, MD",,Pedestrian,"Sideswipe, Opposite Direction",Clear,,Daylight,,"Not Suspect of Alcohol Use, Not Suspect of Drug Use","Not Suspect of Alcohol Use, Not Suspect of Drug Use",3144375E-EA89-4788-8F9E-19B5BB1F0A00,Pedestrian,Other,"In Roadway Improperly (Standing, Lying, Working, Playing)",Other,Yes,Suspected Minor Injury,None,39.1198773,-77.26635668,"    (39.1198773, -77.26635668)"
MCP203900DP,260015847,MONTGOMERY,Injury Crash,04/11/2026 10:30,,,,"Parking Aisle        5700 BOU AVENUE 
TARGET GARAGE",,Pedestrian,Single Vehicle,Clear,,Daylight,,"Unknown, Unknown","Not Suspect of Alcohol Use, Not Suspect of Drug Use",B0F26134-6156-4F58-8D2E-F2AAD904AE6A,Pedestrian,Other,None (No Improper Action),Other,No,Suspected Serious Injury,None,39.05681484,-77.11508985,"    (39.05681484, -77.11508985)"
MCP2704002N,260015476,MONTGOMERY,Injury Crash,04/10/2026 22:50,County Route,PARKLAND DR,,,,Pedestrian,Single Vehicle,Clear,Dry,Dark - Lighted,No Controls,"Not Suspect of Alcohol Use, Not Suspect of Drug Use","Not Suspect of Alcohol Use, Not Suspect of Drug Use",411B20F9-3949-46B4-8E81-DEB4EF9100D8,Pedestrian,Other,None (No Improper Action),Midblock Marked Crosswalk,No,Suspected Minor Injury,None,39.07260162,-77.08724303,"    (39.07260162, -77.08724303)"
MCP33130039,260015473,MONTGOMERY,Injury Crash,04/10/2026 20:25,Private Route,,,,,Pedestrian,"Sideswipe, Same Direction",Clear,Dry,Dark - Lighted,No Controls,"Not Suspect of Alcohol Use, Not Suspect of Drug Use","Not Suspect of Alcohol Use, Not Suspect of Drug Use",2597758F-3702-457A-888D-C38DA5FA1C95,Pedestrian,Standing,None (No Improper Action),Other,No,Possible Injury,None,39.09941546,-77.05228275,"    (39.09941546, -77.05228275)"
MCP33760037,260015428,MONTGOMERY,Property Damage Crash,04/10/2026 18:50,County Route,DENNIS AVE,,,,Pedestrian,Single Vehicle,Clear,Dry,Daylight,No Controls,"Not Suspect of Alcohol Use, Not Suspect of Drug Use","Not Suspect of Alcohol Use, Not Suspect of Drug Use",EA88074A-291F-4364-A31D-8B77726EE757,Pedestrian,Cross/Enter Not at Intersection,Other,Unknown,Yes,No Apparent Injury,None,39.02585067,-77.03342883,"    (39.02585067, -77.03342883)"
MCP3312007L,260015325,MONTGOMERY,Injury Crash,04/10/2026 10:45,,,,Driveway        WESTBOUND SIDEWALK INFRONT OF THE DRIVE WAY FOR 600 RANDOLPH RD.,,Cyclist (Electric),Single Vehicle,Clear,,Daylight,,"Not Suspect of Alcohol Use, Not Suspect of Drug Use","Not Suspect of Alcohol Use, Not Suspect of Drug Use",E71CE556-E3AF-419F-9414-C690A23A902F,Cyclist (Electric),Walking/Cycling on Sidewalk,Wrong-Way Riding or Walking,Sidewalk,Yes,Suspected Minor Injury,None,39.06605141,-77.02134826,"    (39.06605141, -77.02134826)"
MCP3040009B,260015263,MONTGOMERY,Injury Crash,04/09/2026 19:00,County Route,MORNINGWOOD DR,,,,Pedestrian,Single Vehicle,Clear,Dry,Dusk,No Controls,"Unknown, Unknown","Not Suspect of Alcohol Use, Not Suspect of Drug Use",7FC8C64F-D600-4C5B-82B4-38B9254C8A44,Pedestrian,Walking/Cycling on Sidewalk,None (No Improper Action),Shoulder/Roadside,No,Suspected Minor Injury,None,39.15274609,-77.07072534,"    (39.15274609, -77.07072534)"
DM84390047,260015142,TAKOMA,Property Damage Crash,04/09/2026 7:50,Maryland (State) Route,,,,,Pedestrian,Single Vehicle,Clear,Dry,Daylight,No Controls,"Not Suspect of Alcohol Use, Not Suspect of Drug Use","Not Suspect of Alcohol Use, Not Suspect of Drug Use",EE8D4025-44EC-46FB-A4E7-A3C2C8DE1DD3,Pedestrian,Cross/Enter Not at Intersection,Failure to Yield Right-Of-Way,Midblock Marked Crosswalk,No,No Apparent Injury,None,38.9750674,-77.0109611,"    (38.9750674, -77.0109611)"
MCP3402005G,260014972,MONTGOMERY,Injury Crash,04/08/2026 8:45,Maryland (State) Route,SANDY SPRING RD,WOOTTENS DR,,,Pedestrian,Single Vehicle,Clear,Dry,Daylight,Stop Sign,"Not Suspect of Alcohol Use, Not Suspect of Drug Use","Not Suspect of Alcohol Use, Not Suspect of Drug Use",C5147232-2EBC-45C4-927C-ACFCF0A5BB6E,Pedestrian,Cross/Enter at Intersection,Dart/Dash,Intersection Other,No,Suspected Minor Injury,None,39.10778987,-76.92167285,"    (39.10778987, -76.92167285)"
MCP3127005Y,260014895,MONTGOMERY,Injury Crash,04/07/2026 16:50,County Route,CORDELL AVE,,,,Pedestrian,Single Vehicle,Clear,Dry,Daylight,Pedestrian Crossing,"Not Suspect of Alcohol Use, Not Suspect of Drug Use","Not Suspect of Alcohol Use, Not Suspect of Drug Use",2CAA6AAD-33E4-4D1C-94FC-A36C5FC8CFE8,Pedestrian,Cross/Enter at Intersection,Unknown,Intersection Marked Crosswalk,No,Suspected Minor Injury,None,38.99077371,-77.09671652,"    (38.99077371, -77.09671652)"
MCP1550006N,260014800,MONTGOMERY,Injury Crash,04/07/2026 7:31,County Route,MARINELLI RD,,,,Pedestrian,Single Vehicle,Clear,Dry,Daylight,Pedestrian Crossing Sign,"Not Suspect of Alcohol Use, Not Suspect of Drug Use","Not Suspect of Alcohol Use, Not Suspect of Drug Use",59F913E0-E87D-4D92-894D-A30E3A5E389A,Pedestrian,Cross/Enter at Intersection,None (No Improper Action),Intersection Marked Crosswalk,No,Suspected Minor Injury,None,39.0465325,-77.114345,"    (39.0465325, -77.114345)"
MCP3400003J,260014742,MONTGOMERY,Injury Crash,04/06/2026 18:16,County Route,LEISTER DR,BILLINGTON RD,,,Cyclist (non-electric),Single Vehicle,Clear,Dry,Daylight,No Controls,"Unknown, Unknown","Not Suspect of Alcohol Use, Not Suspect of Drug Use",D9812712-3328-4C48-999D-E0EB0C3765BC,Cyclist (non-electric),Cross/Enter at Intersection,Unknown,Intersection Other,No,Suspected Serious Injury,None,39.06577993,-76.98295145,"    (39.06577993, -76.98295145)"
MCP3370000S,260014735,MONTGOMERY,Injury Crash,04/06/2026 6:45,,,,Parking Aisle        PARKING LOT OF SUNOCO GAS STATION,,Pedestrian,Single Vehicle,Clear,,Dawn,,"Unknown, Unknown","Not Suspect of Alcohol Use, Not Suspect of Drug Use",72BF079A-2D14-4D59-9739-DDBD044CF717,Pedestrian,Other,"Inattentive (Talking, Eating, etc.)",Other,No,Possible Injury,None,39.02841431,-77.07655231,"    (39.02841431, -77.07655231)"
MCP3486000C,260014577,MONTGOMERY,Injury Crash,04/05/2026 16:08,County Route,E RANDOLPH RD (WB/L),,,,"Other Pedestrian (person in a building, skater, personal conveyance, etc.)",Angle,Clear,Dry,Daylight,No Controls,"Not Suspect of Alcohol Use, Not Suspect of Drug Use, Not Suspect of Alcohol Use, Not Suspect of Drug Use","Not Suspect of Alcohol Use, Not Suspect of Drug Use",3F13FC54-6FE9-4E21-B74F-0207909C88EA,"Other Pedestrian (person in a building, skater, personal conveyance, etc.)",None,None (No Improper Action),Other,No,No Apparent Injury,None,39.06774121,-76.98572159,"    (39.06774121, -76.98572159)"
MCP3426003T,260014557,MONTGOMERY,Injury Crash,04/05/2026 14:58,,,,Parking Stall        PARKING LOT ON PROSE ST,,Pedestrian,Single Vehicle,Cloudy,,Daylight,,"Not Suspect of Alcohol Use, Not Suspect of Drug Use","Not Suspect of Alcohol Use, Not Suspect of Drug Use",BC000430-5D83-4550-A706-AA3DB1B13967,Pedestrian,Walking/Cycling on Sidewalk,None (No Improper Action),NonTrafficway Area,No,Possible Injury,None,39.05187329,-77.11670789,"    (39.05187329, -77.11670789)"
MCP30660037,260014560,MONTGOMERY,Injury Crash,04/05/2026 14:52,,,,Parking Lot Way        MONTGOMERY MALL PARKING LOT WAY NEXT TO MACY'S,,Pedestrian,Single Vehicle,Clear,,Daylight,,"Not Suspect of Alcohol Use, Not Suspect of Drug Use","Not Suspect of Alcohol Use, Not Suspect of Drug Use",B8752A0B-8775-49D7-85F9-63AB6BA6E4A5,Pedestrian,Cross/Enter at Intersection,"In Roadway Improperly (Standing, Lying, Working, Playing)",Intersection Unmarked Crosswalk,No,Suspected Minor Injury,None,39.02381971,-77.14829145,"    (39.02381971, -77.14829145)"
MCP3348005H,260014462,MONTGOMERY,Injury Crash,04/04/2026 19:56,County Route,HEWITT AVE,GEORGIA AVE (SB/L) MATTHEW HENSON TRL,,,Cyclist (non-electric),Single Vehicle,Clear,Dry,Dark - Lighted,Traffic Control Signal,"Not Suspect of Alcohol Use, Not Suspect of Drug Use","Not Suspect of Alcohol Use, Not Suspect of Drug Use",29DC1162-0B95-4A43-B097-182DE1715B16,Cyclist (non-electric),Cross/Enter at Intersection,None (No Improper Action),Intersection Marked Crosswalk,No,Suspected Minor Injury,None,39.07742931,-77.07091768,"    (39.07742931, -77.07091768)"
MCP3429002L,260014370,MONTGOMERY,Injury Crash,04/04/2026 7:54,County Route,ARBUTUS AVE,ADRIAN ST,,,Pedestrian,Single Vehicle,Clear,Dry,Daylight,Stop Sign,"Not Suspect of Alcohol Use, Not Suspect of Drug Use","Not Suspect of Alcohol Use, Not Suspect of Drug Use",D44E5042-EB79-469E-A112-3683E05DB1E7,Pedestrian,Cross/Enter at Intersection,None (No Improper Action),Intersection Unmarked Crosswalk,No,Suspected Minor Injury,None,39.067038,-77.10035817,"    (39.067038, -77.10035817)"
DD5648004W,260014307,ROCKVILLE,Injury Crash,04/03/2026 18:45,Municipality Route,HALPINE RD,,,,Pedestrian,Single Vehicle,Clear,Dry,Daylight,Pedestrian Crossing Sign,"Not Suspect of Alcohol Use, Not Suspect of Drug Use","Not Suspect of Alcohol Use, Not Suspect of Drug Use",FEB6DDCF-27D1-4986-9854-D9D2CA752E6D,Pedestrian,Cross/Enter at Intersection,None (No Improper Action),Intersection Marked Crosswalk,Yes,Suspected Minor Injury,None,39.06090317,-77.12597259,"    (39.06090317, -77.12597259)"
DD5659001P,260014289,ROCKVILLE,Injury Crash,04/03/2026 16:47,,,,Parking Lot Way        WINTERGREEN PARKING LOT,,Cyclist (non-electric),Single Vehicle,Clear,,Daylight,,"Not Suspect of Alcohol Use, Not Suspect of Drug Use","Not Suspect of Alcohol Use, Not Suspect of Drug Use",23AC29A0-57D2-44A9-864F-3D6736EA4DB5,Cyclist (non-electric),Walking/Cycling on Sidewalk,None (No Improper Action),Driveway Access,No,Possible Injury,None,39.07536813,-77.1372077,"    (39.07536813, -77.1372077)"
EJ79060041,260014298,GAITHERSBURG,Injury Crash,04/03/2026 16:20,,,,"Parking Stall        IN FRONT OF 880 WEST SIDE DR, GAITHERSBURG,MD 20878",,Pedestrian,Single Vehicle,Clear,,Daylight,,"Unknown, Unknown","Not Suspect of Alcohol Use, Not Suspect of Drug Use",E51122A0-FC08-4566-828D-9F7ED0B55FD3,Pedestrian,Standing,Unknown,Other,No,Possible Injury,None,39.12617758,-77.20345887,"    (39.12617758, -77.20345887)"
MCP3168008Y,260014028,MONTGOMERY,Injury Crash,04/01/2026 16:15,County Route,NEBEL ST,NEBEL ST RANDOLPH RD RANDOLPH RD (WB/L),,,Cyclist (non-electric),Single Vehicle,Clear,Dry,Daylight,Traffic Control Signal,"Not Suspect of Alcohol Use, Not Suspect of Drug Use","Not Suspect of Alcohol Use, Not Suspect of Drug Use",55BE2549-7995-45EB-8F78-6644AA65000D,Cyclist (non-electric),Walking/Cycling on Sidewalk,None (No Improper Action),Intersection Marked Crosswalk,No,Suspected Minor Injury,None,39.05331168,-77.11098894,"    (39.05331168, -77.11098894)"
EJ7913001M,260013906,GAITHERSBURG,Injury Crash,03/31/2026 09:21:00 PM,Maryland (State) Route,FREDERICK RD,,,,Pedestrian,Single Vehicle,Clear,Dry,Dark - Lighted,Traffic Control Signal,"Not Suspect of Alcohol Use, Not Suspect of Drug Use","Suspect of Alcohol Use, Not Suspect of Drug Use",6E5399C3-8CF8-4B63-9C25-1828CB205A13,Pedestrian,Walking/Cycling Along Roadway With Traffic (In or Adjacent to Travel Lane),"Failure to Obey Traffic Signs, Signals, or Officer, In Roadway Improperly (Standing, Lying, Working, Playing)",Travel Lane Other Location,Yes,Suspected Minor Injury,None,39.12623174,-77.18298998,"    (39.12623174, -77.18298998)"
MCP3370000N,260013900,MONTGOMERY,Injury Crash,03/31/2026 08:32:00 PM,County Route,,BETHESDA AVE,,,Cyclist (Electric),Single Vehicle,Clear,Dry,Dark - Lighted,Traffic Control Signal,"Not Suspect of Alcohol Use, Not Suspect of Drug Use","Not Suspect of Alcohol Use, Not Suspect of Drug Use",E3C74767-8F5E-49D8-8B2A-470F7FE4B321,Cyclist (Electric),Walking/Cycling Along Roadway With Traffic (In or Adjacent to Travel Lane),"Not Visible (Dark Clothing, No Lighting, etc.)",Intersection Other,No,Suspected Serious Injury,Helmet,38.980892,-77.09844067,"    (38.980892, -77.09844067)"
EJ79120009,260013828,GAITHERSBURG,Injury Crash,03/31/2026 03:00:00 PM,Municipality Route,E DIAMOND AVE,,,,Pedestrian,Single Vehicle,Clear,Dry,Daylight,No Controls,"Not Suspect of Alcohol Use, Not Suspect of Drug Use","Not Suspect of Alcohol Use, Not Suspect of Drug Use",D80CD82F-FFCA-4928-B08C-8363D3AC85D0,Pedestrian,Cross/Enter Not at Intersection,Failure to Yield Right-Of-Way,Travel Lane Other Location,No,Suspected Minor Injury,None,39.14212421,-77.1928681,"    (39.14212421, -77.1928681)"
MCP2251003B,260013791,MONTGOMERY,Injury Crash,03/31/2026 12:14:00 PM,Other Public Roadway,RIVERWOOD DR,RIVER RD RIVERWOOD DR,,,Cyclist (Electric),Unknown,Clear,Dry,Daylight,Stop Sign,"Not Suspect of Alcohol Use, Not Suspect of Drug Use","Not Suspect of Alcohol Use, Not Suspect of Drug Use",87666A38-44D3-4B26-9294-492C22982BCC,Cyclist (Electric),Walking/Cycling on Sidewalk,Unknown,Intersection Marked Crosswalk,No,Suspected Minor Injury,Helmet,39.0292834,-77.22432319,"    (39.0292834, -77.22432319)"