Report Number,Local Case Number,Agency Name,ACRS Report Type,Crash Date/Time,Route Type,Road Name,Cross-Street Name,Off-Road Description,Municipality,Related Non-Motorist,Collision Type,Weather,Surface Condition,Light,Traffic Control,Driver Substance Abuse,Non-Motorist Substance Abuse,Person ID,Pedestrian Type,Pedestrian Movement,Pedestrian Actions,Pedestrian Location,At Fault,Injury Severity,Safety Equipment,Latitude,Longitude,Location
MCP3485000W,260013749,MONTGOMERY,Injury Crash,03/31/2026 09:24:00 AM,Maryland (State) Route,GERMANTOWN RD,CLOPPER RD,,,Pedestrian,Single Vehicle,Clear,Dry,Daylight,Pedestrian Crossing,"Not Suspect of Alcohol Use, Not Suspect of Drug Use","Not Suspect of Alcohol Use, Not Suspect of Drug Use",D96314D6-C79E-4530-B6C5-D0080C9DF3E7,Pedestrian,Cross/Enter at Intersection,None (No Improper Action),Intersection Marked Crosswalk,No,Suspected Minor Injury,None,39.16263023,-77.28292307,"    (39.16263023, -77.28292307)"
MCP3485000W,260013749,MONTGOMERY,Injury Crash,03/31/2026 09:24:00 AM,Maryland (State) Route,GERMANTOWN RD,CLOPPER RD,,,Pedestrian,Single Vehicle,Clear,Dry,Daylight,Pedestrian Crossing,"Not Suspect of Alcohol Use, Not Suspect of Drug Use","Not Suspect of Alcohol Use, Not Suspect of Drug Use",8A5F9F47-40C4-4485-BD68-06F35AC0414C,Pedestrian,Cross/Enter at Intersection,None (No Improper Action),Intersection Marked Crosswalk,No,Suspected Minor Injury,None,39.16263023,-77.28292307,"    (39.16263023, -77.28292307)"
EJ7920000M,260013736,GAITHERSBURG,Injury Crash,03/31/2026 07:30:00 AM,Local Route,WASHINGTONIAN BLVD,,,,Pedestrian,Single Vehicle,Clear,Dry,Daylight,Pedestrian Crossing Sign,"Not Suspect of Alcohol Use, Not Suspect of Drug Use","Not Suspect of Alcohol Use, Not Suspect of Drug Use",C1CDAE37-226D-47EC-8939-344E241AEEAA,Pedestrian,Cross/Enter at Intersection,None (No Improper Action),Intersection Marked Crosswalk,No,Possible Injury,None,39.12172867,-77.204284,"    (39.12172867, -77.204284)"
MCP3218006B,260013680,MONTGOMERY,Injury Crash,03/30/2026 05:31:00 PM,County Route,REEDIE DR,GEORGIA AVE (SB/L),,,Pedestrian,Single Vehicle,Clear,Dry,Daylight,Traffic Control Signal,"Not Suspect of Alcohol Use, Not Suspect of Drug Use","Not Suspect of Alcohol Use, Not Suspect of Drug Use",FB4032CC-DA31-4B2C-A92A-0435EECD8B4F,Pedestrian,Cross/Enter at Intersection,"Failure to Obey Traffic Signs, Signals, or Officer",Intersection Marked Crosswalk,Yes,Suspected Minor Injury,None,39.03863377,-77.05106636,"    (39.03863377, -77.05106636)"
MCP3037007Y,260013649,MONTGOMERY,Injury Crash,03/30/2026 04:00:00 PM,Other Public Roadway,APPLEDOWRE WAY,APPLEDOWRE WAY BRANDERMILL DR,,,Cyclist (non-electric),Single Vehicle,Clear,Dry,Daylight,No Controls,"Unknown, Unknown","Suspect of Alcohol Use, Not Suspect of Drug Use",DB8CFFC9-B6D6-4A47-8027-7A67BF901F57,Cyclist (non-electric),Cross/Enter at Intersection,Unknown,Unknown,No,Suspected Minor Injury,None,39.1859478,-77.23782782,"    (39.1859478, -77.23782782)"
MCP30730074,260013516,MONTGOMERY,Injury Crash,03/29/2026 04:42:00 PM,,,,Driveway        ENTRANCE OF DRIVEWAY LEADING TO 15008 TIMBERLAKE DRIVE.,,Pedestrian,Single Vehicle,Clear,,Daylight,,"Unknown, Unknown","Not Suspect of Alcohol Use, Not Suspect of Drug Use",51CCFDB5-3176-4F9F-AC97-3948F1A9C3C8,Pedestrian,Other,None (No Improper Action),Driveway Access,No,Suspected Serious Injury,None,39.10235822,-76.95579664,"    (39.10235822, -76.95579664)"
MCP2717011L,260013247,MONTGOMERY,Property Damage Crash,03/27/2026 04:45:00 PM,,,,Parking Lot Way        1907 EAST WEST HWY (PARKING LOT OF APARTMENT COMPLEX),,Cyclist (non-electric),Single Vehicle,Cloudy,,Daylight,,"Not Suspect of Alcohol Use, Not Suspect of Drug Use","Unknown, Unknown",2A7B00A2-0741-4761-A6C0-087D015BA186,Cyclist (non-electric),Cross/Enter at Intersection,Dart/Dash,Intersection Unmarked Crosswalk,No,No Apparent Injury,Unknown,38.99724209,-77.04192326,"    (38.99724209, -77.04192326)"
MCP3090009M,260013226,MONTGOMERY,Injury Crash,03/27/2026 03:30:00 PM,County Route,WATKINS MILL RD,HARPER VALE RD,,,Pedestrian,Single Vehicle,Cloudy,Dry,Daylight,"Person (including flagger, law enforcement, crossing guard, etc.","Not Suspect of Alcohol Use, Not Suspect of Drug Use","Not Suspect of Alcohol Use, Not Suspect of Drug Use",16455DEA-610B-45CB-8056-9CDD8CBCA246,Pedestrian,Other Working,None (No Improper Action),Intersection Marked Crosswalk,No,Possible Injury,"Reflective Wear (backpack, triangles, etc.)",39.17249341,-77.20839038,"    (39.17249341, -77.20839038)"
MCP3489000P,260013203,MONTGOMERY,Injury Crash,03/27/2026 01:15:00 PM,County Route,RIPLEY ST,,,,Scooter (electric),Single Vehicle,Cloudy,Wet,Daylight,No Controls,"Not Suspect of Alcohol Use, Not Suspect of Drug Use","Not Suspect of Alcohol Use, Not Suspect of Drug Use",F674F3EB-620B-4938-BD04-847948A7329A,Scooter (electric),Cross/Enter Not at Intersection,Failure to Yield Right-Of-Way,Shoulder/Roadside,Yes,Suspected Minor Injury,None,38.99247549,-77.02895968,"    (38.99247549, -77.02895968)"
MCP12330073,260013092,MONTGOMERY,Injury Crash,03/26/2026 05:20:00 PM,County Route,,FOREST GLEN RD LINDEN LA,,,Cyclist (non-electric),Single Vehicle,Clear,Dry,Daylight,"Other Pavement Marking (excluding edgelines, centerlines, or lane lines)","Not Suspect of Alcohol Use, Not Suspect of Drug Use","Not Suspect of Alcohol Use, Not Suspect of Drug Use",06E0B2D1-ECBD-4EF0-A61C-AE6A68BB9A93,Cyclist (non-electric),Walking/Cycling Along Roadway With Traffic (In or Adjacent to Travel Lane),None (No Improper Action),Intersection Other,No,Suspected Minor Injury,Helmet,39.01328517,-77.05828067,"    (39.01328517, -77.05828067)"
MCP30680078,260013090,MONTGOMERY,Injury Crash,03/26/2026 05:10:00 PM,County Route,HAMPDEN LA,WISCONSIN AVE (SB/L),,,Wheelchair (electric),Single Vehicle,Clear,Dry,Daylight,No Controls,"Not Suspect of Alcohol Use, Not Suspect of Drug Use","Not Suspect of Alcohol Use, Not Suspect of Drug Use",C1CC4364-58A3-4DD6-9D01-0BD373D36D2B,Wheelchair (electric),Cross/Enter at Intersection,None (No Improper Action),Intersection Marked Crosswalk,No,Possible Injury,None,38.98305188,-77.09366284,"    (38.98305188, -77.09366284)"
MCP3465000L,260013066,MONTGOMERY,Injury Crash,03/26/2026 02:33:00 PM,,,,Parking Lot Way        11190 VEIRS MILL ROAD CVS PARKINGLOT,,Pedestrian,Single Vehicle,Clear,,Daylight,,"Not Suspect of Alcohol Use, Not Suspect of Drug Use","Not Suspect of Alcohol Use, Not Suspect of Drug Use",B02EC584-206D-4DA5-9CFC-C21196E6985E,Pedestrian,None,None (No Improper Action),Intersection Unmarked Crosswalk,No,Suspected Minor Injury,None,39.03922998,-77.05483501,"    (39.03922998, -77.05483501)"
MCP26350095,260012975,MONTGOMERY,Injury Crash,03/25/2026 08:01:00 PM,County Route,NICHOLSON LA,,,,Pedestrian,Single Vehicle,Clear,Dry,Dark - Lighted,No Controls,"Not Suspect of Alcohol Use, Not Suspect of Drug Use","Suspect of Alcohol Use, Unknown",52F58606-2122-4749-BEF2-D38D88C69967,Pedestrian,Cross/Enter Not at Intersection,Dart/Dash,Travel Lane Other Location,No,Suspected Serious Injury,None,39.04867905,-77.10184766,"    (39.04867905, -77.10184766)"
MCP3370000L,260012936,MONTGOMERY,Injury Crash,03/25/2026 04:33:00 PM,Maryland (State) Route,,,,,Cyclist (Electric),Single Vehicle,Clear,Dry,Daylight,No Controls,"Not Suspect of Alcohol Use, Not Suspect of Drug Use","Not Suspect of Alcohol Use, Not Suspect of Drug Use",BABB4F53-19E7-4876-9CEA-4F9EF5128404,Cyclist (Electric),Walking/Cycling Along Roadway With Traffic (In or Adjacent to Travel Lane),Improper Turn/Merge),Travel Lane Other Location,No,Suspected Serious Injury,"Helmet, Reflectors",38.9960585,-77.12780583,"    (38.9960585, -77.12780583)"
MCP3390002V,260012926,MONTGOMERY,Injury Crash,03/25/2026 04:02:00 PM,,,,Parking Lot Way        PARKING LOT LANE IFRONT OF STORE,,Pedestrian,Single Vehicle,Clear,,Daylight,,"Not Suspect of Alcohol Use, Not Suspect of Drug Use","Not Suspect of Alcohol Use, Not Suspect of Drug Use",7D219904-54EA-4B1A-B32F-8D2F5E7F6F1B,Pedestrian,Cross/Enter Not at Intersection,None (No Improper Action),Shared Use Path or Trail,No,Possible Injury,None,39.18159712,-77.2709751,"    (39.18159712, -77.2709751)"
MCP3389001S,260012890,MONTGOMERY,Injury Crash,03/25/2026 12:23:00 PM,US (State),GEORGIA AVE,RIPLEY ST,,,Pedestrian,Other,Clear,Dry,Daylight,Stop Sign,"Not Suspect of Alcohol Use, Not Suspect of Drug Use, Suspect of Alcohol Use, Not Suspect of Drug Use","Not Suspect of Alcohol Use, Not Suspect of Drug Use",B920C715-DBB0-475F-B809-1B014FF00E3A,Pedestrian,Standing,None (No Improper Action),Sidewalk,No,Suspected Serious Injury,None,38.99247468,-77.02657327,"    (38.99247468, -77.02657327)"
MCP3389001S,260012890,MONTGOMERY,Injury Crash,03/25/2026 12:23:00 PM,US (State),GEORGIA AVE,RIPLEY ST,,,Pedestrian,Other,Clear,Dry,Daylight,Traffic Control Signal,"Not Suspect of Alcohol Use, Not Suspect of Drug Use, Suspect of Alcohol Use, Not Suspect of Drug Use","Not Suspect of Alcohol Use, Not Suspect of Drug Use",B920C715-DBB0-475F-B809-1B014FF00E3A,Pedestrian,Standing,None (No Improper Action),Sidewalk,No,Suspected Serious Injury,None,38.99247468,-77.02657327,"    (38.99247468, -77.02657327)"
DD5699000L,260012810,ROCKVILLE,Injury Crash,03/24/2026 07:00:00 PM,Municipality Route,N VAN BUREN ST,W MIDDLE LA,,,Pedestrian,Single Vehicle,Clear,Dry,Dusk,Stop Sign,"Not Suspect of Alcohol Use, Not Suspect of Drug Use","Not Suspect of Alcohol Use, Not Suspect of Drug Use",F04612F0-3D21-4EA4-8CF5-A9187EF2DE74,Pedestrian,Cross/Enter at Intersection,None (No Improper Action),Intersection Marked Crosswalk,No,Suspected Minor Injury,None,39.08495227,-77.15654274,"    (39.08495227, -77.15654274)"
MCP3446001D,260012641,MONTGOMERY,Injury Crash,03/24/2026 07:40:00 AM,County Route,BLUERIDGE AVE,,,,Pedestrian,Single Vehicle,Clear,Dry,Daylight,No Controls,"Not Suspect of Alcohol Use, Not Suspect of Drug Use","Not Suspect of Alcohol Use, Not Suspect of Drug Use",8C1A1BAC-6F3A-4DDB-BB9F-638A4961A373,Pedestrian,None,"Failure to Obey Traffic Signs, Signals, or Officer",Shoulder/Roadside,Yes,Suspected Minor Injury,None,39.046758,-77.05968917,"    (39.046758, -77.05968917)"
MCP3477000Q,260012599,MONTGOMERY,Injury Crash,03/23/2026 05:39:00 PM,County Route,FAIRMONT AVE,,,,Pedestrian,Single Vehicle,Clear,Dry,Daylight,Stop Sign,"Unknown, Unknown","Not Suspect of Alcohol Use, Not Suspect of Drug Use",11390D19-7F5F-44FC-8BB7-175C3AB9A66D,Pedestrian,Cross/Enter at Intersection,None (No Improper Action),Intersection Marked Crosswalk,No,Possible Injury,None,38.98710065,-77.09794768,"    (38.98710065, -77.09794768)"
MCP3280007Y,260012513,MONTGOMERY,Injury Crash,03/22/2026 07:30:00 PM,County Route,STEWART LA,OLD COLUMBIA PIKE OLD COLUMBIA PIKE (SB/L),,,Pedestrian,Single Vehicle,Clear,Dry,Daylight,Stop Sign,"Not Suspect of Alcohol Use, Not Suspect of Drug Use","Not Suspect of Alcohol Use, Not Suspect of Drug Use",99B2D663-9EE5-44A5-9E29-74CA43326DD6,Pedestrian,Cross/Enter at Intersection,None (No Improper Action),Intersection Marked Crosswalk,No,Possible Injury,None,39.04620981,-76.98654308,"    (39.04620981, -76.98654308)"
MCP3397001Z,260012769,MONTGOMERY,Injury Crash,03/22/2026 03:20:00 PM,,,,Parking Aisle        PARKING LOT,,Pedestrian,Single Vehicle,Clear,,Daylight,,"Unknown, Unknown","Not Suspect of Alcohol Use, Not Suspect of Drug Use",26FF73B9-3AA9-4BF4-A103-C18B2E885617,Pedestrian,Standing,None (No Improper Action),Other,No,Possible Injury,None,39.09113042,-77.04704534,"    (39.09113042, -77.04704534)"
MCP3477000N,260012409,MONTGOMERY,Injury Crash,03/22/2026 03:20:00 PM,Maryland (State) Route,EAST WEST HWY,GLENDALE RD,,,Pedestrian,Single Vehicle,Clear,Dry,Daylight,Stop Sign,"Not Suspect of Alcohol Use, Not Suspect of Drug Use","Not Suspect of Alcohol Use, Not Suspect of Drug Use",FC4E2E4B-E6DC-4692-973E-56D8BBBFF1A2,Pedestrian,Cross/Enter at Intersection,"In Roadway Improperly (Standing, Lying, Working, Playing)",Intersection Unmarked Crosswalk,Yes,Suspected Minor Injury,None,38.98836958,-77.07512878,"    (38.98836958, -77.07512878)"
MCP3126007Y,260012218,MONTGOMERY,Injury Crash,03/20/2026 08:01:00 PM,,,,Parking Lot Way        MILESTONE SHOPPING CENTER IN FRONT TJMAXX,,Pedestrian,Single Vehicle,Rain,,Dark - Lighted,,"Not Suspect of Alcohol Use, Not Suspect of Drug Use","Not Suspect of Alcohol Use, Not Suspect of Drug Use",89F6AD0F-6B93-40BD-B9E1-A8A78E098FF7,Pedestrian,Cross/Enter at Intersection,None (No Improper Action),Intersection Marked Crosswalk,No,Suspected Minor Injury,None,39.1990915,-77.24783967,"    (39.1990915, -77.24783967)"
MCP3126007Y,260012218,MONTGOMERY,Injury Crash,03/20/2026 08:01:00 PM,,,,Parking Lot Way        MILESTONE SHOPPING CENTER IN FRONT TJMAXX,,Pedestrian,Single Vehicle,Rain,,Dark - Lighted,,"Not Suspect of Alcohol Use, Not Suspect of Drug Use","Not Suspect of Alcohol Use, Not Suspect of Drug Use",2B296D8C-1193-49C5-BEF6-FEBA3C876697,Pedestrian,Cross/Enter at Intersection,None (No Improper Action),Intersection Marked Crosswalk,No,No Apparent Injury,None,39.1990915,-77.24783967,"    (39.1990915, -77.24783967)"
MCP3077002M,260012176,MONTGOMERY,Injury Crash,03/20/2026 03:53:00 PM,County Route,FATHER HURLEY BLVD,,,,Pedestrian,Single Vehicle,Clear,Dry,Daylight,Lane Use Control Signal,"Not Suspect of Alcohol Use, Not Suspect of Drug Use","Not Suspect of Alcohol Use, Not Suspect of Drug Use",55D25240-73A2-46F2-A717-05B56AF3168E,Pedestrian,Cross/Enter at Intersection,None (No Improper Action),Intersection Marked Crosswalk,No,Possible Injury,None,39.19198337,-77.27216959,"    (39.19198337, -77.27216959)"
DM8534000H,260012119,TAKOMA,Injury Crash,03/20/2026 09:43:00 AM,Municipality Route,ORCHARD AVE,,,,Pedestrian,Single Vehicle,Clear,Dry,Daylight,No Controls,"Not Suspect of Alcohol Use, Not Suspect of Drug Use","Not Suspect of Alcohol Use, Not Suspect of Drug Use",99E9BBFF-7F2F-4CAC-BBD9-72D4A494A786,Pedestrian,None,None (No Improper Action),Travel Lane Other Location,No,Possible Injury,None,38.96926295,-77.00247821,"    (38.96926295, -77.00247821)"
MCP3465000K,260011946,MONTGOMERY,Injury Crash,03/19/2026 10:10:00 AM,,,,Private Road        PED HIT IN MCDONALD CROSSWALK,,Pedestrian,Single Vehicle,Cloudy,,Daylight,,"Not Suspect of Alcohol Use, Not Suspect of Drug Use","Not Suspect of Alcohol Use, Not Suspect of Drug Use",84CDA896-C2B9-46ED-913A-43FE8035B6D8,Pedestrian,Cross/Enter at Intersection,None (No Improper Action),Intersection Marked Crosswalk,No,Suspected Serious Injury,None,39.15179273,-77.06734204,"    (39.15179273, -77.06734204)"
MCP30790088,260011936,MONTGOMERY,Injury Crash,03/19/2026 09:19:00 AM,,,,"Parking Aisle        PARKING LOT IN FRONT OF LEASING OFFICE LOCATED AT 19757 CRYSTAL ROCK DRIVE, GERMANTOWN, MARYLAND,20874",,Pedestrian,Single Vehicle,Clear,,Daylight,,"Not Suspect of Alcohol Use, Not Suspect of Drug Use","Not Suspect of Alcohol Use, Not Suspect of Drug Use",4D0EF2CC-CE50-4C65-A383-021468451663,Pedestrian,Other,None (No Improper Action),Other,No,Possible Injury,None,39.17920958,-77.26097442,"    (39.17920958, -77.26097442)"
MCP32680070,260011970,MONTGOMERY,Injury Crash,03/19/2026 09:00:00 AM,County Route,,,,,Pedestrian,Unknown,Clear,Dry,Daylight,No Controls,"Unknown, Unknown","Not Suspect of Alcohol Use, Not Suspect of Drug Use",60476F84-9A68-45B6-B7ED-719D6399E383,Pedestrian,Getting Off/On Vehicle,Unknown,Shoulder/Roadside,No,Suspected Minor Injury,None,39.08269353,-76.94336541,"    (39.08269353, -76.94336541)"
DD5690000V,260011903,ROCKVILLE,Injury Crash,03/18/2026 10:08:00 PM,Private Route,METRO ENT,FREDERICK RD,,,Pedestrian,Single Vehicle,Clear,Dry,Dark - Lighted,Traffic Control Signal,"Not Suspect of Alcohol Use, Not Suspect of Drug Use","Not Suspect of Alcohol Use, Not Suspect of Drug Use",DE286C97-6044-4EFB-8147-81ED13506B7E,Pedestrian,Cross/Enter at Intersection,None (No Improper Action),Intersection Marked Crosswalk,No,Suspected Minor Injury,None,39.11738006,-77.16892591,"    (39.11738006, -77.16892591)"
MCP3329005S,260011841,MONTGOMERY,Injury Crash,03/18/2026 04:21:00 PM,,,,Parking Lot Way        12028 CHERRY HILL RD PARKING LOT,,Pedestrian,Single Vehicle,Clear,,Daylight,,"Not Suspect of Alcohol Use, Not Suspect of Drug Use","Not Suspect of Alcohol Use, Not Suspect of Drug Use",397C94AA-5528-49B9-AC5B-E6CBDAA13A66,Pedestrian,Walking/Cycling Along Roadway With Traffic (In or Adjacent to Travel Lane),"In Roadway Improperly (Standing, Lying, Working, Playing)",Intersection Other,No,Suspected Minor Injury,None,39.05472117,-76.9561315,"    (39.05472117, -76.9561315)"
MCP3468000N,260011827,MONTGOMERY,Injury Crash,03/18/2026 03:57:00 PM,,,,Parking Lot Way        PARKING LOT,,Pedestrian,Single Vehicle,Clear,,Daylight,,"Not Suspect of Alcohol Use, Not Suspect of Drug Use","Not Suspect of Alcohol Use, Not Suspect of Drug Use",8940BABD-59E5-48A7-B7E7-BF9F824F0A95,Pedestrian,Cross/Enter Not at Intersection,Unknown,Intersection Unmarked Crosswalk,Yes,Possible Injury,None,39.08002656,-77.07902245,"    (39.08002656, -77.07902245)"
DD56040062,260011761,ROCKVILLE,Injury Crash,03/18/2026 01:00:00 PM,Municipality Route,CHOKE CHERRY RD,UPPER ROCK CIR,,,Cyclist (Electric),Single Vehicle,Clear,Dry,Daylight,Stop Sign,"Not Suspect of Alcohol Use, Not Suspect of Drug Use","Not Suspect of Alcohol Use, Not Suspect of Drug Use",C13D5B85-CB40-4983-A9D0-8960E9462396,Cyclist (Electric),Cross/Enter at Intersection,None (No Improper Action),Intersection Marked Crosswalk,No,Suspected Minor Injury,Helmet,39.11396464,-77.18479989,"    (39.11396464, -77.18479989)"
MCP3473001M,260011658,MONTGOMERY,Injury Crash,03/17/2026 06:00:00 PM,US (State),COLESVILLE RD,FENTON ST,,,Pedestrian,Single Vehicle,Clear,Dry,Daylight,Traffic Control Signal,"Not Suspect of Alcohol Use, Not Suspect of Drug Use","Not Suspect of Alcohol Use, Not Suspect of Drug Use",CA6F246F-9A35-496D-B047-BC50AA737A06,Pedestrian,Cross/Enter at Intersection,None (No Improper Action),Intersection Marked Crosswalk,No,Suspected Minor Injury,None,38.99767357,-77.02704862,"    (38.99767357, -77.02704862)"
MCP3429002G,260011547,MONTGOMERY,Injury Crash,03/17/2026 07:02:00 AM,County Route,CONNECTICUT AVE (SB/L),,,,Pedestrian,Single Vehicle,Clear,Dry,Dawn,Pedestrian Crossing,"Unknown, Unknown","Not Suspect of Alcohol Use, Not Suspect of Drug Use",713164D6-470A-4DD0-BF5C-09980EF00A7E,Pedestrian,Other,None (No Improper Action),Median/Crossing Island,No,Suspected Minor Injury,None,39.09011905,-77.07140175,"    (39.09011905, -77.07140175)"
MCP3423003P,260011545,MONTGOMERY,Injury Crash,03/17/2026 06:06:00 AM,,,,Parking Aisle        10903 NEW HAMPSHIRE AVE SILVER SPRING MD 20904. IN FRONT OF BUILDING 75 PARKING LOT OF FDA.,,Pedestrian,Single Vehicle,Clear,,Dark - Lighted,,"Not Suspect of Alcohol Use, Not Suspect of Drug Use","Not Suspect of Alcohol Use, Not Suspect of Drug Use",113D9224-F289-4C5B-B126-02B321F5D9A3,Pedestrian,None,"Not Visible (Dark Clothing, No Lighting, etc.)",NonTrafficway Area,No,Suspected Minor Injury,None,39.03528715,-76.97804421,"    (39.03528715, -76.97804421)"
MCP3382003P,260011493,MONTGOMERY,Injury Crash,03/16/2026 10:00:00 AM,County Route,DEAN RD,CONNECTICUT AVE,,,Cyclist (non-electric),Single Vehicle,Clear,Dry,Daylight,No Controls,"Not Suspect of Alcohol Use, Not Suspect of Drug Use","Not Suspect of Alcohol Use, Not Suspect of Drug Use",6D9CB14D-2BCA-49EC-93DA-EDCFE273E035,Cyclist (non-electric),Walking/Cycling Along Roadway With Traffic (In or Adjacent to Travel Lane),None (No Improper Action),Shoulder/Roadside,No,Suspected Minor Injury,Unknown,39.06901326,-77.07544367,"    (39.06901326, -77.07544367)"
MCP27600089,260011232,MONTGOMERY,Injury Crash,03/14/2026 06:30:00 PM,County Route,MONTGOMERY VILLAGE AVE (SB/L),,,,Cyclist (Electric),Single Vehicle,Clear,Dry,Dusk,Pedestrian Crossing Sign,"Unknown, Unknown","Not Suspect of Alcohol Use, Not Suspect of Drug Use",CC4099DD-B97E-4733-B186-FFC9776723B3,Cyclist (Electric),Cross/Enter at Intersection,None (No Improper Action),Intersection Marked Crosswalk,No,Suspected Minor Injury,None,39.17087197,-77.20405393,"    (39.17087197, -77.20405393)"
MCP3307003N,260011179,MONTGOMERY,Injury Crash,03/14/2026 10:35:00 AM,Local Route,MATTHEW HENSON TRL,SULLIVAN LA,,,Cyclist (Electric),Single Vehicle,Clear,Dry,Daylight,Pedestrian Crossing Sign,"Not Suspect of Alcohol Use, Not Suspect of Drug Use","Not Suspect of Alcohol Use, Not Suspect of Drug Use",55B075B6-37EE-4096-A030-CD2BA57FFB8B,Cyclist (Electric),Cross/Enter Not at Intersection,None (No Improper Action),Intersection Marked Crosswalk,No,Suspected Minor Injury,Helmet,39.08425294,-77.04149687,"    (39.08425294, -77.04149687)"
MCP3472000L,260010985,MONTGOMERY,Injury Crash,03/12/2026 21:17,Maryland (State) Route,GEORGIA AVE,,,,Pedestrian,Angle,Clear,Wet,Dark - Lighted,Flashing Traffic Control Signal,"Not Suspect of Alcohol Use, Not Suspect of Drug Use, Not Suspect of Alcohol Use, Not Suspect of Drug Use, Not Suspect of Alcohol Use, Not Suspect of Drug Use","Not Suspect of Alcohol Use, Not Suspect of Drug Use",00E75D8E-1B2C-4F33-BF40-2A1CAC303B03,Pedestrian,Other,"Disabled Vehicle-Related (Working on, Pushing, Leaving/Approaching)",Travel Lane Other Location,No,Suspected Serious Injury,None,39.11534443,-77.0751558,"    (39.11534443, -77.0751558)"
MCP3472000L,260010985,MONTGOMERY,Injury Crash,03/12/2026 21:17,Maryland (State) Route,GEORGIA AVE,,,,Pedestrian,Angle,Clear,Wet,Dark - Lighted,Traffic Control Signal,"Not Suspect of Alcohol Use, Not Suspect of Drug Use, Not Suspect of Alcohol Use, Not Suspect of Drug Use, Not Suspect of Alcohol Use, Not Suspect of Drug Use","Not Suspect of Alcohol Use, Not Suspect of Drug Use",00E75D8E-1B2C-4F33-BF40-2A1CAC303B03,Pedestrian,Other,"Disabled Vehicle-Related (Working on, Pushing, Leaving/Approaching)",Travel Lane Other Location,No,Suspected Serious Injury,None,39.11534443,-77.0751558,"    (39.11534443, -77.0751558)"