Report Number,Local Case Number,Agency Name,ACRS Report Type,Crash Date/Time,Route Type,Road Name,Cross-Street Name,Off-Road Description,Municipality,Related Non-Motorist,Collision Type,Weather,Surface Condition,Light,Traffic Control,Driver Substance Abuse,Non-Motorist Substance Abuse,Person ID,Pedestrian Type,Pedestrian Movement,Pedestrian Actions,Pedestrian Location,At Fault,Injury Severity,Safety Equipment,Latitude,Longitude,Location
MCP34300018,250055401,MONTGOMERY,Injury Crash,12/11/2025 9:20,,,,"Driveway        THE GARAGE EXIT OF A CAR SHOP AT MURRAYS AUTO CLINIC, 939 GIST AVE, SILVER SPRING, MD 20910",,Pedestrian,Single Vehicle,Clear,,Daylight,,"Not Suspect of Alcohol Use, Not Suspect of Drug Use","Not Suspect of Alcohol Use, Not Suspect of Drug Use",BACB69F0-5A29-4B86-904B-B084FE757378,Pedestrian,Other,"Inattentive (Talking, Eating, etc.)",NonTrafficway Area,Yes,Suspected Minor Injury,None,38.98961667,-77.02578143,"    (38.98961667, -77.02578143)"
MCP219800J9,250055337,MONTGOMERY,Injury Crash,12/10/2025 20:40,County Route,SHADY GROVE RD (SB/L),,,,Pedestrian,Single Vehicle,Cloudy,Dry,Dark - Lighted,Traffic Control Signal,"Not Suspect of Alcohol Use, Not Suspect of Drug Use","Unknown, Unknown",E8B86170-428D-4EDD-9628-4CB313F95FF9,Pedestrian,Unknown,Unknown,Unknown,Yes,Suspected Serious Injury,None,39.119198,-77.18246467,"    (39.119198, -77.18246467)"
MCP3441001T,250055304,MONTGOMERY,Injury Crash,12/10/2025 17:30,Maryland (State) Route,CONNECTICUT AVE (SB/L),,,,Pedestrian,Single Vehicle,Clear,Dry,Dark - Lighted,No Controls,"Not Suspect of Alcohol Use, Not Suspect of Drug Use","Not Suspect of Alcohol Use, Not Suspect of Drug Use",3C6078B1-FB3F-4DE1-B4FC-D4DBDB8AEF5C,Pedestrian,Cross/Enter Not at Intersection,"In Roadway Improperly (Standing, Lying, Working, Playing)",Travel Lane Other Location,Yes,Suspected Serious Injury,None,39.04407399,-77.07621588,"    (39.04407399, -77.07621588)"
MCP33300034,250055222,MONTGOMERY,Injury Crash,12/10/2025 12:27,Maryland (State) Route,VEIRS MILL RD,,,,Pedestrian,Single Vehicle,Cloudy,Dry,Daylight,No Controls,"Not Suspect of Alcohol Use, Not Suspect of Drug Use","Not Suspect of Alcohol Use, Not Suspect of Drug Use",51157565-53C5-4BA5-936D-EC5E9A38AB13,Pedestrian,Cross/Enter Not at Intersection,"Failure to Obey Traffic Signs, Signals, or Officer",OnStreet Bike Lanes,Yes,Suspected Minor Injury,None,39.04045525,-77.05642646,"    (39.04045525, -77.05642646)"
MCP3271006P,250055089,MONTGOMERY,Injury Crash,12/09/2025 15:58,,,,"Private Road        1705 EAST WEST HWY, NEAR THE ENTRANCE",,Pedestrian,Single Vehicle,Clear,,Daylight,,"Unknown, Unknown","Not Suspect of Alcohol Use, Not Suspect of Drug Use",D09AE34B-6D63-42BF-B143-315A2411515E,Pedestrian,Other,None (No Improper Action),Driveway Access,No,Possible Injury,None,38.99627401,-77.04123506,"    (38.99627401, -77.04123506)"
MCP3085006N,250054887,MONTGOMERY,Injury Crash,12/08/2025 15:19,County Route,MARINELLI RD (EB/L),ROCKVILLE PIKE,,,Pedestrian,Single Vehicle,Clear,Dry,Daylight,No Controls,"Not Suspect of Alcohol Use, Not Suspect of Drug Use","Not Suspect of Alcohol Use, Not Suspect of Drug Use",8775004F-9F03-4346-A605-D35BA4EFAFF6,Pedestrian,Other,"In Roadway Improperly (Standing, Lying, Working, Playing)",Intersection Other,No,Suspected Minor Injury,None,39.04713933,-77.11287583,"    (39.04713933, -77.11287583)"
MCP34360024,250054746,MONTGOMERY,Injury Crash,12/07/2025 14:27,County Route,TAMARACK RD,E RANDOLPH RD E RANDOLPH RD (WB/L),,,Pedestrian,Single Vehicle,Clear,Dry,Daylight,Traffic Control Signal,"Not Suspect of Alcohol Use, Not Suspect of Drug Use","Not Suspect of Alcohol Use, Not Suspect of Drug Use",0FA6830A-1C55-48DF-87CE-B93D72E3E034,Pedestrian,Cross/Enter at Intersection,Unknown,Intersection Marked Crosswalk,No,Possible Injury,None,39.06765485,-76.98574851,"    (39.06765485, -76.98574851)"
MCP33740045,250054745,MONTGOMERY,Injury Crash,12/07/2025 14:18,County Route,WESTLAKE DR (SB/L),,,,Pedestrian,Front to Rear,Clear,Dry,Daylight,No Controls,"Not Suspect of Alcohol Use, Not Suspect of Drug Use, Not Suspect of Alcohol Use, Not Suspect of Drug Use","Not Suspect of Alcohol Use, Not Suspect of Drug Use",878C829E-468F-48A9-8DC5-9E0586E4DBC1,Pedestrian,Walking/Cycling on Sidewalk,None (No Improper Action),Sidewalk,No,Suspected Minor Injury,None,39.02498621,-77.14902877,"    (39.02498621, -77.14902877)"
MCP3269004J,250054719,MONTGOMERY,Injury Crash,12/07/2025 12:08,County Route,LOCKWOOD DR,,,,Pedestrian,Single Vehicle,Clear,Dry,Daylight,No Controls,"Not Suspect of Alcohol Use, Not Suspect of Drug Use","Not Suspect of Alcohol Use, Not Suspect of Drug Use",65FA75A1-3EC0-4BED-A707-737AEADE1635,Pedestrian,Cross/Enter at Intersection,None (No Improper Action),Intersection Marked Crosswalk,No,Suspected Minor Injury,None,39.0389561,-76.99211394,"    (39.0389561, -76.99211394)"
MCP1079000H,250054671,MONTGOMERY,Injury Crash,12/07/2025 0:10,Maryland (State) Route,OLNEY SANDY SPRING RD (WB/L),,,,Pedestrian,Single Vehicle,Clear,Dry,Dark - Lighted,No Controls,"Not Suspect of Alcohol Use, Not Suspect of Drug Use","Suspect of Alcohol Use, Unknown",99344CD9-F854-4831-8318-70536270597F,Pedestrian,Cross/Enter Not at Intersection,"Dart/Dash, Inattentive (Talking, Eating, etc.), Not Visible (Dark Clothing, No Lighting, etc.)",Travel Lane Other Location,Yes,Suspected Minor Injury,None,39.15160747,-77.06359379,"    (39.15160747, -77.06359379)"
DD5701000D,250054506,ROCKVILLE,Injury Crash,12/05/2025 17:42,Municipality Route,TAFT ST,E GUDE DR,,,Pedestrian,Single Vehicle,Clear,Wet,Dark - Lighted,Traffic Control Signal,"Not Suspect of Alcohol Use, Not Suspect of Drug Use","Not Suspect of Alcohol Use, Not Suspect of Drug Use",6074BF60-4CD3-4121-870E-A80C1CAD760C,Pedestrian,Cross/Enter at Intersection,None (No Improper Action),Intersection Marked Crosswalk,No,Suspected Minor Injury,None,39.09415879,-77.13257944,"    (39.09415879, -77.13257944)"
MCP30440090,250054328,MONTGOMERY,Injury Crash,12/04/2025 17:39,,,,Driveway        PARKING LOT/SIDEWALK OF 11140 NEW HAMPSHIRE,,Scooter (non-Electric),Single Vehicle,Clear,,Dark - Not Lighted,,"Not Suspect of Alcohol Use, Not Suspect of Drug Use","Not Suspect of Alcohol Use, Not Suspect of Drug Use",D2C07E05-5C21-429A-A7D9-2CB84310B7DB,Scooter (non-Electric),Walking/Cycling on Sidewalk,None (No Improper Action),Driveway Access,Yes,Possible Injury,None,39.03742736,-76.98976065,"    (39.03742736, -76.98976065)"
MCP28950037,250054307,MONTGOMERY,Injury Crash,12/04/2025 14:00,Municipality Route,ONEILL DR,FREDERICK RD (SB/L),,,Cyclist (Electric),Single Vehicle,Clear,Dry,Daylight,Traffic Control Signal,"Not Suspect of Alcohol Use, Not Suspect of Drug Use","Not Suspect of Alcohol Use, Not Suspect of Drug Use",46EFB25E-C3B6-40A9-9392-19DE7EEC3594,Cyclist (Electric),Cross/Enter at Intersection,None (No Improper Action),Intersection Marked Crosswalk,No,Suspected Minor Injury,Helmet,39.12401333,-77.17993117,"    (39.12401333, -77.17993117)"
MCP3372004D,250053947,MONTGOMERY,Injury Crash,12/02/2025 17:41,,,,"Parking Aisle        PARKING LOT OF 5510 NORBECK ROAD ROCKVILLE, MD 20853.",,Pedestrian,Single Vehicle,Clear,,Dark - Lighted,,"Not Suspect of Alcohol Use, Not Suspect of Drug Use","Not Suspect of Alcohol Use, Not Suspect of Drug Use",9F81C3F5-4926-4045-9A8A-AB85A1564939,Pedestrian,None,None (No Improper Action),Other,No,Suspected Minor Injury,None,39.09475035,-77.11011054,"    (39.09475035, -77.11011054)"
MCP3044008Z,250053951,MONTGOMERY,Injury Crash,12/02/2025 17:25,,,,Parking Stall        PARKING LOT OF 11200 LOCKWOOD DRIVE,,Pedestrian,Single Vehicle,Clear,,Dark - Lighted,,"Unknown, Unknown","Not Suspect of Alcohol Use, Not Suspect of Drug Use",0271F34A-9AE4-4691-AD03-724073F4F39D,Pedestrian,Other,None (No Improper Action),Other,No,Suspected Minor Injury,None,39.04033151,-76.99149269,"    (39.04033151, -76.99149269)"
MCP3230007S,250053935,MONTGOMERY,Injury Crash,12/02/2025 16:45,Maryland (State) Route,,NORWOOD RD,,,Cyclist (non-electric),Single Vehicle,Cloudy,Wet,Dark - Lighted,Traffic Control Signal,"Not Suspect of Alcohol Use, Not Suspect of Drug Use","Not Suspect of Alcohol Use, Not Suspect of Drug Use",B1B0F3ED-FD8B-43E5-9800-4A7B347FC1DE,Cyclist (non-electric),Walking/Cycling Along Roadway With Traffic (In or Adjacent to Travel Lane),None (No Improper Action),Intersection Other,No,Suspected Minor Injury,Helmet,39.14918038,-77.02917747,"    (39.14918038, -77.02917747)"
MCP3307003D,250053853,MONTGOMERY,Injury Crash,12/02/2025 11:17,,,,Parking Lot Way        PARKING LOT OF 3305 N LEISURE WORLD BLVD,,Pedestrian,Single Vehicle,Rain,,Daylight,,"Not Suspect of Alcohol Use, Not Suspect of Drug Use","Not Suspect of Alcohol Use, Not Suspect of Drug Use",3497F73D-4A6F-49BC-BB1D-22BF9D323974,Pedestrian,Other,Unknown,Other,No,Possible Injury,None,39.10925715,-77.06470607,"    (39.10925715, -77.06470607)"
MCP2761007L,250053845,MONTGOMERY,Injury Crash,12/02/2025 9:40,Other Public Roadway,SUGAR VIEW DR,CLARKS CROSSING RD,,,Pedestrian,Single Vehicle,Clear,Dry,Daylight,No Controls,"Not Suspect of Alcohol Use, Not Suspect of Drug Use","Not Suspect of Alcohol Use, Not Suspect of Drug Use",A06B107D-6879-41E8-9F8F-E7ACDB56E6F7,Pedestrian,Cross/Enter at Intersection,None (No Improper Action),Intersection Unmarked Crosswalk,No,Possible Injury,None,39.24330134,-77.26885267,"    (39.24330134, -77.26885267)"
MCP3192006V,250053747,MONTGOMERY,Injury Crash,12/01/2025 16:12,County Route,JANET RD,,,,Pedestrian,Single Vehicle,Clear,Dry,Daylight,No Controls,"Unknown, Unknown","Not Suspect of Alcohol Use, Not Suspect of Drug Use",48301C61-79D8-410D-8347-176A8A5B5918,Pedestrian,None,None (No Improper Action),Intersection Unmarked Crosswalk,No,Suspected Minor Injury,None,39.06930965,-77.06229705,"    (39.06930965, -77.06229705)"
MCP31970053,250053736,MONTGOMERY,Injury Crash,12/01/2025 15:12,Bicycle Route,,OLD BALTIMORE RD,,,Pedestrian,Single Vehicle,Clear,Dry,Daylight,Traffic Control Signal,"Not Suspect of Alcohol Use, Not Suspect of Drug Use","Not Suspect of Alcohol Use, Not Suspect of Drug Use",9F1D98D7-27D8-44A6-A329-DA026140F979,Pedestrian,Cross/Enter at Intersection,Failure to Yield Right-Of-Way,Intersection Marked Crosswalk,Yes,Suspected Minor Injury,None,39.14656749,-77.0504629,"    (39.14656749, -77.0504629)"
MCP28550064,250053604,MONTGOMERY,Injury Crash,11/30/2025 05:34:00 PM,Maryland (State) Route,,,,,Pedestrian,Single Vehicle,Clear,Wet,Dark - Lighted,No Controls,"Not Suspect of Alcohol Use, Not Suspect of Drug Use","Suspect of Alcohol Use, Not Suspect of Drug Use",59CD0C71-518A-4CFC-A744-EC18D1F2CDB3,Pedestrian,Cross/Enter Not at Intersection,"Dart/Dash, Other",Intersection Other,Yes,Suspected Minor Injury,None,38.99985017,-76.9922425,"    (38.99985017, -76.9922425)"
MCP2761007J,250053282,MONTGOMERY,Injury Crash,11/28/2025 01:09:00 PM,County Route,SYCAMORE FARM DR,,,,Pedestrian,Single Vehicle,Cloudy,Dry,Daylight,No Controls,"Not Suspect of Alcohol Use, Not Suspect of Drug Use","Not Suspect of Alcohol Use, Not Suspect of Drug Use",58B2165D-4B9C-456C-BA00-3F0185E79467,Pedestrian,Getting Off/On Vehicle,Other,Other,Yes,Suspected Minor Injury,None,39.23149717,-77.25477433,"    (39.23149717, -77.25477433)"
MCP3429001R,250053273,MONTGOMERY,Injury Crash,11/28/2025 11:32:00 AM,,,,Parking Lot Way        GAS STATION EXIT,,Pedestrian,Single Vehicle,Severe Crosswinds,,Daylight,,"Not Suspect of Alcohol Use, Not Suspect of Drug Use","Not Suspect of Alcohol Use, Not Suspect of Drug Use",BA5C2356-8945-46ED-81FB-9D9051B2928F,Pedestrian,Walking/Cycling on Sidewalk,Unknown,Intersection Unmarked Crosswalk,No,Possible Injury,None,39.07897262,-77.07249863,"    (39.07897262, -77.07249863)"
MCP3358003W,250053246,MONTGOMERY,Injury Crash,11/28/2025 06:37:00 AM,Maryland (State) Route,ROCKVILLE PIKE (SB/L),,,,Pedestrian,Single Vehicle,Clear,Dry,Dark - Lighted,No Controls,"Not Suspect of Alcohol Use, Not Suspect of Drug Use","Not Suspect of Alcohol Use, Not Suspect of Drug Use",A8AA7480-D12F-46C4-95B7-32AB98146424,Pedestrian,Cross/Enter Not at Intersection,"Dart/Dash, Not Visible (Dark Clothing, No Lighting, etc.)",Other,No,Suspected Minor Injury,None,39.04372831,-77.11137431,"    (39.04372831, -77.11137431)"
MCP30500078,250053214,MONTGOMERY,Injury Crash,11/27/2025 06:27:00 PM,Maryland (State) Route,CONNECTICUT AVE,,,,Scooter (electric),Single Vehicle,Clear,Dry,Dark - Lighted,Traffic Control Signal,"Not Suspect of Alcohol Use, Not Suspect of Drug Use","Not Suspect of Alcohol Use, Not Suspect of Drug Use",0D0C83DB-205F-46E7-8A26-74C7D8E89E6E,Scooter (electric),Cross/Enter Not at Intersection,None (No Improper Action),Intersection Marked Crosswalk,No,Possible Injury,None,39.08028992,-77.08038333,"    (39.08028992, -77.08038333)"
MCP3262006G,250053198,MONTGOMERY,Injury Crash,11/27/2025 02:42:00 PM,County Route,E RANDOLPH RD (WB/L),,,,Pedestrian,Single Vehicle,Clear,Dry,Daylight,No Controls,"Not Suspect of Alcohol Use, Not Suspect of Drug Use","Not Suspect of Alcohol Use, Not Suspect of Drug Use",447FF08B-19A2-4EC5-952E-5EE32BF95742,Pedestrian,Cross/Enter Not at Intersection,"In Roadway Improperly (Standing, Lying, Working, Playing)",Median/Crossing Island,Yes,Suspected Minor Injury,None,39.07555117,-76.99486267,"    (39.07555117, -76.99486267)"
MCP31970051,250052973,MONTGOMERY,Injury Crash,11/25/2025 06:00:00 PM,County Route,APPOMATTOX AVE,,,,Pedestrian,Single Vehicle,Rain,Wet,Dark - Lighted,No Controls,"Unknown, Unknown","Not Suspect of Alcohol Use, Not Suspect of Drug Use",C361FE8C-C8D2-443A-9A77-6827637B8F23,Pedestrian,Cross/Enter at Intersection,None (No Improper Action),Intersection Marked Crosswalk,No,Suspected Serious Injury,None,39.15328954,-77.06028982,"    (39.15328954, -77.06028982)"
MCP32180061,250052931,MONTGOMERY,Injury Crash,11/25/2025 05:20:00 PM,County Route,REEDIE DR,GEORGIA AVE,,,Pedestrian,Single Vehicle,Rain,Wet,Dark - Lighted,Traffic Control Signal,"Not Suspect of Alcohol Use, Not Suspect of Drug Use","Not Suspect of Alcohol Use, Not Suspect of Drug Use",CFF153A3-FB4D-4FFB-89E3-CEB89B29B353,Pedestrian,Cross/Enter at Intersection,None (No Improper Action),Intersection Marked Crosswalk,No,Suspected Minor Injury,None,39.03868902,-77.0508142,"    (39.03868902, -77.0508142)"
MCP3452001X,250052900,MONTGOMERY,Injury Crash,11/25/2025 03:44:00 PM,Maryland (State) Route,GEORGIA AVE,RALPH RD,,,Pedestrian,Unknown,Cloudy,Dry,Daylight,No Controls,"Unknown, Unknown","Not Suspect of Alcohol Use, Not Suspect of Drug Use",23C87143-0654-4F77-A65B-BC3990B4E633,Pedestrian,Walking/Cycling on Sidewalk,None (No Improper Action),Sidewalk,No,Suspected Minor Injury,None,39.07841299,-77.07172235,"    (39.07841299, -77.07172235)"
EJ7903005T,250053279,GAITHERSBURG,Injury Crash,11/24/2025 09:00:00 PM,Local Route,ALCOTT PL,,,,Pedestrian,Single Vehicle,Clear,Dry,Dark - Lighted,Stop Sign,"Unknown, Unknown","Not Suspect of Alcohol Use, Not Suspect of Drug Use",DED8D7EC-960C-4F88-BE99-9418C71028EB,Pedestrian,Cross/Enter at Intersection,None (No Improper Action),Intersection Marked Crosswalk,No,Suspected Minor Injury,Unknown,39.11363202,-77.20464171,"    (39.11363202, -77.20464171)"
EJ7898007G,250052765,GAITHERSBURG,Injury Crash,11/24/2025 04:50:00 PM,Maryland (State) Route,FREDERICK RD,,,,Pedestrian,Single Vehicle,Clear,Dry,Dark - Lighted,Traffic Control Signal,"Not Suspect of Alcohol Use, Not Suspect of Drug Use","Not Suspect of Alcohol Use, Not Suspect of Drug Use",8208A3CD-55C1-474D-9386-8F5A44D9F552,Pedestrian,Cross/Enter Not at Intersection,Dart/Dash,Travel Lane Other Location,Yes,Suspected Serious Injury,None,39.15065762,-77.20952904,"    (39.15065762, -77.20952904)"
MCP3407001Y,250052753,MONTGOMERY,Injury Crash,11/24/2025 03:31:00 PM,County Route,SHAKESPEARE BLVD (WB/L),,,,Pedestrian,Single Vehicle,Clear,Dry,Daylight,Stop Sign,"Not Suspect of Alcohol Use, Not Suspect of Drug Use","Not Suspect of Alcohol Use, Not Suspect of Drug Use",A8C7C0D3-348D-42F6-87BF-C7557262B429,Pedestrian,Cross/Enter at Intersection,None (No Improper Action),Intersection Marked Crosswalk,No,Suspected Minor Injury,None,39.19745456,-77.25226412,"    (39.19745456, -77.25226412)"
MCP2099000F,250052650,MONTGOMERY,Injury Crash,11/24/2025 07:55:00 AM,County Route,URBANA DR,GEORGIA AVE,,,Pedestrian,Single Vehicle,Clear,Dry,Daylight,Traffic Control Signal,"Not Suspect of Alcohol Use, Not Suspect of Drug Use","Not Suspect of Alcohol Use, Not Suspect of Drug Use",142F0CB5-E27A-4601-94FB-C3CFBF451E5D,Pedestrian,Cross/Enter at Intersection,None (No Improper Action),Intersection Marked Crosswalk,No,Suspected Minor Injury,None,39.0614609,-77.05248537,"    (39.0614609, -77.05248537)"
MCP32330060,250052582,MONTGOMERY,Injury Crash,11/23/2025 03:22:00 PM,County Route,CARROLL AVE,,,,Scooter (electric),Single Vehicle,Clear,Dry,Daylight,No Controls,"Not Suspect of Alcohol Use, Not Suspect of Drug Use","Suspect of Alcohol Use, Suspect of Drug Use",7965A304-A09A-4920-B78B-6B86307E2A10,Scooter (electric),Walking/Cycling on Sidewalk,Improper Turn/Merge),Sidewalk,Yes,Suspected Minor Injury,None,38.99901034,-76.99111048,"    (38.99901034, -76.99111048)"
MCP289200JQ,250052482,MONTGOMERY,Injury Crash,11/22/2025 07:04:00 PM,County Route,TILTON DR,,,,Pedestrian,Single Vehicle,Clear,Dry,Dark - Lighted,No Controls,"Not Suspect of Alcohol Use, Not Suspect of Drug Use","Not Suspect of Alcohol Use, Not Suspect of Drug Use",1AF1BE6D-0F39-470E-A576-82D3F1F0BFFC,Pedestrian,Cross/Enter at Intersection,"Not Visible (Dark Clothing, No Lighting, etc.)",Intersection Unmarked Crosswalk,No,Suspected Minor Injury,None,39.0184028,-77.04362734,"    (39.0184028, -77.04362734)"
EJ78950082,250052478,GAITHERSBURG,Injury Crash,11/22/2025 06:30:00 PM,,,,Parking Lot Way        PARKING LOT OF 221 MUDDY BRANCH ROAD,,Pedestrian,Single Vehicle,Clear,,Dark - Lighted,,"Not Suspect of Alcohol Use, Not Suspect of Drug Use","Not Suspect of Alcohol Use, Not Suspect of Drug Use",C511199A-5916-4A57-9789-85445FDFBC02,Pedestrian,Standing,None (No Improper Action),Other,No,Possible Injury,None,39.1281875,-77.20596,"    (39.1281875, -77.20596)"
MCP2162005Q,250052468,MONTGOMERY,Injury Crash,11/22/2025 05:40:00 PM,Bicycle Route,,W CEDAR LA,,,Cyclist (non-electric),Single Vehicle,Clear,Dry,Dark - Lighted,Traffic Control Signal,"Not Suspect of Alcohol Use, Not Suspect of Drug Use","Not Suspect of Alcohol Use, Not Suspect of Drug Use",8FC01CC0-F83A-4B3F-A8F5-1AB0EEB535DA,Cyclist (non-electric),Cross/Enter at Intersection,None (No Improper Action),Intersection Marked Crosswalk,No,Suspected Minor Injury,Unknown,39.00449857,-77.11039613,"    (39.00449857, -77.11039613)"
MCP3044008V,250052328,MONTGOMERY,Injury Crash,11/21/2025 05:30:00 PM,County Route,MUSGROVE RD,,,,Pedestrian,Unknown,Clear,Dry,Dark - Unknown Lighting,Traffic Control Signal,"Unknown, Unknown","Not Suspect of Alcohol Use, Not Suspect of Drug Use",FA95A965-D236-4F70-917F-64CDF1930E4A,Pedestrian,Cross/Enter at Intersection,Unknown,Intersection Marked Crosswalk,No,Suspected Minor Injury,None,39.06785275,-76.95956857,"    (39.06785275, -76.95956857)"
MCP3148008N,250052319,MONTGOMERY,Injury Crash,11/21/2025 05:17:00 PM,Local Route,BREWER HOUSE CIR,BREWER HOUSE RD,,,Pedestrian,Single Vehicle,Cloudy,Dry,Dark - Lighted,No Controls,"Not Suspect of Alcohol Use, Not Suspect of Drug Use","Not Suspect of Alcohol Use, Not Suspect of Drug Use",95385DD9-B019-452B-9E03-D71CD93C2650,Pedestrian,Cross/Enter at Intersection,Unknown,Intersection Unmarked Crosswalk,No,Suspected Serious Injury,None,39.03113356,-77.113689,"    (39.03113356, -77.113689)"
DD5663002L,250052283,ROCKVILLE,Fatal Crash,11/21/2025 02:53:00 PM,Municipality Route,E JEFFERSON ST,ROLLINS AVE,,,Pedestrian,Single Vehicle,Clear,Dry,Daylight,Traffic Control Signal,"Not Suspect of Alcohol Use, Not Suspect of Drug Use","Not Suspect of Alcohol Use, Not Suspect of Drug Use",481441D2-8242-4068-A807-9085A6CE520E,Pedestrian,Cross/Enter at Intersection,None (No Improper Action),Intersection Marked Crosswalk,No,Fatal Injury,None,39.05848521,-77.12637594,"    (39.05848521, -77.12637594)"
MCP33470037,250052129,MONTGOMERY,Injury Crash,11/20/2025 04:53:00 PM,County Route,WOODMONT AVE,HAMPDEN LA,,,Cyclist (non-electric),Single Vehicle,Clear,Dry,Dark - Lighted,Traffic Control Signal,"Not Suspect of Alcohol Use, Not Suspect of Drug Use","Not Suspect of Alcohol Use, Not Suspect of Drug Use",12771C10-118B-42D5-933D-CB04C33F4AB4,Cyclist (non-electric),Cross/Enter at Intersection,None (No Improper Action),Separated Bike Lanes,No,Suspected Minor Injury,"Helmet, Lighting, Reflectors",38.98271255,-77.09612816,"    (38.98271255, -77.09612816)"
MCP3452001T,250052087,MONTGOMERY,Injury Crash,11/20/2025 01:32:00 PM,,,,Parking Lot Way        PARKING LOT OF COSTCO LOCATED AT 11160 VEIRS MILL RD,,Occupant of Motor Vehicle Not in Transport,Other,Cloudy,,Daylight,,"Not Suspect of Alcohol Use, Not Suspect of Drug Use","Not Suspect of Alcohol Use, Not Suspect of Drug Use",B899C940-1069-4C18-B2A2-DDE3DEED7849,Occupant of Motor Vehicle Not in Transport,Other,None (No Improper Action),Other,No,Suspected Minor Injury,None,39.03559523,-77.05577458,"    (39.03559523, -77.05577458)"
MCP3452001T,250052087,MONTGOMERY,Injury Crash,11/20/2025 01:32:00 PM,,,,Parking Lot Way        PARKING LOT OF COSTCO LOCATED AT 11160 VEIRS MILL RD,,Occupant of Motor Vehicle Not in Transport,Other,Cloudy,,Daylight,,"Not Suspect of Alcohol Use, Not Suspect of Drug Use","Not Suspect of Alcohol Use, Not Suspect of Drug Use",A6E5C83E-5745-4817-8AF8-AFD6D6802364,Occupant of Motor Vehicle Not in Transport,None,None (No Improper Action),Other,No,No Apparent Injury,None,39.03559523,-77.05577458,"    (39.03559523, -77.05577458)"
MCP311100BP,250052023,MONTGOMERY,Injury Crash,11/20/2025 07:44:00 AM,Maryland (State) Route,16TH ST (SB/L),,,,Pedestrian,Single Vehicle,Cloudy,Dry,Daylight,No Controls,"Not Suspect of Alcohol Use, Not Suspect of Drug Use","Not Suspect of Alcohol Use, Not Suspect of Drug Use",A25DF176-16CC-467F-9543-D08C5866A269,Pedestrian,Cross/Enter Not at Intersection,"Dart/Dash, In Roadway Improperly (Standing, Lying, Working, Playing)",Travel Lane Other Location,No,Possible Injury,None,38.99576567,-77.036488,"    (38.99576567, -77.036488)"