Report Number,Local Case Number,Agency Name,ACRS Report Type,Crash Date/Time,Route Type,Road Name,Cross-Street Name,Off-Road Description,Municipality,Related Non-Motorist,Collision Type,Weather,Surface Condition,Light,Traffic Control,Driver Substance Abuse,Non-Motorist Substance Abuse,Person ID,Pedestrian Type,Pedestrian Movement,Pedestrian Actions,Pedestrian Location,At Fault,Injury Severity,Safety Equipment,Latitude,Longitude,Location
MCP3170004C,250044027,MONTGOMERY,Injury Crash,09/30/2025 07:12:00 PM,County Route,WATERS LANDING DR,WYNNFIELD DR,,,Pedestrian,Single Vehicle,Clear,Dry,Dark - Not Lighted,Stop Sign,"Not Suspect of Alcohol Use, Not Suspect of Drug Use","Not Suspect of Alcohol Use, Not Suspect of Drug Use",94ABC502-4743-4E3F-978F-75EEC00A642E,Pedestrian,Cross/Enter at Intersection,None (No Improper Action),Intersection Marked Crosswalk,No,Suspected Minor Injury,None,39.19138807,-77.28058491,"    (39.19138807, -77.28058491)"
MCP3076004H,250043875,MONTGOMERY,Injury Crash,09/30/2025 05:31:00 PM,Municipality Route,TULIP DR,,,,Pedestrian,Unknown,Clear,Dry,Daylight,No Controls,"Not Suspect of Alcohol Use, Not Suspect of Drug Use","Not Suspect of Alcohol Use, Not Suspect of Drug Use",EE597BC7-46D4-4E68-89F9-1BB50B4599FE,Pedestrian,Other,None (No Improper Action),Other,No,Possible Injury,None,39.13741002,-77.18876045,"    (39.13741002, -77.18876045)"
DD5604005S,250043985,ROCKVILLE,Injury Crash,09/30/2025 03:42:00 PM,Municipality Route,FALLSMEAD WAY,,,,Cyclist (non-electric),Single Vehicle,Clear,Dry,Daylight,No Controls,"Not Suspect of Alcohol Use, Not Suspect of Drug Use","Not Suspect of Alcohol Use, Not Suspect of Drug Use",EE7F0008-5286-4203-A1C5-A86E09BBBBA5,Cyclist (non-electric),Walking/Cycling on Sidewalk,None (No Improper Action),Sidewalk,No,Suspected Minor Injury,Helmet,39.07362533,-77.169709,"    (39.07362533, -77.169709)"
MCP3233005W,250044013,MONTGOMERY,Injury Crash,09/30/2025 03:26:00 PM,Maryland (State) Route,PINEY BRANCH RD,,,,Pedestrian,Single Vehicle,Clear,Dry,Daylight,Pedestrian Crossing Sign,"Unknown, Unknown","Not Suspect of Alcohol Use, Not Suspect of Drug Use",7FA6FF7B-000D-4F6E-BD93-A1BB3EE4FD5F,Pedestrian,Cross/Enter at Intersection,None (No Improper Action),Intersection Marked Crosswalk,No,Suspected Minor Injury,None,38.99997688,-76.99068693,"    (38.99997688, -76.99068693)"
MCP32620068,250043837,MONTGOMERY,Injury Crash,09/29/2025 05:26:00 PM,,,,Parking Lot Way        PARKING LOT OF 11661 LOCKWOOD DRIVE,,Pedestrian,Single Vehicle,Clear,,Daylight,,"Not Suspect of Alcohol Use, Not Suspect of Drug Use","Not Suspect of Alcohol Use, Not Suspect of Drug Use",63A72598-9906-4E77-A833-7ECBB6DC8746,Pedestrian,Other,Failure to Yield Right-Of-Way,Other,Yes,Suspected Minor Injury,None,39.04115237,-76.98401291,"    (39.04115237, -76.98401291)"
MCP2231008Z,250043625,MONTGOMERY,Injury Crash,09/28/2025 12:21:00 PM,Crossover,,DARNESTOWN RD (WB/L),,,Pedestrian,Single Vehicle,Clear,Dry,Daylight,Traffic Control Signal,"Not Suspect of Alcohol Use, Not Suspect of Drug Use","Not Suspect of Alcohol Use, Not Suspect of Drug Use",05972374-ED1A-47E5-A46E-D4BE2B1DC2B7,Pedestrian,Cross/Enter at Intersection,None (No Improper Action),Intersection Marked Crosswalk,No,Suspected Minor Injury,None,39.11747399,-77.25108189,"    (39.11747399, -77.25108189)"
MCP34440014,250043516,MONTGOMERY,Injury Crash,09/27/2025 05:07:00 PM,County Route,GRACE CHURCH RD,SECOND AVE,,,Scooter (electric),Single Vehicle,Clear,Dry,Daylight,Stop Sign,"Not Suspect of Alcohol Use, Not Suspect of Drug Use","Not Suspect of Alcohol Use, Not Suspect of Drug Use",326B6CCB-DC89-4FF9-8C3B-B888B53878CE,Scooter (electric),Cross/Enter at Intersection,"Failure to Obey Traffic Signs, Signals, or Officer, Failure to Yield Right-Of-Way, Inattentive (Talking, Eating, etc.)",Shoulder/Roadside,Yes,Possible Injury,None,39.00408276,-77.04105905,"    (39.00408276, -77.04105905)"
MCP1233006R,250043506,MONTGOMERY,Injury Crash,09/27/2025 04:01:00 PM,Maryland (State) Route,ROCKVILLE PIKE (SB/L),,,,Cyclist (Electric),Single Vehicle,Cloudy,Dry,Daylight,Traffic Control Signal,"Not Suspect of Alcohol Use, Not Suspect of Drug Use","Not Suspect of Alcohol Use, Not Suspect of Drug Use",DA17F380-638D-4079-AA42-F6FA3D69492D,Cyclist (Electric),Walking/Cycling Along Roadway With Traffic (In or Adjacent to Travel Lane),None (No Improper Action),Travel Lane Other Location,Yes,Suspected Serious Injury,Helmet,39.04685383,-77.11290883,"    (39.04685383, -77.11290883)"
MCP3411002Z,250043379,MONTGOMERY,Injury Crash,09/26/2025 05:19:00 PM,Spur,,,,,Cyclist (Electric),Single Vehicle,Clear,Dry,Daylight,Traffic Control Signal,"Not Suspect of Alcohol Use, Not Suspect of Drug Use","Not Suspect of Alcohol Use, Not Suspect of Drug Use",CCEBA4D2-A977-433E-BC93-BD7A363091C4,Cyclist (Electric),Cross/Enter at Intersection,Failure to Yield Right-Of-Way,Intersection Marked Crosswalk,No,Possible Injury,Helmet,39.05575183,-77.14964666,"    (39.05575183, -77.14964666)"
MCP3211003W,250043264,MONTGOMERY,Injury Crash,09/26/2025 07:54:00 AM,Other Public Roadway,WIMS RD,,,,Pedestrian,Single Vehicle,Clear,Dry,Daylight,No Controls,"Not Suspect of Alcohol Use, Not Suspect of Drug Use","Not Suspect of Alcohol Use, Not Suspect of Drug Use",94C66428-2BB2-49C6-AA8D-3640A21CE3B3,Pedestrian,Cross/Enter at Intersection,None (No Improper Action),Intersection Marked Crosswalk,No,Suspected Minor Injury,None,39.22618536,-77.2640231,"    (39.22618536, -77.2640231)"
MCP32080076,250043429,MONTGOMERY,Injury Crash,09/25/2025 10:00:00 PM,,,,Parking Lot Way        PARKING LOT OF 833 WAYNE AVE,,Cyclist (non-electric),Single Vehicle,Clear,,Dark - Lighted,,"Unknown, Unknown","Not Suspect of Alcohol Use, Not Suspect of Drug Use",B042D3CC-3E3E-49AA-9A80-9A7A9E346239,Cyclist (non-electric),Unknown,Unknown,Other,No,Possible Injury,Unknown,38.99664585,-77.02309982,"    (38.99664585, -77.02309982)"
MCP3040008J,250043228,MONTGOMERY,Injury Crash,09/25/2025 09:06:00 PM,,,,Service Road        PARKING LOT SERVICE ROAD BEHIND CALIFORNIA TORTILLA 18101 VILLAGE CENTER DR,,Pedestrian,Single Vehicle,Clear,,Dark - Not Lighted,,"Unknown, Unknown","Not Suspect of Alcohol Use, Not Suspect of Drug Use",2C5E9EE1-5DF7-48D1-8D8E-7406E5AB28A6,Pedestrian,Walking/Cycling Along Roadway With Traffic (In or Adjacent to Travel Lane),None (No Improper Action),OffStreet Trails or Sidepaths,No,Suspected Minor Injury,None,39.15253251,-77.06325866,"    (39.15253251, -77.06325866)"
MCP29390084,250043232,MONTGOMERY,Injury Crash,09/25/2025 06:40:00 PM,County Route,TRENTWORTH WAY,,,,Cyclist (non-electric),Unknown,Clear,Dry,Daylight,No Controls,"Unknown, Unknown","Not Suspect of Alcohol Use, Not Suspect of Drug Use",6E3AF5F5-E402-4386-A202-1BB10E9B5D3A,Cyclist (non-electric),Standing,Unknown,Sidewalk,No,Possible Injury,Unknown,39.22120867,-77.26481017,"    (39.22120867, -77.26481017)"
MCP320000GN,250043185,MONTGOMERY,Injury Crash,09/25/2025 03:56:00 PM,County Route,,WOODGLEN DR (NB/L),,,Cyclist (non-electric),Single Vehicle,Cloudy,Dry,Daylight,Stop Sign,"Not Suspect of Alcohol Use, Not Suspect of Drug Use","Not Suspect of Alcohol Use, Not Suspect of Drug Use",88E9ABE2-7DCD-467B-B693-A5A1C4C3AB4E,Cyclist (non-electric),Walking/Cycling Along Roadway With Traffic (In or Adjacent to Travel Lane),Unknown,Intersection Marked Crosswalk,No,Suspected Minor Injury,None,39.04333806,-77.11336977,"    (39.04333806, -77.11336977)"
MCP2872002Y,250043099,MONTGOMERY,Injury Crash,09/25/2025 07:30:00 AM,County Route,LANARK WAY,COLESVILLE RD,,,Pedestrian,Single Vehicle,Rain,Wet,Dark - Lighted,Traffic Control Signal,"Not Suspect of Alcohol Use, Not Suspect of Drug Use","Unknown, Unknown",3BFFD94F-9A6D-4D7A-B6EF-4D6000C16E71,Pedestrian,Cross/Enter at Intersection,Unknown,Intersection Marked Crosswalk,No,Suspected Minor Injury,None,39.01854526,-77.01425544,"    (39.01854526, -77.01425544)"
DD5653005G,250042967,ROCKVILLE,Injury Crash,09/24/2025 02:06:00 PM,Municipality Route,HALPINE RD (EB/L),ROCKVILLE PIKE (SB/L),,,Pedestrian,Single Vehicle,Cloudy,Dry,Daylight,Traffic Control Signal,"Not Suspect of Alcohol Use, Not Suspect of Drug Use","Not Suspect of Alcohol Use, Not Suspect of Drug Use",887B7F6D-1588-413A-B4B4-0BF862BE5E40,Pedestrian,None,None (No Improper Action),Intersection Marked Crosswalk,No,Suspected Minor Injury,None,39.0617344,-77.12424583,"    (39.0617344, -77.12424583)"
MCP235300DF,250042930,MONTGOMERY,Injury Crash,09/24/2025 10:19:00 AM,County Route,,CONNECTOR RD,,,Cyclist (non-electric),Single Vehicle,Cloudy,Wet,Daylight,Traffic Control Signal,"Not Suspect of Alcohol Use, Not Suspect of Drug Use","Not Suspect of Alcohol Use, Not Suspect of Drug Use",52EB7AF5-34A8-470C-BCF2-61E2E5ADB293,Cyclist (non-electric),Cross/Enter at Intersection,None (No Improper Action),Intersection Marked Crosswalk,No,Suspected Minor Injury,"Helmet, Reflective Wear (backpack, triangles, etc.)",38.96460737,-77.13603942,"    (38.96460737, -77.13603942)"
MCP2730005M,250042961,MONTGOMERY,Injury Crash,09/24/2025 08:30:00 AM,Maryland (State) Route,GERMANTOWN RD,,,,Pedestrian,Single Vehicle,Cloudy,Dry,Daylight,Traffic Control Signal,"Not Suspect of Alcohol Use, Not Suspect of Drug Use","Not Suspect of Alcohol Use, Not Suspect of Drug Use",E2C54929-0AFE-475D-9D14-D7E2EBF322D5,Pedestrian,Other,Entering/Exiting Parked/Standing Vehicle,Travel Lane Other Location,Yes,Suspected Minor Injury,None,39.18085012,-77.26272257,"    (39.18085012, -77.26272257)"
MCP26350093,250042860,MONTGOMERY,Fatal Crash,09/23/2025 07:27:00 PM,Maryland (State) Route,VEIRS MILL RD,,,,Pedestrian,Single Vehicle,Clear,Dry,Dusk,No Controls,"Unknown, Unknown","Unknown, Unknown",2DACC53A-9A56-45F4-A197-B557AD4A9047,Pedestrian,Cross/Enter Not at Intersection,Unknown,Travel Lane Other Location,No,Fatal Injury,Unknown,39.03945312,-77.05452246,"    (39.03945312, -77.05452246)"
MCP3290004H,250042607,MONTGOMERY,Injury Crash,09/22/2025 10:30:00 AM,Maryland (State) Route,FOREST GLEN RD,,,,Cyclist (Electric),Single Vehicle,Clear,Dry,Daylight,No Controls,"Not Suspect of Alcohol Use, Not Suspect of Drug Use","Not Suspect of Alcohol Use, Not Suspect of Drug Use",B134BC13-8A3F-473E-9CF0-95F107EEB9A2,Cyclist (Electric),Walking/Cycling Along Roadway With Traffic (In or Adjacent to Travel Lane),Improper Passing,Shared Lane Markings),Yes,Suspected Minor Injury,Helmet,39.01467739,-77.05474731,"    (39.01467739, -77.05474731)"
MCP1227002D,250042552,MONTGOMERY,Fatal Crash,09/21/2025 09:14:00 PM,Maryland (State) Route,UNIVERSITY BLVD W (WB/L),,,,Pedestrian,Single Vehicle,Clear,Dry,Dark - Lighted,Pedestrian Crossing Sign,"Not Suspect of Alcohol Use, Not Suspect of Drug Use","Not Suspect of Alcohol Use, Not Suspect of Drug Use",DD0202F3-2A0C-4823-96FE-C4D66C8B000D,Pedestrian,Cross/Enter at Intersection,Unknown,Intersection Other,No,Fatal Injury,None,39.0353116,-77.06818582,"    (39.0353116, -77.06818582)"
MCP3445000W,250042143,MONTGOMERY,Injury Crash,09/19/2025 07:45:00 AM,Local Route,NO NAME,ROCKVILLE PIKE S WOOD RD,,,Pedestrian,Single Vehicle,Clear,Dry,Daylight,Traffic Control Signal,"Not Suspect of Alcohol Use, Not Suspect of Drug Use","Not Suspect of Alcohol Use, Not Suspect of Drug Use",409C8276-BE7F-443A-8421-39E3369E2AC6,Pedestrian,Cross/Enter Not at Intersection,Failure to Yield Right-Of-Way,Travel Lane Other Location,Yes,Suspected Minor Injury,None,38.99952445,-77.09682509,"    (38.99952445, -77.09682509)"
MCP28180057,250042147,MONTGOMERY,Injury Crash,09/19/2025 07:40:00 AM,,,,"Parking Lot Way        REAR PARKING LOT OF ROCKVILLE HIGH SCHOOL. 2100 BALTIMORE RD. ROCKVILLE, MD 20851",,Pedestrian,Single Vehicle,Clear,,Daylight,,"Not Suspect of Alcohol Use, Not Suspect of Drug Use","Not Suspect of Alcohol Use, Not Suspect of Drug Use",BCA424BC-A9AF-4B8D-AD63-B783FEC0BBB4,Pedestrian,Other,None (No Improper Action),Other,No,Suspected Minor Injury,None,39.08867233,-77.11833723,"    (39.08867233, -77.11833723)"
MCP311100BC,250042142,MONTGOMERY,Injury Crash,09/19/2025 07:20:00 AM,County Route,CHELTENHAM DR,PEARL ST,,,Pedestrian,Single Vehicle,Clear,Dry,Daylight,Stop Sign,"Not Suspect of Alcohol Use, Not Suspect of Drug Use","Not Suspect of Alcohol Use, Not Suspect of Drug Use",43B573E1-90AF-49C0-BCF0-CA4AC13353D6,Pedestrian,Cross/Enter at Intersection,None (No Improper Action),Intersection Unmarked Crosswalk,No,Suspected Serious Injury,None,38.98857218,-77.09170852,"    (38.98857218, -77.09170852)"
MCP23950037,250042096,MONTGOMERY,Injury Crash,09/18/2025 07:56:00 PM,County Route,DUFIEF MILL RD,,,,Pedestrian,Single Vehicle,Clear,Dry,Dark - Unknown Lighting,No Controls,"Not Suspect of Alcohol Use, Not Suspect of Drug Use","Not Suspect of Alcohol Use, Not Suspect of Drug Use",563B4C4E-4D18-424C-859F-B0BBDED53416,Pedestrian,Cross/Enter Not at Intersection,"Not Visible (Dark Clothing, No Lighting, etc.)",Intersection Other,No,Suspected Serious Injury,None,39.09362389,-77.23311606,"    (39.09362389, -77.23311606)"
DD5631006D,250042112,ROCKVILLE,Injury Crash,09/18/2025 07:00:00 PM,Municipality Route,N HORNERS LA,HOWARD AVE,,,Scooter (electric),Unknown,Clear,Dry,Dark - Lighted,Pedestrian Crossing Sign,"Not Suspect of Alcohol Use, Not Suspect of Drug Use","Unknown, Unknown",50F1DD11-3DAE-41E1-A805-416174170AD3,Scooter (electric),Unknown,Unknown,Intersection Marked Crosswalk,No,Possible Injury,None,39.09093304,-77.14346222,"    (39.09093304, -77.14346222)"
DD5604005P,250042043,ROCKVILLE,Injury Crash,09/18/2025 03:25:00 PM,Municipality Route,N WASHINGTON ST,,,,Cyclist (non-electric),Single Vehicle,Clear,Dry,Daylight,No Controls,"Not Suspect of Alcohol Use, Not Suspect of Drug Use","Not Suspect of Alcohol Use, Not Suspect of Drug Use",11EC0F51-D225-47C9-9A85-8128B06741F3,Cyclist (non-electric),Walking/Cycling Along Roadway With Traffic (In or Adjacent to Travel Lane),Improper Turn/Merge),Travel Lane Other Location,Yes,Suspected Minor Injury,Helmet,39.0902574,-77.15362682,"    (39.0902574, -77.15362682)"
DD57060002,250041847,ROCKVILLE,Property Damage Crash,09/17/2025 03:29:00 PM,Crossover,,ROCKVILLE PIKE,,,Pedestrian,Single Vehicle,Cloudy,Dry,Daylight,Traffic Control Signal,"Not Suspect of Alcohol Use, Not Suspect of Drug Use","Not Suspect of Alcohol Use, Not Suspect of Drug Use",23D3704B-6E3A-4C49-AAF1-FD26BD6F18ED,Pedestrian,Walking/Cycling on Sidewalk,None (No Improper Action),Intersection Marked Crosswalk,No,No Apparent Injury,None,39.06308408,-77.12489274,"    (39.06308408, -77.12489274)"
DD562000CP,250041832,ROCKVILLE,Property Damage Crash,09/17/2025 12:28:00 PM,Service Road,N CAMPUS DR,,,,Pedestrian,Single Vehicle,Cloudy,Dry,Daylight,No Controls,"Not Suspect of Alcohol Use, Not Suspect of Drug Use","Not Suspect of Alcohol Use, Not Suspect of Drug Use",60388359-732C-4F22-9B8D-CF95802FAD93,Pedestrian,Cross/Enter Not at Intersection,None (No Improper Action),Travel Lane Other Location,No,No Apparent Injury,None,39.09948456,-77.15952203,"    (39.09948456, -77.15952203)"
MCP2710004L,250041683,MONTGOMERY,Injury Crash,09/16/2025 04:20:00 PM,,,,"Parking Lot Way        2223 BEL PRE RD, PARKING LOT,  IFO ALDI, CROSSWALK",,Pedestrian,Single Vehicle,Rain,,Daylight,,"Not Suspect of Alcohol Use, Not Suspect of Drug Use","Not Suspect of Alcohol Use, Not Suspect of Drug Use",D998DE90-34E7-4AF9-B6E8-965D7F1C2CF2,Pedestrian,Other,None (No Improper Action),Other,No,Possible Injury,None,39.09194015,-77.04735531,"    (39.09194015, -77.04735531)"
MCP2855005S,250041506,MONTGOMERY,Injury Crash,09/15/2025 05:33:00 PM,Maryland (State) Route,,,,,Pedestrian,Single Vehicle,Clear,Dry,Daylight,Traffic Control Signal,"Not Suspect of Alcohol Use, Not Suspect of Drug Use","Not Suspect of Alcohol Use, Not Suspect of Drug Use",8CE3CFE2-45A4-4009-A263-1103CF7BC5BA,Pedestrian,Cross/Enter Not at Intersection,Failure to Yield Right-Of-Way,Intersection Other,Yes,Possible Injury,None,38.99817733,-77.00313533,"    (38.99817733, -77.00313533)"
MCP3374003L,250041620,MONTGOMERY,Injury Crash,09/15/2025 03:40:00 PM,County Route,ROOSEVELT ST,OLD GEORGETOWN RD,,,Cyclist (non-electric),Single Vehicle,Clear,Dry,Daylight,Stop Sign,"Not Suspect of Alcohol Use, Not Suspect of Drug Use","Not Suspect of Alcohol Use, Not Suspect of Drug Use",05726F9E-1A54-4A1B-B4C4-861E2E9F19E7,Cyclist (non-electric),Walking/Cycling on Sidewalk,None (No Improper Action),Intersection Other,No,Suspected Minor Injury,Unknown,38.99585387,-77.10877253,"    (38.99585387, -77.10877253)"
MCP3408001W,250041127,MONTGOMERY,Injury Crash,09/13/2025 10:19:00 AM,County Route,13TH ST,,,,Pedestrian,Single Vehicle,Clear,Dry,Daylight,Traffic Control Signal,"Not Suspect of Alcohol Use, Not Suspect of Drug Use","Not Suspect of Alcohol Use, Not Suspect of Drug Use",A078C1D1-E67A-4956-B7B4-57518A68DC1D,Pedestrian,Cross/Enter at Intersection,None (No Improper Action),Intersection Marked Crosswalk,No,Suspected Minor Injury,None,38.98736426,-77.02679136,"    (38.98736426, -77.02679136)"
MCP22980185,250040955,MONTGOMERY,Injury Crash,09/12/2025 8:46,Other Public Roadway,OBSERVATION DR,,,,Pedestrian,Single Vehicle,Clear,Wet,Daylight,Stop Sign,"Unknown, Unknown","Not Suspect of Alcohol Use, Not Suspect of Drug Use",14DEED85-F854-4F12-88F6-A5FC0022A83C,Pedestrian,Cross/Enter at Intersection,None (No Improper Action),Intersection Marked Crosswalk,No,Possible Injury,None,39.18743818,-77.24876419,"    (39.18743818, -77.24876419)"
MCP296500BJ,250040784,MONTGOMERY,Injury Crash,09/11/2025 6:56,,,,"Parking Lot Way        15509 NEW HAMPSHIARE AVE, SILVER SPRING, MD 20905",,Pedestrian,Single Vehicle,Cloudy,,Dawn,,"Unknown, Unknown","Not Suspect of Alcohol Use, Not Suspect of Drug Use",AF679595-FA97-42E3-8DA5-D5AAC0A17C36,Pedestrian,Other,None (No Improper Action),Other,No,Suspected Minor Injury,None,39.1102339,-76.99575384,"    (39.1102339, -76.99575384)"
MCP32620066,250040689,MONTGOMERY,Injury Crash,09/10/2025 15:30,US (State),COLUMBIA PIKE,,,,Pedestrian,Unknown,Clear,Dry,Daylight,Traffic Control Signal,"Not Suspect of Alcohol Use, Not Suspect of Drug Use","Not Suspect of Alcohol Use, Not Suspect of Drug Use",E9A84AB3-F665-463F-AF35-E0673A6C21AE,Pedestrian,None,None (No Improper Action),Intersection Marked Crosswalk,No,Suspected Minor Injury,None,39.07320197,-76.95565145,"    (39.07320197, -76.95565145)"
MCP33300033,250040664,MONTGOMERY,Injury Crash,09/10/2025 13:30,County Route,KENSINGTON BLVD,GRANDVIEW AVE,,,Pedestrian,Single Vehicle,Rain,Wet,Daylight,Stop Sign,"Not Suspect of Alcohol Use, Not Suspect of Drug Use","Not Suspect of Alcohol Use, Not Suspect of Drug Use",4775C951-80F0-4E44-9349-6ACEAC87F606,Pedestrian,Cross/Enter at Intersection,None (No Improper Action),Intersection Marked Crosswalk,No,Suspected Minor Injury,None,39.04172642,-77.05317159,"    (39.04172642, -77.05317159)"
MCP209400PN,250040613,MONTGOMERY,Injury Crash,09/10/2025 8:52,County Route,MOHICAN RD,MACARTHUR BLVD,,,Pedestrian,Single Vehicle,Rain,Wet,Daylight,No Controls,"Not Suspect of Alcohol Use, Not Suspect of Drug Use","Not Suspect of Alcohol Use, Not Suspect of Drug Use",82EE1B4E-4401-474A-9606-692FC89EA07A,Pedestrian,Cross/Enter Not at Intersection,Dart/Dash,Travel Lane Other Location,Yes,Suspected Serious Injury,None,38.96097698,-77.13300019,"    (38.96097698, -77.13300019)"
MCP3074006M,250040524,MONTGOMERY,Injury Crash,09/09/2025 17:15,County Route,,,,,Cyclist (non-electric),Single Vehicle,Clear,Dry,Daylight,No Controls,"Not Suspect of Alcohol Use, Not Suspect of Drug Use","Not Suspect of Alcohol Use, Not Suspect of Drug Use",EA210BB8-A7AD-4645-B888-D1BB7FE1D948,Cyclist (non-electric),Walking/Cycling Along Roadway With Traffic (In or Adjacent to Travel Lane),None (No Improper Action),OnStreet Buffered Bike Lanes,No,Suspected Minor Injury,Helmet,39.01588066,-77.03820376,"    (39.01588066, -77.03820376)"
MCP33470034,250040503,MONTGOMERY,Injury Crash,09/09/2025 15:00,County Route,MARINELLI RD (EB/L),ROCKVILLE PIKE (SB/L),,,Pedestrian,Single Vehicle,Clear,Dry,Daylight,Traffic Control Signal,"Not Suspect of Alcohol Use, Not Suspect of Drug Use","Not Suspect of Alcohol Use, Not Suspect of Drug Use",8EE6C008-4531-4FBD-86A8-E4C18879932B,Pedestrian,Cross/Enter at Intersection,None (No Improper Action),Intersection Marked Crosswalk,No,Suspected Minor Injury,None,39.04702869,-77.11287836,"    (39.04702869, -77.11287836)"
DD5644004C,250040480,ROCKVILLE,Injury Crash,09/09/2025 13:58,Municipality Route,CRABB AVE,N HORNERS LA,,,Cyclist (non-electric),Single Vehicle,Clear,Dry,Daylight,Stop Sign,"Not Suspect of Alcohol Use, Not Suspect of Drug Use","Not Suspect of Alcohol Use, Not Suspect of Drug Use",E09A0D1C-2FC4-403C-8DC6-C7999536B34C,Cyclist (non-electric),Cross/Enter at Intersection,Dart/Dash,Intersection Marked Crosswalk,Yes,Suspected Minor Injury,None,39.08875226,-77.14344483,"    (39.08875226, -77.14344483)"
MCP25520085,250121790,MONTGOMERY,Injury Crash,09/09/2025 13:10,County Route,QUINCE ORCHARD RD,,,,Cyclist (non-electric),Single Vehicle,Clear,Dry,Daylight,No Controls,"Not Suspect of Alcohol Use, Not Suspect of Drug Use","Not Suspect of Alcohol Use, Not Suspect of Drug Use",D7DB478E-DA23-4978-B3F2-BE03AAA4C2A4,Cyclist (non-electric),Walking/Cycling Along Roadway With Traffic (In or Adjacent to Travel Lane),None (No Improper Action),Travel Lane Other Location,No,Suspected Minor Injury,"Helmet, Protective Pads (elbows, knees, shins, etc.), Reflectors",39.09149124,-77.24870112,"    (39.09149124, -77.24870112)"
MCP29160035,250040411,MONTGOMERY,Injury Crash,09/09/2025 9:00,Maryland (State) Route,OLNEY SANDY SPRING RD,,,,Pedestrian,Single Vehicle,Clear,Dry,Daylight,No Controls,"Not Suspect of Alcohol Use, Not Suspect of Drug Use","Not Suspect of Alcohol Use, Not Suspect of Drug Use",A5BCDDFF-94E8-48A2-88D7-B00A48F3F6BD,Pedestrian,Walking/Cycling Along Roadway With Traffic (In or Adjacent to Travel Lane),None (No Improper Action),Shoulder/Roadside,No,Suspected Minor Injury,None,39.14627615,-77.04020721,"    (39.14627615, -77.04020721)"