Report Number,Local Case Number,Agency Name,ACRS Report Type,Crash Date/Time,Route Type,Road Name,Cross-Street Name,Off-Road Description,Municipality,Related Non-Motorist,Collision Type,Weather,Surface Condition,Light,Traffic Control,Driver Substance Abuse,Non-Motorist Substance Abuse,Person ID,Pedestrian Type,Pedestrian Movement,Pedestrian Actions,Pedestrian Location,At Fault,Injury Severity,Safety Equipment,Latitude,Longitude,Location
MCP2181005M,250037163,MONTGOMERY,Fatal Crash,08/20/2025 07:34:00 AM,Maryland (State) Route,FREDERICK RD (SB/L),,,,Pedestrian,Single Vehicle,Rain,Wet,Daylight,Traffic Control Signal,"Not Suspect of Alcohol Use, Not Suspect of Drug Use","Unknown, Suspect of Drug Use",FC32F240-29F9-4D7D-B15A-03A45DDB61A3,Pedestrian,Cross/Enter Not at Intersection,Dart/Dash,Travel Lane Other Location,No,Fatal Injury,None,39.20404173,-77.24598275,"    (39.20404173, -77.24598275)"
HA2433001G,25001788,MCPARK,Injury Crash,08/19/2025 07:44:00 PM,County Route,WESTLAKE DR (SB/L),,,,Scooter (electric),Single Vehicle,Clear,Dry,Dark - Lighted,Stop Sign,"Not Suspect of Alcohol Use, Not Suspect of Drug Use","Not Suspect of Alcohol Use, Not Suspect of Drug Use",2E4D4B5E-21DA-415C-92A5-98ECE5B89521,Scooter (electric),Cross/Enter at Intersection,"Dart/Dash, Improper Passing, Improper Turn/Merge), Not Visible (Dark Clothing, No Lighting, etc.), Wrong-Way Riding or Walking",Intersection Unmarked Crosswalk,No,Suspected Minor Injury,None,39.02912907,-77.14728814,"    (39.02912907, -77.14728814)"
MCP29310088,250037081,MONTGOMERY,Injury Crash,08/19/2025 04:22:00 PM,,,,Parking Lot Way        2100 CHAPMAN AVE,,Pedestrian,Single Vehicle,Clear,,Daylight,,"Not Suspect of Alcohol Use, Not Suspect of Drug Use","Not Suspect of Alcohol Use, Not Suspect of Drug Use",04D26975-55D1-4199-B864-D28444CB62E5,Pedestrian,None,None (No Improper Action),Travel Lane Other Location,No,Suspected Minor Injury,"Reflective Wear (backpack, triangles, etc.)",39.05773333,-77.11644692,"    (39.05773333, -77.11644692)"
MCP284600BN,250037004,MONTGOMERY,Injury Crash,08/19/2025 09:50:00 AM,County Route,GRAND PRE RD,,,,Pedestrian,Single Vehicle,Rain,Wet,Daylight,No Controls,"Not Suspect of Alcohol Use, Not Suspect of Drug Use","Not Suspect of Alcohol Use, Not Suspect of Drug Use",4885F982-64E5-4AB8-AA78-C03D9FF786F8,Pedestrian,Cross/Enter Not at Intersection,Dart/Dash,Intersection Unmarked Crosswalk,No,Suspected Minor Injury,None,39.09273383,-77.07647,"    (39.09273383, -77.07647)"
EJ7898006Q,250036983,GAITHERSBURG,Injury Crash,08/19/2025 06:23:00 AM,Bicycle Route,,,,,Cyclist (Electric),Single Vehicle,Cloudy,Dry,Daylight,Traffic Control Signal,"Not Suspect of Alcohol Use, Not Suspect of Drug Use","Not Suspect of Alcohol Use, Not Suspect of Drug Use",82427791-D34E-4942-BCEA-93F9DED442B2,Cyclist (Electric),Cross/Enter at Intersection,None (No Improper Action),Intersection Marked Crosswalk,No,Suspected Serious Injury,None,39.15388367,-77.21396733,"    (39.15388367, -77.21396733)"
MCP3284002P,250036981,MONTGOMERY,Injury Crash,08/18/2025 03:24:00 AM,US (State),COLUMBIA PIKE (SB/L),,,,Pedestrian,Single Vehicle,Clear,Dry,Dark - Lighted,No Controls,"Not Suspect of Alcohol Use, Not Suspect of Drug Use","Unknown, Unknown",C4E6CB8B-1393-4209-89C6-BBC3E2D48FFA,Pedestrian,Walking/Cycling Along Roadway With Traffic (In or Adjacent to Travel Lane),"In Roadway Improperly (Standing, Lying, Working, Playing)",Travel Lane Other Location,Yes,Suspected Serious Injury,None,39.08985772,-76.94265212,"    (39.08985772, -76.94265212)"
MCP3094006D,250036639,MONTGOMERY,Injury Crash,08/16/2025 06:13:00 PM,,,,"Parking Stall        PARKING LOT OF 19425 WOODFIELD RD, GAITHERSBURG, MD 20879",,Pedestrian,Other,Clear,,Daylight,,"Not Suspect of Alcohol Use, Not Suspect of Drug Use","Not Suspect of Alcohol Use, Not Suspect of Drug Use",F77A89FF-0A8C-47D3-97FE-8CCC00C5E589,Pedestrian,Walking/Cycling Along Roadway Against Traffic (In or Adjacent to Travel Lane),None (No Improper Action),Other,No,Suspected Serious Injury,None,39.1764974,-77.15032987,"    (39.1764974, -77.15032987)"
EJ7875006Y,250036611,GAITHERSBURG,Injury Crash,08/16/2025 03:25:00 PM,Bicycle Route,,,,,Cyclist (non-electric),Single Vehicle,Clear,Dry,Daylight,No Controls,"Not Suspect of Alcohol Use, Not Suspect of Drug Use","Not Suspect of Alcohol Use, Not Suspect of Drug Use",4846B963-4530-4E79-A6D6-F7199CFA07DD,Cyclist (non-electric),None,None (No Improper Action),Intersection Marked Crosswalk,No,Suspected Minor Injury,Helmet,39.12544511,-77.23388974,"    (39.12544511, -77.23388974)"
MCP33620062,250036583,MONTGOMERY,Injury Crash,08/16/2025 12:03:00 PM,,,,"Driveway        EXIT OF BLAIR HIGH SCHOOL, ONTO COLESVILLE ROAD NORTHBOUND AT CROSSWALK",,Cyclist (non-electric),Single Vehicle,Clear,,Daylight,,"Unknown, Unknown","Not Suspect of Alcohol Use, Not Suspect of Drug Use",B46D3E18-094C-4702-813C-5432F0D072A7,Cyclist (non-electric),Cross/Enter at Intersection,None (No Improper Action),Intersection Marked Crosswalk,No,Suspected Minor Injury,Helmet,39.01901441,-77.01364108,"    (39.01901441, -77.01364108)"
MCP2783006Q,250036391,MONTGOMERY,Injury Crash,08/15/2025 12:47:00 AM,Maryland (State) Route,GEORGIA AVE,,,,Pedestrian,Single Vehicle,Clear,Dry,Dark - Lighted,No Controls,"Unknown, Unknown","Unknown, Unknown",70CF1386-DC54-466F-9285-A44E62452534,Pedestrian,Cross/Enter Not at Intersection,Other,Travel Lane Other Location,Yes,Suspected Serious Injury,None,39.06106726,-77.05213999,"    (39.06106726, -77.05213999)"
MCP30900090,250036372,MONTGOMERY,Injury Crash,08/14/2025 08:19:00 PM,Local Route,RETAIL PL,CLUB HOUSE RD RIDGELINE DR,,,Pedestrian,Single Vehicle,Clear,Dry,Dark - Lighted,Pedestrian Crossing,"Not Suspect of Alcohol Use, Not Suspect of Drug Use","Suspect of Alcohol Use, Not Suspect of Drug Use",888BA3D7-CBB5-4F2F-85BC-C79990BD783F,Pedestrian,Cross/Enter at Intersection,Unknown,Intersection Marked Crosswalk,Yes,Suspected Minor Injury,None,39.17450002,-77.20509292,"    (39.17450002, -77.20509292)"
MCP9429001M,250036162,MONTGOMERY,Injury Crash,08/13/2025 03:56:00 PM,,,,Parking Lot Way        8600 COLESVILLE RD    GAS STAION PARKING LOT,,Scooter (electric),Single Vehicle,Cloudy,,Daylight,,"Unknown, Unknown","Not Suspect of Alcohol Use, Not Suspect of Drug Use",5ED2C71A-408F-4FEB-8DD4-E9845EC1582E,Scooter (electric),Walking/Cycling on Sidewalk,None (No Improper Action),Sidewalk,Yes,Possible Injury,None,38.99581518,-77.0287247,"    (38.99581518, -77.0287247)"
MCP3457001G,250035978,MONTGOMERY,Property Damage Crash,08/12/2025 16:25,County Route,SILVER SPRING AVE,,,,Scooter (electric),Single Vehicle,Clear,Dry,Daylight,No Controls,"Not Suspect of Alcohol Use, Not Suspect of Drug Use","Not Suspect of Alcohol Use, Not Suspect of Drug Use",4FA1C4FE-593A-4898-BB2D-D2E871B4E94D,Scooter (electric),Walking/Cycling Along Roadway With Traffic (In or Adjacent to Travel Lane),None (No Improper Action),Travel Lane Other Location,No,No Apparent Injury,None,38.99171262,-77.02519531,"    (38.99171262, -77.02519531)"
MCP2898006D,250035963,MONTGOMERY,Injury Crash,08/12/2025 15:46,,,,Private Road        SIDEWALK OF 21123 TULIP POPLAR WAY,,Pedestrian,Single Vehicle,Clear,,Daylight,,"Not Suspect of Alcohol Use, Not Suspect of Drug Use","Not Suspect of Alcohol Use, Not Suspect of Drug Use",FC27DB5A-2CB9-496A-8AF8-FC11762985CD,Pedestrian,Standing,None (No Improper Action),Sidewalk,No,Suspected Minor Injury,None,39.20390465,-77.23508737,"    (39.20390465, -77.23508737)"
MCP3171002R,250035892,MONTGOMERY,Injury Crash,08/12/2025 10:48,County Route,WISTERIA DR,,,,Cyclist (non-electric),Single Vehicle,Clear,Dry,Daylight,No Controls,"Not Suspect of Alcohol Use, Not Suspect of Drug Use","Not Suspect of Alcohol Use, Not Suspect of Drug Use",9EA2CF7A-2F22-4800-8ED9-D6BC9A6002D7,Cyclist (non-electric),Walking/Cycling on Sidewalk,None (No Improper Action),Intersection Marked Crosswalk,No,Suspected Minor Injury,None,39.17647867,-77.26931207,"    (39.17647867, -77.26931207)"
MCP24550088,250035523,MONTGOMERY,Injury Crash,08/09/2025 16:58,Private Route,,ROCKVILLE PIKE (SB/L),,,Scooter (electric),Single Vehicle,Clear,Dry,Daylight,Traffic Control Signal,"Unknown, Unknown","Not Suspect of Alcohol Use, Not Suspect of Drug Use",135D59C6-8E86-480B-95DE-0DB657B1F916,Scooter (electric),Cross/Enter at Intersection,None (No Improper Action),Intersection Marked Crosswalk,No,Suspected Minor Injury,None,39.05500474,-77.11840446,"    (39.05500474, -77.11840446)"
MCP24550088,250035523,MONTGOMERY,Injury Crash,08/09/2025 16:58,Private Route,,ROCKVILLE PIKE (SB/L),,,Scooter (electric),Single Vehicle,Clear,Dry,Daylight,Traffic Control Signal,"Unknown, Unknown","Not Suspect of Alcohol Use, Not Suspect of Drug Use",B850D13F-2863-47F4-9B5A-F7359C313050,Scooter (electric),Cross/Enter at Intersection,None (No Improper Action),Intersection Marked Crosswalk,No,No Apparent Injury,None,39.05500474,-77.11840446,"    (39.05500474, -77.11840446)"
MCP3339005F,250035406,MONTGOMERY,Property Damage Crash,08/08/2025 20:50,County Route,GRANDVIEW AVE,ARVIN ST,,,Cyclist (non-electric),Single Vehicle,Clear,Dry,Dark - Not Lighted,No Controls,"Unknown, Unknown","Not Suspect of Alcohol Use, Not Suspect of Drug Use",985984B7-0210-4093-AA1A-CEB74DCCC6C6,Cyclist (non-electric),Cross/Enter at Intersection,"Failure to Obey Traffic Signs, Signals, or Officer",Intersection Other,Yes,No Apparent Injury,None,39.0495395,-77.05296483,"    (39.0495395, -77.05296483)"
MCP2203009M,250035270,MONTGOMERY,Injury Crash,08/07/2025 20:45,County Route,REEDIE DR,GEORGIA AVE,,,Pedestrian,Single Vehicle,Clear,Dry,Dark - Lighted,Pedestrian Crossing Sign,"Not Suspect of Alcohol Use, Not Suspect of Drug Use","Suspect of Alcohol Use, Not Suspect of Drug Use",4D985C32-C01D-41EA-9499-6181A37EA413,Pedestrian,Cross/Enter at Intersection,Unknown,Intersection Marked Crosswalk,No,Possible Injury,None,39.03859966,-77.05071892,"    (39.03859966, -77.05071892)"
MCP2671004K,250035185,MONTGOMERY,Injury Crash,08/07/2025 15:58,County Route,ALLEY,,,,Pedestrian,Single Vehicle,Clear,Dry,Daylight,Lane Use Control Signal,"Not Suspect of Alcohol Use, Not Suspect of Drug Use","Not Suspect of Alcohol Use, Not Suspect of Drug Use",1351C05A-DCD1-4A2D-8817-214E15E10AD4,Pedestrian,Cross/Enter Not at Intersection,Dart/Dash,Travel Lane Other Location,Yes,Suspected Minor Injury,None,38.99689433,-77.02804904,"    (38.99689433, -77.02804904)"
MCP2717010L,250035161,MONTGOMERY,Fatal Crash,08/07/2025 14:11,County Route,KARA LA,E RANDOLPH RD,,,Cyclist (non-electric),Single Vehicle,Clear,Dry,Daylight,Stop Sign,"Not Suspect of Alcohol Use, Not Suspect of Drug Use","Not Suspect of Alcohol Use, Not Suspect of Drug Use",ADEC7B03-BD3A-43DC-BBCA-B94564AA474E,Cyclist (non-electric),Cross/Enter at Intersection,None (No Improper Action),Intersection Unmarked Crosswalk,No,Fatal Injury,Helmet,39.07554986,-77.00037267,"    (39.07554986, -77.00037267)"
MCP2286006R,250035051,MONTGOMERY,Injury Crash,08/06/2025 18:16,Maryland (State) Route,ROCKVILLE PIKE,,,,Pedestrian,Single Vehicle,Clear,Dry,Daylight,Traffic Control Signal,"Not Suspect of Alcohol Use, Not Suspect of Drug Use","Not Suspect of Alcohol Use, Not Suspect of Drug Use",A1F04567-4C62-4AFE-A61A-58D00E964864,Pedestrian,Cross/Enter at Intersection,None (No Improper Action),Intersection Marked Crosswalk,No,Suspected Minor Injury,None,39.05813909,-77.12068699,"    (39.05813909, -77.12068699)"
EJ7888007Y,250034705,GAITHERSBURG,Injury Crash,08/04/2025 16:45,Maryland (State) Route,S FREDERICK RD,,,,Cyclist (Electric),Single Vehicle,Clear,Dry,Daylight,No Controls,"Not Suspect of Alcohol Use, Not Suspect of Drug Use","Not Suspect of Alcohol Use, Not Suspect of Drug Use",AFF87DAE-A764-4D13-84F7-AE4D806F2414,Cyclist (Electric),Walking/Cycling on Sidewalk,None (No Improper Action),Driveway Access,No,Suspected Minor Injury,None,39.12865468,-77.18565936,"    (39.12865468, -77.18565936)"
MCP2162005K,250034702,MONTGOMERY,Injury Crash,08/04/2025 16:44,County Route,TUCKERMAN LA (EB/L),,,,Cyclist (non-electric),Single Vehicle,Clear,Dry,Daylight,Stop Sign,"Not Suspect of Alcohol Use, Not Suspect of Drug Use","Not Suspect of Alcohol Use, Not Suspect of Drug Use",830B1B9B-4FA6-41A4-9446-CAF632E7E9FA,Cyclist (non-electric),Cross/Enter Not at Intersection,None (No Improper Action),Midblock Marked Crosswalk,No,Suspected Minor Injury,Helmet,39.03072171,-77.10383012,"    (39.03072171, -77.10383012)"
MCP3085006B,250034676,MONTGOMERY,Injury Crash,08/04/2025 14:58,County Route,NEBEL ST,,,,Pedestrian,Single Vehicle,Clear,Dry,Daylight,No Controls,"Not Suspect of Alcohol Use, Not Suspect of Drug Use","Not Suspect of Alcohol Use, Not Suspect of Drug Use",8119CC48-01EA-4D25-8B97-FBD3705EACE8,Pedestrian,Standing,None (No Improper Action),Other,No,Suspected Minor Injury,Other,39.0495185,-77.10728917,"    (39.0495185, -77.10728917)"
MCP235800DY,250034389,MONTGOMERY,Injury Crash,08/02/2025 9:30,Other Public Roadway,LOGAN DR,LOGAN DR PERSIMMON TREE RD,,,Cyclist (non-electric),Single Vehicle,Clear,Dry,Daylight,Stop Sign,"Not Suspect of Alcohol Use, Not Suspect of Drug Use","Not Suspect of Alcohol Use, Not Suspect of Drug Use",BFB7FEA4-E36C-413B-BCAE-AC7675E81576,Cyclist (non-electric),None,None (No Improper Action),Travel Lane Other Location,No,Suspected Serious Injury,Unknown,39.00841004,-77.20069514,"    (39.00841004, -77.20069514)"
MCP3243001X,250034283,MONTGOMERY,Injury Crash,08/01/2025 14:35,Maryland (State) Route,EAST WEST HWY,,,,Cyclist (Electric),Single Vehicle,Cloudy,Dry,Daylight,No Controls,"Not Suspect of Alcohol Use, Not Suspect of Drug Use","Not Suspect of Alcohol Use, Not Suspect of Drug Use",3D96B804-B099-4761-8E3C-965A2C5A3000,Cyclist (Electric),Walking/Cycling Along Roadway With Traffic (In or Adjacent to Travel Lane),None (No Improper Action),Shoulder/Roadside,No,Suspected Minor Injury,None,38.98704833,-77.08403,"    (38.98704833, -77.08403)"
MCP34020042,250034254,MONTGOMERY,Injury Crash,08/01/2025 12:30,County Route,SERPENTINE WAY,,,,Cyclist (Electric),Single Vehicle,Clear,Dry,Daylight,No Controls,"Not Suspect of Alcohol Use, Not Suspect of Drug Use","Not Suspect of Alcohol Use, Not Suspect of Drug Use",949728AE-7DDC-44BD-89A4-E4517B865DB0,Cyclist (Electric),Other,"Failure to Yield Right-Of-Way, Improper Turn/Merge)",Other,Yes,No Apparent Injury,None,39.06742567,-76.96954062,"    (39.06742567, -76.96954062)"
MCP06170072,250034392,MONTGOMERY,Injury Crash,08/01/2025 9:11,County Route,HOWARD CHAPEL RD,SUNDOWN RD,,,Cyclist (non-electric),Single Vehicle,Clear,Dry,Daylight,No Controls,"Not Suspect of Alcohol Use, Not Suspect of Drug Use","Not Suspect of Alcohol Use, Not Suspect of Drug Use",F06D7190-A374-44B0-9EA1-E990E1F2047C,Cyclist (non-electric),Walking/Cycling Along Roadway With Traffic (In or Adjacent to Travel Lane),Improper Turn/Merge),Shoulder/Roadside,No,Suspected Serious Injury,"Helmet, Reflectors",39.22375411,-77.07725625,"    (39.22375411, -77.07725625)"
MCP304800F7,250034202,MONTGOMERY,Injury Crash,08/01/2025 7:30,Maryland (State) Route,,CORDELL AVE,,,Pedestrian,Single Vehicle,Cloudy,Wet,Daylight,Stop Sign,"Not Suspect of Alcohol Use, Not Suspect of Drug Use","Not Suspect of Alcohol Use, Not Suspect of Drug Use",7F929EDB-19D6-4FA4-885C-83719786D393,Pedestrian,Cross/Enter at Intersection,None (No Improper Action),Intersection Marked Crosswalk,No,Suspected Minor Injury,None,38.98794589,-77.09950925,"    (38.98794589, -77.09950925)"
MCP32950054,250034153,MONTGOMERY,Injury Crash,07/31/2025 05:21:00 PM,Local Route,TREETOP DR,OLD COLUMBIA PIKE TECH RD,,,Pedestrian,Single Vehicle,Rain,Wet,Daylight,Stop Sign,"Not Suspect of Alcohol Use, Not Suspect of Drug Use","Not Suspect of Alcohol Use, Not Suspect of Drug Use",24761B8A-DB48-465D-BD7E-0574A9081348,Pedestrian,Cross/Enter at Intersection,Unknown,Intersection Marked Crosswalk,No,Possible Injury,None,39.05884094,-76.96935377,"    (39.05884094, -76.96935377)"
MCP32210047,250034138,MONTGOMERY,Injury Crash,07/31/2025 03:22:00 PM,Municipality Route,W KERSEY LA,FALLS RD KERSEY LA,,,Cyclist (non-electric),Single Vehicle,Rain,Wet,Daylight,Traffic Control Signal,"Not Suspect of Alcohol Use, Not Suspect of Drug Use","Not Suspect of Alcohol Use, Not Suspect of Drug Use",87F8A79D-F784-4748-AE8B-5B601CF77D22,Cyclist (non-electric),Cross/Enter at Intersection,None (No Improper Action),Intersection Marked Crosswalk,No,Suspected Minor Injury,Helmet,39.06647462,-77.17413855,"    (39.06647462, -77.17413855)"
MCP31630090,250034131,MONTGOMERY,Injury Crash,07/31/2025 02:50:00 PM,,,,Parking Aisle        PARKING GARAGE ENTRANCE OF 10306 STRAHTMORE HALL ST,,Pedestrian,Single Vehicle,Rain,,Daylight,,"Not Suspect of Alcohol Use, Not Suspect of Drug Use","Not Suspect of Alcohol Use, Not Suspect of Drug Use",98EC139E-7684-49CF-8660-F7DC380C5E8D,Pedestrian,None,None (No Improper Action),Other,No,Suspected Minor Injury,None,39.02586154,-77.10237375,"    (39.02586154, -77.10237375)"
MCP3227006K,250034393,MONTGOMERY,Injury Crash,07/31/2025 11:00:00 AM,County Route,SECOND AVE,,,,Cyclist (non-electric),Single Vehicle,Unknown,,Unknown,No Controls,"Not Suspect of Alcohol Use, Not Suspect of Drug Use","Not Suspect of Alcohol Use, Not Suspect of Drug Use",F6740C67-C982-4850-9783-66AE8BBC43F9,Cyclist (non-electric),Walking/Cycling on Sidewalk,Unknown,Driveway Access,No,Suspected Minor Injury,Unknown,38.99519992,-77.03122251,"    (38.99519992, -77.03122251)"
MCP27610077,250034085,MONTGOMERY,Injury Crash,07/31/2025 10:04:00 AM,County Route,RIDGE RD,OBSERVATION DR (SB/L),,,Cyclist (non-electric),Single Vehicle,Cloudy,Dry,Daylight,Traffic Control Signal,"Not Suspect of Alcohol Use, Not Suspect of Drug Use","Not Suspect of Alcohol Use, Not Suspect of Drug Use",C55724A6-4389-4AF1-BDC8-52E496826F0B,Cyclist (non-electric),Cross/Enter at Intersection,None (No Improper Action),Intersection Marked Crosswalk,No,Suspected Minor Injury,None,39.20194144,-77.25339824,"    (39.20194144, -77.25339824)"
MCP22700052,250033979,MONTGOMERY,Injury Crash,07/30/2025 03:10:00 PM,,,,Parking Lot Way        PARKING LOT OF FACILITY,,Pedestrian,Single Vehicle,Clear,,Daylight,,"Not Suspect of Alcohol Use, Not Suspect of Drug Use","Not Suspect of Alcohol Use, Not Suspect of Drug Use",E33011DA-4847-450C-89E7-F7BC83F2F7CC,Pedestrian,Other,Unknown,Other,No,Suspected Minor Injury,None,39.0396768,-77.158239,"    (39.0396768, -77.158239)"
MCP291700F5,250033950,MONTGOMERY,Injury Crash,07/30/2025 12:58:00 PM,Maryland (State) Route,GEORGIA AVE (SB/L),EMORY LA,,,Cyclist (non-electric),Single Vehicle,Clear,Dry,Daylight,Traffic Control Signal,"Not Suspect of Alcohol Use, Not Suspect of Drug Use","Not Suspect of Alcohol Use, Not Suspect of Drug Use",722BF538-8CCE-488D-8B4D-9ECC5A7BB92D,Cyclist (non-electric),Walking/Cycling Along Roadway With Traffic (In or Adjacent to Travel Lane),Other,Intersection Other,No,Suspected Minor Injury,Helmet,39.12615506,-77.07252597,"    (39.12615506, -77.07252597)"
MCP272600DT,250033929,MONTGOMERY,Injury Crash,07/30/2025 11:27:00 AM,Maryland (State) Route,FREDERICK RD,,,,Scooter (electric),Single Vehicle,Clear,Dry,Daylight,No Controls,"Not Suspect of Alcohol Use, Not Suspect of Drug Use","Not Suspect of Alcohol Use, Not Suspect of Drug Use",837715B0-7132-440D-BDD1-BE810BBFD44F,Scooter (electric),Walking/Cycling Along Roadway With Traffic (In or Adjacent to Travel Lane),Other,Travel Lane Other Location,Yes,Suspected Minor Injury,None,39.10778468,-77.15898545,"    (39.10778468, -77.15898545)"
EJ7887005X,250033906,GAITHERSBURG,Injury Crash,07/30/2025 09:50:00 AM,,,,Parking Lot Way        IN FRONT OR 225 MUDDY BRANCH RD,,Pedestrian,Single Vehicle,Clear,,Daylight,,"Not Suspect of Alcohol Use, Not Suspect of Drug Use","Not Suspect of Alcohol Use, Not Suspect of Drug Use",89D94BD8-A5D2-4F0E-B3BA-3EF508DADEF9,Pedestrian,Cross/Enter at Intersection,None (No Improper Action),Intersection Marked Crosswalk,No,Suspected Minor Injury,None,39.1280205,-77.20596567,"    (39.1280205, -77.20596567)"
MCP2286006Q,250033835,MONTGOMERY,Injury Crash,07/29/2025 06:30:00 PM,Private Route,,,,,Pedestrian,Single Vehicle,Clear,Dry,Daylight,Pedestrian Crossing Sign,"Not Suspect of Alcohol Use, Not Suspect of Drug Use","Not Suspect of Alcohol Use, Unknown",BA71CE7D-2B10-447C-B048-FF4152401341,Pedestrian,Cross/Enter Not at Intersection,"In Roadway Improperly (Standing, Lying, Working, Playing)",Travel Lane Other Location,Yes,Possible Injury,None,39.11986319,-77.16505189,"    (39.11986319, -77.16505189)"
MCP1534001H,250033739,MONTGOMERY,Property Damage Crash,07/29/2025 12:20:00 PM,Maryland (State) Route,RIDGE RD (SB/L),,,,Occupant Of a Non-Motor Vehicle Transportation Device,Single Vehicle,Clear,Dry,Daylight,No Controls,"Not Suspect of Alcohol Use, Not Suspect of Drug Use","Not Suspect of Alcohol Use, Not Suspect of Drug Use",B48E66DA-1B0E-4820-BB2F-58AB3F1D15D3,Occupant Of a Non-Motor Vehicle Transportation Device,Walking/Cycling on Sidewalk,None (No Improper Action),Driveway Access,No,No Apparent Injury,None,39.2865527,-77.20846614,"    (39.2865527, -77.20846614)"
MCP312900D3,250033551,MONTGOMERY,Injury Crash,07/29/2025 10:26:00 AM,,,,"Parking Stall        PARKING LOT OF 7-ELEVEN LOCATED AT 14101 GEORGIA AVE, SILVER SPRING MD 20906",,Pedestrian,Front to Rear,Clear,,Daylight,,"Unknown, Unknown","Not Suspect of Alcohol Use, Not Suspect of Drug Use",F51BDEAD-E6D9-4E18-8B7C-FF876940570F,Pedestrian,Standing,None (No Improper Action),Other,No,Suspected Minor Injury,None,39.08525203,-77.07805725,"    (39.08525203, -77.07805725)"
MCP22700051,250033704,MONTGOMERY,Injury Crash,07/29/2025 09:45:00 AM,County Route,MACARTHUR BLVD,ERICSSON RD,,,Cyclist (non-electric),Single Vehicle,Clear,Dry,Daylight,Stop Sign,"Not Suspect of Alcohol Use, Not Suspect of Drug Use","Not Suspect of Alcohol Use, Not Suspect of Drug Use",A79BC201-DD05-4B6A-B325-E5662A969302,Cyclist (non-electric),Cross/Enter at Intersection,Failure to Yield Right-Of-Way,Intersection Marked Crosswalk,Yes,Suspected Minor Injury,Helmet,38.97280562,-77.1525608,"    (38.97280562, -77.1525608)"