Report Number,Local Case Number,Agency Name,ACRS Report Type,Crash Date/Time,Route Type,Road Name,Cross-Street Name,Off-Road Description,Municipality,Related Non-Motorist,Collision Type,Weather,Surface Condition,Light,Traffic Control,Driver Substance Abuse,Non-Motorist Substance Abuse,Person ID,Pedestrian Type,Pedestrian Movement,Pedestrian Actions,Pedestrian Location,At Fault,Injury Severity,Safety Equipment,Latitude,Longitude,Location
MCP284600B8,250020425,MONTGOMERY,Injury Crash,05/09/2025 9:30,Maryland (State) Route,MUNCASTER MILL RD,,,,Pedestrian,Unknown,Rain,Wet,Daylight,Pedestrian Crossing,"Not Suspect of Alcohol Use, Not Suspect of Drug Use","Not Suspect of Alcohol Use, Not Suspect of Drug Use",D4FD5ACA-2EA5-4D6D-88E0-14962CEF9228,Pedestrian,Cross/Enter at Intersection,Dart/Dash,Intersection Marked Crosswalk,Yes,Suspected Minor Injury,None,39.10891144,-77.08008727,"    (39.10891144, -77.08008727)"
MCP235800DP,250020405,MONTGOMERY,Injury Crash,05/09/2025 6:49,County Route,WESTBARD AVE,,,,Pedestrian,Single Vehicle,Rain,Wet,Daylight,Traffic Control Signal,"Not Suspect of Alcohol Use, Not Suspect of Drug Use","Not Suspect of Alcohol Use, Not Suspect of Drug Use",7D5B7E11-CFB0-4255-9D28-D6D4098E700A,Pedestrian,Cross/Enter at Intersection,None (No Improper Action),Intersection Marked Crosswalk,No,Suspected Minor Injury,None,38.96370034,-77.10657709,"    (38.96370034, -77.10657709)"
MCP3053008R,250020345,MONTGOMERY,Property Damage Crash,05/08/2025 18:15,,,,Parking Lot Way        PARKING LOT OF 12325 GEORGIA AVE,,Cyclist (non-electric),Unknown,Clear,,Daylight,,"Not Suspect of Alcohol Use, Not Suspect of Drug Use","Unknown, Unknown",C199BC61-E835-43A3-8E95-0253D01D196B,Cyclist (non-electric),Cross/Enter Not at Intersection,Dart/Dash,Other,No,No Apparent Injury,None,39.05977367,-77.04914167,"    (39.05977367, -77.04914167)"
MCP3230006Y,250020302,MONTGOMERY,Injury Crash,05/08/2025 15:05,County Route,TURKEY BRANCH PKWY,INDEPENDENCE ST,,,Scooter (electric),Single Vehicle,Clear,Dry,Daylight,No Controls,"Not Suspect of Alcohol Use, Not Suspect of Drug Use","Not Suspect of Alcohol Use, Not Suspect of Drug Use",9F129704-88F8-4443-ABB7-B7D7ACB1786B,Scooter (electric),Cross/Enter at Intersection,Failure to Yield Right-Of-Way,Intersection Unmarked Crosswalk,No,Suspected Minor Injury,None,39.07575217,-77.08181067,"    (39.07575217, -77.08181067)"
DD5583009P,250020118,ROCKVILLE,Property Damage Crash,05/07/2025 14:11,Spur,,,,,Cyclist (Electric),Single Vehicle,Clear,Dry,Daylight,Pedestrian Crossing Sign,"Not Suspect of Alcohol Use, Not Suspect of Drug Use","Not Suspect of Alcohol Use, Not Suspect of Drug Use",60D3D145-1E39-4B3A-9BAD-4238DD9BBC3E,Cyclist (Electric),Cross/Enter at Intersection,Failure to Yield Right-Of-Way,Intersection Marked Crosswalk,No,No Apparent Injury,None,39.09189755,-77.15368625,"    (39.09189755, -77.15368625)"
MCP2612005M,250020271,MONTGOMERY,Injury Crash,05/07/2025 12:57,County Route,GRANDVIEW AVE,WEISMAN RD,,,Pedestrian,Single Vehicle,Clear,Dry,Daylight,Stop Sign,"Unknown, Unknown","Unknown, Unknown",7F0989EF-A3B2-4180-B9B6-E4F92CAE7BD7,Pedestrian,Cross/Enter at Intersection,None (No Improper Action),Intersection Marked Crosswalk,No,Possible Injury,None,39.04308501,-77.05313664,"    (39.04308501, -77.05313664)"
MCP3441000K,250019866,MONTGOMERY,Injury Crash,05/06/2025 12:19,County Route,CHESTNUT ST,WISCONSIN AVE,,,Cyclist (Electric),Single Vehicle,Clear,Dry,Daylight,No Controls,"Not Suspect of Alcohol Use, Not Suspect of Drug Use","Not Suspect of Alcohol Use, Not Suspect of Drug Use",6514C085-24E0-4D14-972D-A269FBBC6775,Cyclist (Electric),Walking/Cycling on Sidewalk,None (No Improper Action),Intersection Marked Crosswalk,No,Suspected Minor Injury,None,38.9934644,-77.09608134,"    (38.9934644, -77.09608134)"
MCP3190006K,250019790,MONTGOMERY,Injury Crash,05/05/2025 20:08,County Route,,GEORGIA AVE,,,Scooter (electric),Single Vehicle,Rain,Wet,Dark - Lighted,Pedestrian Crossing Sign,"Not Suspect of Alcohol Use, Not Suspect of Drug Use","Not Suspect of Alcohol Use, Not Suspect of Drug Use",58842BCC-C176-4970-8AF0-8D654C085D52,Scooter (electric),Cross/Enter at Intersection,None (No Improper Action),Intersection Marked Crosswalk,No,Suspected Minor Injury,None,39.15040469,-77.0661939,"    (39.15040469, -77.0661939)"
MCP28980065,250019778,MONTGOMERY,Injury Crash,05/05/2025 18:15,County Route,CROSS LAUREL DR,BLUNT RD,,,Cyclist (non-electric),Single Vehicle,Clear,Dry,Daylight,Stop Sign,"Not Suspect of Alcohol Use, Not Suspect of Drug Use","Not Suspect of Alcohol Use, Not Suspect of Drug Use",6103156C-4640-41AC-A674-E400E3038090,Cyclist (non-electric),Cross/Enter at Intersection,Failure to Yield Right-Of-Way,Intersection Unmarked Crosswalk,Yes,Possible Injury,None,39.18953575,-77.22873291,"    (39.18953575, -77.22873291)"
MCP3446000B,250019637,MONTGOMERY,Injury Crash,05/05/2025 5:50,Maryland (State) Route,GEORGIA AVE,,,,Pedestrian,Single Vehicle,Clear,Dry,Dawn,No Controls,"Not Suspect of Alcohol Use, Not Suspect of Drug Use","Not Suspect of Alcohol Use, Not Suspect of Drug Use",E1700068-D8CB-47ED-808A-52173D45A890,Pedestrian,Walking/Cycling Along Roadway With Traffic (In or Adjacent to Travel Lane),Unknown,Shoulder/Roadside,Yes,Possible Injury,None,39.04179456,-77.05172645,"    (39.04179456, -77.05172645)"
MCP3031006Y,250019612,MONTGOMERY,Injury Crash,05/04/2025 20:15,,,,Parking Lot Way        PARKING LOT OF 15000 GOOD HOPE ROAD,,Pedestrian,Single Vehicle,Clear,,Daylight,,"Unknown, Unknown","Not Suspect of Alcohol Use, Not Suspect of Drug Use",89D9265A-D146-4E10-BCD3-B4DB1FAD3B72,Pedestrian,Cross/Enter at Intersection,Unknown,Shoulder/Roadside,No,Possible Injury,None,39.10358272,-76.9821169,"    (39.10358272, -76.9821169)"
MCP2939007N,250019601,MONTGOMERY,Injury Crash,05/04/2025 17:15,,,,"Private Road        DRIVE WAY OF 28105 RIDGE RD DAMASCUS, MD",,Cyclist (non-electric),Single Vehicle,Clear,,Daylight,,"Not Suspect of Alcohol Use, Not Suspect of Drug Use","Not Suspect of Alcohol Use, Not Suspect of Drug Use",6B90621E-1412-424A-A209-1B542AA78BE5,Cyclist (non-electric),Other,Other,OffStreet Trails or Sidepaths,No,Suspected Minor Injury,Unknown,39.31833178,-77.19482398,"    (39.31833178, -77.19482398)"
MCP1233006L,250019300,MONTGOMERY,Injury Crash,05/02/2025 18:31,Maryland (State) Route,CONNECTICUT AVE (SB/L),DECATUR AVE,,,Cyclist (Electric),Single Vehicle,Clear,Dry,Daylight,Pedestrian Crossing,"Suspect of Alcohol Use, Unknown","Not Suspect of Alcohol Use, Not Suspect of Drug Use",CFE7C2D3-0B83-4ECF-A18C-B4178535CA9F,Cyclist (Electric),Cross/Enter at Intersection,None (No Improper Action),Intersection Marked Crosswalk,No,Suspected Minor Injury,Helmet,39.03381721,-77.07540322,"    (39.03381721, -77.07540322)"
MCP30680068,250019299,MONTGOMERY,Injury Crash,05/02/2025 18:26,Local Route,TRADE ST,,,,Pedestrian,Single Vehicle,Clear,Dry,Daylight,Stop Sign,"Not Suspect of Alcohol Use, Not Suspect of Drug Use","Not Suspect of Alcohol Use, Not Suspect of Drug Use",C3733EEC-B17A-4109-8AA2-5CBB00F62E2A,Pedestrian,Cross/Enter at Intersection,None (No Improper Action),Intersection Marked Crosswalk,No,Suspected Minor Injury,None,39.05104758,-77.11639779,"    (39.05104758, -77.11639779)"
MCP30680068,250019299,MONTGOMERY,Injury Crash,05/02/2025 18:26,Local Route,TRADE ST,,,,Pedestrian,Single Vehicle,Clear,Dry,Daylight,Stop Sign,"Not Suspect of Alcohol Use, Not Suspect of Drug Use","Not Suspect of Alcohol Use, Not Suspect of Drug Use",9F10B6BC-A812-460B-A782-C41938BF8E41,Pedestrian,Cross/Enter at Intersection,None (No Improper Action),Intersection Marked Crosswalk,No,Suspected Minor Injury,None,39.05104758,-77.11639779,"    (39.05104758, -77.11639779)"
MCP3233005L,250019138,MONTGOMERY,Injury Crash,05/01/2025 18:01,Maryland (State) Route,UNIVERSITY BLVD E,,,,Pedestrian,Single Vehicle,Clear,Dry,Daylight,No Controls,"Not Suspect of Alcohol Use, Not Suspect of Drug Use","Not Suspect of Alcohol Use, Not Suspect of Drug Use",E99309FB-D20D-44BB-B951-F1B0C1A6470C,Pedestrian,Cross/Enter at Intersection,None (No Improper Action),Intersection Marked Crosswalk,No,Suspected Minor Injury,None,39.00353059,-76.99634808,"    (39.00353059, -76.99634808)"
MCP2270004Q,250019005,MONTGOMERY,Property Damage Crash,05/01/2025 8:35,County Route,ROOSEVELT ST,OLD GEORGETOWN RD (SB/L),,,Cyclist (non-electric),Single Vehicle,Clear,Dry,Daylight,Stop Sign,"Not Suspect of Alcohol Use, Not Suspect of Drug Use","Not Suspect of Alcohol Use, Not Suspect of Drug Use",D516A9C8-B2A8-4FFF-B1EE-3E63F35612DB,Cyclist (non-electric),Walking/Cycling on Sidewalk,Failure to Yield Right-Of-Way,Intersection Marked Crosswalk,Yes,No Apparent Injury,None,38.99594801,-77.10958911,"    (38.99594801, -77.10958911)"
DD5567007V,250019000,ROCKVILLE,Property Damage Crash,05/01/2025 7:54,Bicycle Route,,SEVEN LOCKS RD,,,Cyclist (Electric),Single Vehicle,Clear,Dry,Daylight,Traffic Control Signal,"Not Suspect of Alcohol Use, Not Suspect of Drug Use","Not Suspect of Alcohol Use, Not Suspect of Drug Use",DA96E765-501F-405C-A5A9-DE6B67EFD57F,Cyclist (Electric),Cross/Enter at Intersection,"Failure to Obey Traffic Signs, Signals, or Officer",Intersection Marked Crosswalk,No,No Apparent Injury,"Helmet, Other",39.06703834,-77.16172338,"    (39.06703834, -77.16172338)"
MCP33390055,250018965,MONTGOMERY,Injury Crash,04/30/2025 08:20:00 PM,,,,"Parking Stall        NORBECK SAFEWAY
5510 NORBECK ROAD",,Pedestrian,Single Vehicle,Clear,,Dark - Lighted,,"Not Suspect of Alcohol Use, Not Suspect of Drug Use","Not Suspect of Alcohol Use, Not Suspect of Drug Use",52ED4613-9400-4135-BA7F-21D7AE456DC6,Pedestrian,Other,None (No Improper Action),Other,No,Possible Injury,None,39.09441981,-77.11032623,"    (39.09441981, -77.11032623)"
MCP3096004M,250018971,MONTGOMERY,Injury Crash,04/30/2025 07:30:00 PM,Local Route,BOUNTY COVE CT,CHISHOLM LANDING WAY,,,Scooter (non-Electric),Single Vehicle,Clear,Dry,Daylight,No Controls,"Not Suspect of Alcohol Use, Not Suspect of Drug Use","Not Suspect of Alcohol Use, Not Suspect of Drug Use",BACB968D-F918-433C-8E2A-24436EF023AE,Scooter (non-Electric),Cross/Enter at Intersection,"In Roadway Improperly (Standing, Lying, Working, Playing)",Intersection Other,Yes,Suspected Minor Injury,Unknown,39.09875976,-77.21973191,"    (39.09875976, -77.21973191)"
MCP3127004J,250018940,MONTGOMERY,Injury Crash,04/30/2025 06:35:00 PM,County Route,BRADMOOR DR,,,,Cyclist (non-electric),Single Vehicle,Clear,Dry,Daylight,Stop Sign,"Not Suspect of Alcohol Use, Not Suspect of Drug Use","Not Suspect of Alcohol Use, Not Suspect of Drug Use",2961E802-6E05-4D57-ABA8-481038DD2C3B,Cyclist (non-electric),Walking/Cycling Along Roadway With Traffic (In or Adjacent to Travel Lane),None (No Improper Action),Intersection Unmarked Crosswalk,No,Suspected Minor Injury,Helmet,38.99319903,-77.11894625,"    (38.99319903, -77.11894625)"
MCP137801CQ,250018919,MONTGOMERY,Injury Crash,04/30/2025 04:25:00 PM,Municipality Route,N SUMMIT AVE,E DIAMOND AVE S SUMMIT AVE,,,Pedestrian,Single Vehicle,Cloudy,Dry,Daylight,Traffic Control Signal,"Not Suspect of Alcohol Use, Not Suspect of Drug Use","Not Suspect of Alcohol Use, Not Suspect of Drug Use",CF1B8B0F-4119-4E06-A9A9-24DD8420EFBD,Pedestrian,Cross/Enter at Intersection,None (No Improper Action),Intersection Marked Crosswalk,No,Possible Injury,None,39.14215337,-77.19338117,"    (39.14215337, -77.19338117)"
MCP3352002S,250018954,MONTGOMERY,Property Damage Crash,04/30/2025 01:40:00 PM,County Route,MONTGOMERY VILLAGE AVE (SB/L),CENTER CT,,,Cyclist (Electric),Single Vehicle,Clear,Dry,Daylight,No Controls,"Unknown, Unknown","Not Suspect of Alcohol Use, Not Suspect of Drug Use",09F0CA17-E2FD-4162-9A28-18DBCF5C9CC6,Cyclist (Electric),Walking/Cycling Along Roadway With Traffic (In or Adjacent to Travel Lane),None (No Improper Action),Travel Lane Other Location,No,No Apparent Injury,Helmet,39.16801402,-77.20505374,"    (39.16801402, -77.20505374)"
MCP31110096,250018856,MONTGOMERY,Injury Crash,04/30/2025 11:52:00 AM,County Route,ARLINGTON RD,,,,Pedestrian,Single Vehicle,Clear,Dry,Daylight,Traffic Control Signal,"Not Suspect of Alcohol Use, Not Suspect of Drug Use","Not Suspect of Alcohol Use, Not Suspect of Drug Use",DE73F107-44A1-4A25-9BE2-E215CF6D4832,Pedestrian,Cross/Enter at Intersection,"Dart/Dash, Inattentive (Talking, Eating, etc.)",Intersection Marked Crosswalk,Yes,Possible Injury,None,38.97946486,-77.09862167,"    (38.97946486, -77.09862167)"
MCP31110096,250018856,MONTGOMERY,Injury Crash,04/30/2025 11:52:00 AM,County Route,ARLINGTON RD,,,,Pedestrian,Single Vehicle,Clear,Dry,Daylight,Traffic Control Signal,"Not Suspect of Alcohol Use, Not Suspect of Drug Use","Not Suspect of Alcohol Use, Not Suspect of Drug Use",55A30B43-167E-4AC3-AF4F-E725A274C5B2,Pedestrian,Cross/Enter at Intersection,"Dart/Dash, Inattentive (Talking, Eating, etc.)",Intersection Marked Crosswalk,Yes,Possible Injury,None,38.97946486,-77.09862167,"    (38.97946486, -77.09862167)"
MCP29050075,250018828,MONTGOMERY,Injury Crash,04/30/2025 08:23:00 AM,Local Route,CAPITAL CRESCENT TR,DORSET AVE (EB/L),,,Pedestrian,Single Vehicle,Cloudy,Wet,Daylight,Pedestrian Crossing,"Not Suspect of Alcohol Use, Not Suspect of Drug Use","Not Suspect of Alcohol Use, Not Suspect of Drug Use",9577C052-A733-492C-B153-9DD124217E81,Pedestrian,Cross/Enter at Intersection,None (No Improper Action),Intersection Marked Crosswalk,No,Possible Injury,None,38.96877864,-77.10251028,"    (38.96877864, -77.10251028)"
MCP34240018,250018812,MONTGOMERY,Injury Crash,04/30/2025 03:53:00 AM,,,,Parking Lot Way        ROAD BEHIND 15801 GAITHER DR,,Cyclist (non-electric),Single Vehicle,Rain,,Dark - Not Lighted,,"Not Suspect of Alcohol Use, Not Suspect of Drug Use","Not Suspect of Alcohol Use, Not Suspect of Drug Use",3B1A34FA-C761-4797-8E99-F3900A5AA3B7,Cyclist (non-electric),Cross/Enter at Intersection,Failure to Yield Right-Of-Way,Intersection Other,Yes,Suspected Minor Injury,None,39.11544211,-77.18925842,"    (39.11544211, -77.18925842)"
HA2372001L,25000768,MCPARK,Injury Crash,04/29/2025 07:15:00 PM,Government Route,BEACH DR,OLD SPRING RD,,,Cyclist (non-electric),Single Vehicle,Clear,Dry,Daylight,No Controls,"Not Suspect of Alcohol Use, Not Suspect of Drug Use","Not Suspect of Alcohol Use, Not Suspect of Drug Use",93558175-7163-4E07-9A06-A2C1FFD479A7,Cyclist (non-electric),Cross/Enter at Intersection,Unknown,Intersection Marked Crosswalk,No,Suspected Minor Injury,Helmet,39.01179769,-77.06792851,"    (39.01179769, -77.06792851)"
MCP3148007X,250018717,MONTGOMERY,Property Damage Crash,04/29/2025 02:28:00 PM,,,,Parking Stall        PARKING LOT OF 8500 16TH ST,,Pedestrian,Rear To Rear,Clear,,Daylight,,"Unknown, Unknown","Not Suspect of Alcohol Use, Not Suspect of Drug Use",E4BF528A-2843-4B9F-B2B1-0565B825F0B2,Pedestrian,Other,None (No Improper Action),Other,No,No Apparent Injury,None,38.9954905,-77.03744397,"    (38.9954905, -77.03744397)"
MCP3358002Y,250018672,MONTGOMERY,Property Damage Crash,04/29/2025 10:55:00 AM,Local Route,PERRY AVE,CONNECTICUT AVE (SB/L),,,Cyclist (Electric),Single Vehicle,Clear,Dry,Daylight,Traffic Control Signal,"Not Suspect of Alcohol Use, Not Suspect of Drug Use","Not Suspect of Alcohol Use, Not Suspect of Drug Use",A30A69B6-D76C-4FA0-8BAC-606DAF8CBA99,Cyclist (Electric),Walking/Cycling Along Roadway With Traffic (In or Adjacent to Travel Lane),"Failure to Obey Traffic Signs, Signals, or Officer",Intersection Other,No,No Apparent Injury,Helmet,39.03279503,-77.07516486,"    (39.03279503, -77.07516486)"
MCP320000FS,250018584,MONTGOMERY,Injury Crash,04/28/2025 08:00:00 PM,Maryland (State) Route,ROCKVILLE PIKE (SB/L),WILSON DR,,,Cyclist (non-electric),Single Vehicle,Clear,Dry,Dusk,Traffic Control Signal,"Not Suspect of Alcohol Use, Not Suspect of Drug Use","Not Suspect of Alcohol Use, Not Suspect of Drug Use",F4616710-BAA6-4CBB-8A3F-5F167027CCCD,Cyclist (non-electric),Cross/Enter at Intersection,"Dart/Dash, Failure to Obey Traffic Signs, Signals, or Officer, Failure to Yield Right-Of-Way",Intersection Marked Crosswalk,Yes,Suspected Minor Injury,Helmet,39.00255353,-77.09729803,"    (39.00255353, -77.09729803)"
MCP285300B5,250018581,MONTGOMERY,Property Damage Crash,04/28/2025 07:43:00 PM,Maryland (State) Route,UNIVERSITY BLVD E (WB/L),LEXINGTON DR,,,Cyclist (Electric),Single Vehicle,Clear,Dry,Daylight,Traffic Control Signal,"Not Suspect of Alcohol Use, Not Suspect of Drug Use","Not Suspect of Alcohol Use, Not Suspect of Drug Use",E172F4DB-78D4-491F-AE2C-8FF7DF8608B2,Cyclist (Electric),Cross/Enter at Intersection,Unknown,Intersection Marked Crosswalk,No,No Apparent Injury,None,39.01952764,-77.01077837,"    (39.01952764, -77.01077837)"
MCP2939007K,250018565,MONTGOMERY,Injury Crash,04/28/2025 05:37:00 PM,,,,Parking Aisle        PARKING LOT OF GIANT LOCATED AT 20944 FREDERICK RD GERMANTOWN MD,,Occupant of Motor Vehicle Not in Transport,Single Vehicle,Clear,,Daylight,,"Not Suspect of Alcohol Use, Not Suspect of Drug Use, Unknown, Unknown","Not Suspect of Alcohol Use, Not Suspect of Drug Use",4B208CF7-E68A-41B7-B920-891ABD292BA4,Occupant of Motor Vehicle Not in Transport,Getting Off/On Vehicle,None (No Improper Action),Other,No,Suspected Minor Injury,None,39.20254922,-77.24779627,"    (39.20254922, -77.24779627)"
MCP3426001N,250018471,MONTGOMERY,Injury Crash,04/28/2025 12:11:00 PM,Maryland (State) Route,ROCKVILLE PIKE,,,,Pedestrian,Single Vehicle,Clear,Dry,Daylight,No Controls,"Not Suspect of Alcohol Use, Not Suspect of Drug Use","Not Suspect of Alcohol Use, Not Suspect of Drug Use",EB11B3DB-6BD9-466D-81EB-AB41533BDBDC,Pedestrian,Cross/Enter at Intersection,Unknown,Travel Lane Other Location,No,Suspected Serious Injury,Unknown,39.03848093,-77.10844427,"    (39.03848093, -77.10844427)"
MCP3455000C,250018582,MONTGOMERY,Property Damage Crash,04/28/2025 08:00:00 AM,Maryland (State) Route,GEORGIA AVE (SB/L),UNIVERSITY BLVD W,,,Cyclist (Electric),Single Vehicle,Clear,Dry,Daylight,Traffic Control Signal,"Not Suspect of Alcohol Use, Not Suspect of Drug Use","Not Suspect of Alcohol Use, Not Suspect of Drug Use",7F1152D8-906F-45F3-B1B6-BDBE84F983B3,Cyclist (Electric),Cross/Enter at Intersection,"Failure to Obey Traffic Signs, Signals, or Officer",Intersection Other,Yes,No Apparent Injury,None,39.04149693,-77.05177486,"    (39.04149693, -77.05177486)"
MCP12270029,250018231,MONTGOMERY,Fatal Crash,04/26/2025 09:59:00 PM,County Route,ASPEN HILL RD (SB/L),GEORGIA AVE,,,Pedestrian,Single Vehicle,Clear,Dry,Dark - Lighted,Pedestrian Crossing,"Not Suspect of Alcohol Use, Not Suspect of Drug Use","Suspect of Alcohol Use, Suspect of Drug Use",66384293-7DC1-47BE-90A0-B55F775C2970,Pedestrian,Cross/Enter Not at Intersection,Failure to Yield Right-Of-Way,Travel Lane Other Location,Yes,Fatal Injury,None,39.08082916,-77.07518121,"    (39.08082916, -77.07518121)"
DD56480041,250018131,ROCKVILLE,Injury Crash,04/26/2025 11:30:00 AM,,,,"Parking Stall        500 N HORNERS LN ROCKVILLE, MD 20851 - MARYVALE MARKET",,Pedestrian,Single Vehicle,Cloudy,,Daylight,,,"Not Suspect of Alcohol Use, Not Suspect of Drug Use",4BF19F5C-4297-442C-BDEB-D364AA084B7C,Pedestrian,Other,Other,Other,Yes,Suspected Minor Injury,None,39.0909312,-77.1437559,"    (39.0909312, -77.1437559)"
DD5681000F,250018113,ROCKVILLE,Injury Crash,04/26/2025 09:20:00 AM,,,,Parking Stall        PARKING LOT IN FRONT OF JERSEY MIKE'S SUBS,,Pedestrian,Single Vehicle,Cloudy,,Daylight,,"Not Suspect of Alcohol Use, Not Suspect of Drug Use","Not Suspect of Alcohol Use, Not Suspect of Drug Use",6E6277C0-27C1-44F0-A3EF-85BAAD7C06D0,Pedestrian,None,None (No Improper Action),NonTrafficway Area,No,Suspected Minor Injury,None,39.0971145,-77.1918468,"    (39.0971145, -77.1918468)"
MCP29050074,250017934,MONTGOMERY,Injury Crash,04/25/2025 08:51:00 AM,County Route,GRANT ST,GREENTREE RD,,,Cyclist (non-electric),Single Vehicle,Clear,Dry,Daylight,Stop Sign,"Not Suspect of Alcohol Use, Not Suspect of Drug Use","Not Suspect of Alcohol Use, Not Suspect of Drug Use",493F7FE8-3E7D-4E8C-AA78-00DBEDC4C097,Cyclist (non-electric),Cross/Enter at Intersection,Dart/Dash,Intersection Marked Crosswalk,Yes,Suspected Minor Injury,Helmet,39.00027589,-77.11222986,"    (39.00027589, -77.11222986)"
MCP26350090,250017893,MONTGOMERY,Fatal Crash,04/24/2025 09:01:00 PM,County Route,SHADY GROVE RD,BLACKWELL RD,,,Pedestrian,Single Vehicle,Clear,Dry,Dark - Lighted,Traffic Control Signal,"Not Suspect of Alcohol Use, Not Suspect of Drug Use","Unknown, Unknown",C1DD3855-3FBC-47E0-92D5-B2A895DFA572,Pedestrian,Cross/Enter at Intersection,"Dart/Dash, Failure to Obey Traffic Signs, Signals, or Officer",Intersection Marked Crosswalk,No,Fatal Injury,None,39.10085154,-77.19177496,"    (39.10085154, -77.19177496)"
MCP3201007Z,250017574,MONTGOMERY,Injury Crash,04/23/2025 09:01:00 AM,County Route,SCOTTSBURY DR,SHAKESPEARE BLVD,,,Cyclist (non-electric),Single Vehicle,Clear,Dry,Daylight,No Controls,"Not Suspect of Alcohol Use, Not Suspect of Drug Use","Not Suspect of Alcohol Use, Not Suspect of Drug Use",7CC67F5D-8B6A-4E09-B61B-C238684613D2,Cyclist (non-electric),Cross/Enter at Intersection,Failure to Yield Right-Of-Way,Travel Lane Other Location,Yes,Suspected Minor Injury,Helmet,39.19760395,-77.2396623,"    (39.19760395, -77.2396623)"
MCP2347005H,250017381,MONTGOMERY,Injury Crash,04/23/2025 07:49:00 AM,Ramp,RAMP 2 FR MD 200 WB TO BRIGGS CHANEY RD,,,,Pedestrian,Single Vehicle,Clear,Dry,Daylight,Pedestrian Crossing Sign,"Not Suspect of Alcohol Use, Not Suspect of Drug Use","Not Suspect of Alcohol Use, Not Suspect of Drug Use",18531E22-E343-46EC-BDB1-4A5C2275CACE,Pedestrian,Cross/Enter at Intersection,None (No Improper Action),Intersection Marked Crosswalk,No,Suspected Minor Injury,None,39.07427954,-76.93995673,"    (39.07427954, -76.93995673)"