Report Number,Local Case Number,Agency Name,ACRS Report Type,Crash Date/Time,Route Type,Road Name,Cross-Street Name,Off-Road Description,Municipality,Related Non-Motorist,Collision Type,Weather,Surface Condition,Light,Traffic Control,Driver Substance Abuse,Non-Motorist Substance Abuse,Person ID,Pedestrian Type,Pedestrian Movement,Pedestrian Actions,Pedestrian Location,At Fault,Injury Severity,Safety Equipment,Latitude,Longitude,Location
MCP30670032,250017560,MONTGOMERY,Injury Crash,04/23/2025 07:35:00 AM,County Route,HOB HILL WAY,MONTGOMERY VILLAGE AVE,,,Pedestrian,Single Vehicle,Clear,Dry,Daylight,Pedestrian Crossing,"Not Suspect of Alcohol Use, Not Suspect of Drug Use","Not Suspect of Alcohol Use, Not Suspect of Drug Use",3E0A6530-F2E8-4BF3-80B9-4F1F4D169A6A,Pedestrian,None,None (No Improper Action),Intersection Marked Crosswalk,No,Suspected Minor Injury,None,39.18695983,-77.19826417,"    (39.18695983, -77.19826417)"
DD5681000C,250017274,ROCKVILLE,Injury Crash,04/21/2025 01:47:00 PM,,,,Parking Lot Way        METRO BUS PARKING CIRCLE,,Pedestrian,Single Vehicle,Cloudy,,Daylight,,"Not Suspect of Alcohol Use, Not Suspect of Drug Use","Not Suspect of Alcohol Use, Not Suspect of Drug Use",EE26371E-A70F-4793-A77B-2F78D372821F,Pedestrian,Walking/Cycling on Sidewalk,None (No Improper Action),Driveway Access,Yes,Possible Injury,None,39.08527163,-77.14660449,"    (39.08527163, -77.14660449)"
MCP2962009Z,250017210,MONTGOMERY,Injury Crash,04/21/2025 08:53:00 AM,Bicycle Route,,KINGSVIEW VILLAGE AVE (NB/L),,,Pedestrian,Single Vehicle,Cloudy,Dry,Daylight,Pedestrian Crossing Sign,"Not Suspect of Alcohol Use, Not Suspect of Drug Use","Not Suspect of Alcohol Use, Not Suspect of Drug Use",2F2AB604-525B-4E88-806D-734D70B59FC4,Pedestrian,Walking/Cycling on Sidewalk,None (No Improper Action),Intersection Marked Crosswalk,No,Suspected Minor Injury,None,39.16072827,-77.27920512,"    (39.16072827, -77.27920512)"
MCP33500041,250017176,MONTGOMERY,Injury Crash,04/20/2025 09:09:00 PM,County Route,RANDOLPH RD (WB/L),,,,Cyclist (Electric),Single Vehicle,Clear,Dry,Dark - Not Lighted,No Controls,"Suspect of Alcohol Use, Not Suspect of Drug Use","Not Suspect of Alcohol Use, Not Suspect of Drug Use",33E001B8-E86C-4E45-8502-51E492E918D2,Cyclist (Electric),Walking/Cycling Along Roadway With Traffic (In or Adjacent to Travel Lane),None (No Improper Action),Travel Lane Other Location,No,Suspected Minor Injury,Unknown,39.05373798,-77.10063348,"    (39.05373798, -77.10063348)"
MCP30940063,250017151,MONTGOMERY,Injury Crash,04/20/2025 04:13:00 PM,Maryland (State) Route,,,,,Pedestrian,Single Vehicle,Clear,Dry,Daylight,No Controls,"Not Suspect of Alcohol Use, Not Suspect of Drug Use","Not Suspect of Alcohol Use, Not Suspect of Drug Use",7D8BD404-2E0F-4C93-8E70-6B44DA5793F4,Pedestrian,Cross/Enter Not at Intersection,"Dart/Dash, In Roadway Improperly (Standing, Lying, Working, Playing)",Travel Lane Other Location,Yes,Suspected Minor Injury,None,39.14660424,-77.1458093,"    (39.14660424, -77.1458093)"
MCP233900BG,250016781,MONTGOMERY,Injury Crash,04/17/2025 05:13:00 PM,,,,Parking Lot Way        PARK AND RIDE AREA OF 15903 SOMERVILLE RD. SHADY GROVE METRO STATION.,,Pedestrian,Single Vehicle,Clear,,Daylight,,"Not Suspect of Alcohol Use, Not Suspect of Drug Use","Not Suspect of Alcohol Use, Not Suspect of Drug Use",8B030F86-AFB8-46FB-B5C4-76D803C31C5A,Pedestrian,Standing,None (No Improper Action),Other,No,Possible Injury,None,39.11994633,-77.16515667,"    (39.11994633, -77.16515667)"
MCP3330002W,250016733,MONTGOMERY,Injury Crash,04/17/2025 02:18:00 PM,Maryland (State) Route,VEIRS MILL RD,FERRARA AVE FERRARA AVE (SB/L),,,Pedestrian,Single Vehicle,Clear,Dry,Daylight,Pedestrian Crossing Sign,"Not Suspect of Alcohol Use, Not Suspect of Drug Use","Unknown, Unknown",248612A0-5C8C-4E23-BC08-216249585FE3,Pedestrian,Cross/Enter at Intersection,None (No Improper Action),Intersection Marked Crosswalk,No,Suspected Minor Injury,None,39.05295634,-77.07696162,"    (39.05295634, -77.07696162)"
MCP3389000Z,250016666,MONTGOMERY,Injury Crash,04/17/2025 08:56:00 AM,Maryland (State) Route,COLESVILLE RD,,,,Pedestrian,Single Vehicle,Clear,Dry,Daylight,No Controls,"Unknown, Unknown","Not Suspect of Alcohol Use, Not Suspect of Drug Use",CED6D830-ED9B-4DD9-9068-9EB09A352964,Pedestrian,None,None (No Improper Action),NonTrafficway Area,No,Suspected Minor Injury,None,38.99329581,-77.03277381,"    (38.99329581, -77.03277381)"
MCP25630023,250016562,MONTGOMERY,Fatal Crash,04/16/2025 12:48:00 PM,,,,Parking Aisle        PARKING LOT OF 515 DOVER RD,,Pedestrian,Other,Clear,,Daylight,,"Not Suspect of Alcohol Use, Not Suspect of Drug Use","Not Suspect of Alcohol Use, Not Suspect of Drug Use",2267B18C-99B8-48AE-BF19-98CFCA30FE0F,Pedestrian,Standing,None (No Improper Action),Other,No,Fatal Injury,None,39.096795,-77.1421295,"    (39.096795, -77.1421295)"
MCP25630023,250016562,MONTGOMERY,Fatal Crash,04/16/2025 12:48:00 PM,,,,Parking Aisle        PARKING LOT OF 515 DOVER RD,,Pedestrian,Other,Clear,,Daylight,,"Not Suspect of Alcohol Use, Not Suspect of Drug Use","Not Suspect of Alcohol Use, Not Suspect of Drug Use",5EFF3589-FC31-47A4-B299-24CD29C18C49,Pedestrian,Standing,None (No Improper Action),Other,No,Suspected Serious Injury,None,39.096795,-77.1421295,"    (39.096795, -77.1421295)"
MCP27040028,250016484,MONTGOMERY,Injury Crash,04/16/2025 02:32:00 AM,Maryland (State) Route,VEIRS MILL RD (WB/L),,,,Pedestrian,Front to Rear,Clear,Dry,Dark - Lighted,No Controls,"Suspect of Alcohol Use, Not Suspect of Drug Use","Not Suspect of Alcohol Use, Not Suspect of Drug Use",266054BB-735C-4022-925B-18A149CA7111,Pedestrian,Push/Work on Vehicle,"Disabled Vehicle-Related (Working on, Pushing, Leaving/Approaching)",Travel Lane Other Location,No,Suspected Minor Injury,None,39.04837841,-77.068985,"    (39.04837841, -77.068985)"
MCP2863003P,250016307,MONTGOMERY,Injury Crash,04/14/2025 05:40:00 PM,County Route,TURKEY BRANCH PKWY,,,,Cyclist (non-electric),Single Vehicle,Clear,,Daylight,No Controls,"Not Suspect of Alcohol Use, Not Suspect of Drug Use","Unknown, Unknown",17513E41-D728-46FE-B1D2-BF66AEC5F502,Cyclist (non-electric),Walking/Cycling Along Roadway With Traffic (In or Adjacent to Travel Lane),Unknown,Travel Lane Other Location,No,Suspected Minor Injury,None,39.07575782,-77.08179226,"    (39.07575782, -77.08179226)"
DD56510065,250016407,ROCKVILLE,Injury Crash,04/14/2025 01:50:00 PM,Municipality Route,,PARK RD (WB/L),,,Pedestrian,Single Vehicle,Clear,Dry,Daylight,Traffic Control Signal,"Unknown, Unknown","Not Suspect of Alcohol Use, Not Suspect of Drug Use",75186C34-0B14-4A9C-8BE6-F6F5A83EBCE0,Pedestrian,Cross/Enter at Intersection,None (No Improper Action),Intersection Marked Crosswalk,No,Suspected Minor Injury,None,39.0852506,-77.14823538,"    (39.0852506, -77.14823538)"
MCP34080016,250016181,MONTGOMERY,Injury Crash,04/13/2025 08:30:00 PM,County Route,SILVER SPRING AVE,,,,Pedestrian,Single Vehicle,Clear,Dry,Dark - Lighted,Traffic Control Signal,"Unknown, Unknown","Unknown, Unknown",5E5B97BC-D81B-4B2E-B01C-08F737AFF1CF,Pedestrian,Cross/Enter at Intersection,Unknown,Intersection Marked Crosswalk,No,Possible Injury,None,38.99161383,-77.02641286,"    (38.99161383, -77.02641286)"
EJ7781005M,250016099,GAITHERSBURG,Injury Crash,04/13/2025 12:00:00 PM,,,,Parking Lot Way        P/L OF 883 RUSSELL AVE,,Pedestrian,Single Vehicle,Clear,,Daylight,,"Unknown, Unknown","Not Suspect of Alcohol Use, Not Suspect of Drug Use",F153D5AD-6EAB-42C3-9340-4AF62D254DE4,Pedestrian,Other,None (No Improper Action),Other,No,Possible Injury,None,39.15740168,-77.21225412,"    (39.15740168, -77.21225412)"
MCP22030094,250016066,MONTGOMERY,Injury Crash,04/13/2025 06:40:00 AM,County Route,,,,,Pedestrian,Single Vehicle,Unknown,,Dark - Unknown Lighting,No Controls,"Unknown, Unknown","Unknown, Unknown",9B53915E-AE93-43CB-8F02-3F52A7BF689F,Pedestrian,Unknown,Unknown,Unknown,No,Suspected Serious Injury,None,39.04759411,-77.0511802,"    (39.04759411, -77.0511802)"
MCP3391001X,250015890,MONTGOMERY,Injury Crash,04/11/2025 21:30,,,,Parking Aisle        PARKING LOT,,Pedestrian,Single Vehicle,Rain,,Dark - Lighted,,"Not Suspect of Alcohol Use, Not Suspect of Drug Use","Not Suspect of Alcohol Use, Not Suspect of Drug Use",6C71D79C-9758-4CE3-9A56-36BC33953AB1,Pedestrian,Other,None (No Improper Action),Other,No,Suspected Minor Injury,None,39.03946517,-77.05712517,"    (39.03946517, -77.05712517)"
DD5612006N,250015847,ROCKVILLE,Injury Crash,04/11/2025 16:54,Municipality Route,CHURCH ST (WB/L),MONROE PL,,,Pedestrian,Single Vehicle,Rain,Wet,Daylight,Pedestrian Crossing,"Not Suspect of Alcohol Use, Not Suspect of Drug Use","Not Suspect of Alcohol Use, Not Suspect of Drug Use",3C2D8253-4791-467D-900A-85C6FDA5CDCC,Pedestrian,Cross/Enter at Intersection,None (No Improper Action),Intersection Marked Crosswalk,No,Suspected Minor Injury,None,39.08341211,-77.14695173,"    (39.08341211, -77.14695173)"
MCP27300053,250016207,MONTGOMERY,Injury Crash,04/11/2025 15:30,County Route,FALCONBRIDGE DR,JONES LA,,,Pedestrian,Single Vehicle,Clear,Wet,Daylight,Traffic Control Signal,"Unknown, Unknown","Not Suspect of Alcohol Use, Not Suspect of Drug Use",88BA6CB9-5182-4684-B475-4F30EE5F9BA6,Pedestrian,Standing,None (No Improper Action),Intersection Marked Crosswalk,No,Possible Injury,None,39.10395897,-77.26446587,"    (39.10395897, -77.26446587)"
MCP3268005K,250015958,MONTGOMERY,Injury Crash,04/10/2025 23:30,County Route,,,,,Pedestrian,Single Vehicle,Clear,,Dark - Not Lighted,Pedestrian Crossing Sign,"Unknown, Unknown","Not Suspect of Alcohol Use, Not Suspect of Drug Use",7CB6DD72-DF33-4E21-B827-7C1AD4AAADA7,Pedestrian,Cross/Enter at Intersection,None (No Improper Action),Intersection Marked Crosswalk,No,Suspected Minor Injury,None,39.03897286,-76.99200988,"    (39.03897286, -76.99200988)"
MCP3268005K,250015958,MONTGOMERY,Injury Crash,04/10/2025 23:30,County Route,,,,,Pedestrian,Single Vehicle,Clear,,Dark - Not Lighted,Pedestrian Crossing Sign,"Unknown, Unknown","Not Suspect of Alcohol Use, Not Suspect of Drug Use",DAE0B5F4-D996-4577-99F7-09109CB578C3,Pedestrian,Cross/Enter at Intersection,None (No Improper Action),Intersection Marked Crosswalk,No,Suspected Minor Injury,None,39.03897286,-76.99200988,"    (39.03897286, -76.99200988)"
MCP1235005Z,250015523,MONTGOMERY,Injury Crash,04/09/2025 20:25,County Route,OVERLOOK DR,NEW HAMPSHIRE AVE,,,Unknown,Single Vehicle,Clear,Dry,Dark - Not Lighted,Stop Sign,"Not Suspect of Alcohol Use, Not Suspect of Drug Use","Not Suspect of Alcohol Use, Not Suspect of Drug Use",45621917-E7DC-47C7-9F07-C5FB00AB6813,Unknown,Cross/Enter at Intersection,None (No Improper Action),Intersection Unmarked Crosswalk,No,Possible Injury,None,39.02447004,-76.97947728,"    (39.02447004, -76.97947728)"
MCP2940007Y,250015450,MONTGOMERY,Property Damage Crash,04/09/2025 14:00,,,,Parking Stall        PL OF 4601 LELAND ST,,Pedestrian,Angle,Clear,,Daylight,,"Unknown, Unknown","Not Suspect of Alcohol Use, Not Suspect of Drug Use",865F16BC-6899-4060-8BAF-179D43E8961A,Pedestrian,Standing,None (No Improper Action),NonTrafficway Area,No,No Apparent Injury,None,38.9814049,-77.09147628,"    (38.9814049, -77.09147628)"
MCP2270004P,250015454,MONTGOMERY,Injury Crash,04/09/2025 13:49,County Route,MACARTHUR BLVD,,,,Cyclist (non-electric),Single Vehicle,Clear,Dry,Daylight,No Controls,"Not Suspect of Alcohol Use, Not Suspect of Drug Use","Not Suspect of Alcohol Use, Not Suspect of Drug Use",37AB1914-4DCA-4175-A933-49685A60C926,Cyclist (non-electric),Walking/Cycling Along Roadway With Traffic (In or Adjacent to Travel Lane),None (No Improper Action),Travel Lane Other Location,Yes,Suspected Minor Injury,None,38.94555822,-77.12001221,"    (38.94555822, -77.12001221)"
MCP3355001N,250015040,MONTGOMERY,Injury Crash,04/07/2025 7:34,,,,Parking Lot Way        7-11 GAS PUMP,,Pedestrian,Single Vehicle,Rain,,Other,,"Not Suspect of Alcohol Use, Not Suspect of Drug Use","Not Suspect of Alcohol Use, Not Suspect of Drug Use",BDABC756-D33E-40F5-A0BD-24BCF39CFD48,Pedestrian,Standing,None (No Improper Action),NonTrafficway Area,No,Suspected Serious Injury,None,38.98618233,-77.0275905,"    (38.98618233, -77.0275905)"
MCP2699001W,250014786,MONTGOMERY,Injury Crash,04/04/2025 22:15,,,,Driveway        DRIVEWAY OF 5201 RANDOLPH RD,,Pedestrian,Single Vehicle,Clear,,Dark - Unknown Lighting,,,"Not Suspect of Alcohol Use, Not Suspect of Drug Use",54ED8172-8941-429D-BB75-CAC20C8BF3E8,Pedestrian,Other,Entering/Exiting Parked/Standing Vehicle,Other,No,Suspected Serious Injury,None,39.05387811,-77.10338482,"    (39.05387811, -77.10338482)"
MCP32690041,250014622,MONTGOMERY,Injury Crash,04/04/2025 1:44,Maryland (State) Route,NEW HAMPSHIRE AVE,,,,Pedestrian,Single Vehicle,Rain,Wet,Dark - Lighted,No Controls,"Unknown, Unknown","Suspect of Alcohol Use, Not Suspect of Drug Use",98DB4C95-7480-4116-8F38-416DD020B765,Pedestrian,Unknown,"Inattentive (Talking, Eating, etc.)",Shared Lane Markings),No,Suspected Serious Injury,None,39.04852236,-76.9929361,"    (39.04852236, -76.9929361)"
MCP233900BC,250014573,MONTGOMERY,Injury Crash,04/03/2025 18:20,County Route,BALTIMORE RD,,,,Pedestrian,Single Vehicle,Clear,Dry,Daylight,Pedestrian Crossing Sign,"Not Suspect of Alcohol Use, Not Suspect of Drug Use","Not Suspect of Alcohol Use, Not Suspect of Drug Use",9FE35BB6-B888-4D17-9369-7468214ED4A3,Pedestrian,Other,None (No Improper Action),Intersection Marked Crosswalk,No,Suspected Serious Injury,None,39.09070356,-77.11494712,"    (39.09070356, -77.11494712)"
MCP233900BC,250014573,MONTGOMERY,Injury Crash,04/03/2025 18:20,County Route,BALTIMORE RD,,,,Pedestrian,Single Vehicle,Clear,Dry,Daylight,Pedestrian Crossing Sign,"Not Suspect of Alcohol Use, Not Suspect of Drug Use","Not Suspect of Alcohol Use, Not Suspect of Drug Use",64CE10ED-1449-4ACE-94E9-C207BE26AF44,Pedestrian,Other,None (No Improper Action),Intersection Marked Crosswalk,No,Suspected Minor Injury,None,39.09070356,-77.11494712,"    (39.09070356, -77.11494712)"
MCP28980060,250014774,MONTGOMERY,Injury Crash,04/03/2025 17:00,County Route,SHADY GROVE RD (SB/L),COMPRINT CT,,,Pedestrian,Single Vehicle,Unknown,,Daylight,Traffic Control Signal,"Unknown, Unknown","Unknown, Unknown",336D92AF-3803-48F1-8C7B-AFB4FB0FC6E2,Pedestrian,Cross/Enter at Intersection,Unknown,Intersection Marked Crosswalk,No,Possible Injury,None,39.11913916,-77.18279159,"    (39.11913916, -77.18279159)"
DD56430058,250014417,ROCKVILLE,Injury Crash,04/02/2025 19:55,Municipality Route,THOMPSON AVE,,,,Pedestrian,Single Vehicle,Clear,Dry,Dark - Lighted,Stop Sign,,"Not Suspect of Alcohol Use, Not Suspect of Drug Use",F0C0795C-DBAE-4DDC-872A-740C4DE65FAC,Pedestrian,Walking/Cycling on Sidewalk,None (No Improper Action),Intersection Marked Crosswalk,No,Suspected Minor Injury,None,39.05938668,-77.12141418,"    (39.05938668, -77.12141418)"
MCP3450000X,250014393,MONTGOMERY,Injury Crash,04/02/2025 17:25,County Route,ASTON MANOR DR,BRIGGS CHANEY RD (WB/L),,,Pedestrian,Single Vehicle,Clear,Dry,Daylight,Stop Sign,"Not Suspect of Alcohol Use, Not Suspect of Drug Use","Not Suspect of Alcohol Use, Not Suspect of Drug Use",71C76D9D-BE3C-41A6-B7C8-5DCB5931E31B,Pedestrian,Walking/Cycling on Sidewalk,None (No Improper Action),Intersection Marked Crosswalk,No,Suspected Minor Injury,None,39.07603717,-76.9408805,"    (39.07603717, -76.9408805)"
MCP30900087,250014386,MONTGOMERY,Injury Crash,04/02/2025 16:30,Maryland (State) Route,MUNCASTER MILL RD (WB/L),,,,Pedestrian,Single Vehicle,Cloudy,Dry,Daylight,No Controls,"Not Suspect of Alcohol Use, Not Suspect of Drug Use","Not Suspect of Alcohol Use, Not Suspect of Drug Use",DBC63A7F-77E5-4369-B609-3D477F64E97A,Pedestrian,Cross/Enter Not at Intersection,Dart/Dash,Travel Lane Other Location,Yes,Suspected Minor Injury,None,39.15861606,-77.15992111,"    (39.15861606, -77.15992111)"
EJ78950075,250014278,GAITHERSBURG,Injury Crash,04/02/2025 6:55,Local Route,ROCKWELL AVE,,,,Pedestrian,Single Vehicle,Clear,Dry,Daylight,No Controls,"Not Suspect of Alcohol Use, Not Suspect of Drug Use","Not Suspect of Alcohol Use, Not Suspect of Drug Use",0C53C11D-02A2-40D5-8500-2E08274B50E7,Pedestrian,Cross/Enter Not at Intersection,None (No Improper Action),Shoulder/Roadside,No,Possible Injury,None,39.11074417,-77.19636783,"    (39.11074417, -77.19636783)"
MCP3080005G,250014048,MONTGOMERY,Injury Crash,04/01/2025 18:35,County Route,WATERS LANDING DR,,,,Pedestrian,Single Vehicle,Clear,Wet,Daylight,No Controls,"Not Suspect of Alcohol Use, Not Suspect of Drug Use","Not Suspect of Alcohol Use, Not Suspect of Drug Use",701276EA-E67F-4D65-8991-622F25B4DA35,Pedestrian,None,Unknown,Intersection Unmarked Crosswalk,Yes,Suspected Minor Injury,None,39.19163817,-77.2790653,"    (39.19163817, -77.2790653)"
MCP233900B9,250014174,MONTGOMERY,Injury Crash,04/01/2025 15:16,,,,Service Road        SHOPPING CENTER EXIT ONTO SHADY GROVE RD,,Pedestrian,Single Vehicle,Clear,,Daylight,,"Unknown, Unknown","Not Suspect of Alcohol Use, Not Suspect of Drug Use",0BE6A02F-C3CB-4E4D-ABF2-E1C68E020D3C,Pedestrian,Cross/Enter at Intersection,None (No Improper Action),Intersection Unmarked Crosswalk,No,Suspected Minor Injury,None,39.12079777,-77.17933523,"    (39.12079777, -77.17933523)"
HA2414001J,25000564,MCPARK,Injury Crash,04/01/2025 8:20,Government Route,SLIGO CREEK PKWY,,,,Pedestrian,Single Vehicle,Clear,Dry,Daylight,Stop Sign,"Unknown, Unknown","Not Suspect of Alcohol Use, Not Suspect of Drug Use",6EA6C03D-E209-4D47-B6B3-E78B99606C48,Pedestrian,Cross/Enter at Intersection,None (No Improper Action),Intersection Marked Crosswalk,No,Suspected Minor Injury,None,39.00258307,-77.01311251,"    (39.00258307, -77.01311251)"
MCP2671004B,250014072,MONTGOMERY,Property Damage Crash,03/31/2025 08:50:00 PM,,,,Parking Lot Way        GROCERY STORE PARKING LOT,,Pedestrian,Single Vehicle,Cloudy,,Dark - Lighted,,"Unknown, Unknown","Not Suspect of Alcohol Use, Not Suspect of Drug Use",77662BAE-FCA6-4DF9-BB2D-FE461353D3D4,Pedestrian,Other,None (No Improper Action),Intersection Marked Crosswalk,No,No Apparent Injury,None,38.99175865,-77.03202445,"    (38.99175865, -77.03202445)"
MCP2450005R,250014026,MONTGOMERY,Injury Crash,03/31/2025 04:48:00 PM,,,,Parking Lot Way        BOOTH ST AND MAIN ST. ENTRANCE TO SHOPPING CENTER,,Pedestrian,Single Vehicle,Clear,,Daylight,,"Not Suspect of Alcohol Use, Not Suspect of Drug Use","Not Suspect of Alcohol Use, Not Suspect of Drug Use",6763A0E2-B7B0-4004-B1E5-D53B5D05735F,Pedestrian,Unknown,Unknown,Intersection Marked Crosswalk,No,Suspected Serious Injury,None,39.12482094,-77.23980126,"    (39.12482094, -77.23980126)"
EJ7903003F,250013588,GAITHERSBURG,Injury Crash,03/30/2025 02:25:00 PM,,,,Parking Aisle        SERV ROAD BETWEEN STARBUCKS AND LIBERTY GAS,,Pedestrian,Single Vehicle,Clear,,Daylight,,"Unknown, Unknown","Not Suspect of Alcohol Use, Not Suspect of Drug Use",DAB51B99-3927-407F-A3A5-572DB2BB116B,Pedestrian,Walking/Cycling on Sidewalk,None (No Improper Action),Shoulder/Roadside,No,Suspected Minor Injury,Unknown,39.11781889,-77.25183302,"    (39.11781889, -77.25183302)"
MCP9318003V,250013760,MONTGOMERY,Injury Crash,03/29/2025 08:23:00 PM,County Route,ADELPHI RD (WB/L),NEW HAMPSHIRE AVE,,,Pedestrian,Single Vehicle,Clear,Dry,Dark - Lighted,Traffic Control Signal,"Not Suspect of Alcohol Use, Not Suspect of Drug Use, Not Suspect of Alcohol Use, Not Suspect of Drug Use, Unknown, Unknown","Not Suspect of Alcohol Use, Not Suspect of Drug Use",0C318107-E6BF-4F91-A24E-835C683887D7,Pedestrian,Cross/Enter at Intersection,Unknown,Intersection Marked Crosswalk,No,Suspected Minor Injury,Unknown,39.01146049,-76.97885649,"    (39.01146049, -76.97885649)"
MCP3094005Z,250013736,MONTGOMERY,Injury Crash,03/29/2025 04:35:00 PM,County Route,ROSEMARK CT,DREXEL HILL CIR,,,Cyclist (non-electric),Single Vehicle,Clear,Dry,Daylight,No Controls,"Not Suspect of Alcohol Use, Not Suspect of Drug Use","Not Suspect of Alcohol Use, Not Suspect of Drug Use",9DDB2709-6B38-4402-B345-243A9740FEBA,Cyclist (non-electric),Cross/Enter at Intersection,Failure to Yield Right-Of-Way,Intersection Other,Yes,Suspected Minor Injury,None,39.18405253,-77.18204946,"    (39.18405253, -77.18204946)"
MCP2771004Y,250013710,MONTGOMERY,Injury Crash,03/29/2025 02:03:00 PM,Maryland (State) Route,GEORGIA AVE,,,,Pedestrian,Single Vehicle,Cloudy,Dry,Daylight,Other,"Not Suspect of Alcohol Use, Not Suspect of Drug Use","Not Suspect of Alcohol Use, Not Suspect of Drug Use",473C1DF6-E334-4842-BA15-2957239B90E3,Pedestrian,Cross/Enter Not at Intersection,Other,Travel Lane Other Location,No,Suspected Minor Injury,Unknown,39.05289162,-77.05079097,"    (39.05289162, -77.05079097)"
MCP29320083,250013641,MONTGOMERY,Injury Crash,03/28/2025 09:52:00 PM,,,,Parking Lot Way        PARKING LOT NEXT TO 529 SOUTHAMPTON DRIVE,,Pedestrian,Single Vehicle,Clear,,Dark - Lighted,,"Unknown, Unknown","Not Suspect of Alcohol Use, Not Suspect of Drug Use",09B3273F-E43B-46C4-909A-7FAD69ADC6C7,Pedestrian,Other,None (No Improper Action),Other,No,Suspected Minor Injury,None,39.0075184,-76.98555407,"    (39.0075184, -76.98555407)"
EJ7902001V,250013364,GAITHERSBURG,Injury Crash,03/28/2025 09:20:00 PM,Maryland (State) Route,FREDERICK RD,,,,Pedestrian,Single Vehicle,Clear,Dry,Dark - Lighted,Traffic Control Signal,"Not Suspect of Alcohol Use, Not Suspect of Drug Use","Not Suspect of Alcohol Use, Not Suspect of Drug Use",526B7C91-3F55-496A-A595-65E920C12A26,Pedestrian,Cross/Enter at Intersection,None (No Improper Action),Intersection Marked Crosswalk,No,Suspected Minor Injury,None,39.1484906,-77.20697516,"    (39.1484906, -77.20697516)"
MCP3148007T,250013618,MONTGOMERY,Injury Crash,03/28/2025 06:28:00 PM,County Route,,SPENCER RD,,,Pedestrian,Single Vehicle,Rain,Wet,Daylight,Pedestrian Crossing,"Not Suspect of Alcohol Use, Not Suspect of Drug Use","Not Suspect of Alcohol Use, Not Suspect of Drug Use",D9745F27-DC54-4FAF-85BE-5BEB4759FF36,Pedestrian,Cross/Enter at Intersection,None (No Improper Action),Intersection Marked Crosswalk,No,Possible Injury,None,38.99445827,-77.05319378,"    (38.99445827, -77.05319378)"