Report Number,Local Case Number,Agency Name,ACRS Report Type,Crash Date/Time,Route Type,Road Name,Cross-Street Name,Off-Road Description,Municipality,Related Non-Motorist,Collision Type,Weather,Surface Condition,Light,Traffic Control,Driver Substance Abuse,Non-Motorist Substance Abuse,Person ID,Pedestrian Type,Pedestrian Movement,Pedestrian Actions,Pedestrian Location,At Fault,Injury Severity,Safety Equipment,Latitude,Longitude,Location
MCP31930069,250009746,MONTGOMERY,Injury Crash,03/05/2025 20:46,Maryland (State) Route,GEORGIA AVE,,,,Pedestrian,Single Vehicle,Rain,Wet,Dark - Lighted,Traffic Control Signal,"Not Suspect of Alcohol Use, Not Suspect of Drug Use","Not Suspect of Alcohol Use, Not Suspect of Drug Use",76F6CB5F-5EC4-47CC-90E2-3802DB1254FD,Pedestrian,Unknown,Unknown,Intersection Marked Crosswalk,No,Suspected Minor Injury,None,39.03872667,-77.0508055,"    (39.03872667, -77.0508055)"
MCP2466005V,250009725,MONTGOMERY,Injury Crash,03/05/2025 17:00,County Route,BROAD GREEN DR,,,,Pedestrian,Other,Clear,Wet,Daylight,No Controls,"Unknown, Unknown","Not Suspect of Alcohol Use, Not Suspect of Drug Use",7B79D2C3-F8FE-4013-B953-29AD7757AC29,Pedestrian,Standing,None (No Improper Action),Shoulder/Roadside,No,Suspected Minor Injury,None,39.04479165,-77.19693856,"    (39.04479165, -77.19693856)"
MCP2592004N,250009625,MONTGOMERY,Injury Crash,03/05/2025 9:45,,,,Parking Lot Way        PARKING LOT IN FRONT OF GAITHERSBURG LIBRARY 18330 MONTGOMERY VILLAGE AVE,,Pedestrian,Single Vehicle,Clear,,Daylight,,"Not Suspect of Alcohol Use, Not Suspect of Drug Use","Not Suspect of Alcohol Use, Not Suspect of Drug Use",FE7246AC-FFEE-44D5-A4D0-CCCED3474C9D,Pedestrian,Cross/Enter Not at Intersection,Unknown,Other,No,Possible Injury,None,39.15842918,-77.20562344,"    (39.15842918, -77.20562344)"
MCP3394001D,250009423,MONTGOMERY,Injury Crash,03/04/2025 6:03,County Route,TOWNE RD,MONTROSE PKWY,,,Cyclist (non-electric),Single Vehicle,Clear,Dry,Dark - Lighted,Traffic Control Signal,"Not Suspect of Alcohol Use, Not Suspect of Drug Use","Not Suspect of Alcohol Use, Not Suspect of Drug Use",029CE1DA-0AB2-4963-BA87-66FA5B38FD80,Cyclist (non-electric),Cross/Enter at Intersection,None (No Improper Action),OnStreet Bike Lanes,No,Suspected Minor Injury,Unknown,39.05166076,-77.11890721,"    (39.05166076, -77.11890721)"
MCP1550005W,250009192,MONTGOMERY,Injury Crash,03/02/2025 13:31,,,,Parking Stall        PARKING LOT AT 11560 ROCKVILLE PIKE,,Pedestrian,Single Vehicle,Clear,,Daylight,,"Not Suspect of Alcohol Use, Not Suspect of Drug Use","Not Suspect of Alcohol Use, Not Suspect of Drug Use",08636FD5-4642-40A4-A55E-0B181A85A7F2,Pedestrian,Walking/Cycling on Sidewalk,None (No Improper Action),NonTrafficway Area,No,Suspected Serious Injury,None,39.04555631,-77.11349117,"    (39.04555631, -77.11349117)"
MCP3330002N,250009155,MONTGOMERY,Injury Crash,03/02/2025 8:08,County Route,PRICE AVE,GEORGIA AVE,,,Pedestrian,Single Vehicle,Clear,Dry,Daylight,"Other Pavement Marking (excluding edgelines, centerlines, or lane lines)","Not Suspect of Alcohol Use, Not Suspect of Drug Use","Unknown, Unknown",FF96B319-0757-469B-B7E1-E9CA5F488811,Pedestrian,Cross/Enter at Intersection,Unknown,Intersection Marked Crosswalk,No,Suspected Minor Injury,None,39.04010214,-77.05093346,"    (39.04010214, -77.05093346)"
MCP3386002J,250008918,MONTGOMERY,Injury Crash,02/28/2025 03:21:00 PM,County Route,CHELTENHAM DR,NORFOLK AVE WOODMONT AVE,,,Pedestrian,Single Vehicle,Clear,Dry,Daylight,Traffic Control Signal,"Not Suspect of Alcohol Use, Not Suspect of Drug Use","Not Suspect of Alcohol Use, Not Suspect of Drug Use",7C994068-B86A-4DE5-AB66-9B76CDBBB48E,Pedestrian,Cross/Enter at Intersection,None (No Improper Action),Intersection Marked Crosswalk,No,No Apparent Injury,None,38.98822528,-77.09600223,"    (38.98822528, -77.09600223)"
MCP3386002J,250008918,MONTGOMERY,Injury Crash,02/28/2025 03:21:00 PM,County Route,CHELTENHAM DR,NORFOLK AVE WOODMONT AVE,,,Pedestrian,Single Vehicle,Clear,Dry,Daylight,Traffic Control Signal,"Not Suspect of Alcohol Use, Not Suspect of Drug Use","Not Suspect of Alcohol Use, Not Suspect of Drug Use",09DA0576-D52F-41A4-8EC9-1B9826FAC32C,Pedestrian,Cross/Enter at Intersection,None (No Improper Action),Intersection Marked Crosswalk,No,Suspected Minor Injury,None,38.98822528,-77.09600223,"    (38.98822528, -77.09600223)"
MCP2799008C,250008526,MONTGOMERY,Injury Crash,02/26/2025 04:00:00 PM,Maryland (State) Route,PINEY BRANCH RD,,,,Pedestrian,Single Vehicle,Clear,Dry,Daylight,Traffic Control Signal,"Not Suspect of Alcohol Use, Not Suspect of Drug Use","Not Suspect of Alcohol Use, Not Suspect of Drug Use",422A69C4-4230-4E91-BAA2-9659E9DA3B85,Pedestrian,Walking/Cycling Along Roadway With Traffic (In or Adjacent to Travel Lane),"In Roadway Improperly (Standing, Lying, Working, Playing)",Intersection Marked Crosswalk,Yes,Possible Injury,None,38.99386783,-77.00903617,"    (38.99386783, -77.00903617)"
MCP2420005Z,250008490,MONTGOMERY,Injury Crash,02/26/2025 12:45:00 PM,County Route,RANDOLPH RD,,,,Pedestrian,Single Vehicle,Clear,Dry,Daylight,Lane Use Control Signal,"Not Suspect of Alcohol Use, Not Suspect of Drug Use","Not Suspect of Alcohol Use, Not Suspect of Drug Use",66B96D3C-E19D-4544-8787-33A6DC3719CC,Pedestrian,Cross/Enter at Intersection,Unknown,Intersection Marked Crosswalk,No,Suspected Serious Injury,None,39.06592609,-77.03436935,"    (39.06592609, -77.03436935)"
MCP2314004C,250008389,MONTGOMERY,Injury Crash,02/25/2025 05:33:00 PM,County Route,,,,,Cyclist (non-electric),Single Vehicle,Clear,Dry,Daylight,No Controls,"Not Suspect of Alcohol Use, Not Suspect of Drug Use","Not Suspect of Alcohol Use, Not Suspect of Drug Use",75311C15-42F2-4F56-BDA0-F31EEF056B1F,Cyclist (non-electric),Walking/Cycling Along Roadway With Traffic (In or Adjacent to Travel Lane),Improper Passing,Travel Lane Other Location,No,Suspected Minor Injury,"Helmet, Lighting",39.04733369,-77.16171824,"    (39.04733369, -77.16171824)"
MCP3037006Y,250008357,MONTGOMERY,Property Damage Crash,02/25/2025 03:22:00 PM,County Route,CRYSTAL ROCK DR (SB/L),,,,Cyclist (non-electric),Single Vehicle,Clear,Dry,Daylight,No Controls,"Not Suspect of Alcohol Use, Not Suspect of Drug Use","Not Suspect of Alcohol Use, Not Suspect of Drug Use",D9012D79-EE54-4E72-88E6-0087F498F65C,Cyclist (non-electric),Standing,None (No Improper Action),Travel Lane Other Location,No,No Apparent Injury,Helmet,39.18279567,-77.26388183,"    (39.18279567, -77.26388183)"
MCP2927004R,250007914,MONTGOMERY,Injury Crash,02/22/2025 08:20:00 PM,US (State),COLESVILLE RD,MANSION DR,,,Pedestrian,Front to Rear,Clear,Dry,Dark - Lighted,No Controls,"Not Suspect of Alcohol Use, Not Suspect of Drug Use, Not Suspect of Alcohol Use, Not Suspect of Drug Use","Not Suspect of Alcohol Use, Not Suspect of Drug Use",2CBF9BEC-6FAF-4957-BAEF-0ADA4E28200A,Pedestrian,Unknown,"Disabled Vehicle-Related (Working on, Pushing, Leaving/Approaching)",Other,No,Suspected Serious Injury,None,39.00210861,-77.02474023,"    (39.00210861, -77.02474023)"
MCP156300B6,250007868,MONTGOMERY,Injury Crash,02/22/2025 11:00:00 AM,,,,Driveway        DRIVE WAY/SIDEWALK IN FRONT OF 12025 PARKLAWN DR,,Pedestrian,Single Vehicle,Clear,,Daylight,,"Not Suspect of Alcohol Use, Not Suspect of Drug Use","Not Suspect of Alcohol Use, Not Suspect of Drug Use",9EF709CB-F88C-411E-B44A-6DEAEDDCD966,Pedestrian,Walking/Cycling on Sidewalk,None (No Improper Action),Sidewalk,No,Suspected Minor Injury,None,39.05474634,-77.10687152,"    (39.05474634, -77.10687152)"
MCP3111008X,250007826,MONTGOMERY,Injury Crash,02/22/2025 07:56:00 AM,County Route,NICHOLSON LA,WHITE FLINT MALL ENT,,,Pedestrian,Single Vehicle,Clear,Dry,Daylight,Traffic Control Signal,"Not Suspect of Alcohol Use, Not Suspect of Drug Use","Not Suspect of Alcohol Use, Not Suspect of Drug Use",37B99746-1C8A-47EF-9066-609618D951DC,Pedestrian,Cross/Enter at Intersection,None (No Improper Action),Intersection Marked Crosswalk,No,Possible Injury,None,39.04492867,-77.10726383,"    (39.04492867, -77.10726383)"
MCP3427000Q,250007792,MONTGOMERY,Injury Crash,02/21/2025 11:20:00 PM,County Route,WIGHTMAN RD,GOSHEN RD SNOUFFERS SCHOOL RD,,,Pedestrian,Single Vehicle,Clear,Dry,Dark - Lighted,Traffic Control Signal,"Not Suspect of Alcohol Use, Not Suspect of Drug Use","Not Suspect of Alcohol Use, Not Suspect of Drug Use",43B72AF2-6590-4CB9-A78E-F95988704DA3,Pedestrian,Unknown,Unknown,Intersection Marked Crosswalk,No,Suspected Minor Injury,None,39.1877521,-77.1868527,"    (39.1877521, -77.1868527)"
MCP33480043,250007765,MONTGOMERY,Injury Crash,02/21/2025 07:03:00 PM,Maryland (State) Route,VEIRS MILL RD (WB/L),,,,Pedestrian,Single Vehicle,Clear,Dry,Dark - Lighted,No Controls,"Not Suspect of Alcohol Use, Not Suspect of Drug Use","Not Suspect of Alcohol Use, Not Suspect of Drug Use",FFF96761-F3B7-4063-AA14-5A3251085583,Pedestrian,Cross/Enter Not at Intersection,Unknown,Other,No,Suspected Minor Injury,None,39.05758155,-77.084915,"    (39.05758155, -77.084915)"
MCP2732001D,250007657,MONTGOMERY,Injury Crash,02/21/2025 09:31:00 AM,County Route,MILLS AVE,,,,Pedestrian,Single Vehicle,Clear,Dry,Daylight,No Controls,"Not Suspect of Alcohol Use, Not Suspect of Drug Use","Not Suspect of Alcohol Use, Not Suspect of Drug Use",3E1C5FEC-9D67-4CA8-AF83-68142E21019D,Pedestrian,Other,Unknown,Other,No,Possible Injury,None,39.08109727,-77.01465716,"    (39.08109727, -77.01465716)"
MCP287100C4,250007606,MONTGOMERY,Injury Crash,02/20/2025 07:08:00 PM,Maryland (State) Route,OLD GEORGETOWN RD (SB/L),TUCKERMAN LA,,,Cyclist (non-electric),Single Vehicle,Clear,Dry,Dark - Lighted,Traffic Control Signal,"Not Suspect of Alcohol Use, Not Suspect of Drug Use","Not Suspect of Alcohol Use, Not Suspect of Drug Use",44C1FD58-BAAF-4B91-BBEC-15B991573D2C,Cyclist (non-electric),Cross/Enter at Intersection,"Failure to Obey Traffic Signs, Signals, or Officer, Failure to Yield Right-Of-Way, Not Visible (Dark Clothing, No Lighting, etc.)",Midblock Marked Crosswalk,No,Suspected Minor Injury,Helmet,39.034674,-77.12504217,"    (39.034674, -77.12504217)"
DD5582002L,250007460,ROCKVILLE,Property Damage Crash,02/19/2025 07:30:00 PM,Local Route,RITCHIE PKWY,,,,Pedestrian,Single Vehicle,Clear,Dry,Dark - Lighted,No Controls,"Unknown, Unknown","Not Suspect of Alcohol Use, Not Suspect of Drug Use",C34644F6-0D08-4AFB-96A0-C36C541CB911,Pedestrian,Cross/Enter Not at Intersection,None (No Improper Action),Travel Lane Other Location,No,No Apparent Injury,None,39.076716,-77.14029412,"    (39.076716, -77.14029412)"
MCP3233005H,250007248,MONTGOMERY,Injury Crash,02/18/2025 06:28:00 PM,County Route,NORTHWEST DR,,,,Pedestrian,Single Vehicle,Clear,Dry,Daylight,No Controls,"Not Suspect of Alcohol Use, Not Suspect of Drug Use","Not Suspect of Alcohol Use, Not Suspect of Drug Use",70355759-BEB0-408D-AE63-3C7BF53024C9,Pedestrian,Cross/Enter at Intersection,None (No Improper Action),Intersection Marked Crosswalk,No,Suspected Minor Injury,None,39.03660588,-76.99617776,"    (39.03660588, -76.99617776)"
EJ7888007P,250007242,GAITHERSBURG,Injury Crash,02/18/2025 05:30:00 PM,,,,Parking Lot Way        PARKING LOT OF 9621 LOST KNIFE RD,,Pedestrian,Single Vehicle,Clear,,Dusk,,"Not Suspect of Alcohol Use, Not Suspect of Drug Use","Not Suspect of Alcohol Use, Not Suspect of Drug Use",59B369B1-0196-4028-B112-D70783B87E40,Pedestrian,Walking/Cycling Along Roadway Against Traffic (In or Adjacent to Travel Lane),Failure to Yield Right-Of-Way,Other,Yes,Possible Injury,None,39.15260259,-77.19692731,"    (39.15260259, -77.19692731)"
MCP3258004X,250007078,MONTGOMERY,Injury Crash,02/17/2025 07:54:00 PM,County Route,CADDINGTON AVE,UNIVERSITY BLVD W (WB/L),,,Pedestrian,Single Vehicle,Clear,Dry,Dark - Lighted,Traffic Control Signal,"Not Suspect of Alcohol Use, Not Suspect of Drug Use","Not Suspect of Alcohol Use, Not Suspect of Drug Use",E4D6710A-984E-4890-80FC-12AE6F6EDFAE,Pedestrian,Cross/Enter at Intersection,"Failure to Obey Traffic Signs, Signals, or Officer, Inattentive (Talking, Eating, etc.)",Intersection Marked Crosswalk,Yes,Suspected Minor Injury,None,39.03318726,-77.02467951,"    (39.03318726, -77.02467951)"
MCP3225005C,250006938,MONTGOMERY,Injury Crash,02/16/2025 07:45:00 PM,,,,"Parking Stall        PARKING LOT OF 12029 GEORGIA AVE, SILVER SPRING, MD 20902",,Pedestrian,Single Vehicle,Clear,,Dark - Lighted,,"Unknown, Unknown","Not Suspect of Alcohol Use, Not Suspect of Drug Use",0A0DD8CC-A337-4EC4-AA9A-4FCCB2E287CF,Pedestrian,Other,None (No Improper Action),Other,No,Possible Injury,None,39.05273111,-77.04942055,"    (39.05273111, -77.04942055)"
MCP304800DF,250006895,MONTGOMERY,Injury Crash,02/16/2025 02:00:00 PM,County Route,,,,,Cyclist (non-electric),Single Vehicle,Cloudy,Wet,Daylight,No Controls,"Not Suspect of Alcohol Use, Not Suspect of Drug Use","Not Suspect of Alcohol Use, Not Suspect of Drug Use",7E984B5B-443B-4D2F-BE0B-54ADCAE60060,Cyclist (non-electric),Other,Other,Shared Lane Markings),Yes,Suspected Minor Injury,"Helmet, Protective Pads (elbows, knees, shins, etc.)",39.00333733,-77.06361033,"    (39.00333733, -77.06361033)"
MCP3396001N,250006833,MONTGOMERY,Injury Crash,02/15/2025 08:10:00 PM,Maryland (State) Route,CONNECTICUT AVE,WELLER RD,,,Pedestrian,Single Vehicle,Rain,Wet,Dark - Lighted,Traffic Control Signal,"Not Suspect of Alcohol Use, Not Suspect of Drug Use","Not Suspect of Alcohol Use, Not Suspect of Drug Use",2509405C-77D8-442D-870F-16EF27C12E4C,Pedestrian,Cross/Enter at Intersection,Unknown,Intersection Marked Crosswalk,No,Possible Injury,None,39.06309851,-77.07340257,"    (39.06309851, -77.07340257)"
MCP2047005T,250006786,MONTGOMERY,Injury Crash,02/15/2025 12:46:00 PM,Maryland (State) Route,ROCKVILLE PIKE,RAMP 2 FR MONTROSE PKWY TO MD 355 NB,,,Pedestrian,Single Vehicle,Rain,Wet,Daylight,No Controls,"Not Suspect of Alcohol Use, Not Suspect of Drug Use","Not Suspect of Alcohol Use, Not Suspect of Drug Use",77048FF1-9C82-469A-8A9E-0C02408683AD,Pedestrian,Cross/Enter Not at Intersection,Unknown,Travel Lane Other Location,No,Suspected Minor Injury,None,39.05407,-77.11741333,"    (39.05407, -77.11741333)"
MCP2845009D,250006760,MONTGOMERY,Injury Crash,02/15/2025 07:26:00 AM,County Route,ADELPHI RD (WB/L),NEW HAMPSHIRE AVE,,,Cyclist (non-electric),Single Vehicle,Clear,Dry,Daylight,Traffic Control Signal,"Not Suspect of Alcohol Use, Not Suspect of Drug Use","Not Suspect of Alcohol Use, Not Suspect of Drug Use",B67F543C-CF81-4446-9467-DBE16A1E1320,Cyclist (non-electric),Other,"Failure to Obey Traffic Signs, Signals, or Officer, Failure to Yield Right-Of-Way",Intersection Marked Crosswalk,Yes,Suspected Minor Injury,None,39.01137787,-76.97884159,"    (39.01137787, -76.97884159)"
HA2476000K,25000242,MCPARK,Injury Crash,02/14/2025 10:44:00 PM,Bicycle Route,,CAPITAL CRESCENT TR LITTLE FALLS PKWY (NB/L),,,Cyclist (Electric),Single Vehicle,Clear,Dry,Dark - Lighted,Stop Sign,"Not Suspect of Alcohol Use, Not Suspect of Drug Use","Not Suspect of Alcohol Use, Not Suspect of Drug Use",92557377-FBC1-4E73-BBE5-A4D66A894C48,Cyclist (Electric),Cross/Enter at Intersection,"Failure to Obey Traffic Signs, Signals, or Officer",Intersection Marked Crosswalk,Yes,Possible Injury,"Helmet, Reflectors",38.97347046,-77.1011595,"    (38.97347046, -77.1011595)"
MCP27570023,250006729,MONTGOMERY,Property Damage Crash,02/14/2025 08:04:00 PM,Local Route,CSX TRACK 2 RAIL,,,,Occupant of Motor Vehicle Not in Transport,Single Vehicle,Clear,Dry,Dark - Not Lighted,Flashing Railroad Crossing Signal (may include gates),,"Not Suspect of Alcohol Use, Not Suspect of Drug Use",299F7BA8-FB36-4326-BE36-8281AF317C41,Occupant of Motor Vehicle Not in Transport,Other,None (No Improper Action),Other,No,No Apparent Injury,Unknown,39.13436665,-77.17591666,"    (39.13436665, -77.17591666)"
MCP287100C2,250006719,MONTGOMERY,Injury Crash,02/14/2025 06:49:00 PM,Maryland (State) Route,KNOWLES AVE,,,,Pedestrian,Single Vehicle,Clear,Dry,Dark - Lighted,No Controls,"Not Suspect of Alcohol Use, Not Suspect of Drug Use","Not Suspect of Alcohol Use, Not Suspect of Drug Use",5FEEA31F-5ECC-4573-8D95-987DEAAE47BE,Pedestrian,Cross/Enter Not at Intersection,"Failure to Obey Traffic Signs, Signals, or Officer, In Roadway Improperly (Standing, Lying, Working, Playing)",Travel Lane Other Location,Yes,Suspected Minor Injury,None,39.0276535,-77.07755733,"    (39.0276535, -77.07755733)"
DD5653004H,250006688,ROCKVILLE,Injury Crash,02/14/2025 04:02:00 PM,Crossover,,HALPINE RD (EB/L),,,Pedestrian,Single Vehicle,Clear,Dry,Daylight,Traffic Control Signal,"Not Suspect of Alcohol Use, Not Suspect of Drug Use","Not Suspect of Alcohol Use, Not Suspect of Drug Use",5276F80E-19D6-462D-B111-8BF5855DA703,Pedestrian,Cross/Enter at Intersection,None (No Improper Action),Median/Crossing Island,No,Suspected Minor Injury,None,39.06084098,-77.12584936,"    (39.06084098, -77.12584936)"
MCP26710046,250006558,MONTGOMERY,Property Damage Crash,02/13/2025 05:10:00 PM,,,,Parking Lot Way        8202 GEORGIA  AVENUE PARKING LOT,,Wheelchair (electric),Single Vehicle,Clear,,Daylight,,"Not Suspect of Alcohol Use, Not Suspect of Drug Use","Not Suspect of Alcohol Use, Not Suspect of Drug Use",D3BF1FEE-599C-4B75-8E1F-06E5DAAE212E,Wheelchair (electric),Other,"Not Visible (Dark Clothing, No Lighting, etc.)",Other,No,No Apparent Injury,None,38.99196092,-77.02731784,"    (38.99196092, -77.02731784)"
MCP137801C2,250006547,MONTGOMERY,Injury Crash,02/13/2025 04:35:00 PM,County Route,ODENDHAL AVE,CONTOUR RD,,,Pedestrian,Single Vehicle,Clear,Dry,Daylight,Traffic Control Signal,"Not Suspect of Alcohol Use, Not Suspect of Drug Use","Not Suspect of Alcohol Use, Not Suspect of Drug Use",45613D3D-3E07-4446-9424-BAEC716E057D,Pedestrian,Cross/Enter at Intersection,None (No Improper Action),Intersection Marked Crosswalk,No,Suspected Minor Injury,None,39.15240563,-77.19610712,"    (39.15240563, -77.19610712)"
MCP3289003V,250005972,MONTGOMERY,Injury Crash,02/10/2025 8:43,County Route,LANARK WAY,COLESVILLE RD (SB/L),,,Pedestrian,Single Vehicle,Clear,Dry,Daylight,Traffic Control Signal,"Unknown, Unknown","Not Suspect of Alcohol Use, Not Suspect of Drug Use",2100C4EE-E375-4CF8-943F-F48C150B467C,Pedestrian,Cross/Enter at Intersection,None (No Improper Action),Intersection Marked Crosswalk,No,Suspected Minor Injury,None,39.01862033,-77.01444041,"    (39.01862033, -77.01444041)"
DM8472002Z,250005819,TAKOMA,Injury Crash,02/08/2025 17:48,Maryland (State) Route,,ETHAN ALLEN AVE,,,Pedestrian,Single Vehicle,Freezing Rain Or Freezing Drizzle,Wet,Dark - Lighted,Traffic Control Signal,"Not Suspect of Alcohol Use, Not Suspect of Drug Use","Not Suspect of Alcohol Use, Not Suspect of Drug Use",8D1E1623-7081-42ED-981D-53A69DA7F82E,Pedestrian,Cross/Enter at Intersection,Failure to Yield Right-Of-Way,Intersection Marked Crosswalk,No,Suspected Minor Injury,None,38.97805646,-77.00619017,"    (38.97805646, -77.00619017)"
MCP291400FZ,250005726,MONTGOMERY,Injury Crash,02/07/2025 23:36,US (State),GEORGIA AVE (SB/L),,,,Pedestrian,Single Vehicle,Clear,Dry,Dark - Lighted,No Controls,"Unknown, Unknown","Suspect of Alcohol Use, Not Suspect of Drug Use",3E2A8261-2C06-41F7-AD74-E4579CD58384,Pedestrian,Cross/Enter Not at Intersection,"In Roadway Improperly (Standing, Lying, Working, Playing)",Median/Crossing Island,Yes,Possible Injury,None,38.99256369,-77.02672456,"    (38.99256369, -77.02672456)"
MCP3427000P,250005725,MONTGOMERY,Property Damage Crash,02/07/2025 23:24,County Route,MONTGOMERY VILLAGE AVE (SB/L),,,,Pedestrian,Single Vehicle,Clear,Dry,Dark - Lighted,Pedestrian Crossing Sign,"Not Suspect of Alcohol Use, Not Suspect of Drug Use","Not Suspect of Alcohol Use, Not Suspect of Drug Use",1224BD9F-6B32-475A-B348-B2F0ED275723,Pedestrian,Cross/Enter at Intersection,Unknown,Intersection Marked Crosswalk,No,No Apparent Injury,None,39.17087948,-77.20405238,"    (39.17087948, -77.20405238)"
MCP33200033,250005706,MONTGOMERY,Injury Crash,02/07/2025 19:00,County Route,INSLEY ST,,,,Pedestrian,Single Vehicle,Clear,Dry,Dark - Lighted,No Controls,,"Not Suspect of Alcohol Use, Not Suspect of Drug Use",91033611-A01E-4419-88B1-F54B92EA8D75,Pedestrian,Getting Off/On Vehicle,None (No Improper Action),Shoulder/Roadside,No,Suspected Minor Injury,None,39.02820357,-77.0540187,"    (39.02820357, -77.0540187)"
MCP32900041,250005619,MONTGOMERY,Injury Crash,02/07/2025 12:49,County Route,DENNIS AVE,GEORGIA AVE,,,Pedestrian,Single Vehicle,Clear,Dry,Daylight,Traffic Control Signal,"Not Suspect of Alcohol Use, Not Suspect of Drug Use","Not Suspect of Alcohol Use, Not Suspect of Drug Use",75FAF586-C85A-4396-A518-2EA6B06B922A,Pedestrian,Cross/Enter at Intersection,None (No Improper Action),Intersection Marked Crosswalk,No,Suspected Minor Injury,None,39.02531197,-77.0459823,"    (39.02531197, -77.0459823)"
MCP3213002B,250005398,MONTGOMERY,Injury Crash,02/05/2025 23:55,,,,Parking Lot Way        ALDI PARKING LOT,,Pedestrian,Single Vehicle,Rain,,Dark - Lighted,,"Unknown, Unknown","Suspect of Alcohol Use, Unknown",7F12B1F5-F84A-470A-8A7D-E50A8B9EBF9C,Pedestrian,Unknown,Unknown,Unknown,No,Possible Injury,None,39.00987671,-77.04148949,"    (39.00987671, -77.04148949)"
MCP3039007G,250005339,MONTGOMERY,Injury Crash,02/05/2025 15:30,County Route,GROVE ST,SLIGO AVE,,,Pedestrian,Single Vehicle,Clear,Dry,Daylight,Pedestrian Crossing,"Not Suspect of Alcohol Use, Not Suspect of Drug Use","Not Suspect of Alcohol Use, Not Suspect of Drug Use",EBB07B05-A989-4E33-AA08-E910810E24B4,Pedestrian,None,None (No Improper Action),Intersection Marked Crosswalk,No,Possible Injury,None,38.9901908,-77.02193564,"    (38.9901908, -77.02193564)"
MCP3230006J,250005375,MONTGOMERY,Injury Crash,02/05/2025 15:10,County Route,BAUER DR,,,,Pedestrian,Single Vehicle,Clear,Dry,Daylight,Pedestrian Crossing,"Unknown, Unknown","Not Suspect of Alcohol Use, Not Suspect of Drug Use",3A5A95D7-E84D-4061-9161-E153A6B7F288,Pedestrian,Cross/Enter at Intersection,None (No Improper Action),Midblock Marked Crosswalk,No,Suspected Minor Injury,None,39.08972404,-77.10537829,"    (39.08972404, -77.10537829)"