Report Number,Local Case Number,Agency Name,ACRS Report Type,Crash Date/Time,Route Type,Road Name,Cross-Street Name,Off-Road Description,Municipality,Related Non-Motorist,Collision Type,Weather,Surface Condition,Light,Traffic Control,Driver Substance Abuse,Non-Motorist Substance Abuse,Person ID,Pedestrian Type,Pedestrian Movement,Pedestrian Actions,Pedestrian Location,At Fault,Injury Severity,Safety Equipment,Latitude,Longitude,Location
MCP30910057,240056492,MONTGOMERY,Injury Crash,11/25/2024 06:47:00 AM,County Route,REDLAND RD,,,,Pedestrian,Single Vehicle,Clear,Dry,Daylight,Traffic Control Signal,"Not Suspect of Alcohol Use, Not Suspect of Drug Use","Not Suspect of Alcohol Use, Not Suspect of Drug Use",AE96D2C0-34CF-4B0D-8F55-1FD3C2208D76,Pedestrian,None,Unknown,Intersection Marked Crosswalk,No,Possible Injury,None,39.1199395,-77.15983407,"    (39.1199395, -77.15983407)"
MCP312900BH,240056491,MONTGOMERY,Injury Crash,11/25/2024 06:39:00 AM,Maryland (State) Route,CONNECTICUT AVE,INDEPENDENCE ST,,,Pedestrian,Single Vehicle,Clear,Dry,Dawn,Traffic Control Signal,"Not Suspect of Alcohol Use, Not Suspect of Drug Use","Not Suspect of Alcohol Use, Not Suspect of Drug Use",33CC8A3A-D886-4D78-8AE3-B072E4777A18,Pedestrian,Cross/Enter at Intersection,None (No Improper Action),Intersection Marked Crosswalk,No,Suspected Minor Injury,None,39.07637666,-77.08052504,"    (39.07637666, -77.08052504)"
MCP9318003K,240056420,MONTGOMERY,Injury Crash,11/24/2024 04:50:00 PM,County Route,DENNIS AVE,,,,Scooter (electric),Single Vehicle,Clear,Dry,Dusk,Pedestrian Crossing Sign,"Not Suspect of Alcohol Use, Not Suspect of Drug Use","Not Suspect of Alcohol Use, Not Suspect of Drug Use",5840A584-DB29-4AFC-BA73-76DEDBBBC6EA,Scooter (electric),Other,Unknown,Midblock Marked Crosswalk,No,Suspected Minor Injury,Unknown,39.02391683,-77.02945887,"    (39.02391683, -77.02945887)"
MCP34140018,240056413,MONTGOMERY,Injury Crash,11/24/2024 03:36:00 PM,,,,Parking Stall        PARKING LOT,,Pedestrian,Single Vehicle,Clear,,Daylight,,"Not Suspect of Alcohol Use, Not Suspect of Drug Use","Not Suspect of Alcohol Use, Not Suspect of Drug Use",AE9B0163-7310-4EFF-BADB-AC7B38E1BBBD,Pedestrian,Standing,None (No Improper Action),NonTrafficway Area,No,Suspected Minor Injury,None,38.99180779,-77.02708051,"    (38.99180779, -77.02708051)"
DD5612006C,240056270,ROCKVILLE,Injury Crash,11/23/2024 03:45:00 PM,Municipality Route,THOMPSON AVE,CHAPMAN AVE,,,Cyclist (non-electric),Single Vehicle,Clear,Dry,Daylight,Stop Sign,"Unknown, Unknown","Not Suspect of Alcohol Use, Not Suspect of Drug Use",94CA0388-7522-4785-A280-EE0088536533,Cyclist (non-electric),Walking/Cycling Along Roadway With Traffic (In or Adjacent to Travel Lane),Unknown,Travel Lane Other Location,No,Possible Injury,None,39.06010941,-77.12020638,"    (39.06010941, -77.12020638)"
MCP2931007H,240056141,MONTGOMERY,Injury Crash,11/22/2024 05:00:00 PM,Maryland (State) Route,FREDERICK RD (SB/L),REDLAND BLVD (EB/L),,,Pedestrian,Unknown,Rain,Wet,Dark - Lighted,Traffic Control Signal,"Unknown, Unknown","Not Suspect of Alcohol Use, Not Suspect of Drug Use",BDBBF23A-4118-494D-9280-F9D16C403EC1,Pedestrian,Cross/Enter at Intersection,None (No Improper Action),Intersection Marked Crosswalk,No,Possible Injury,None,39.11539234,-77.1663189,"    (39.11539234, -77.1663189)"
MCP30530083,240056089,MONTGOMERY,Injury Crash,11/22/2024 03:11:00 PM,,,,Parking Lot Way        PARKING LOT,,Pedestrian,Front to Front,Cloudy,,Daylight,,,"Not Suspect of Alcohol Use, Not Suspect of Drug Use",F52C0B83-3ED7-4A13-8093-85DAF16750BE,Pedestrian,Other,Other,Other,No,Suspected Minor Injury,None,39.05059667,-77.07737833,"    (39.05059667, -77.07737833)"
MCP3424000S,240055799,MONTGOMERY,Injury Crash,11/20/2024 11:10:00 PM,Municipality Route,WASHINGTONIAN BLVD (SB/L),,,,Pedestrian,Single Vehicle,Rain,Wet,Dark - Lighted,No Controls,"Not Suspect of Alcohol Use, Not Suspect of Drug Use","Not Suspect of Alcohol Use, Not Suspect of Drug Use",19C2E3AF-C39D-4140-882D-41FAE555B563,Pedestrian,Unknown,None (No Improper Action),Travel Lane Other Location,No,Suspected Minor Injury,None,39.11757268,-77.2035146,"    (39.11757268, -77.2035146)"
MCP3163007T,240055786,MONTGOMERY,Injury Crash,11/20/2024 08:48:00 PM,,,,Parking Lot Way        PARKING LOT OF 3715 UNIVERSITY BLVD W,,Pedestrian,Single Vehicle,Rain,,Dark - Lighted,,"Unknown, Unknown","Not Suspect of Alcohol Use, Not Suspect of Drug Use",7B37388E-385F-4958-AA72-A217458A7B51,Pedestrian,None,None (No Improper Action),Other,No,Suspected Minor Injury,None,39.03363537,-77.07352018,"    (39.03363537, -77.07352018)"
MCP31480072,240055763,MONTGOMERY,Injury Crash,11/20/2024 07:00:00 PM,County Route,PORTER RD,LANIER DR PENNSYLVANIA AVE,,,Pedestrian,Single Vehicle,Clear,Dry,Dark - Not Lighted,Stop Sign,"Not Suspect of Alcohol Use, Not Suspect of Drug Use","Not Suspect of Alcohol Use, Not Suspect of Drug Use",FD0D09AC-760F-4C0B-BB62-76132CC11DA6,Pedestrian,Cross/Enter at Intersection,None (No Improper Action),Intersection Marked Crosswalk,No,Suspected Minor Injury,None,39.00140362,-77.04674703,"    (39.00140362, -77.04674703)"
EJ7905001W,240055656,GAITHERSBURG,Injury Crash,11/20/2024 12:05:00 PM,,,,Parking Lot Way        ENTRANCE WAY,,Pedestrian,Single Vehicle,Clear,,Daylight,,"Not Suspect of Alcohol Use, Not Suspect of Drug Use","Not Suspect of Alcohol Use, Not Suspect of Drug Use",11056447-6E1F-4A65-9B22-77AC483ABFAC,Pedestrian,Other,None (No Improper Action),Driveway Access,No,Possible Injury,None,39.11414213,-77.18632317,"    (39.11414213, -77.18632317)"
MCP34320017,240055605,MONTGOMERY,Injury Crash,11/20/2024 08:56:00 AM,County Route,LONGMEAD CROSSING DR,LAYHILL RD (SB/L),,,Pedestrian,Unknown,Clear,Dry,Daylight,Traffic Control Signal,"Not Suspect of Alcohol Use, Not Suspect of Drug Use","Not Suspect of Alcohol Use, Not Suspect of Drug Use",8F34EC1D-2772-4BAF-943E-07771D604314,Pedestrian,Cross/Enter at Intersection,None (No Improper Action),Intersection Marked Crosswalk,No,Suspected Minor Injury,None,39.0955947,-77.04461156,"    (39.0955947, -77.04461156)"
MCP2686007D,240055562,MONTGOMERY,Injury Crash,11/19/2024 08:37:00 PM,,,,Parking Lot Way        BETWEEN SIDEWALK AND PARKING LOT DRIVEWAY OF 802 MUDDY BRANCH RD,,Pedestrian,Single Vehicle,Rain,,Dark - Lighted,,"Not Suspect of Alcohol Use, Not Suspect of Drug Use","Not Suspect of Alcohol Use, Not Suspect of Drug Use",96D0B890-21C7-46E0-9904-CD4DC48BCE38,Pedestrian,Cross/Enter at Intersection,"Not Visible (Dark Clothing, No Lighting, etc.)",Intersection Marked Crosswalk,No,Possible Injury,None,39.11377975,-77.21618473,"    (39.11377975, -77.21618473)"
MCP3348003P,240055516,MONTGOMERY,Injury Crash,11/19/2024 04:11:00 PM,County Route,,,,,Pedestrian,Single Vehicle,Clear,Dry,Dusk,No Controls,"Not Suspect of Alcohol Use, Not Suspect of Drug Use","Not Suspect of Alcohol Use, Not Suspect of Drug Use",557AE800-D14F-4157-8565-EB4CA08C827B,Pedestrian,Cross/Enter Not at Intersection,"Dart/Dash, Failure to Yield Right-Of-Way",Travel Lane Other Location,Yes,Suspected Serious Injury,None,39.09051984,-77.04818854,"    (39.09051984, -77.04818854)"
MCP120500CJ,240055249,MONTGOMERY,Injury Crash,11/18/2024 09:07:00 AM,County Route,WOODMONT AVE,CORDELL AVE,,,Pedestrian,Single Vehicle,Cloudy,Dry,Daylight,Traffic Control Signal,"Not Suspect of Alcohol Use, Not Suspect of Drug Use","Not Suspect of Alcohol Use, Not Suspect of Drug Use",2CCE0131-BE0D-4C89-84D0-38B88AA19326,Pedestrian,Cross/Enter at Intersection,None (No Improper Action),Intersection Marked Crosswalk,No,Suspected Minor Injury,None,38.99082053,-77.09663736,"    (38.99082053, -77.09663736)"
HA24920018,24002426,MCPARK,Injury Crash,11/17/2024 12:33:00 PM,Government Route,BEACH DR,,,,Pedestrian,Single Vehicle,Clear,Dry,Daylight,No Controls,"Not Suspect of Alcohol Use, Not Suspect of Drug Use","Not Suspect of Alcohol Use, Not Suspect of Drug Use",703F6B00-C062-437D-A1F9-D51BF2DDFF79,Pedestrian,Other,"None (No Improper Action), Unknown",Driveway Access,No,Suspected Minor Injury,None,38.98646597,-77.06239228,"    (38.98646597, -77.06239228)"
HA24920018,24002426,MCPARK,Injury Crash,11/17/2024 12:33:00 PM,Government Route,BEACH DR,,,,Pedestrian,Single Vehicle,Clear,Dry,Daylight,No Controls,"Not Suspect of Alcohol Use, Not Suspect of Drug Use","Not Suspect of Alcohol Use, Not Suspect of Drug Use",8CFDACCB-3E66-4431-8696-EBE76B23229B,Pedestrian,Other,"None (No Improper Action), Unknown",Driveway Access,No,Suspected Minor Injury,None,38.98646597,-77.06239228,"    (38.98646597, -77.06239228)"
MCP2674005K,240055040,MONTGOMERY,Injury Crash,11/16/2024 05:00:00 PM,County Route,SUNDOWN RD,,,,Cyclist (non-electric),Single Vehicle,Clear,Dry,Dusk,No Controls,"Unknown, Unknown","Not Suspect of Alcohol Use, Not Suspect of Drug Use",0902ED19-78C1-4DE3-8107-DDCD5A7E9FA4,Cyclist (non-electric),Walking/Cycling Along Roadway With Traffic (In or Adjacent to Travel Lane),None (No Improper Action),Travel Lane Other Location,No,Suspected Minor Injury,"Helmet, Lighting, Reflectors",39.2127986,-77.13708446,"    (39.2127986, -77.13708446)"
MCP3038007J,240055059,MONTGOMERY,Injury Crash,11/16/2024 03:00:00 PM,County Route,DENNIS AVE,,,,Pedestrian,Single Vehicle,Clear,Dry,Daylight,No Controls,"Unknown, Unknown","Not Suspect of Alcohol Use, Not Suspect of Drug Use",F15ACD57-0C03-4F6E-9321-2DD40EBBC805,Pedestrian,Cross/Enter Not at Intersection,Unknown,Unknown,No,Suspected Minor Injury,None,39.0242829,-77.05330736,"    (39.0242829, -77.05330736)"
MCP30940059,240054921,MONTGOMERY,Injury Crash,11/15/2024 07:25:00 PM,Maryland (State) Route,,FLOWER HILL WAY,,,Pedestrian,Single Vehicle,Clear,Dry,Dark - Lighted,Traffic Control Signal,"Unknown, Unknown","Not Suspect of Alcohol Use, Not Suspect of Drug Use",0998A842-D78F-45BB-95B6-2F1DC69F2FEB,Pedestrian,Cross/Enter at Intersection,None (No Improper Action),Intersection Marked Crosswalk,No,Possible Injury,None,39.15629709,-77.16548354,"    (39.15629709, -77.16548354)"
MCP33470028,240054851,MONTGOMERY,Injury Crash,11/15/2024 01:37:00 PM,Municipality Route,MAPLE AVE,BRADLEY LA,,,Cyclist (Electric),Single Vehicle,Cloudy,Dry,Daylight,Stop Sign,"Not Suspect of Alcohol Use, Not Suspect of Drug Use","Unknown, Unknown",E9C4A932-C365-4350-B408-309AA569CDA7,Cyclist (Electric),Cross/Enter at Intersection,None (No Improper Action),Intersection Marked Crosswalk,No,Possible Injury,Helmet,38.97709933,-77.08454446,"    (38.97709933, -77.08454446)"
MCP34520007,240054691,MONTGOMERY,Injury Crash,11/14/2024 02:42:00 PM,County Route,BRIARWOOD TERR,,,,Pedestrian,Single Vehicle,Clear,Dry,Daylight,No Controls,,"Not Suspect of Alcohol Use, Not Suspect of Drug Use",33534E3D-F434-4450-8EA3-3FEACF04B3E0,Pedestrian,Other,Other,Driveway Access,No,Suspected Minor Injury,None,39.09303707,-77.09435627,"    (39.09303707, -77.09435627)"
MCP23610035,240054379,MONTGOMERY,Injury Crash,11/12/2024 16:26,,,,Parking Lot Way        18314 CONTOUR ROAD,,Pedestrian,Single Vehicle,Clear,,Daylight,,"Not Suspect of Alcohol Use, Not Suspect of Drug Use","Not Suspect of Alcohol Use, Not Suspect of Drug Use",FF6D68F8-84CA-41DA-ADDC-46F4829794E2,Pedestrian,Cross/Enter Not at Intersection,Failure to Yield Right-Of-Way,Travel Lane Other Location,Yes,Possible Injury,None,39.15411,-77.19971333,"    (39.15411, -77.19971333)"
MCP3304001Q,240054063,MONTGOMERY,Fatal Crash,11/10/2024 22:49,Maryland (State) Route,ROCKVILLE PIKE (SB/L),MARINELLI RD,,,Pedestrian,Single Vehicle,Rain,Wet,Dark - Lighted,Traffic Control Signal,"Suspect of Alcohol Use, Not Suspect of Drug Use","Suspect of Alcohol Use, Unknown",A3A6EA8B-CD6A-4E16-AD01-B70AC8192728,Pedestrian,Cross/Enter at Intersection,"Failure to Obey Traffic Signs, Signals, or Officer",Intersection Marked Crosswalk,Yes,Fatal Injury,None,39.04705833,-77.113045,"    (39.04705833, -77.113045)"
MCP2846009Y,240053866,MONTGOMERY,Injury Crash,11/09/2024 18:54,County Route,,,,,"Unknown, Wheelchair (electric)",Single Vehicle,Clear,Dry,Dark - Lighted,No Controls,"Not Suspect of Alcohol Use, Not Suspect of Drug Use","Not Suspect of Alcohol Use, Not Suspect of Drug Use",C67CEA9C-4DC4-4916-AA3D-9471313A0D37,Unknown,Standing,None (No Improper Action),Other,No,Suspected Minor Injury,None,39.04009769,-77.05269465,"    (39.04009769, -77.05269465)"
MCP2846009Y,240053866,MONTGOMERY,Injury Crash,11/09/2024 18:54,County Route,,,,,"Unknown, Wheelchair (electric)",Single Vehicle,Clear,Dry,Dark - Lighted,No Controls,"Not Suspect of Alcohol Use, Not Suspect of Drug Use","Not Suspect of Alcohol Use, Not Suspect of Drug Use",6931EE7A-E7EB-43E4-B18B-AC056E30ACE7,Wheelchair (electric),None,None (No Improper Action),Sidewalk,No,Suspected Minor Injury,None,39.04009769,-77.05269465,"    (39.04009769, -77.05269465)"
MCP29670063,240053864,MONTGOMERY,Injury Crash,11/09/2024 18:27,Maryland (State) Route,BROOKVILLE RD,,,,Cyclist (non-electric),Single Vehicle,Clear,Dry,Dark - Not Lighted,No Controls,"Unknown, Unknown","Not Suspect of Alcohol Use, Not Suspect of Drug Use",F9AA5025-B2A2-4E8E-9752-7C45FBAA0DF2,Cyclist (non-electric),Walking/Cycling Along Roadway With Traffic (In or Adjacent to Travel Lane),None (No Improper Action),Shoulder/Roadside,No,Possible Injury,Helmet,38.97809668,-77.07103939,"    (38.97809668, -77.07103939)"
MCP3386001Y,240054725,MONTGOMERY,Injury Crash,11/09/2024 16:00,Maryland (State) Route,EAST WEST HWY,BEACH DR JONES MILL RD,,,Pedestrian,Single Vehicle,Clear,Dry,Daylight,Traffic Control Signal,"Unknown, Unknown","Not Suspect of Alcohol Use, Not Suspect of Drug Use",A020CB62-FB1D-404D-A051-6A9599D1E783,Pedestrian,Cross/Enter at Intersection,None (No Improper Action),Intersection Marked Crosswalk,No,Suspected Serious Injury,None,38.99333208,-77.06352067,"    (38.99333208, -77.06352067)"
MCP2875009L,240053759,MONTGOMERY,Injury Crash,11/08/2024 20:35,Maryland (State) Route,,,,,Pedestrian,Single Vehicle,Clear,Dry,Dark - Lighted,No Controls,"Not Suspect of Alcohol Use, Not Suspect of Drug Use","Suspect of Alcohol Use, Unknown",43224B36-15E3-470E-95C2-A5662D948A18,Pedestrian,Walking/Cycling Along Roadway Against Traffic (In or Adjacent to Travel Lane),"Failure to Yield Right-Of-Way, In Roadway Improperly (Standing, Lying, Working, Playing), Other, Wrong-Way Riding or Walking",Travel Lane Other Location,No,Suspected Serious Injury,None,39.21931667,-77.25694167,"    (39.21931667, -77.25694167)"
MCP3407000K,240053728,MONTGOMERY,Injury Crash,11/08/2024 17:41,Private Route,,FOREST BROOK RD,,,Pedestrian,Single Vehicle,Clear,Dry,Dark - Not Lighted,No Controls,"Not Suspect of Alcohol Use, Not Suspect of Drug Use","Not Suspect of Alcohol Use, Not Suspect of Drug Use",72185CF7-8B2B-413D-BF95-E2248555C32F,Pedestrian,Cross/Enter at Intersection,None (No Improper Action),Intersection Unmarked Crosswalk,No,Suspected Minor Injury,None,39.16772933,-77.25144205,"    (39.16772933, -77.25144205)"
MCP3211003T,240053629,MONTGOMERY,Property Damage Crash,11/08/2024 9:01,County Route,PUBLIC HOUSE RD,,,,Cyclist (non-electric),Single Vehicle,Clear,Dry,Daylight,Stop Sign,"Not Suspect of Alcohol Use, Not Suspect of Drug Use","Not Suspect of Alcohol Use, Not Suspect of Drug Use",1A1C0CB2-A469-48F3-BA3B-F0044F9B7596,Cyclist (non-electric),Walking/Cycling on Sidewalk,Failure to Yield Right-Of-Way,Intersection Other,Yes,No Apparent Injury,None,39.24209941,-77.27860896,"    (39.24209941, -77.27860896)"
MCP31610076,240053563,MONTGOMERY,Injury Crash,11/07/2024 19:16,County Route,,ELM ST,,,Scooter (electric),Single Vehicle,Clear,Dry,Dark - Lighted,Traffic Control Signal,"Unknown, Unknown","Not Suspect of Alcohol Use, Not Suspect of Drug Use",F9158D18-703C-418A-B794-EB43D1413B83,Scooter (electric),Cross/Enter at Intersection,None (No Improper Action),Intersection Marked Crosswalk,No,Suspected Minor Injury,None,38.98207129,-77.09845948,"    (38.98207129, -77.09845948)"
MCP30040048,240053559,MONTGOMERY,Injury Crash,11/07/2024 19:13,,,,"Parking Lot Way        IN FRONT OF 10500 ROCKVILLE PIKE ROCKVILLE, MD",,Pedestrian,Single Vehicle,Clear,,Dark - Lighted,,"Not Suspect of Alcohol Use, Not Suspect of Drug Use","Not Suspect of Alcohol Use, Not Suspect of Drug Use",E9C68A8A-7106-4A87-8CCE-7EF4D96A4FC6,Pedestrian,Standing,None (No Improper Action),Other,No,Possible Injury,None,39.02932082,-77.10532683,"    (39.02932082, -77.10532683)"
MCP1378019T,240053536,MONTGOMERY,Injury Crash,11/07/2024 17:17,County Route,WALKERS CHOICE RD,MONTGOMERY VILLAGE AVE (SB/L),,,Cyclist (non-electric),Single Vehicle,Cloudy,Dry,Dark - Lighted,Traffic Control Signal,"Not Suspect of Alcohol Use, Not Suspect of Drug Use","Not Suspect of Alcohol Use, Not Suspect of Drug Use",42D5729C-ACE5-4AC0-8D8B-4EC70FEF7384,Cyclist (non-electric),Cross/Enter at Intersection,Unknown,Intersection Marked Crosswalk,Yes,Suspected Minor Injury,Reflectors,39.16144881,-77.20213473,"    (39.16144881, -77.20213473)"
MCP3263004T,240053234,MONTGOMERY,Injury Crash,11/06/2024 8:57,Maryland (State) Route,WISCONSIN AVE (SB/L),STANFORD ST,,,Pedestrian,Single Vehicle,Clear,Dry,Daylight,Traffic Control Signal,"Not Suspect of Alcohol Use, Not Suspect of Drug Use","Not Suspect of Alcohol Use, Not Suspect of Drug Use",63A9432E-9754-4918-9F18-025871F0B5A9,Pedestrian,Cross/Enter at Intersection,None (No Improper Action),Intersection Marked Crosswalk,No,Suspected Minor Injury,None,38.97848803,-77.09125403,"    (38.97848803, -77.09125403)"
MCP3386001W,240053168,MONTGOMERY,Injury Crash,11/05/2024 18:38,County Route,,BRADLEY BLVD (SB/L),,,Pedestrian,Single Vehicle,Clear,Dry,Dark - Not Lighted,Traffic Control Signal,"Not Suspect of Alcohol Use, Not Suspect of Drug Use","Not Suspect of Alcohol Use, Not Suspect of Drug Use",F0193013-7A8C-48D4-9591-CBE49CE623BE,Pedestrian,Cross/Enter at Intersection,Dart/Dash,Intersection Marked Crosswalk,No,Suspected Minor Injury,None,38.97806979,-77.09877071,"    (38.97806979, -77.09877071)"
MCP3386001V,240053154,MONTGOMERY,Injury Crash,11/05/2024 17:02,County Route,,BETHESDA AVE,,,Pedestrian,Single Vehicle,Clear,Dry,Dusk,Traffic Control Signal,"Not Suspect of Alcohol Use, Not Suspect of Drug Use","Not Suspect of Alcohol Use, Not Suspect of Drug Use",787050F4-979D-4ECB-9E57-867801368519,Pedestrian,Cross/Enter at Intersection,None (No Improper Action),Intersection Marked Crosswalk,No,No Apparent Injury,None,38.98098467,-77.0983515,"    (38.98098467, -77.0983515)"
MCP3386001V,240053154,MONTGOMERY,Injury Crash,11/05/2024 17:02,County Route,,BETHESDA AVE,,,Pedestrian,Single Vehicle,Clear,Dry,Dusk,Traffic Control Signal,"Not Suspect of Alcohol Use, Not Suspect of Drug Use","Not Suspect of Alcohol Use, Not Suspect of Drug Use",49D5A8E2-10F3-49DF-9830-998644D6407C,Pedestrian,Cross/Enter at Intersection,None (No Improper Action),Intersection Marked Crosswalk,No,Suspected Serious Injury,None,38.98098467,-77.0983515,"    (38.98098467, -77.0983515)"
MCP2445006C,240053068,MONTGOMERY,Injury Crash,11/05/2024 10:08,,,,Alley        REAR OF 21050 FREDERICK RD,,Pedestrian,Single Vehicle,Clear,,Daylight,,"Not Suspect of Alcohol Use, Not Suspect of Drug Use","Not Suspect of Alcohol Use, Not Suspect of Drug Use",F59DAE76-FC2B-4B3A-AE72-BEEB953FF102,Pedestrian,Cross/Enter at Intersection,None (No Improper Action),Intersection Other,No,Suspected Minor Injury,"Reflective Wear (backpack, triangles, etc.)",39.20223678,-77.25062786,"    (39.20223678, -77.25062786)"
MCP3389000K,240052835,MONTGOMERY,Injury Crash,11/03/2024 18:22,County Route,FLOWER AVE,ARLISS ST,,,Pedestrian,Single Vehicle,Clear,Dry,Dark - Lighted,Pedestrian Crossing Sign,"Not Suspect of Alcohol Use, Not Suspect of Drug Use","Not Suspect of Alcohol Use, Not Suspect of Drug Use",913095DC-C8DA-4F7E-B901-DB024EA03042,Pedestrian,Cross/Enter at Intersection,None (No Improper Action),Intersection Marked Crosswalk,No,Suspected Minor Injury,None,39.00068333,-77.00432395,"    (39.00068333, -77.00432395)"
MCP3294002K,240052715,MONTGOMERY,Injury Crash,11/02/2024 19:30,County Route,LOST KNIFE RD (NB/L),,,,Pedestrian,Single Vehicle,Clear,Dry,Dark - Lighted,Pedestrian Crossing,"Unknown, Unknown","Not Suspect of Alcohol Use, Not Suspect of Drug Use",9ACAAAF1-06A1-4ED2-8565-F32B8FB7C5D0,Pedestrian,Other,None (No Improper Action),Intersection Marked Crosswalk,No,Suspected Minor Injury,None,39.15366994,-77.19947144,"    (39.15366994, -77.19947144)"
MCP34140014,240052537,MONTGOMERY,Injury Crash,11/01/2024 19:12,County Route,FOREST GLEN RD,,,,Pedestrian,Single Vehicle,Clear,Dry,Dark - Lighted,Traffic Control Signal,"Not Suspect of Alcohol Use, Not Suspect of Drug Use","Not Suspect of Alcohol Use, Not Suspect of Drug Use",E87F7FD2-3932-42A3-8F85-037F7E43C171,Pedestrian,Other,None (No Improper Action),Other,No,Possible Injury,None,39.01597342,-77.03667408,"    (39.01597342, -77.03667408)"
MCP3068005W,240052696,MONTGOMERY,Injury Crash,11/01/2024 17:15,Local Route,CAPITAL CRESCENT TR,CAPITAL CRESCENT TR,,,Cyclist (non-electric),Single Vehicle,Clear,Dry,Daylight,Stop Sign,"Not Suspect of Alcohol Use, Not Suspect of Drug Use","Not Suspect of Alcohol Use, Not Suspect of Drug Use",233471C6-5DBE-4720-85C8-5C2D9398FB98,Cyclist (non-electric),Cross/Enter at Intersection,None (No Improper Action),Intersection Marked Crosswalk,No,Suspected Minor Injury,Helmet,38.96877676,-77.10244938,"    (38.96877676, -77.10244938)"
MCP3259005B,240052498,MONTGOMERY,Injury Crash,11/01/2024 15:15,County Route,SANGAMORE RD,OVERLEA RD,,,Cyclist (non-electric),Single Vehicle,Clear,Dry,Daylight,Traffic Control Signal,"Not Suspect of Alcohol Use, Not Suspect of Drug Use","Not Suspect of Alcohol Use, Not Suspect of Drug Use",B127772C-F84B-4D67-BDD2-E6B8A1911719,Cyclist (non-electric),Walking/Cycling Along Roadway With Traffic (In or Adjacent to Travel Lane),"Inattentive (Talking, Eating, etc.)",Shoulder/Roadside,No,Suspected Minor Injury,Helmet,38.95212763,-77.12044744,"    (38.95212763, -77.12044744)"