Report Number,Local Case Number,Agency Name,ACRS Report Type,Crash Date/Time,Route Type,Road Name,Cross-Street Name,Off-Road Description,Municipality,Related Non-Motorist,Collision Type,Weather,Surface Condition,Light,Traffic Control,Driver Substance Abuse,Non-Motorist Substance Abuse,Person ID,Pedestrian Type,Pedestrian Movement,Pedestrian Actions,Pedestrian Location,At Fault,Injury Severity,Safety Equipment,Latitude,Longitude,Location
MCP9419005B,240052473,MONTGOMERY,Injury Crash,11/01/2024 13:20,Municipality Route,COLLEGE PKWY (SB/L),HUNGERFORD DR (SB/L),,,Pedestrian,Single Vehicle,Clear,Dry,Daylight,Traffic Control Signal,"Not Suspect of Alcohol Use, Not Suspect of Drug Use","Not Suspect of Alcohol Use, Not Suspect of Drug Use",B095AC79-F9BA-4CB3-BE9A-8D88F468BF77,Pedestrian,Cross/Enter at Intersection,None (No Improper Action),Intersection Marked Crosswalk,No,Suspected Minor Injury,None,39.10336004,-77.1560417,"    (39.10336004, -77.1560417)"
MCP3222002V,240052297,MONTGOMERY,Injury Crash,10/31/2024 04:57:00 PM,County Route,FERNWOOD RD,GREYSWOOD RD,,,Pedestrian,Single Vehicle,Clear,Dry,Daylight,Traffic Control Signal,"Not Suspect of Alcohol Use, Not Suspect of Drug Use","Not Suspect of Alcohol Use, Not Suspect of Drug Use",332B449B-8A07-4539-A5CF-4AE632769646,Pedestrian,Cross/Enter at Intersection,None (No Improper Action),Intersection Marked Crosswalk,No,Suspected Minor Injury,None,39.0182433,-77.1333093,"    (39.0182433, -77.1333093)"
MCP24450069,240052240,MONTGOMERY,Injury Crash,10/31/2024 12:22:00 PM,,,,Parking Lot Way        IN FRONT OF 20680 SENECA MEADOWS PARKWAY,,Pedestrian,Single Vehicle,Clear,,Daylight,,"Not Suspect of Alcohol Use, Not Suspect of Drug Use","Not Suspect of Alcohol Use, Not Suspect of Drug Use",37A1E51B-4434-4FEB-BB26-67EBD500A67E,Pedestrian,Cross/Enter Not at Intersection,None (No Improper Action),Other,No,Possible Injury,None,39.19981307,-77.25399665,"    (39.19981307, -77.25399665)"
MCP9428005F,240052242,MONTGOMERY,Injury Crash,10/31/2024 12:18:00 PM,,,,Parking Aisle        STAFF PARKING LOT AT DAMASCUS HIGH SCHOOL,,Pedestrian,Single Vehicle,Clear,,Daylight,,"Not Suspect of Alcohol Use, Not Suspect of Drug Use","Not Suspect of Alcohol Use, Not Suspect of Drug Use",D5AE3957-2768-487C-BF86-A2558EE35A8A,Pedestrian,Getting Off/On Vehicle,None (No Improper Action),Travel Lane Other Location,No,Suspected Minor Injury,None,39.28207833,-77.21086833,"    (39.28207833, -77.21086833)"
DM85220036,240052201,TAKOMA,Property Damage Crash,10/31/2024 09:07:00 AM,Maryland (State) Route,,PINEY BRANCH RD,,,Pedestrian,Single Vehicle,Clear,Dry,Daylight,Pedestrian Crossing,"Not Suspect of Alcohol Use, Not Suspect of Drug Use","Not Suspect of Alcohol Use, Not Suspect of Drug Use",A7CD5EAF-DE8E-4F79-AB54-FE0EF1765DA7,Pedestrian,Cross/Enter at Intersection,None (No Improper Action),Intersection Marked Crosswalk,No,No Apparent Injury,None,38.98313937,-77.01539537,"    (38.98313937, -77.01539537)"
MCP3165005M,240051926,MONTGOMERY,Injury Crash,10/30/2024 06:30:00 AM,County Route,GREENCASTLE RD,,,,Pedestrian,Unknown,Clear,Dry,Dark - Not Lighted,No Controls,"Unknown, Unknown","Not Suspect of Alcohol Use, Not Suspect of Drug Use",1C23D96A-CB5A-4C57-9A90-2164EA83AA2F,Pedestrian,None,None (No Improper Action),Intersection Other,No,Suspected Minor Injury,None,39.08832533,-76.93081733,"    (39.08832533, -76.93081733)"
MCP3322002Z,240051917,MONTGOMERY,Fatal Crash,10/30/2024 05:24:00 AM,Maryland (State) Route,VEIRS MILL RD (WB/L),,,,Pedestrian,Single Vehicle,Clear,Dry,Dark - Lighted,No Controls,"Not Suspect of Alcohol Use, Not Suspect of Drug Use","Not Suspect of Alcohol Use, Not Suspect of Drug Use",4A59CC70-0586-4926-BEC1-D7EFDAA181F8,Pedestrian,Cross/Enter Not at Intersection,Dart/Dash,Travel Lane Other Location,Yes,Fatal Injury,None,39.06423972,-77.09653569,"    (39.06423972, -77.09653569)"
MCP3053007Z,240051876,MONTGOMERY,Property Damage Crash,10/29/2024 07:16:00 PM,County Route,GLENPARK DR,,,,Cyclist (non-electric),Single Vehicle,Clear,Dry,Dark - Lighted,No Controls,"Not Suspect of Alcohol Use, Not Suspect of Drug Use","Not Suspect of Alcohol Use, Not Suspect of Drug Use",28A6A152-D3A3-4E6B-B313-5D65AA94C58F,Cyclist (non-electric),Other,None (No Improper Action),Shoulder/Roadside,No,No Apparent Injury,None,39.03644446,-77.03823405,"    (39.03644446, -77.03823405)"
DM8352000Y,240051851,TAKOMA,Injury Crash,10/29/2024 06:50:00 PM,Maryland (State) Route,EAST WEST HWY (WB/L),,,,Pedestrian,Single Vehicle,Clear,Dry,Daylight,No Controls,"Not Suspect of Alcohol Use, Not Suspect of Drug Use","Not Suspect of Alcohol Use, Not Suspect of Drug Use",E135009A-1F9F-48A2-B63E-0192942FF4B5,Pedestrian,Cross/Enter Not at Intersection,"Failure to Obey Traffic Signs, Signals, or Officer, Failure to Yield Right-Of-Way",Other,No,Suspected Minor Injury,None,38.97538836,-76.99333842,"    (38.97538836, -76.99333842)"
MCP28440083,240051740,MONTGOMERY,Injury Crash,10/29/2024 05:52:00 AM,County Route,DENNIS AVE,,,,Unknown,Unknown,Clear,Dry,Dark - Not Lighted,Pedestrian Crossing Sign,"Unknown, Unknown","Not Suspect of Alcohol Use, Not Suspect of Drug Use",09E837CE-B042-420F-ABB9-99AC2E7542FD,Unknown,Other,None (No Improper Action),Intersection Marked Crosswalk,No,Suspected Minor Injury,Unknown,39.02620942,-77.03540998,"    (39.02620942, -77.03540998)"
MCP3422000X,240051712,MONTGOMERY,Injury Crash,10/28/2024 06:55:00 PM,US (State),GEORGIA AVE (SB/L),GEORGIA AVE,,,Pedestrian,Single Vehicle,Clear,Dry,Daylight,Traffic Control Signal,"Not Suspect of Alcohol Use, Not Suspect of Drug Use","Not Suspect of Alcohol Use, Not Suspect of Drug Use",888016E1-CCE5-4A74-8978-51B48901EF18,Pedestrian,Cross/Enter Not at Intersection,None (No Improper Action),Travel Lane Other Location,No,Suspected Serious Injury,None,38.99608387,-77.02816178,"    (38.99608387, -77.02816178)"
MCP32550067,240051698,MONTGOMERY,Injury Crash,10/28/2024 05:15:00 PM,County Route,,CHERRY LAUREL LA MOONEY DR,,,Pedestrian,Single Vehicle,Clear,Dry,Daylight,Traffic Control Signal,"Not Suspect of Alcohol Use, Not Suspect of Drug Use","Not Suspect of Alcohol Use, Not Suspect of Drug Use",9FDC7D89-A3FB-4D55-99E1-5B56D78C31BC,Pedestrian,Cross/Enter at Intersection,None (No Improper Action),Intersection Marked Crosswalk,No,Suspected Serious Injury,None,39.16241975,-77.16574825,"    (39.16241975, -77.16574825)"
MCP3079006R,240051595,MONTGOMERY,Injury Crash,10/28/2024 07:30:00 AM,Local Route,THUNDERHEAD WAY,,,,Pedestrian,Rear To Side,Clear,Dry,Daylight,No Controls,"Not Suspect of Alcohol Use, Not Suspect of Drug Use, Not Suspect of Alcohol Use, Not Suspect of Drug Use","Not Suspect of Alcohol Use, Not Suspect of Drug Use",4F042247-B9BA-4542-918B-E27501C5ACAE,Pedestrian,Other Working,None (No Improper Action),Travel Lane Other Location,No,Possible Injury,Other,39.18915951,-77.27041344,"    (39.18915951, -77.27041344)"
MCP3268004J,240051587,MONTGOMERY,Injury Crash,10/28/2024 05:15:00 AM,Maryland (State) Route,NEW HAMPSHIRE AVE (SB/L),JACKSON RD,,,Pedestrian,Single Vehicle,Clear,Dry,Dark - Unknown Lighting,Pedestrian Crossing Sign,"Unknown, Unknown","Not Suspect of Alcohol Use, Not Suspect of Drug Use",06D20189-ADCE-46D2-BBFF-C724BADF4BE9,Pedestrian,Walking/Cycling on Sidewalk,None (No Improper Action),Intersection Marked Crosswalk,No,Suspected Minor Injury,None,39.05521092,-76.9955291,"    (39.05521092, -76.9955291)"
EJ7902001M,240051564,GAITHERSBURG,Injury Crash,10/27/2024 11:49:00 PM,,,,Parking Lot Way        112 PARAMOUNT PARK DR GARAGE,,Pedestrian,Single Vehicle,Clear,,Dark - Lighted,,"Suspect of Alcohol Use, Not Suspect of Drug Use","Suspect of Alcohol Use, Not Suspect of Drug Use",9F318979-EA93-4CD7-B9D2-39371901D047,Pedestrian,Other,None (No Improper Action),Other,No,Suspected Serious Injury,None,39.15592665,-77.21824437,"    (39.15592665, -77.21824437)"
MCP31480071,240051509,MONTGOMERY,Injury Crash,10/27/2024 04:37:00 PM,Municipality Route,ROSEMARY ST,ROSE MARY CIR,,,Pedestrian,Single Vehicle,Clear,Dry,Daylight,Pedestrian Crossing,"Not Suspect of Alcohol Use, Not Suspect of Drug Use","Not Suspect of Alcohol Use, Not Suspect of Drug Use",19BD0C1D-9E95-4D50-8011-1FF4A84DE970,Pedestrian,Cross/Enter at Intersection,None (No Improper Action),Intersection Marked Crosswalk,No,Possible Injury,"None, Other",38.97794319,-77.08102483,"    (38.97794319, -77.08102483)"
MCP31480071,240051509,MONTGOMERY,Injury Crash,10/27/2024 04:37:00 PM,Municipality Route,ROSEMARY ST,ROSE MARY CIR,,,Pedestrian,Single Vehicle,Clear,Dry,Daylight,Pedestrian Crossing,"Not Suspect of Alcohol Use, Not Suspect of Drug Use","Not Suspect of Alcohol Use, Not Suspect of Drug Use",6FE8F479-BDED-412D-AC7B-30F374EBB7CA,Pedestrian,Cross/Enter at Intersection,None (No Improper Action),Intersection Marked Crosswalk,No,No Apparent Injury,"None, Other",38.97794319,-77.08102483,"    (38.97794319, -77.08102483)"
MCP3134005B,240051502,MONTGOMERY,Injury Crash,10/27/2024 04:05:00 PM,County Route,BRIGGS CHANEY RD,,,,Pedestrian,Single Vehicle,Clear,Dry,Daylight,No Controls,"Not Suspect of Alcohol Use, Not Suspect of Drug Use","Not Suspect of Alcohol Use, Not Suspect of Drug Use",3857AD35-A08D-4A7C-94CF-B856E044C35B,Pedestrian,Cross/Enter Not at Intersection,"In Roadway Improperly (Standing, Lying, Working, Playing)",Travel Lane Other Location,Yes,Suspected Minor Injury,None,39.06955067,-76.93741483,"    (39.06955067, -76.93741483)"
DD562000BW,240051499,ROCKVILLE,Injury Crash,10/27/2024 04:00:00 PM,,,,Parking Lot Way        15108 FREDERICK RD,,Pedestrian,Single Vehicle,Clear,,Daylight,,"Not Suspect of Alcohol Use, Not Suspect of Drug Use","Not Suspect of Alcohol Use, Not Suspect of Drug Use",D07A4B00-0B6E-493F-876B-D9DC91146249,Pedestrian,Other,None (No Improper Action),Other,No,Suspected Minor Injury,None,39.09734302,-77.15831097,"    (39.09734302, -77.15831097)"
MCP3228006G,240051385,MONTGOMERY,Injury Crash,10/26/2024 08:57:00 PM,County Route,CAMERON ST,GEORGIA AVE,,,Pedestrian,Single Vehicle,Clear,Dry,Dark - Lighted,Traffic Control Signal,"Not Suspect of Alcohol Use, Not Suspect of Drug Use","Not Suspect of Alcohol Use, Not Suspect of Drug Use",0330E9D1-1B72-483D-A389-0485D0243FA4,Pedestrian,Cross/Enter at Intersection,None (No Improper Action),Intersection Marked Crosswalk,No,Suspected Minor Injury,None,38.99765943,-77.02967678,"    (38.99765943, -77.02967678)"
HA2449001J,24002271,MCPARK,Injury Crash,10/26/2024 08:45:00 AM,,,,"Parking Lot Way        BROOKSIDE GARDENS VISTOR CENTER PARKING LOT (1800 GLENALLALLAN AVE, SILVER SPRING, MD 20902)",,Pedestrian,Single Vehicle,Clear,,Daylight,,"Not Suspect of Alcohol Use, Not Suspect of Drug Use","Not Suspect of Alcohol Use, Not Suspect of Drug Use",DDCB5EF8-4860-4D5E-A9B4-35D8856E573D,Pedestrian,Other,"Inattentive (Talking, Eating, etc.)",Driveway Access,No,Suspected Serious Injury,None,39.05794856,-77.0378417,"    (39.05794856, -77.0378417)"
MCP2966007T,240051181,MONTGOMERY,Injury Crash,10/25/2024 05:51:00 PM,Other Public Roadway,WHEATFIELD TERR,,,,Pedestrian,Single Vehicle,Clear,Dry,Daylight,No Controls,"Not Suspect of Alcohol Use, Not Suspect of Drug Use","Not Suspect of Alcohol Use, Not Suspect of Drug Use",E2B3E07D-BCA5-4B66-9BF8-875AE759C677,Pedestrian,None,Other,Other,Yes,Suspected Minor Injury,None,39.17110735,-77.23009925,"    (39.17110735, -77.23009925)"
MCP3384000Z,240051147,MONTGOMERY,Injury Crash,10/25/2024 03:00:00 PM,Local Route,RETAIL PL,,,,Cyclist (Electric),Single Vehicle,Clear,Dry,Daylight,No Controls,"Not Suspect of Alcohol Use, Not Suspect of Drug Use","Not Suspect of Alcohol Use, Not Suspect of Drug Use",E52C73AB-2391-4F45-85AF-86D409951D7E,Cyclist (Electric),Cross/Enter Not at Intersection,Failure to Yield Right-Of-Way,Other,Yes,Possible Injury,None,39.170015,-77.20548333,"    (39.170015, -77.20548333)"
DM8421003H,240050901,TAKOMA,Injury Crash,10/24/2024 11:15:00 AM,Maryland (State) Route,PHILADELPHIA AVE,CHICAGO AVE,,,Pedestrian,Single Vehicle,Clear,Dry,Daylight,No Controls,"Not Suspect of Alcohol Use, Not Suspect of Drug Use","Not Suspect of Alcohol Use, Not Suspect of Drug Use",CAC6297F-44E9-4E4C-8E7C-7996ACCBD07D,Pedestrian,Cross/Enter at Intersection,Unknown,Intersection Marked Crosswalk,No,Suspected Minor Injury,None,38.9864859,-77.02131754,"    (38.9864859, -77.02131754)"
MCP3387001V,240050874,MONTGOMERY,Injury Crash,10/24/2024 09:09:00 AM,County Route,,,,,Pedestrian,Single Vehicle,Clear,Dry,Daylight,No Controls,"Unknown, Unknown","Not Suspect of Alcohol Use, Not Suspect of Drug Use",C35D2A85-8A97-4B38-84F5-5020E6BA813C,Pedestrian,Other Working,None (No Improper Action),OffStreet Trails or Sidepaths,No,Suspected Serious Injury,"Reflective Wear (backpack, triangles, etc.)",39.07087638,-76.93753548,"    (39.07087638, -76.93753548)"
MCP3374001X,240050868,MONTGOMERY,Injury Crash,10/24/2024 08:23:00 AM,Maryland (State) Route,BRADLEY BLVD,,,,Pedestrian,Single Vehicle,Clear,Dry,Daylight,Traffic Control Signal,"Not Suspect of Alcohol Use, Not Suspect of Drug Use","Not Suspect of Alcohol Use, Not Suspect of Drug Use",11277FC9-5A4B-4EC7-9437-CAAC8014DBA7,Pedestrian,Cross/Enter at Intersection,None (No Improper Action),Intersection Marked Crosswalk,No,Suspected Serious Injury,None,38.97757583,-77.10052583,"    (38.97757583, -77.10052583)"
MCP3038007F,240050799,MONTGOMERY,Injury Crash,10/23/2024 05:56:00 PM,,,,"Parking Lot Way        8101 FENTON STREET SILVER SPRING, MD  PARKING LOT",,Pedestrian,Single Vehicle,Clear,,Daylight,,"Not Suspect of Alcohol Use, Not Suspect of Drug Use","Not Suspect of Alcohol Use, Not Suspect of Drug Use",3C13609F-E583-4A33-8C95-075F68D3E79A,Pedestrian,Other,Unknown,Other,No,Possible Injury,None,38.99069021,-77.023625,"    (38.99069021, -77.023625)"
MCP2962009H,240050659,MONTGOMERY,Injury Crash,10/23/2024 07:06:00 AM,Other Public Roadway,TATANI DR,,,,Pedestrian,Single Vehicle,Clear,Dry,Dawn,No Controls,"Not Suspect of Alcohol Use, Not Suspect of Drug Use","Not Suspect of Alcohol Use, Not Suspect of Drug Use",E9B7E9C0-1F08-48B1-9F7D-BC51514F79D7,Pedestrian,Standing,None (No Improper Action),Other,No,Suspected Minor Injury,None,39.15646798,-77.29604122,"    (39.15646798, -77.29604122)"
EJ7907000P,240050619,GAITHERSBURG,Injury Crash,10/22/2024 07:28:00 PM,Municipality Route,,WATKINS MILL RD,,,Pedestrian,Single Vehicle,Clear,Dry,Dark - Lighted,Stop Sign,"Not Suspect of Alcohol Use, Not Suspect of Drug Use","Not Suspect of Alcohol Use, Not Suspect of Drug Use",84D1C8CD-6B8E-44B7-B86B-0918F58E37EC,Pedestrian,Cross/Enter at Intersection,None (No Improper Action),Intersection Marked Crosswalk,No,Suspected Minor Injury,None,39.16204846,-77.21428276,"    (39.16204846, -77.21428276)"
MCP2752006P,240050590,MONTGOMERY,Injury Crash,10/22/2024 04:19:00 PM,Maryland (State) Route,BRADLEY BLVD,,,,Pedestrian,Single Vehicle,Clear,Dry,Daylight,No Controls,"Not Suspect of Alcohol Use, Not Suspect of Drug Use","Not Suspect of Alcohol Use, Not Suspect of Drug Use",DD22C13A-D103-48CD-B34C-48630155B08F,Pedestrian,Cross/Enter Not at Intersection,Dart/Dash,Other,No,Suspected Serious Injury,None,39.00781342,-77.17278746,"    (39.00781342, -77.17278746)"
MCP33790017,240050584,MONTGOMERY,Injury Crash,10/22/2024 04:17:00 PM,County Route,SCHAEFFER RD,CLOPPER RD,,,Pedestrian,Single Vehicle,Clear,Dry,Daylight,Pedestrian Crossing,"Not Suspect of Alcohol Use, Not Suspect of Drug Use","Not Suspect of Alcohol Use, Not Suspect of Drug Use",A89193D6-EA14-43E7-9D95-D63AB3736FFA,Pedestrian,Cross/Enter at Intersection,None (No Improper Action),Intersection Marked Crosswalk,No,Suspected Minor Injury,None,39.16347247,-77.28464201,"    (39.16347247, -77.28464201)"
MCP32590056,240050575,MONTGOMERY,Injury Crash,10/22/2024 03:28:00 PM,County Route,RAYBURN RD,BRADLEY BLVD,,,Pedestrian,Single Vehicle,Clear,Dry,Daylight,Pedestrian Crossing Sign,"Not Suspect of Alcohol Use, Not Suspect of Drug Use","Not Suspect of Alcohol Use, Not Suspect of Drug Use",0518279D-EC69-415D-A4E2-1A0FEEBDCE38,Pedestrian,Cross/Enter at Intersection,None (No Improper Action),Intersection Marked Crosswalk,No,Suspected Minor Injury,None,38.99319429,-77.12058297,"    (38.99319429, -77.12058297)"
DD5673000P,240050509,ROCKVILLE,Injury Crash,10/22/2024 10:08:00 AM,Maryland (State) Route,VEIRS MILL RD,TWINBROOK PKWY,,,Pedestrian,Single Vehicle,Clear,Dry,Daylight,Traffic Control Signal,"Unknown, Unknown","Not Suspect of Alcohol Use, Not Suspect of Drug Use",BFE160E8-EAFE-4505-8545-F2CF7C2C5A83,Pedestrian,Cross/Enter at Intersection,None (No Improper Action),Intersection Marked Crosswalk,No,Suspected Minor Injury,None,39.07337706,-77.11196112,"    (39.07337706, -77.11196112)"
MCP3392001H,240050475,MONTGOMERY,Injury Crash,10/22/2024 06:19:00 AM,Maryland (State) Route,UNIVERSITY BLVD W (WB/L),INWOOD AVE,,,Pedestrian,Single Vehicle,Clear,Dry,Dark - Lighted,Traffic Control Signal,"Not Suspect of Alcohol Use, Not Suspect of Drug Use","Not Suspect of Alcohol Use, Not Suspect of Drug Use",82534DE1-955A-4C74-B873-D807BBA5F1DF,Pedestrian,Cross/Enter at Intersection,None (No Improper Action),Intersection Marked Crosswalk,No,Possible Injury,None,39.03621274,-77.03644982,"    (39.03621274, -77.03644982)"
MCP3180004B,240050446,MONTGOMERY,Injury Crash,10/21/2024 07:24:00 PM,County Route,NORTH HIGH ST,GEORGIA AVE (SB/L),,,Pedestrian,Single Vehicle,Clear,Dry,Dark - Lighted,No Controls,"Not Suspect of Alcohol Use, Not Suspect of Drug Use","Not Suspect of Alcohol Use, Not Suspect of Drug Use",B7ABCCE2-2394-410C-893C-696E635E69DD,Pedestrian,Cross/Enter Not at Intersection,"Dart/Dash, Failure to Obey Traffic Signs, Signals, or Officer, Inattentive (Talking, Eating, etc.)",Travel Lane Other Location,No,Suspected Serious Injury,None,39.15118065,-77.06682513,"    (39.15118065, -77.06682513)"
MCP28450091,240050297,MONTGOMERY,Injury Crash,10/21/2024 09:00:00 AM,US (State),COLUMBIA PIKE,PRELUDE DR,,,Pedestrian,Single Vehicle,Clear,Dry,Daylight,Traffic Control Signal,"Not Suspect of Alcohol Use, Not Suspect of Drug Use","Not Suspect of Alcohol Use, Not Suspect of Drug Use",C962DE79-6D4D-4054-9745-A0BDE6F41F0E,Pedestrian,Cross/Enter at Intersection,None (No Improper Action),Intersection Marked Crosswalk,No,Possible Injury,None,39.03934178,-76.99769471,"    (39.03934178, -76.99769471)"
MCP12010001,240050201,MONTGOMERY,Injury Crash,10/20/2024 04:10:00 PM,,,,Parking Lot Way        PARKING LOT OF COSTCO,,Pedestrian,Single Vehicle,Clear,,Daylight,,"Not Suspect of Alcohol Use, Not Suspect of Drug Use","Not Suspect of Alcohol Use, Not Suspect of Drug Use",6D7A2626-D9F6-4675-8808-38E01F011B4B,Pedestrian,Cross/Enter at Intersection,None (No Improper Action),NonTrafficway Area,No,Suspected Minor Injury,None,39.15644239,-77.21348223,"    (39.15644239, -77.21348223)"
MCP3290003N,240050175,MONTGOMERY,Injury Crash,10/20/2024 01:57:00 PM,Local Route,SILVER SPRING AVE,,,,Scooter (electric),Single Vehicle,Clear,Dry,Daylight,Traffic Control Signal,"Not Suspect of Alcohol Use, Not Suspect of Drug Use","Not Suspect of Alcohol Use, Not Suspect of Drug Use",421C4682-F1AA-42D3-A0E2-442A36ABE3EB,Scooter (electric),Walking/Cycling on Sidewalk,"Failure to Obey Traffic Signs, Signals, or Officer, Failure to Yield Right-Of-Way, Inattentive (Talking, Eating, etc.)",Intersection Unmarked Crosswalk,Yes,Possible Injury,None,38.99156083,-77.02682555,"    (38.99156083, -77.02682555)"
MCP2085000M,240050084,MONTGOMERY,Injury Crash,10/19/2024 10:30:00 PM,Municipality Route,OAK LA,,,,Pedestrian,Single Vehicle,Clear,Dry,Dark - Lighted,No Controls,"Not Suspect of Alcohol Use, Not Suspect of Drug Use","Not Suspect of Alcohol Use, Not Suspect of Drug Use",1A238B07-3999-4BB7-B4D1-E8CE9DC74BFD,Pedestrian,Cross/Enter Not at Intersection,Dart/Dash,Travel Lane Other Location,Yes,Suspected Serious Injury,None,38.98389299,-77.08210183,"    (38.98389299, -77.08210183)"
DD5538004Q,240050034,ROCKVILLE,Injury Crash,10/19/2024 02:49:00 PM,,,,"Service Road        IN FRONT OF 1450 ROCKVILLE PIKE, BMW OF ROCKVILLE SERVICE RD",,Pedestrian,Single Vehicle,Clear,,Daylight,,"Not Suspect of Alcohol Use, Not Suspect of Drug Use","Not Suspect of Alcohol Use, Not Suspect of Drug Use",4694498A-BA83-4D06-86B5-EF47FADD92A4,Pedestrian,Cross/Enter Not at Intersection,Other,NonTrafficway Area,Yes,Suspected Serious Injury,None,39.06644355,-77.12744955,"    (39.06644355, -77.12744955)"
MCP2270003V,240050009,MONTGOMERY,Injury Crash,10/19/2024 12:10:00 PM,County Route,MACARTHUR BLVD,OBERLIN AVE,,,Cyclist (non-electric),Single Vehicle,Clear,Dry,Daylight,Traffic Control Signal,"Not Suspect of Alcohol Use, Not Suspect of Drug Use","Not Suspect of Alcohol Use, Not Suspect of Drug Use",4C0672A4-E75A-4282-A5F7-094B4221DF8D,Cyclist (non-electric),Walking/Cycling on Sidewalk,None (No Improper Action),Intersection Marked Crosswalk,No,Suspected Minor Injury,"Helmet, Reflectors",38.96447409,-77.13610862,"    (38.96447409, -77.13610862)"
MCP3301002V,240049947,MONTGOMERY,Injury Crash,10/19/2024 03:06:00 AM,County Route,TECH RD,COLUMBIA PIKE,,,Pedestrian,Single Vehicle,Clear,Dry,Dark - Lighted,Traffic Control Signal,"Not Suspect of Alcohol Use, Not Suspect of Drug Use","Not Suspect of Alcohol Use, Not Suspect of Drug Use",0B707C34-8304-4ABE-8B21-31C2BE2B90EA,Pedestrian,Cross/Enter at Intersection,None (No Improper Action),Intersection Marked Crosswalk,No,Suspected Minor Injury,None,39.05795366,-76.96832733,"    (39.05795366, -76.96832733)"
MCP3422000V,240049888,MONTGOMERY,Injury Crash,10/18/2024 05:00:00 PM,County Route,WOODSIDE PKWY,,,,Pedestrian,Single Vehicle,Clear,Dry,Daylight,No Controls,"Not Suspect of Alcohol Use, Not Suspect of Drug Use","Not Suspect of Alcohol Use, Not Suspect of Drug Use",CC3A5788-4EEB-4845-8C1F-659CB42886F0,Pedestrian,Walking/Cycling Along Roadway Against Traffic (In or Adjacent to Travel Lane),None (No Improper Action),Other,No,Suspected Minor Injury,None,39.00488738,-77.03148883,"    (39.00488738, -77.03148883)"
MCP32710055,240049741,MONTGOMERY,Injury Crash,10/17/2024 07:45:00 PM,County Route,RAYBURN RD,BRADLEY BLVD,,,Cyclist (Electric),Single Vehicle,Clear,Dry,Dark - Not Lighted,No Controls,"Not Suspect of Alcohol Use, Not Suspect of Drug Use","Not Suspect of Alcohol Use, Not Suspect of Drug Use",9573258C-EBDD-4172-9AA8-7F5FAE5AB5BF,Cyclist (Electric),Cross/Enter at Intersection,"Dart/Dash, Failure to Yield Right-Of-Way, Not Visible (Dark Clothing, No Lighting, etc.)",Intersection Other,Yes,Suspected Serious Injury,None,38.99317686,-77.1205867,"    (38.99317686, -77.1205867)"