Report Number,Local Case Number,Agency Name,ACRS Report Type,Crash Date/Time,Route Type,Road Name,Cross-Street Name,Off-Road Description,Municipality,Related Non-Motorist,Collision Type,Weather,Surface Condition,Light,Traffic Control,Driver Substance Abuse,Non-Motorist Substance Abuse,Person ID,Pedestrian Type,Pedestrian Movement,Pedestrian Actions,Pedestrian Location,At Fault,Injury Severity,Safety Equipment,Latitude,Longitude,Location
MCP3387001Q,240049600,MONTGOMERY,Injury Crash,10/17/2024 07:53:00 AM,County Route,MILESTONE DR,,,,Pedestrian,Single Vehicle,Clear,Dry,Daylight,No Controls,"Not Suspect of Alcohol Use, Not Suspect of Drug Use, Not Suspect of Alcohol Use, Not Suspect of Drug Use","Not Suspect of Alcohol Use, Not Suspect of Drug Use",17FE68CD-D8CF-4F3E-81F1-66B424777716,Pedestrian,Other Working,None (No Improper Action),Other,No,Suspected Minor Injury,None,39.04861224,-76.98456399,"    (39.04861224, -76.98456399)"
MCP32330053,240051710,MONTGOMERY,Injury Crash,10/16/2024 05:56:00 PM,Other Public Roadway,NO NAME,,,,Pedestrian,Single Vehicle,Clear,Dry,Dark - Lighted,No Controls,"Unknown, Unknown","Not Suspect of Alcohol Use, Not Suspect of Drug Use",9B7A8E68-5EE6-4587-9281-68BA0C289C2B,Pedestrian,Cross/Enter Not at Intersection,Unknown,Intersection Unmarked Crosswalk,No,Possible Injury,None,39.00128289,-76.98611441,"    (39.00128289, -76.98611441)"
MCP23990098,240049491,MONTGOMERY,Injury Crash,10/16/2024 04:49:00 PM,County Route,,APPLE RIDGE RD,,,Pedestrian,Single Vehicle,Clear,Dry,Daylight,Traffic Control Signal,"Not Suspect of Alcohol Use, Not Suspect of Drug Use","Not Suspect of Alcohol Use, Not Suspect of Drug Use",52FA99AC-7757-44A5-85FB-38AD5C6C957A,Pedestrian,Cross/Enter at Intersection,Unknown,Unknown,Yes,Possible Injury,None,39.18421462,-77.21094197,"    (39.18421462, -77.21094197)"
MCP3037006L,240049487,MONTGOMERY,Injury Crash,10/16/2024 03:46:00 PM,County Route,OBSERVATION DR (SB/L),MILESTONE CENTER DR (NB/L),,,Pedestrian,Unknown,Clear,Dry,Daylight,"Person (including flagger, law enforcement, crossing guard, etc.","Not Suspect of Alcohol Use, Not Suspect of Drug Use","Not Suspect of Alcohol Use, Not Suspect of Drug Use",15507302-FC64-40CB-861E-0719787847FA,Pedestrian,Walking/Cycling Along Roadway With Traffic (In or Adjacent to Travel Lane),None (No Improper Action),Intersection Marked Crosswalk,No,Suspected Minor Injury,None,39.20383788,-77.25977099,"    (39.20383788, -77.25977099)"
MCP235800CZ,240049406,MONTGOMERY,Injury Crash,10/16/2024 10:00:00 AM,County Route,MACARTHUR BLVD,PERSIMMON TREE RD,,,Cyclist (non-electric),Single Vehicle,Clear,Dry,Daylight,Stop Sign,"Not Suspect of Alcohol Use, Not Suspect of Drug Use","Not Suspect of Alcohol Use, Not Suspect of Drug Use",37ED2AEF-409A-4EFB-8598-9F867498F543,Cyclist (non-electric),Walking/Cycling Along Roadway Against Traffic (In or Adjacent to Travel Lane),None (No Improper Action),Shoulder/Roadside,No,Suspected Serious Injury,Helmet,38.97429686,-77.1682134,"    (38.97429686, -77.1682134)"
MCP29740058,240049403,MONTGOMERY,Injury Crash,10/16/2024 09:26:00 AM,County Route,FAIRLAND RD (WB/L),OLD COLUMBIA PIKE,,,Cyclist (non-electric),Single Vehicle,Clear,Dry,Daylight,Traffic Control Signal,"Not Suspect of Alcohol Use, Not Suspect of Drug Use","Not Suspect of Alcohol Use, Not Suspect of Drug Use",C87A9888-7B7E-40AE-97A1-A204D9A8529A,Cyclist (non-electric),Cross/Enter at Intersection,"Dart/Dash, Other",Intersection Other,Yes,Suspected Minor Injury,None,39.07612548,-76.95772463,"    (39.07612548, -76.95772463)"
MCP3410000H,240049388,MONTGOMERY,Property Damage Crash,10/16/2024 07:53:00 AM,,,,Private Road        SCHOOL BUS DROP OFF LANE.,,Pedestrian,Single Vehicle,Clear,,Daylight,,"Not Suspect of Alcohol Use, Not Suspect of Drug Use","Not Suspect of Alcohol Use, Not Suspect of Drug Use",2EF075D3-23A8-4856-B12C-47EE1C8DC7B3,Pedestrian,Cross/Enter Not at Intersection,None (No Improper Action),Other,No,No Apparent Injury,None,39.06486013,-77.03897102,"    (39.06486013, -77.03897102)"
MCP3383001P,240049380,MONTGOMERY,Property Damage Crash,10/16/2024 06:50:00 AM,County Route,SHOREFIELD RD,GEORGIA AVE,,,Pedestrian,Single Vehicle,Clear,Dry,Dawn,Traffic Control Signal,"Not Suspect of Alcohol Use, Not Suspect of Drug Use","Not Suspect of Alcohol Use, Not Suspect of Drug Use",FE43C396-BC4A-4C26-A15F-5E97ED379505,Pedestrian,Cross/Enter at Intersection,None (No Improper Action),Intersection Marked Crosswalk,No,No Apparent Injury,None,39.05304251,-77.05085257,"    (39.05304251, -77.05085257)"
MCP32300061,240049311,MONTGOMERY,Injury Crash,10/15/2024 05:00:00 PM,Maryland (State) Route,GEORGIA AVE (SB/L),JUDSON RD LAYHILL RD LAYHILL RD (SB/L),,,Pedestrian,Single Vehicle,Clear,Dry,Daylight,Traffic Control Signal,"Not Suspect of Alcohol Use, Not Suspect of Drug Use","Not Suspect of Alcohol Use, Not Suspect of Drug Use",5D99704A-801A-4A6A-8BA3-89C739592BA8,Pedestrian,Cross/Enter at Intersection,Dart/Dash,Intersection Marked Crosswalk,No,Suspected Minor Injury,None,39.06015176,-77.05113906,"    (39.06015176, -77.05113906)"
DM8492001K,240049107,TAKOMA,Injury Crash,10/14/2024 02:23:00 PM,,,,Parking Lot Way        PARKING LOT OF 7401 NEW HAMPSHIRE AVE,,Pedestrian,Single Vehicle,Clear,,Daylight,,"Not Suspect of Alcohol Use, Not Suspect of Drug Use","Not Suspect of Alcohol Use, Not Suspect of Drug Use",9D4A3521-B20E-4C14-AFE3-DCE17C2DE6CB,Pedestrian,Other Working,None (No Improper Action),NonTrafficway Area,No,Suspected Minor Injury,None,38.98318731,-76.98643948,"    (38.98318731, -76.98643948)"
MCP31900067,240049055,MONTGOMERY,Property Damage Crash,10/14/2024 11:10:00 AM,Maryland (State) Route,GEORGIA AVE (SB/L),,,,Cyclist (non-electric),Single Vehicle,Clear,Dry,Daylight,No Controls,"Not Suspect of Alcohol Use, Not Suspect of Drug Use","Not Suspect of Alcohol Use, Not Suspect of Drug Use",84039C30-B4C6-4092-8F3D-5CC4CCCD8171,Cyclist (non-electric),Walking/Cycling on Sidewalk,Unknown,Sidewalk,No,No Apparent Injury,None,39.15496263,-77.06705986,"    (39.15496263, -77.06705986)"
MCP2270003S,240049020,MONTGOMERY,Injury Crash,10/14/2024 07:20:00 AM,Maryland (State) Route,BRADLEY BLVD,RAYBURN RD,,,Cyclist (non-electric),Single Vehicle,Clear,Dry,Daylight,Stop Sign,"Not Suspect of Alcohol Use, Not Suspect of Drug Use","Not Suspect of Alcohol Use, Not Suspect of Drug Use",F3A68473-D28E-472F-917F-B91BDD398DE0,Cyclist (non-electric),Walking/Cycling Along Roadway With Traffic (In or Adjacent to Travel Lane),None (No Improper Action),Intersection Other,No,Suspected Minor Injury,"Helmet, Lighting, Reflectors",38.99303314,-77.12081277,"    (38.99303314, -77.12081277)"
MCP2723008W,240048973,MONTGOMERY,Injury Crash,10/13/2024 08:50:00 PM,County Route,GRAND PRE RD,,,,Pedestrian,Single Vehicle,Clear,Dry,Dark - Not Lighted,No Controls,"Not Suspect of Alcohol Use, Not Suspect of Drug Use","Not Suspect of Alcohol Use, Not Suspect of Drug Use",A4669E36-C83F-446D-9384-12E60C5E0B7A,Pedestrian,Cross/Enter at Intersection,Unknown,Sidewalk,No,Possible Injury,None,39.09274296,-77.07647884,"    (39.09274296, -77.07647884)"
MCP2898005B,240048961,MONTGOMERY,Injury Crash,10/13/2024 06:28:00 PM,,,,Parking Lot Way        PARKING LOT OF 211117 FREDERICK RD,,Pedestrian,Single Vehicle,Clear,,Dusk,,"Not Suspect of Alcohol Use, Not Suspect of Drug Use","Not Suspect of Alcohol Use, Not Suspect of Drug Use",AB800D0D-F54F-4D9E-8589-52EE18EB52AB,Pedestrian,Other,None (No Improper Action),Other,No,Possible Injury,None,39.20445793,-77.24508927,"    (39.20445793, -77.24508927)"
MCP2455007K,240048636,MONTGOMERY,Injury Crash,10/11/2024 16:56,Maryland (State) Route,ROCKVILLE PIKE (SB/L),,,,"Other Pedestrian (person in a building, skater, personal conveyance, etc.)",Single Vehicle,Clear,Dry,Daylight,Traffic Control Signal,"Not Suspect of Alcohol Use, Not Suspect of Drug Use","Not Suspect of Alcohol Use, Not Suspect of Drug Use",00DD932B-2C4B-457B-821D-2DAC35586B3B,"Other Pedestrian (person in a building, skater, personal conveyance, etc.)",Cross/Enter at Intersection,Failure to Yield Right-Of-Way,Intersection Other,No,Suspected Minor Injury,None,39.05508381,-77.1182656,"    (39.05508381, -77.1182656)"
MCP291700DW,240048574,MONTGOMERY,Injury Crash,10/11/2024 12:17,Maryland (State) Route,GEORGIA AVE (SB/L),,,,Pedestrian,Single Vehicle,Clear,Dry,Daylight,No Controls,"Not Suspect of Alcohol Use, Not Suspect of Drug Use","Suspect of Alcohol Use, Suspect of Drug Use",A9782872-B398-49EB-B7C0-FD8E4EC7536E,Pedestrian,Cross/Enter Not at Intersection,Dart/Dash,Travel Lane Other Location,Yes,Suspected Serious Injury,None,38.99908177,-77.03153301,"    (38.99908177, -77.03153301)"
DD56120061,240048515,ROCKVILLE,Injury Crash,10/11/2024 8:05,,,,Driveway        ENTRANCE/EXIT 1010 ROCKVILLE PIKE,,Cyclist (Electric),Single Vehicle,Clear,,Daylight,,"Not Suspect of Alcohol Use, Not Suspect of Drug Use","Not Suspect of Alcohol Use, Not Suspect of Drug Use",983CC9A5-D4A3-4290-8AA6-1A0462B48708,Cyclist (Electric),Walking/Cycling on Sidewalk,None (No Improper Action),Sidewalk,No,Possible Injury,Unknown,39.07389231,-77.13484794,"    (39.07389231, -77.13484794)"
MCP2966007R,240048472,MONTGOMERY,Injury Crash,10/10/2024 21:09,Bicycle Route,,,,,Cyclist (non-electric),Single Vehicle,Clear,Dry,Dark - Not Lighted,No Controls,"Not Suspect of Alcohol Use, Not Suspect of Drug Use","Not Suspect of Alcohol Use, Not Suspect of Drug Use",78A1015D-43B3-4E08-A87D-29AA0AFDEED5,Cyclist (non-electric),Other,"Not Visible (Dark Clothing, No Lighting, etc.)",Other,No,Suspected Minor Injury,Helmet,39.17949954,-77.23864436,"    (39.17949954, -77.23864436)"
MCP32550062,240048444,MONTGOMERY,Injury Crash,10/10/2024 18:15,County Route,TRANSHIRE RD,,,,Pedestrian,Single Vehicle,Clear,Dry,Dusk,No Controls,"Not Suspect of Alcohol Use, Not Suspect of Drug Use","Not Suspect of Alcohol Use, Not Suspect of Drug Use",9A79331C-34A6-413B-8807-EF69351BA24A,Pedestrian,Cross/Enter Not at Intersection,"Failure to Yield Right-Of-Way, In Roadway Improperly (Standing, Lying, Working, Playing), Inattentive (Talking, Eating, etc.)",Other,Yes,Suspected Serious Injury,None,39.17548494,-77.19808562,"    (39.17548494, -77.19808562)"
MCP1378019J,240048403,MONTGOMERY,Injury Crash,10/10/2024 15:02,Maryland (State) Route,GEORGIA AVE,,,,Scooter (electric),Single Vehicle,Clear,Dry,Daylight,No Controls,"Not Suspect of Alcohol Use, Not Suspect of Drug Use","Not Suspect of Alcohol Use, Not Suspect of Drug Use",42155806-8CC3-4DE1-858D-2941E84A6F51,Scooter (electric),Walking/Cycling on Sidewalk,Other,Sidewalk,No,Possible Injury,None,39.07918842,-77.07285935,"    (39.07918842, -77.07285935)"
MCP12270027,240048346,MONTGOMERY,Injury Crash,10/10/2024 9:16,County Route,CHERRY VALLEY DR,,,,"Other Pedestrian (person in a building, skater, personal conveyance, etc.)",Single Vehicle,Clear,Dry,Daylight,"Person (including flagger, law enforcement, crossing guard, etc.","Not Suspect of Alcohol Use, Not Suspect of Drug Use","Not Suspect of Alcohol Use, Not Suspect of Drug Use",D09B7C9F-8862-49C9-9CA9-4A570B945D79,"Other Pedestrian (person in a building, skater, personal conveyance, etc.)",Other,Other,Travel Lane Other Location,No,Suspected Serious Injury,Helmet,39.13927077,-77.06978133,"    (39.13927077, -77.06978133)"
MCP2727002Y,240048341,MONTGOMERY,Injury Crash,10/10/2024 9:10,County Route,WOODGLEN DR (NB/L),,,,Pedestrian,Single Vehicle,Clear,Dry,Daylight,Stop Sign,"Not Suspect of Alcohol Use, Not Suspect of Drug Use","Not Suspect of Alcohol Use, Not Suspect of Drug Use",C0D0F59D-FB30-430C-97C6-CC8094B81440,Pedestrian,Walking/Cycling on Sidewalk,None (No Improper Action),Sidewalk,No,Suspected Serious Injury,None,39.04024793,-77.11307993,"    (39.04024793, -77.11307993)"
EJ7905001L,240048333,GAITHERSBURG,Injury Crash,10/10/2024 7:31,County Route,LONGDRAFT RD,PHEASANT RUN DR,,,Pedestrian,Single Vehicle,Clear,Dry,Daylight,Stop Sign,"Not Suspect of Alcohol Use, Not Suspect of Drug Use","Not Suspect of Alcohol Use, Not Suspect of Drug Use",E1680551-21ED-4BD2-A1F6-8B2B046784AC,Pedestrian,Unknown,Unknown,Intersection Marked Crosswalk,No,Suspected Serious Injury,None,39.14456616,-77.2383461,"    (39.14456616, -77.2383461)"
MCP2513004M,240048322,MONTGOMERY,Injury Crash,10/10/2024 7:18,County Route,FOREST GLEN RD,FOREST GLEN RD GEORGIA AVE,,,Cyclist (non-electric),Single Vehicle,Clear,Dry,Daylight,Pedestrian Crossing,"Not Suspect of Alcohol Use, Not Suspect of Drug Use","Not Suspect of Alcohol Use, Not Suspect of Drug Use",230DCE75-FA90-498D-9849-FA0C703C5758,Cyclist (non-electric),Cross/Enter at Intersection,"Failure to Obey Traffic Signs, Signals, or Officer",Intersection Marked Crosswalk,Yes,Suspected Minor Injury,Helmet,39.0153875,-77.04281759,"    (39.0153875, -77.04281759)"
DM8514001K,240048276,TAKOMA,Injury Crash,10/09/2024 19:15,Maryland (State) Route,UNIVERSITY BLVD,,,,Pedestrian,Single Vehicle,Clear,Dry,Dark - Lighted,No Controls,"Not Suspect of Alcohol Use, Not Suspect of Drug Use","Suspect of Alcohol Use, Not Suspect of Drug Use",BBF2B3EB-36DD-4207-92E3-003A71CE4887,Pedestrian,Cross/Enter Not at Intersection,"Dart/Dash, Inattentive (Talking, Eating, etc.)",Median/Crossing Island,No,Possible Injury,None,38.98949796,-76.98858815,"    (38.98949796, -76.98858815)"
MCP31610072,240048274,MONTGOMERY,Property Damage Crash,10/09/2024 18:41,County Route,,,,,Cyclist (non-electric),Single Vehicle,Clear,Dry,Daylight,No Controls,"Not Suspect of Alcohol Use, Not Suspect of Drug Use","Unknown, Unknown",13F95FDF-B2DF-4AA4-83EC-D95E1422F522,Cyclist (non-electric),Walking/Cycling Along Roadway With Traffic (In or Adjacent to Travel Lane),"Failure to Yield Right-Of-Way, Improper Passing",Travel Lane Other Location,No,No Apparent Injury,Helmet,38.99597574,-77.06589655,"    (38.99597574, -77.06589655)"
MCP2372006V,240048229,MONTGOMERY,Injury Crash,10/09/2024 14:32,County Route,BEECH AVE,OLD GEORGETOWN RD (SB/L),,,Pedestrian,Single Vehicle,Clear,Dry,Daylight,Traffic Control Signal,"Not Suspect of Alcohol Use, Not Suspect of Drug Use","Not Suspect of Alcohol Use, Not Suspect of Drug Use",E80AC611-B13D-4BDE-8D30-8EF6E219088C,Pedestrian,Cross/Enter at Intersection,"Failure to Obey Traffic Signs, Signals, or Officer",Intersection Marked Crosswalk,Yes,Suspected Minor Injury,None,39.01015565,-77.11482416,"    (39.01015565, -77.11482416)"
MCP3089004H,240048176,MONTGOMERY,Injury Crash,10/09/2024 9:26,,,,Parking Lot Way        PARKING LOT OF GREENCASTLE ELEMENTARY SCHOOL,,Pedestrian,Single Vehicle,Clear,,Daylight,,"Unknown, Unknown","Not Suspect of Alcohol Use, Not Suspect of Drug Use",143A6CF9-4E2D-4D33-9F3B-F5ED996F12DF,Pedestrian,Other Working,None (No Improper Action),Unknown,No,Possible Injury,None,39.08328604,-76.94011453,"    (39.08328604, -76.94011453)"
EJ78940051,240048153,GAITHERSBURG,Injury Crash,10/09/2024 6:41,Municipality Route,FIRSTFIELD RD,QUINCE ORCHARD RD QUINCE ORCHARD RD (SB/L),,,Pedestrian,Single Vehicle,Clear,Dry,Dawn,Traffic Control Signal,"Not Suspect of Alcohol Use, Not Suspect of Drug Use","Not Suspect of Alcohol Use, Not Suspect of Drug Use",C20FB24C-0202-4250-BAA4-A345543F576A,Pedestrian,Cross/Enter at Intersection,None (No Improper Action),Intersection Marked Crosswalk,No,Possible Injury,None,39.14511966,-77.22006594,"    (39.14511966, -77.22006594)"
DD5657002M,240048092,ROCKVILLE,Injury Crash,10/08/2024 15:15,Municipality Route,NELSON ST,MANNAKEE ST MARTINS LA,,,Pedestrian,Unknown,Clear,Dry,Daylight,Traffic Control Signal,"Not Suspect of Alcohol Use, Not Suspect of Drug Use","Not Suspect of Alcohol Use, Not Suspect of Drug Use",CF8496F3-ED4C-4504-9E54-7C8B7FF99703,Pedestrian,Cross/Enter at Intersection,None (No Improper Action),Intersection Marked Crosswalk,No,Suspected Minor Injury,None,39.09333046,-77.16140076,"    (39.09333046, -77.16140076)"
MCP25630020,240047962,MONTGOMERY,Fatal Crash,10/07/2024 21:18,Maryland (State) Route,GREAT SENECA HWY (SB/L),KENTLANDS BLVD (NB/L),,,Pedestrian,Single Vehicle,Clear,Dry,Dark - Lighted,Traffic Control Signal,"Not Suspect of Alcohol Use, Not Suspect of Drug Use","Not Suspect of Alcohol Use, Not Suspect of Drug Use",F6B8D988-402D-450B-A07B-103F38CF61F2,Pedestrian,Cross/Enter at Intersection,"Dart/Dash, Failure to Obey Traffic Signs, Signals, or Officer, Not Visible (Dark Clothing, No Lighting, etc.)",Intersection Marked Crosswalk,Yes,Fatal Injury,None,39.12369719,-77.23171876,"    (39.12369719, -77.23171876)"
MCP2881006K,240047797,MONTGOMERY,Property Damage Crash,10/07/2024 7:50,County Route,ETERNITY RD,AMARILLO DR HOPKINS RD,,,Pedestrian,Single Vehicle,Clear,Dry,Daylight,Stop Sign,"Not Suspect of Alcohol Use, Not Suspect of Drug Use","Not Suspect of Alcohol Use, Not Suspect of Drug Use",2D686C32-3708-4995-BC70-30A51C5F3CFE,Pedestrian,Cross/Enter at Intersection,None (No Improper Action),Intersection Unmarked Crosswalk,No,No Apparent Injury,None,39.16879435,-77.29062071,"    (39.16879435, -77.29062071)"
MCP2881006K,240047797,MONTGOMERY,Property Damage Crash,10/07/2024 7:50,County Route,ETERNITY RD,AMARILLO DR HOPKINS RD,,,Pedestrian,Single Vehicle,Clear,Dry,Daylight,Stop Sign,"Not Suspect of Alcohol Use, Not Suspect of Drug Use","Not Suspect of Alcohol Use, Not Suspect of Drug Use",BAA214DB-5B43-4C97-B68A-876FED2E7258,Pedestrian,Cross/Enter at Intersection,None (No Improper Action),Intersection Unmarked Crosswalk,No,No Apparent Injury,None,39.16879435,-77.29062071,"    (39.16879435, -77.29062071)"
HA2377000Q,24002116,MCPARK,Injury Crash,10/06/2024 9:55,,,,"Parking Lot Way        PARKING LOT OF LAYTONIA RECREATIONAL PARK LOCATED AT 7300 AIRPARK RD, GAITHERSBURG, MD 20879.",,Pedestrian,Single Vehicle,Clear,,Daylight,,"Not Suspect of Alcohol Use, Not Suspect of Drug Use","Not Suspect of Alcohol Use, Not Suspect of Drug Use",1272FACE-8FF7-4006-B83A-22A58A0A955F,Pedestrian,Other,None (No Improper Action),Other,No,Suspected Minor Injury,None,39.15197405,-77.14510201,"    (39.15197405, -77.14510201)"
DD5649003W,240047597,ROCKVILLE,Injury Crash,10/05/2024 19:25,Maryland (State) Route,ROCKVILLE PIKE (SB/L),,,,Pedestrian,Unknown,Clear,Dry,Dark - Lighted,No Controls,"Not Suspect of Alcohol Use, Not Suspect of Drug Use","Not Suspect of Alcohol Use, Not Suspect of Drug Use",47426DC1-889D-4650-A137-D9B0E6AF1711,Pedestrian,Cross/Enter Not at Intersection,None (No Improper Action),Midblock Marked Crosswalk,No,Suspected Minor Injury,None,39.05972847,-77.12235105,"    (39.05972847, -77.12235105)"
MCP3193005Z,240047614,MONTGOMERY,Injury Crash,10/05/2024 19:20,County Route,PENDLETON DR,,,,Pedestrian,Single Vehicle,Clear,Dry,Dark - Unknown Lighting,No Controls,"Not Suspect of Alcohol Use, Not Suspect of Drug Use","Not Suspect of Alcohol Use, Not Suspect of Drug Use",5EAFD405-039D-42FA-9947-27A6EC33DB6B,Pedestrian,Cross/Enter at Intersection,None (No Improper Action),Intersection Marked Crosswalk,No,Suspected Minor Injury,None,39.04695767,-77.06717667,"    (39.04695767, -77.06717667)"
MCP2853009Z,240047585,MONTGOMERY,Injury Crash,10/05/2024 17:17,County Route,FOREST GLEN RD,,,,Cyclist (non-electric),Single Vehicle,Clear,Dry,Daylight,Pedestrian Crossing,"Not Suspect of Alcohol Use, Not Suspect of Drug Use","Not Suspect of Alcohol Use, Not Suspect of Drug Use",914B7F25-F0FE-46C8-AF8A-0FD902CDAF04,Cyclist (non-electric),Cross/Enter at Intersection,None (No Improper Action),Intersection Marked Crosswalk,No,Suspected Minor Injury,Helmet,39.01612643,-77.03329447,"    (39.01612643, -77.03329447)"
MCP3421000D,240047313,MONTGOMERY,Injury Crash,10/05/2024 7:22,Maryland (State) Route,CONNECTICUT AVE (SB/L),,,,Pedestrian,Single Vehicle,Clear,Dry,Dawn,No Controls,"Not Suspect of Alcohol Use, Not Suspect of Drug Use","Not Suspect of Alcohol Use, Not Suspect of Drug Use",242F1139-5CDE-49E5-9246-623CBC4944AE,Pedestrian,Walking/Cycling on Sidewalk,None (No Improper Action),Sidewalk,No,Possible Injury,None,39.08071909,-77.08049839,"    (39.08071909, -77.08049839)"
MCP28160044,240047198,MONTGOMERY,Injury Crash,10/03/2024 13:03,Private Route,,DARNESTOWN RD,,,Cyclist (non-electric),Single Vehicle,Clear,Dry,Daylight,No Controls,"Not Suspect of Alcohol Use, Not Suspect of Drug Use","Not Suspect of Alcohol Use, Not Suspect of Drug Use",2C0CEA65-4732-4059-AA6C-88936EEF5937,Cyclist (non-electric),Walking/Cycling Along Roadway With Traffic (In or Adjacent to Travel Lane),None (No Improper Action),OnStreet Bike Lanes,No,Suspected Minor Injury,"Helmet, Reflective Wear (backpack, triangles, etc.), Reflectors",39.10096383,-77.21589666,"    (39.10096383, -77.21589666)"
MCP2798006K,240047112,MONTGOMERY,Injury Crash,10/02/2024 20:45,County Route,WATERS LANDING DR,,,,Cyclist (non-electric),Single Vehicle,Clear,Dry,Dark - Lighted,Traffic Control Signal,"Not Suspect of Alcohol Use, Not Suspect of Drug Use","Not Suspect of Alcohol Use, Not Suspect of Drug Use",A2ED701B-DCF6-4959-B99F-F652A3A8E4CD,Cyclist (non-electric),Cross/Enter at Intersection,Unknown,Intersection Marked Crosswalk,No,Possible Injury,None,39.1918455,-77.27219383,"    (39.1918455, -77.27219383)"
MCP31610071,240047101,MONTGOMERY,Injury Crash,10/02/2024 19:15,Maryland (State) Route,CONNECTICUT AVE,,,,Pedestrian,Single Vehicle,Clear,Wet,Dark - Lighted,"Person (including flagger, law enforcement, crossing guard, etc.","Not Suspect of Alcohol Use, Not Suspect of Drug Use","Not Suspect of Alcohol Use, Not Suspect of Drug Use",11E8F4D3-45FD-4B57-A4DB-6BCF318E2BDC,Pedestrian,Standing,None (No Improper Action),Travel Lane Other Location,No,Suspected Minor Injury,"Reflective Wear (backpack, triangles, etc.)",39.02002633,-77.0770985,"    (39.02002633, -77.0770985)"