Report Number,Local Case Number,Agency Name,ACRS Report Type,Crash Date/Time,Route Type,Road Name,Cross-Street Name,Off-Road Description,Municipality,Related Non-Motorist,Collision Type,Weather,Surface Condition,Light,Traffic Control,Driver Substance Abuse,Non-Motorist Substance Abuse,Person ID,Pedestrian Type,Pedestrian Movement,Pedestrian Actions,Pedestrian Location,At Fault,Injury Severity,Safety Equipment,Latitude,Longitude,Location
MCP27560060,240047094,MONTGOMERY,Injury Crash,10/02/2024 18:49,County Route,VALLEYWOOD DR,,,,Pedestrian,Single Vehicle,Cloudy,Dry,Dark - Lighted,No Controls,"Not Suspect of Alcohol Use, Not Suspect of Drug Use","Not Suspect of Alcohol Use, Not Suspect of Drug Use",DAB2222B-8158-44AB-82A3-9348B15C8BDA,Pedestrian,Cross/Enter Not at Intersection,"Dart/Dash, Failure to Yield Right-Of-Way",Travel Lane Other Location,Yes,Possible Injury,None,39.05382757,-77.06757007,"    (39.05382757, -77.06757007)"
MCP27560060,240047094,MONTGOMERY,Injury Crash,10/02/2024 18:49,County Route,VALLEYWOOD DR,,,,Pedestrian,Single Vehicle,Cloudy,Dry,Dark - Lighted,No Controls,"Not Suspect of Alcohol Use, Not Suspect of Drug Use","Not Suspect of Alcohol Use, Not Suspect of Drug Use",D0B3E839-38B6-4AD8-B8E0-71EAC13AD116,Pedestrian,Cross/Enter Not at Intersection,"Dart/Dash, Failure to Yield Right-Of-Way",Travel Lane Other Location,Yes,No Apparent Injury,None,39.05382757,-77.06757007,"    (39.05382757, -77.06757007)"
MCP3222002T,240047080,MONTGOMERY,Property Damage Crash,10/02/2024 17:32,,,,Parking Lot Way        PARKING LOT OF MONTGOMERY MALL,,Cyclist (non-electric),Single Vehicle,Clear,,Daylight,,"Not Suspect of Alcohol Use, Not Suspect of Drug Use","Not Suspect of Alcohol Use, Not Suspect of Drug Use",461B4A08-7E6E-41C0-9B68-C82E03C9C16B,Cyclist (non-electric),Cross/Enter at Intersection,"Dart/Dash, Failure to Obey Traffic Signs, Signals, or Officer, Inattentive (Talking, Eating, etc.)",Intersection Marked Crosswalk,No,No Apparent Injury,Helmet,39.02247096,-77.14741805,"    (39.02247096, -77.14741805)"
MCP3319002V,240046984,MONTGOMERY,Injury Crash,10/02/2024 7:50,US (State),COLESVILLE RD,,,,Pedestrian,Single Vehicle,Rain,Wet,Daylight,No Controls,"Unknown, Unknown","Not Suspect of Alcohol Use, Not Suspect of Drug Use",1F3BB395-2E33-4947-8C80-555FAD696A9B,Pedestrian,Standing,None (No Improper Action),Shoulder/Roadside,No,Suspected Minor Injury,None,38.99837815,-77.02639373,"    (38.99837815, -77.02639373)"
MCP2372006S,240046963,MONTGOMERY,Injury Crash,10/02/2024 7:09,Ramp,RAMP 1 FR MD 187 NB TO RAMP 8 (TO IS495),OLD GEORGETOWN RD (SB/L) RAMP 7 FR RAMP 2 (FR IS495) TO MD 187 SB,,,Cyclist (non-electric),Single Vehicle,Cloudy,Wet,Dawn,Traffic Control Signal,"Not Suspect of Alcohol Use, Not Suspect of Drug Use","Not Suspect of Alcohol Use, Not Suspect of Drug Use",54B50045-6F45-4BD6-8879-E3D21A4063CE,Cyclist (non-electric),Walking/Cycling Along Roadway With Traffic (In or Adjacent to Travel Lane),None (No Improper Action),OnStreet Bike Lanes,No,Suspected Serious Injury,"Helmet, Lighting, Reflectors",39.01651625,-77.11972724,"    (39.01651625, -77.11972724)"
MCP26780051,240046835,MONTGOMERY,Injury Crash,10/01/2024 11:45,,,,"Parking Lot Way        PARKING LOT OF 10700 GEORGIA AVE, SILVER SPRING MD 20902",,Pedestrian,Single Vehicle,Rain,,Daylight,,"Not Suspect of Alcohol Use, Not Suspect of Drug Use","Not Suspect of Alcohol Use, Not Suspect of Drug Use",B127342B-8C2B-43FD-87B7-1F2582493447,Pedestrian,Other,None (No Improper Action),Other,No,Suspected Minor Injury,None,39.03084881,-77.04860837,"    (39.03084881, -77.04860837)"
MCP31090093,240046743,MONTGOMERY,Fatal Crash,09/30/2024 07:55:00 PM,County Route,HIGH POINT DR,FREDERICK RD (SB/L),,,Pedestrian,Single Vehicle,Rain,Wet,Dark - Not Lighted,No Controls,"Not Suspect of Alcohol Use, Not Suspect of Drug Use","Not Suspect of Alcohol Use, Not Suspect of Drug Use",C78B4453-F227-47C9-B476-C49675078EF5,Pedestrian,Cross/Enter at Intersection,"Dart/Dash, Not Visible (Dark Clothing, No Lighting, etc.)",Intersection Other,Yes,Fatal Injury,None,39.16886161,-77.23415877,"    (39.16886161, -77.23415877)"
MCP3408000C,240046633,MONTGOMERY,Injury Crash,09/30/2024 12:37:00 PM,Ramp,RAMP 4 FR US 29 NB TO IS 495 EB,,,,Cyclist (non-electric),Single Vehicle,Cloudy,Dry,Daylight,Traffic Control Signal,"Not Suspect of Alcohol Use, Not Suspect of Drug Use","Not Suspect of Alcohol Use, Not Suspect of Drug Use",A079DC00-1BEE-4134-8234-CCF7F9D3111E,Cyclist (non-electric),Cross/Enter at Intersection,None (No Improper Action),Intersection Marked Crosswalk,No,Possible Injury,Helmet,39.01432742,-77.01648216,"    (39.01432742, -77.01648216)"
MCP3176002T,240046564,MONTGOMERY,Injury Crash,09/29/2024 11:06:00 PM,US (State),COLESVILLE RD,,,,Pedestrian,Single Vehicle,Rain,Wet,Dark - Lighted,Traffic Control Signal,"Not Suspect of Alcohol Use, Not Suspect of Drug Use","Suspect of Alcohol Use, Not Suspect of Drug Use",D0C45196-07E6-4D8F-8AFE-3427799A6336,Pedestrian,Other,"In Roadway Improperly (Standing, Lying, Working, Playing)",Travel Lane Other Location,Yes,Suspected Minor Injury,None,38.99925033,-77.02606583,"    (38.99925033, -77.02606583)"
EJ7879004G,240046533,GAITHERSBURG,Property Damage Crash,09/29/2024 05:19:00 PM,Municipality Route,GIRARD ST,,,,Pedestrian,Single Vehicle,Clear,Dry,Daylight,No Controls,"Not Suspect of Alcohol Use, Not Suspect of Drug Use","Not Suspect of Alcohol Use, Not Suspect of Drug Use",48335FD5-6641-43C8-9387-A666326109A1,Pedestrian,Cross/Enter Not at Intersection,Dart/Dash,Other,Yes,No Apparent Injury,None,39.1495921,-77.18822317,"    (39.1495921, -77.18822317)"
MCP3051007X,240046528,MONTGOMERY,Injury Crash,09/29/2024 04:55:00 PM,,,,Parking Lot Way        PARKING LOT OF ST. LUKES EPISCOPAL CHURCH,,Occupant of Motor Vehicle Not in Transport,Single Vehicle,Clear,,Daylight,,,"Not Suspect of Alcohol Use, Not Suspect of Drug Use",D4574E83-253E-41E8-BDC0-4D1BB48B2473,Occupant of Motor Vehicle Not in Transport,Getting Off/On Vehicle,Entering/Exiting Parked/Standing Vehicle,Other,No,Possible Injury,None,39.02184659,-77.12226689,"    (39.02184659, -77.12226689)"
MCP3334002Y,240046369,MONTGOMERY,Injury Crash,09/28/2024 04:40:00 PM,US (State),GEORGIA AVE (SB/L),,,,Pedestrian,Single Vehicle,Clear,Dry,Daylight,Traffic Control Signal,"Not Suspect of Alcohol Use, Not Suspect of Drug Use","Not Suspect of Alcohol Use, Not Suspect of Drug Use",2CF40C5F-8E46-4C91-9A5C-1450840DD162,Pedestrian,Cross/Enter at Intersection,"Failure to Obey Traffic Signs, Signals, or Officer, Inattentive (Talking, Eating, etc.), Other",Travel Lane Other Location,Yes,Suspected Minor Injury,None,38.99593199,-77.02818202,"    (38.99593199, -77.02818202)"
EJ7887004S,240046352,GAITHERSBURG,Injury Crash,09/28/2024 02:30:00 PM,Municipality Route,PARAMOUNT PARK DR (NB/L),,,,Pedestrian,Single Vehicle,Clear,Dry,Daylight,Stop Sign,"Not Suspect of Alcohol Use, Not Suspect of Drug Use","Not Suspect of Alcohol Use, Not Suspect of Drug Use",633628D3-6AA5-4A4C-9635-46367BD595A4,Pedestrian,Cross/Enter at Intersection,None (No Improper Action),Intersection Marked Crosswalk,No,Suspected Minor Injury,None,39.15972691,-77.22149262,"    (39.15972691, -77.22149262)"
MCP271700Z4,240046156,MONTGOMERY,Injury Crash,09/27/2024 12:30:00 PM,Ramp,RAMP 8 FR IS 270 SB TO WATKINS MILL RD,,,,Cyclist (non-electric),Single Vehicle,Rain,Wet,Daylight,No Controls,"Not Suspect of Alcohol Use, Not Suspect of Drug Use","Not Suspect of Alcohol Use, Not Suspect of Drug Use",10E00786-EAC4-4FF2-9D64-9CE30DE1BBF4,Cyclist (non-electric),Cross/Enter at Intersection,"Dart/Dash, Failure to Obey Traffic Signs, Signals, or Officer, Failure to Yield Right-Of-Way",Intersection Marked Crosswalk,Yes,Suspected Minor Injury,None,39.15582333,-77.227325,"    (39.15582333, -77.227325)"
MCP2635008V,240046064,MONTGOMERY,Fatal Crash,09/26/2024 07:18:00 PM,County Route,FRANKLIN AVE,,,,Pedestrian,Single Vehicle,Clear,Dry,Dusk,Pedestrian Crossing Sign,"Not Suspect of Alcohol Use, Not Suspect of Drug Use","Suspect of Alcohol Use, Suspect of Drug Use",EC1BBDC8-85B3-44F0-BAB4-52AD4F8EB141,Pedestrian,Cross/Enter at Intersection,None (No Improper Action),Intersection Marked Crosswalk,No,Fatal Injury,None,39.01087675,-77.00549836,"    (39.01087675, -77.00549836)"
MCP30850056,240046009,MONTGOMERY,Injury Crash,09/26/2024 05:06:00 PM,,,,Parking Lot Way        PARKING LOT OF 3910 KNOWLES AVE,,Pedestrian,Single Vehicle,Cloudy,,Daylight,,"Not Suspect of Alcohol Use, Not Suspect of Drug Use","Not Suspect of Alcohol Use, Not Suspect of Drug Use",B945DE68-C1DD-41EB-844F-021C63BC7D3F,Pedestrian,Walking/Cycling Along Roadway Against Traffic (In or Adjacent to Travel Lane),None (No Improper Action),Sidewalk,No,Suspected Minor Injury,None,39.02758889,-77.07772814,"    (39.02758889, -77.07772814)"
MCP33560027,240045990,MONTGOMERY,Injury Crash,09/26/2024 03:53:00 PM,,,,Parking Lot Way        PANERA BREAD PARKING LOT,,Cyclist (Electric),Single Vehicle,Cloudy,,Daylight,,"Not Suspect of Alcohol Use, Not Suspect of Drug Use","Not Suspect of Alcohol Use, Not Suspect of Drug Use",207705B6-9E23-49B2-A4ED-BC2AF537F97F,Cyclist (Electric),Walking/Cycling Along Roadway With Traffic (In or Adjacent to Travel Lane),"Failure to Obey Traffic Signs, Signals, or Officer, Failure to Yield Right-Of-Way, Improper Passing",NonTrafficway Area,Yes,Possible Injury,None,39.18289181,-77.2623601,"    (39.18289181, -77.2623601)"
DD5538004L,240045915,ROCKVILLE,Injury Crash,09/26/2024 11:05:00 AM,Crossover,,ROCKVILLE PIKE (SB/L),,,Scooter (electric),Single Vehicle,Cloudy,Dry,Daylight,No Controls,"Not Suspect of Alcohol Use, Not Suspect of Drug Use","Not Suspect of Alcohol Use, Not Suspect of Drug Use",E1936396-7B55-4446-BB12-1ABA81171489,Scooter (electric),Walking/Cycling on Sidewalk,Wrong-Way Riding or Walking,Driveway Access,No,Suspected Minor Injury,None,39.07618433,-77.13862431,"    (39.07618433, -77.13862431)"
MCP3377002B,240045812,MONTGOMERY,Injury Crash,09/25/2024 05:32:00 PM,Private Route,,EDSON LA ROCKVILLE PIKE,,,Pedestrian,Single Vehicle,Clear,Wet,Other,Traffic Control Signal,"Not Suspect of Alcohol Use, Not Suspect of Drug Use","Not Suspect of Alcohol Use, Not Suspect of Drug Use",4FB84F54-13CD-42DB-8668-C3BA247141CB,Pedestrian,Cross/Enter at Intersection,None (No Improper Action),Intersection Marked Crosswalk,No,Suspected Minor Injury,None,39.04044106,-77.10953018,"    (39.04044106, -77.10953018)"
MCP12270026,240045651,MONTGOMERY,Fatal Crash,09/24/2024 09:12:00 PM,Maryland (State) Route,HUNGERFORD DR,,,,Pedestrian,Single Vehicle,Rain,Wet,Dark - Lighted,Traffic Control Signal,"Not Suspect of Alcohol Use, Not Suspect of Drug Use","Suspect of Alcohol Use, Suspect of Drug Use",B26A5ADF-5818-4654-960E-6D05B84F6EE8,Pedestrian,Cross/Enter Not at Intersection,Unknown,Travel Lane Other Location,Yes,Fatal Injury,None,39.0876499,-77.15016766,"    (39.0876499, -77.15016766)"
MCP2251002M,240045510,MONTGOMERY,Injury Crash,09/24/2024 09:21:00 AM,County Route,MARSEILLE DR,,,,Pedestrian,Unknown,Cloudy,Wet,Daylight,No Controls,"Not Suspect of Alcohol Use, Not Suspect of Drug Use","Not Suspect of Alcohol Use, Not Suspect of Drug Use",AB4312F3-57D4-4E34-B512-3ED62A11A489,Pedestrian,Getting Off/On Vehicle,None (No Improper Action),Travel Lane Other Location,No,Possible Injury,None,39.04086333,-77.18378,"    (39.04086333, -77.18378)"
DD5665002H,240045444,ROCKVILLE,Injury Crash,09/23/2024 06:20:00 PM,Municipality Route,MARYLAND AVE,E MONTGOMERY AVE E MONTGOMERY AVE AT COURTHOUSE SQ,,,Pedestrian,Single Vehicle,Rain,Wet,Daylight,Stop Sign,"Unknown, Unknown","Not Suspect of Alcohol Use, Not Suspect of Drug Use",FA6FF283-FA41-48B9-8BB4-EDD21F6E1F95,Pedestrian,Cross/Enter at Intersection,None (No Improper Action),Intersection Marked Crosswalk,No,Possible Injury,None,39.08405605,-77.15091968,"    (39.08405605, -77.15091968)"
MCP2159002H,240045306,MONTGOMERY,Injury Crash,09/23/2024 07:43:00 AM,County Route,YELLOWWOOD DR,,,,Occupant of Motor Vehicle Not in Transport,Single Vehicle,Cloudy,Dry,Daylight,No Controls,"Not Suspect of Alcohol Use, Not Suspect of Drug Use","Not Suspect of Alcohol Use, Not Suspect of Drug Use",D238A28E-C1DC-4A07-B3F2-26503E30C710,Occupant of Motor Vehicle Not in Transport,Getting Off/On Vehicle,Entering/Exiting Parked/Standing Vehicle,Shoulder/Roadside,Yes,Suspected Minor Injury,"Reflective Wear (backpack, triangles, etc.)",39.23429696,-77.23952041,"    (39.23429696, -77.23952041)"
HA2372001K,24002019,MCPARK,Injury Crash,09/22/2024 03:54:00 PM,Local Route,LAKE RIDGE DR,,,,Scooter (non-Electric),Single Vehicle,Clear,Dry,Daylight,No Controls,"Not Suspect of Alcohol Use, Not Suspect of Drug Use","Not Suspect of Alcohol Use, Not Suspect of Drug Use",32E1735F-F04E-42D9-89B0-2CE530FDA20B,Scooter (non-Electric),Other,Failure to Yield Right-Of-Way,Travel Lane Other Location,No,Suspected Minor Injury,None,39.1926428,-77.29502308,"    (39.1926428, -77.29502308)"
EJ79060013,240045114,GAITHERSBURG,Injury Crash,09/21/2024 07:10:00 PM,Maryland (State) Route,CLOPPER RD,FIRSTFIELD RD (EB/L),,,Pedestrian,Single Vehicle,Cloudy,Dry,Daylight,Traffic Control Signal,"Not Suspect of Alcohol Use, Not Suspect of Drug Use","Not Suspect of Alcohol Use, Not Suspect of Drug Use",E2DB23E2-68FE-4BEC-B31C-0B13DA26576D,Pedestrian,Cross/Enter at Intersection,Unknown,Intersection Marked Crosswalk,No,Suspected Minor Injury,None,39.14380693,-77.223874,"    (39.14380693, -77.223874)"
MCP2047005J,240044859,MONTGOMERY,Injury Crash,09/20/2024 12:02:00 PM,Municipality Route,FISHERS LA,FISHERS LA TWINBROOK PKWY,,,Pedestrian,Single Vehicle,Clear,Dry,Daylight,Pedestrian Crossing Sign,"Not Suspect of Alcohol Use, Not Suspect of Drug Use","Not Suspect of Alcohol Use, Not Suspect of Drug Use",04F2094D-294C-407C-A5AE-F07F81E46EB0,Pedestrian,Cross/Enter at Intersection,Unknown,Intersection Marked Crosswalk,No,Suspected Minor Injury,None,39.06275181,-77.11658525,"    (39.06275181, -77.11658525)"
MCP34020026,240044812,MONTGOMERY,Injury Crash,09/20/2024 07:40:00 AM,Maryland (State) Route,UNIVERSITY BLVD E (WB/L),,,,Pedestrian,Single Vehicle,Clear,Dry,Daylight,Stop Sign,"Unknown, Unknown","Not Suspect of Alcohol Use, Not Suspect of Drug Use",80176A87-F4C0-48F3-BEAE-39023CE0AFCC,Pedestrian,Cross/Enter at Intersection,None (No Improper Action),Intersection Unmarked Crosswalk,No,Suspected Minor Injury,None,38.99833151,-76.99462998,"    (38.99833151, -76.99462998)"
MCP3107002Y,240044713,MONTGOMERY,Injury Crash,09/19/2024 02:31:00 PM,Local Route,DECKER PL,,,,Unknown Type Of Non-Motorist,Single Vehicle,Clear,Dry,Daylight,No Controls,"Not Suspect of Alcohol Use, Not Suspect of Drug Use","Not Suspect of Alcohol Use, Not Suspect of Drug Use",7E25067C-DB41-4629-95A2-86C67C172A0D,Unknown Type Of Non-Motorist,Other Working,"In Roadway Improperly (Standing, Lying, Working, Playing)",Travel Lane Other Location,No,Suspected Minor Injury,None,39.126935,-77.16730333,"    (39.126935, -77.16730333)"
MCP3426000D,240044710,MONTGOMERY,Injury Crash,09/19/2024 02:02:00 PM,County Route,NEBEL ST,NICHOLSON CT NICHOLSON LA,,,Unknown Type Of Non-Motorist,Single Vehicle,Clear,Dry,Daylight,Traffic Control Signal,"Not Suspect of Alcohol Use, Not Suspect of Drug Use","Not Suspect of Alcohol Use, Not Suspect of Drug Use",7129CACA-0AE6-4702-9111-AA7B955E916F,Unknown Type Of Non-Motorist,Walking/Cycling Along Roadway With Traffic (In or Adjacent to Travel Lane),None (No Improper Action),Intersection Marked Crosswalk,No,Suspected Minor Injury,None,39.04521033,-77.10432437,"    (39.04521033, -77.10432437)"
MCP29650094,240044614,MONTGOMERY,Injury Crash,09/19/2024 08:30:00 AM,Maryland (State) Route,GEORGIA AVE (SB/L),PRINCE PHILIP DR QUEEN ELIZABETH DR (SB/L),,,Pedestrian,Single Vehicle,Cloudy,Dry,Daylight,Traffic Control Signal,"Not Suspect of Alcohol Use, Not Suspect of Drug Use","Not Suspect of Alcohol Use, Not Suspect of Drug Use",BED94484-DC5E-48FA-AD1B-F7C6925CEAFE,Pedestrian,Cross/Enter at Intersection,None (No Improper Action),Intersection Marked Crosswalk,No,Suspected Minor Injury,None,39.15915007,-77.06450665,"    (39.15915007, -77.06450665)"
MCP3126005R,240044569,MONTGOMERY,Injury Crash,09/18/2024 07:37:00 PM,County Route,SNOWDEN FARM PKWY,FOREMAN BLVD,,,Pedestrian,Single Vehicle,Rain,Wet,Dark - Not Lighted,No Controls,"Not Suspect of Alcohol Use, Not Suspect of Drug Use","Not Suspect of Alcohol Use, Not Suspect of Drug Use",43586380-9E91-464D-8F4D-AE22CE0D6D09,Pedestrian,Cross/Enter at Intersection,None (No Improper Action),Intersection Marked Crosswalk,No,Suspected Minor Injury,None,39.23162841,-77.25852302,"    (39.23162841, -77.25852302)"
MCP3053007Q,240044737,MONTGOMERY,Injury Crash,09/18/2024 05:35:00 PM,Maryland (State) Route,NEW HAMPSHIRE AVE,HOBBS DR,,,Pedestrian,Single Vehicle,Clear,,Daylight,No Controls,"Unknown, Unknown","Not Suspect of Alcohol Use, Not Suspect of Drug Use",1E24AF9C-9297-41B4-8427-334985AD48F5,Pedestrian,Cross/Enter Not at Intersection,None (No Improper Action),Midblock Marked Crosswalk,No,Suspected Minor Injury,Unknown,39.08503042,-76.999633,"    (39.08503042, -76.999633)"
MCP3068005S,240044548,MONTGOMERY,Injury Crash,09/18/2024 04:51:00 PM,Maryland (State) Route,RIVER RD,,,,Cyclist (non-electric),Single Vehicle,Clear,Wet,Daylight,No Controls,"Not Suspect of Alcohol Use, Not Suspect of Drug Use","Not Suspect of Alcohol Use, Not Suspect of Drug Use",2C62D658-37B7-48DA-A9A0-867D8DA02DB7,Cyclist (non-electric),Walking/Cycling Along Roadway Against Traffic (In or Adjacent to Travel Lane),None (No Improper Action),OnStreet Bike Lanes,No,Suspected Minor Injury,None,38.96430251,-77.10294491,"    (38.96430251, -77.10294491)"
MCP1378019B,240044560,MONTGOMERY,Injury Crash,09/18/2024 04:50:00 PM,County Route,KILCREGGAN TERR,,,,Pedestrian,Single Vehicle,Cloudy,Wet,Daylight,No Controls,"Not Suspect of Alcohol Use, Not Suspect of Drug Use","Not Suspect of Alcohol Use, Not Suspect of Drug Use",30DA780F-1E03-447D-BB68-2364AE23D436,Pedestrian,Cross/Enter Not at Intersection,Dart/Dash,Travel Lane Other Location,Yes,Suspected Minor Injury,None,39.17836059,-77.15542049,"    (39.17836059, -77.15542049)"
MCP30950059,240044510,MONTGOMERY,Injury Crash,09/18/2024 02:46:00 PM,Maryland (State) Route,NEW HAMPSHIRE AVE (SB/L),,,,Cyclist (non-electric),Single Vehicle,Clear,Dry,Daylight,Traffic Control Signal,"Not Suspect of Alcohol Use, Not Suspect of Drug Use","Not Suspect of Alcohol Use, Not Suspect of Drug Use",7BC5F509-8F9B-4E9C-A0FD-54F7E21AFF4C,Cyclist (non-electric),Walking/Cycling Along Roadway With Traffic (In or Adjacent to Travel Lane),Improper Turn/Merge),OnStreet Bike Lanes,Yes,Suspected Minor Injury,Helmet,39.06405568,-76.99955396,"    (39.06405568, -76.99955396)"
MCP301000B5,240044487,MONTGOMERY,Injury Crash,09/18/2024 01:06:00 PM,Private Route,,EDSON LA ROCKVILLE PIKE,,,Pedestrian,Single Vehicle,Clear,Dry,Daylight,Traffic Control Signal,"Not Suspect of Alcohol Use, Not Suspect of Drug Use","Not Suspect of Alcohol Use, Not Suspect of Drug Use",6403DFB0-CA7A-48C3-BEE4-918E261B8C7A,Pedestrian,Cross/Enter at Intersection,None (No Improper Action),Intersection Marked Crosswalk,No,Suspected Minor Injury,None,39.04038334,-77.10953694,"    (39.04038334, -77.10953694)"
MCP268900BP,240044315,MONTGOMERY,Injury Crash,09/17/2024 03:53:00 PM,County Route,DUFIEF MILL RD,AMBERLEA FARM DR PLEASANT MEADOWS DR,,,Scooter (electric),Single Vehicle,Rain,Wet,Daylight,Stop Sign,"Not Suspect of Alcohol Use, Not Suspect of Drug Use","Not Suspect of Alcohol Use, Not Suspect of Drug Use",B853EFDD-21A2-4774-908C-BDBCCD7FDE9C,Scooter (electric),Cross/Enter at Intersection,"Failure to Obey Traffic Signs, Signals, or Officer, Failure to Yield Right-Of-Way",Intersection Other,No,Suspected Serious Injury,"Helmet, Protective Pads (elbows, knees, shins, etc.)",39.08889233,-77.2361005,"    (39.08889233, -77.2361005)"
DD559500G5,24005590,ROCKVILLE,Injury Crash,09/17/2024 02:00:00 PM,Municipality Route,PARK RD (WB/L),,,,Wheelchair (electric),Single Vehicle,Unknown,,Daylight,Traffic Control Signal,"Unknown, Unknown","Unknown, Unknown",161FC585-0159-45B8-8DC4-7EBA1DA6B789,Wheelchair (electric),Cross/Enter at Intersection,None (No Improper Action),Intersection Marked Crosswalk,No,Suspected Minor Injury,None,39.08559428,-77.14638217,"    (39.08559428, -77.14638217)"
MCP27610067,240044229,MONTGOMERY,Injury Crash,09/16/2024 08:30:00 PM,County Route,LEAMAN FARM RD,KINGSVIEW VILLAGE AVE KINGSVIEW VILLAGE AVE (NB/L),,,Pedestrian,Single Vehicle,Clear,Dry,Dark - Lighted,No Controls,"Unknown, Unknown","Not Suspect of Alcohol Use, Not Suspect of Drug Use",CF55275E-D96B-471A-AB84-30A1ECA5DDCB,Pedestrian,Cross/Enter at Intersection,None (No Improper Action),Intersection Unmarked Crosswalk,No,Suspected Minor Injury,None,39.15930392,-77.28042855,"    (39.15930392, -77.28042855)"
MCP2760005X,240044180,MONTGOMERY,Injury Crash,09/16/2024 06:30:00 PM,County Route,CONTOUR RD,,,,"Occupant of Motor Vehicle Not in Transport, Pedestrian",Front to Rear,Clear,Dry,Daylight,No Controls,"Not Suspect of Alcohol Use, Not Suspect of Drug Use","Not Suspect of Alcohol Use, Not Suspect of Drug Use",D3DADE9B-5838-4ADC-8089-10D2697C6975,Pedestrian,Walking/Cycling on Sidewalk,None (No Improper Action),Sidewalk,No,Possible Injury,None,39.15404,-77.19673333,"    (39.15404, -77.19673333)"
MCP2760005X,240044180,MONTGOMERY,Injury Crash,09/16/2024 06:30:00 PM,County Route,CONTOUR RD,,,,"Occupant of Motor Vehicle Not in Transport, Pedestrian",Front to Rear,Clear,Dry,Daylight,No Controls,"Not Suspect of Alcohol Use, Not Suspect of Drug Use","Not Suspect of Alcohol Use, Not Suspect of Drug Use",1F6D79EE-16E2-43FE-B908-B9F5A84AE052,Occupant of Motor Vehicle Not in Transport,Other Working,None (No Improper Action),Other,No,Suspected Minor Injury,None,39.15404,-77.19673333,"    (39.15404, -77.19673333)"
MCP3422000G,240044521,MONTGOMERY,Injury Crash,09/16/2024 03:28:00 PM,Other Public Roadway,CROYDON CT,,,,Pedestrian,Single Vehicle,Unknown,Dry,Unknown,No Controls,"Not Suspect of Alcohol Use, Not Suspect of Drug Use","Not Suspect of Alcohol Use, Not Suspect of Drug Use",3581DED2-F4D7-4C52-843A-D4793B2BCD8B,Pedestrian,Walking/Cycling on Sidewalk,Unknown,Travel Lane Other Location,No,Suspected Minor Injury,None,39.00363152,-77.01238494,"    (39.00363152, -77.01238494)"