Report Number,Local Case Number,Agency Name,ACRS Report Type,Crash Date/Time,Route Type,Road Name,Cross-Street Name,Off-Road Description,Municipality,Related Non-Motorist,Collision Type,Weather,Surface Condition,Light,Traffic Control,Driver Substance Abuse,Non-Motorist Substance Abuse,Person ID,Pedestrian Type,Pedestrian Movement,Pedestrian Actions,Pedestrian Location,At Fault,Injury Severity,Safety Equipment,Latitude,Longitude,Location
DD56510057,240040060,ROCKVILLE,Injury Crash,08/24/2024 01:43:00 PM,Municipality Route,E MONTGOMERY AVE,,,,Pedestrian,Single Vehicle,Clear,Dry,Daylight,No Controls,"Not Suspect of Alcohol Use, Not Suspect of Drug Use","Not Suspect of Alcohol Use, Not Suspect of Drug Use",00D1475F-37EC-4B5D-B3DD-87BFAE1E57B5,Pedestrian,None,None (No Improper Action),Travel Lane Other Location,No,Suspected Serious Injury,None,39.08411388,-77.14956697,"    (39.08411388, -77.14956697)"
MCP30160058,240040037,MONTGOMERY,Injury Crash,08/24/2024 09:54:00 AM,Bicycle Route,,,,,Cyclist (non-electric),Single Vehicle,Clear,Dry,Daylight,No Controls,"Not Suspect of Alcohol Use, Not Suspect of Drug Use","Not Suspect of Alcohol Use, Not Suspect of Drug Use",DCCB63E4-554B-4092-BE06-224566FEB805,Cyclist (non-electric),Cross/Enter Not at Intersection,Failure to Yield Right-Of-Way,Driveway Access,Yes,Suspected Minor Injury,None,39.17652336,-77.26924694,"    (39.17652336, -77.26924694)"
MCP29070034,240039986,MONTGOMERY,Property Damage Crash,08/23/2024 10:05:00 PM,Maryland (State) Route,MONTROSE RD (WB/L),,,,Cyclist (Electric),Single Vehicle,Clear,Dry,Dark - Lighted,Traffic Control Signal,"Not Suspect of Alcohol Use, Not Suspect of Drug Use","Not Suspect of Alcohol Use, Not Suspect of Drug Use",A19F6A58-760E-4610-97B2-DB69FD622861,Cyclist (Electric),Walking/Cycling on Sidewalk,None (No Improper Action),Intersection Marked Crosswalk,No,No Apparent Injury,Unknown,39.05590032,-77.14961333,"    (39.05590032, -77.14961333)"
MCP271700YZ,240039789,MONTGOMERY,Injury Crash,08/22/2024 06:30:00 PM,,,,"Parking Lot Way        COMMERCIAL PARKING LOT OF 13800 BLK OUTLET DRIVE, SILVER SPRING, MD",,Pedestrian,Single Vehicle,Clear,,Daylight,,"Unknown, Unknown","Not Suspect of Alcohol Use, Not Suspect of Drug Use",545D1202-8DD3-448F-A9AF-4521D6952A2D,Pedestrian,Cross/Enter Not at Intersection,None (No Improper Action),Other,No,Suspected Minor Injury,None,39.0833628,-76.94584732,"    (39.0833628, -76.94584732)"
MCP271700YY,240039777,MONTGOMERY,Injury Crash,08/22/2024 06:26:00 PM,County Route,,,,,Pedestrian,Single Vehicle,Clear,Dry,Daylight,Pedestrian Crossing Sign,"Not Suspect of Alcohol Use, Not Suspect of Drug Use","Not Suspect of Alcohol Use, Not Suspect of Drug Use",4C6A0231-38C8-49F8-918F-A91911F80130,Pedestrian,Cross/Enter at Intersection,None (No Improper Action),Intersection Marked Crosswalk,No,Suspected Minor Injury,None,39.04147389,-76.98294091,"    (39.04147389, -76.98294091)"
EJ7879004C,240035989,GAITHERSBURG,Injury Crash,08/21/2024 05:20:00 PM,Municipality Route,S WESTLAND DR,FREDERICK RD (SB/L),,,Pedestrian,Unknown,Clear,Dry,Daylight,Lane Use Control Signal,"Not Suspect of Alcohol Use, Not Suspect of Drug Use","Not Suspect of Alcohol Use, Not Suspect of Drug Use",6000818A-70CF-4D83-8F6E-D2FC4A4BFD40,Pedestrian,Cross/Enter at Intersection,Unknown,Intersection Marked Crosswalk,No,Possible Injury,None,39.12591519,-77.18288302,"    (39.12591519, -77.18288302)"
MCP3163007D,240039393,MONTGOMERY,Injury Crash,08/20/2024 03:37:00 PM,Municipality Route,S PARK AVE,WISCONSIN AVE (SB/L),,,Pedestrian,Single Vehicle,Clear,Dry,Daylight,Traffic Control Signal,"Not Suspect of Alcohol Use, Not Suspect of Drug Use","Not Suspect of Alcohol Use, Not Suspect of Drug Use",8ADD7406-B3F1-480B-B5D4-00C33529EA24,Pedestrian,Cross/Enter at Intersection,None (No Improper Action),Intersection Marked Crosswalk,No,Possible Injury,None,38.9636814,-77.08714388,"    (38.9636814, -77.08714388)"
MCP2181005D,240039366,MONTGOMERY,Fatal Crash,08/20/2024 01:13:00 PM,Maryland (State) Route,GREAT SENECA HWY,HIGH GABLES DR,,,"Other Pedestrian (person in a building, skater, personal conveyance, etc.)",Single Vehicle,Clear,Dry,Daylight,No Controls,"Not Suspect of Alcohol Use, Not Suspect of Drug Use","Unknown, Unknown",9AA754CE-3BFB-4069-A68A-EB39D180FBEC,"Other Pedestrian (person in a building, skater, personal conveyance, etc.)",Other Working,None (No Improper Action),Travel Lane Other Location,No,Fatal Injury,None,39.11585044,-77.22315079,"    (39.11585044, -77.22315079)"
MCP289100DS,240039168,MONTGOMERY,Injury Crash,08/19/2024 01:48:00 PM,County Route,DALE DR,,,,Scooter (electric),Single Vehicle,Clear,Dry,Daylight,Traffic Control Signal,"Not Suspect of Alcohol Use, Not Suspect of Drug Use","Not Suspect of Alcohol Use, Not Suspect of Drug Use",8809A3A2-C5C4-4706-9223-E499DC1E29E8,Scooter (electric),Cross/Enter at Intersection,"Inattentive (Talking, Eating, etc.), None (No Improper Action)",Intersection Marked Crosswalk,Yes,Suspected Minor Injury,None,39.00521457,-77.02278187,"    (39.00521457, -77.02278187)"
MCP289100DS,240039168,MONTGOMERY,Injury Crash,08/19/2024 01:48:00 PM,County Route,DALE DR,,,,Scooter (electric),Single Vehicle,Clear,Dry,Daylight,Traffic Control Signal,"Not Suspect of Alcohol Use, Not Suspect of Drug Use","Not Suspect of Alcohol Use, Not Suspect of Drug Use",B3186629-BBAB-4B47-ACA9-CE66937778F5,Scooter (electric),Cross/Enter at Intersection,"Inattentive (Talking, Eating, etc.), None (No Improper Action)",Intersection Marked Crosswalk,No,Suspected Minor Injury,None,39.00521457,-77.02278187,"    (39.00521457, -77.02278187)"
MCP31360075,240038860,MONTGOMERY,Property Damage Crash,08/17/2024 11:25:00 AM,,,,Parking Stall        8706 FLOWER AVE. LOT,,Unknown,Other,Cloudy,,Daylight,,"Not Suspect of Alcohol Use, Not Suspect of Drug Use","Not Suspect of Alcohol Use, Not Suspect of Drug Use",C555FFFD-6CF4-4072-BB22-0BFB02DCDC27,Unknown,None,None (No Improper Action),Other,No,No Apparent Injury,Other,38.99857529,-77.00397893,"    (38.99857529, -77.00397893)"
EJ7884006S,240038809,GAITHERSBURG,Injury Crash,08/16/2024 10:37:00 PM,Municipality Route,S SUMMIT AVE,,,,Pedestrian,Single Vehicle,Clear,Dry,Dark - Lighted,No Controls,"Unknown, Unknown","Suspect of Alcohol Use, Not Suspect of Drug Use",74F04B4D-16DC-42D4-8A44-E4DEAAA36C72,Pedestrian,Cross/Enter at Intersection,Unknown,Intersection Marked Crosswalk,No,Possible Injury,None,39.13918461,-77.19388883,"    (39.13918461, -77.19388883)"
MCP3218005B,240038586,MONTGOMERY,Property Damage Crash,08/15/2024 03:56:00 PM,County Route,,GEORGIA AVE,,,Cyclist (non-electric),Single Vehicle,Clear,Dry,Daylight,Traffic Control Signal,"Suspect of Alcohol Use, Not Suspect of Drug Use","Not Suspect of Alcohol Use, Not Suspect of Drug Use",DAD49279-4DAF-4CB6-B4D7-1891EE0018AA,Cyclist (non-electric),Standing,None (No Improper Action),Sidewalk,No,No Apparent Injury,Helmet,39.02525731,-77.04617356,"    (39.02525731, -77.04617356)"
MCP320000D0,240038575,MONTGOMERY,Injury Crash,08/15/2024 02:10:00 PM,,,,Driveway        IN DRIVEWAY OF 3 POOKS HILL RD,,Pedestrian,Single Vehicle,Clear,,Daylight,,"Not Suspect of Alcohol Use, Not Suspect of Drug Use","Not Suspect of Alcohol Use, Not Suspect of Drug Use",1E6F1013-49A0-4731-B200-C44F79FD906B,Pedestrian,Standing,None (No Improper Action),Other,No,Possible Injury,None,39.01429389,-77.10458823,"    (39.01429389, -77.10458823)"
MCP235800CY,240038880,MONTGOMERY,Property Damage Crash,08/09/2024 10:00,Maryland (State) Route,WISCONSIN AVE (SB/L),,,,Pedestrian,Single Vehicle,Clear,Dry,Daylight,No Controls,"Unknown, Unknown","Not Suspect of Alcohol Use, Not Suspect of Drug Use",D23D4A01-F42F-48C1-A59C-5A6F01D1E9C8,Pedestrian,Walking/Cycling on Sidewalk,None (No Improper Action),Sidewalk,No,No Apparent Injury,None,38.97563932,-77.09023673,"    (38.97563932, -77.09023673)"
MCP2764003H,240037511,MONTGOMERY,Injury Crash,08/08/2024 20:45,County Route,MANOR RD,CONNECTICUT AVE,,,Pedestrian,Single Vehicle,Rain,Wet,Dark - Lighted,Pedestrian Crossing,"Unknown, Unknown","Not Suspect of Alcohol Use, Not Suspect of Drug Use",7EC0CEE9-3937-4EC7-A242-DEE2F210929A,Pedestrian,Cross/Enter at Intersection,None (No Improper Action),Intersection Marked Crosswalk,No,Suspected Minor Injury,None,38.99612451,-77.07707977,"    (38.99612451, -77.07707977)"
MCP3390000S,240037314,MONTGOMERY,Property Damage Crash,08/07/2024 20:45,County Route,JAEGER RD,,,,Scooter (electric),Unknown,Rain,Wet,Dark - Lighted,No Controls,"Not Suspect of Alcohol Use, Not Suspect of Drug Use","Not Suspect of Alcohol Use, Not Suspect of Drug Use",ABD91FCF-C37D-4370-ADD9-685991810F78,Scooter (electric),Cross/Enter Not at Intersection,Failure to Yield Right-Of-Way,Intersection Unmarked Crosswalk,Yes,No Apparent Injury,Lighting,39.2169725,-77.29690183,"    (39.2169725, -77.29690183)"
MCP1233005V,240037251,MONTGOMERY,Injury Crash,08/07/2024 15:20,County Route,CEDAR LA,,,,Occupant Of a Non-Motor Vehicle Transportation Device,Single Vehicle,Cloudy,Dry,Daylight,"Other Pavement Marking (excluding edgelines, centerlines, or lane lines)","Not Suspect of Alcohol Use, Not Suspect of Drug Use","Not Suspect of Alcohol Use, Not Suspect of Drug Use",BFF4F38D-EBC9-4B39-8E9D-9072B28124EC,Occupant Of a Non-Motor Vehicle Transportation Device,Cross/Enter Not at Intersection,Failure to Yield Right-Of-Way,Travel Lane Other Location,Yes,Suspected Minor Injury,"Reflective Wear (backpack, triangles, etc.)",39.00905406,-77.09220885,"    (39.00905406, -77.09220885)"
MCP3358001V,240037202,MONTGOMERY,Injury Crash,08/07/2024 12:03,County Route,W GREENVALE PKWY,,,,Cyclist (non-electric),Single Vehicle,Clear,Dry,Daylight,No Controls,"Not Suspect of Alcohol Use, Not Suspect of Drug Use","Not Suspect of Alcohol Use, Not Suspect of Drug Use",2B6563CB-50B3-4AFC-8E20-09E3DC373C7E,Cyclist (non-electric),Walking/Cycling Along Roadway Against Traffic (In or Adjacent to Travel Lane),None (No Improper Action),Shoulder/Roadside,No,Possible Injury,"Helmet, Protective Pads (elbows, knees, shins, etc.)",38.98281107,-77.06055932,"    (38.98281107, -77.06055932)"
EJ7869003W,240036949,GAITHERSBURG,Injury Crash,08/05/2024 17:12,,,,"Parking Aisle        880 RUSSELL AVE GAITHERSBURG, MD 20877",,Pedestrian,Single Vehicle,Clear,,Daylight,,"Unknown, Unknown","Not Suspect of Alcohol Use, Not Suspect of Drug Use",F8F4F9BE-08EF-46FE-AC41-4431A7C40757,Pedestrian,Standing,Unknown,Other,No,Possible Injury,None,39.15652094,-77.21366786,"    (39.15652094, -77.21366786)"
MCP3387001J,240036835,MONTGOMERY,Injury Crash,08/05/2024 8:22,County Route,MUSGROVE RD,COLUMBIA PIKE (SB/L),,,Pedestrian,Single Vehicle,Clear,Dry,Daylight,Traffic Control Signal,"Not Suspect of Alcohol Use, Not Suspect of Drug Use","Not Suspect of Alcohol Use, Not Suspect of Drug Use",1D951F99-5D23-4106-9180-6C0E8D47A8A8,Pedestrian,Cross/Enter at Intersection,None (No Improper Action),Intersection Marked Crosswalk,No,Suspected Serious Injury,None,39.06778062,-76.95954629,"    (39.06778062, -76.95954629)"
MCP29620096,240036833,MONTGOMERY,Injury Crash,08/05/2024 8:10,Local Route,TRIMFIELD LA,FATHER HURLEY BLVD (NB/L),,,Pedestrian,Single Vehicle,Clear,Dry,Daylight,Pedestrian Crossing Sign,"Not Suspect of Alcohol Use, Not Suspect of Drug Use","Not Suspect of Alcohol Use, Not Suspect of Drug Use",B9BDBA64-ACD9-43E2-9710-C9885D6ED4A2,Pedestrian,Other,None (No Improper Action),Intersection Marked Crosswalk,No,Possible Injury,None,39.18631928,-77.27359669,"    (39.18631928, -77.27359669)"
MCP29620096,240036833,MONTGOMERY,Injury Crash,08/05/2024 8:10,Local Route,TRIMFIELD LA,FATHER HURLEY BLVD (NB/L),,,Pedestrian,Single Vehicle,Clear,Dry,Daylight,Pedestrian Crossing Sign,"Not Suspect of Alcohol Use, Not Suspect of Drug Use","Not Suspect of Alcohol Use, Not Suspect of Drug Use",5CA3F6FF-5FCC-4C8B-9468-FF1A18A492AA,Pedestrian,Cross/Enter at Intersection,None (No Improper Action),Intersection Marked Crosswalk,No,Suspected Minor Injury,None,39.18631928,-77.27359669,"    (39.18631928, -77.27359669)"
MCP3094004R,240036793,MONTGOMERY,Injury Crash,08/04/2024 20:25,Private Route,,,,,Pedestrian,Single Vehicle,Clear,Dry,Dark - Lighted,No Controls,"Not Suspect of Alcohol Use, Not Suspect of Drug Use","Not Suspect of Alcohol Use, Not Suspect of Drug Use",69FB4373-90D0-4B04-92BC-8792224667DE,Pedestrian,Cross/Enter Not at Intersection,None (No Improper Action),Travel Lane Other Location,No,Suspected Minor Injury,None,39.15893146,-77.21104845,"    (39.15893146, -77.21104845)"
MCP24550078,240036664,MONTGOMERY,Injury Crash,08/03/2024 19:36,,,,Parking Lot Way        PARKING LOT OF 12268 ROCKVILLE PIKE,,Pedestrian,Single Vehicle,Rain,,Daylight,,"Not Suspect of Alcohol Use, Not Suspect of Drug Use","Not Suspect of Alcohol Use, Not Suspect of Drug Use",2ED06CC3-B7CF-4DED-9F0A-CF810DCA77CA,Pedestrian,Other,None (No Improper Action),Other,No,Possible Injury,None,39.05723327,-77.1229836,"    (39.05723327, -77.1229836)"
MCP3078005P,240036587,MONTGOMERY,Injury Crash,08/03/2024 12:51,Maryland (State) Route,NEW HAMPSHIRE AVE,,,,Pedestrian,Single Vehicle,Clear,Dry,Daylight,No Controls,"Not Suspect of Alcohol Use, Not Suspect of Drug Use","Not Suspect of Alcohol Use, Not Suspect of Drug Use",1711F76E-CDF3-4790-8BF0-D0BDA5743A8F,Pedestrian,Cross/Enter Not at Intersection,Dart/Dash,Travel Lane Other Location,Yes,Suspected Minor Injury,None,39.07454339,-77.00220428,"    (39.07454339, -77.00220428)"
MCP235800CX,240036577,MONTGOMERY,Property Damage Crash,08/03/2024 12:00,County Route,MACARTHUR BLVD,HARVARD AVE,,,Cyclist (non-electric),Single Vehicle,Clear,Dry,Daylight,Stop Sign,"Not Suspect of Alcohol Use, Not Suspect of Drug Use","Not Suspect of Alcohol Use, Not Suspect of Drug Use",6713A74A-4D3D-48FE-8401-66EDDEF9BE3A,Cyclist (non-electric),Walking/Cycling Along Roadway Against Traffic (In or Adjacent to Travel Lane),None (No Improper Action),Intersection Marked Crosswalk,No,No Apparent Injury,Unknown,38.96973175,-77.14141059,"    (38.96973175, -77.14141059)"
MCP2195006T,240036561,MONTGOMERY,Injury Crash,08/03/2024 9:01,Maryland (State) Route,MAIN ST,,,,Cyclist (non-electric),Single Vehicle,Clear,Dry,Daylight,No Controls,"Not Suspect of Alcohol Use, Not Suspect of Drug Use","Not Suspect of Alcohol Use, Not Suspect of Drug Use",C00E1EA4-1293-4EAD-A0AD-E29492469395,Cyclist (non-electric),Walking/Cycling Along Roadway With Traffic (In or Adjacent to Travel Lane),None (No Improper Action),Intersection Other,No,Suspected Minor Injury,"Helmet, Reflectors",39.28710118,-77.19972721,"    (39.28710118, -77.19972721)"
MCP32320059,240036475,MONTGOMERY,Injury Crash,08/02/2024 17:30,,,,Parking Aisle        18131 SLADE SCHOOL RD,,Wheelchair (electric),Single Vehicle,Clear,,Daylight,,"Not Suspect of Alcohol Use, Not Suspect of Drug Use","Not Suspect of Alcohol Use, Not Suspect of Drug Use",25B3BAF4-EDD2-4C31-BA31-B38BDA040EFC,Wheelchair (electric),Unknown,Unknown,Other,Yes,Possible Injury,None,39.15485431,-77.04042973,"    (39.15485431, -77.04042973)"
MCP3402001V,240036417,MONTGOMERY,Injury Crash,08/02/2024 13:22,Maryland (State) Route,,,,,Pedestrian,Single Vehicle,Clear,Dry,Daylight,Traffic Control Signal,"Not Suspect of Alcohol Use, Not Suspect of Drug Use","Not Suspect of Alcohol Use, Not Suspect of Drug Use",8D1718C3-2618-4A59-8FBF-4003DAF2BBDA,Pedestrian,Cross/Enter Not at Intersection,"In Roadway Improperly (Standing, Lying, Working, Playing)",Intersection Unmarked Crosswalk,Yes,Suspected Minor Injury,None,38.9983434,-77.00244513,"    (38.9983434, -77.00244513)"
MCP2641004F,240036398,MONTGOMERY,Injury Crash,08/02/2024 10:11,County Route,MACARTHUR BLVD,GOLDSBORO RD,,,Cyclist (non-electric),Single Vehicle,Clear,Other,Daylight,Yield Sign,"Not Suspect of Alcohol Use, Not Suspect of Drug Use","Not Suspect of Alcohol Use, Not Suspect of Drug Use",39F42DA6-3FA6-4EF5-8C36-8B2D0950D617,Cyclist (non-electric),Walking/Cycling Along Roadway With Traffic (In or Adjacent to Travel Lane),None (No Improper Action),Median/Crossing Island,No,Suspected Minor Injury,"Helmet, Lighting, Reflective Wear (backpack, triangles, etc.), Reflectors",38.96859387,-77.13859468,"    (38.96859387, -77.13859468)"
DD55670053,240036296,ROCKVILLE,Injury Crash,08/01/2024 16:48,Maryland (State) Route,FREDERICK RD,METRO ENT,,,Pedestrian,Single Vehicle,Clear,Dry,Daylight,Pedestrian Crossing Sign,"Not Suspect of Alcohol Use, Not Suspect of Drug Use","Not Suspect of Alcohol Use, Not Suspect of Drug Use",644A2B53-A06A-4FE2-9355-3153A7EDDB6E,Pedestrian,Cross/Enter at Intersection,None (No Improper Action),Intersection Marked Crosswalk,No,Suspected Minor Injury,None,39.11729908,-77.16900744,"    (39.11729908, -77.16900744)"
MCP3145004X,240036302,MONTGOMERY,Injury Crash,08/01/2024 15:15,Maryland (State) Route,UNIVERSITY BLVD E (WB/L),,,,Cyclist (non-electric),Single Vehicle,Clear,Dry,Daylight,Stop Sign,"Not Suspect of Alcohol Use, Not Suspect of Drug Use","Suspect of Alcohol Use, Not Suspect of Drug Use",DB85B730-A8C0-4C94-B33B-10A0F8E69BBD,Cyclist (non-electric),Walking/Cycling Along Roadway Against Traffic (In or Adjacent to Travel Lane),"In Roadway Improperly (Standing, Lying, Working, Playing)",Travel Lane Other Location,Yes,Suspected Minor Injury,None,39.02245517,-77.01586467,"    (39.02245517, -77.01586467)"
MCP3311002L,240036156,MONTGOMERY,Injury Crash,07/31/2024 07:48:00 PM,US (State),GEORGIA AVE (SB/L),,,,Cyclist (Electric),Single Vehicle,Clear,Dry,Daylight,No Controls,"Not Suspect of Alcohol Use, Not Suspect of Drug Use","Unknown, Unknown",1470B9B6-CD34-4321-A69F-077CD2645C27,Cyclist (Electric),Other,"Failure to Obey Traffic Signs, Signals, or Officer, In Roadway Improperly (Standing, Lying, Working, Playing), Inattentive (Talking, Eating, etc.)",Other,Yes,Suspected Minor Injury,None,38.99490383,-77.02715783,"    (38.99490383, -77.02715783)"
MCP2635008Y,240035977,MONTGOMERY,Property Damage Crash,07/30/2024 10:15:00 PM,Maryland (State) Route,GEORGIA AVE (SB/L),,,,Pedestrian,Single Vehicle,Clear,Dry,Dark - Not Lighted,No Controls,"Not Suspect of Alcohol Use, Not Suspect of Drug Use","Not Suspect of Alcohol Use, Not Suspect of Drug Use",79E20F24-D304-4E48-BBF4-B19F55BB98A8,Pedestrian,Other,"In Roadway Improperly (Standing, Lying, Working, Playing), Not Visible (Dark Clothing, No Lighting, etc.)",Travel Lane Other Location,No,No Apparent Injury,None,39.10563754,-77.07652208,"    (39.10563754, -77.07652208)"
MCP3337002V,240035968,MONTGOMERY,Injury Crash,07/30/2024 08:40:00 PM,County Route,DALEWOOD DR,RANDOLPH RD,,,Pedestrian,Single Vehicle,Clear,Dry,Dark - Lighted,Traffic Control Signal,"Not Suspect of Alcohol Use, Not Suspect of Drug Use","Not Suspect of Alcohol Use, Not Suspect of Drug Use",9E525CB2-3528-4579-834B-52FB9C2E983E,Pedestrian,Cross/Enter at Intersection,"Not Visible (Dark Clothing, No Lighting, etc.)",Intersection Other,Yes,Suspected Minor Injury,None,39.05910446,-77.06910479,"    (39.05910446, -77.06910479)"
EJ7858009K,240035888,GAITHERSBURG,Injury Crash,07/30/2024 01:02:00 PM,Local Route,ALLIED PL,GIRARD ST (WB/L),,,Pedestrian,Single Vehicle,Cloudy,Dry,Daylight,No Controls,"Not Suspect of Alcohol Use, Not Suspect of Drug Use","Not Suspect of Alcohol Use, Not Suspect of Drug Use",7AB662BE-4452-4568-B7AC-06880FACE946,Pedestrian,Cross/Enter Not at Intersection,Failure to Yield Right-Of-Way,Travel Lane Other Location,No,Suspected Minor Injury,None,39.15061464,-77.19135549,"    (39.15061464, -77.19135549)"
EJ79040016,240035871,GAITHERSBURG,Injury Crash,07/30/2024 11:11:00 AM,Municipality Route,ODENDHAL AVE (EB/L),RUSSELL AVE (SB/L),,,Pedestrian,Single Vehicle,Clear,Dry,Daylight,Traffic Control Signal,"Not Suspect of Alcohol Use, Not Suspect of Drug Use","Not Suspect of Alcohol Use, Not Suspect of Drug Use",AA5ED32E-07BC-4E07-AACA-C3856E30D7AC,Pedestrian,Cross/Enter at Intersection,None (No Improper Action),Intersection Marked Crosswalk,No,Suspected Minor Injury,None,39.15051068,-77.20399225,"    (39.15051068, -77.20399225)"
MCP2890001D,240035777,MONTGOMERY,Injury Crash,07/29/2024 06:25:00 PM,,,,Parking Lot Way        PARKING LOT OF 19773 FREDERICK RD,,Pedestrian,Single Vehicle,Clear,,Daylight,,"Not Suspect of Alcohol Use, Not Suspect of Drug Use","Not Suspect of Alcohol Use, Not Suspect of Drug Use",67545733-C31B-4D08-95BF-B70805520015,Pedestrian,Cross/Enter Not at Intersection,"Dart/Dash, Failure to Obey Traffic Signs, Signals, or Officer, Other, Wrong-Way Riding or Walking",Travel Lane Other Location,Yes,Suspected Minor Injury,None,39.18030889,-77.23685557,"    (39.18030889, -77.23685557)"
HA2386001W,24001524,MCPARK,Injury Crash,07/28/2024 06:20:00 PM,,,,Parking Lot Way        PARKING LOT OF HAMILTON POOL,,Pedestrian,Other,Clear,,Daylight,,"Not Suspect of Alcohol Use, Not Suspect of Drug Use","Not Suspect of Alcohol Use, Not Suspect of Drug Use",0926B5D5-D289-48DA-804D-0FF7313F18F0,Pedestrian,Standing,None (No Improper Action),Other,No,Suspected Minor Injury,None,38.95230817,-76.95163183,"    (38.95230817, -76.95163183)"
MCP31110088,240035544,MONTGOMERY,Injury Crash,07/28/2024 10:11:00 AM,County Route,BETHESDA AVE,,,,Cyclist (non-electric),Single Vehicle,Clear,Dry,Daylight,No Controls,"Not Suspect of Alcohol Use, Not Suspect of Drug Use","Not Suspect of Alcohol Use, Not Suspect of Drug Use",59A634C6-CE18-41A9-AE37-0F0D66AF6965,Cyclist (non-electric),Walking/Cycling on Sidewalk,Improper Turn/Merge),OnStreet Bike Lanes,Yes,Possible Injury,None,38.981119,-77.09399717,"    (38.981119, -77.09399717)"
EJ7902001H,240035512,GAITHERSBURG,Injury Crash,07/27/2024 11:56:00 PM,,,,Parking Lot Way        PARKING LOT OF 317 E DIAMOND,,Pedestrian,Single Vehicle,Clear,,Dark - Lighted,,"Unknown, Unknown","Not Suspect of Alcohol Use, Not Suspect of Drug Use",9BD925A7-05E2-4AE3-A537-2E38136AD9D9,Pedestrian,Standing,None (No Improper Action),Other,No,Suspected Minor Injury,None,39.14203074,-77.1916528,"    (39.14203074, -77.1916528)"