Report Number,Local Case Number,Agency Name,ACRS Report Type,Crash Date/Time,Route Type,Road Name,Cross-Street Name,Off-Road Description,Municipality,Related Non-Motorist,Collision Type,Weather,Surface Condition,Light,Traffic Control,Driver Substance Abuse,Non-Motorist Substance Abuse,Person ID,Pedestrian Type,Pedestrian Movement,Pedestrian Actions,Pedestrian Location,At Fault,Injury Severity,Safety Equipment,Latitude,Longitude,Location
MCP31090091,240035498,MONTGOMERY,Fatal Crash,07/27/2024 08:59:00 PM,Maryland (State) Route,UNIVERSITY BLVD E,,,,Pedestrian,Single Vehicle,Clear,Dry,Dark - Lighted,Pedestrian Crossing Sign,"Not Suspect of Alcohol Use, Not Suspect of Drug Use","Unknown, Unknown",8F36D0D3-5D7C-4DB0-AE16-600DD4C16B0F,Pedestrian,Cross/Enter Not at Intersection,Unknown,Travel Lane Other Location,No,Fatal Injury,None,39.00201999,-76.99573611,"    (39.00201999, -76.99573611)"
MCP219800G0,240035464,MONTGOMERY,Injury Crash,07/27/2024 03:30:00 PM,Maryland (State) Route,FREDERICK RD (SB/L),,,,Pedestrian,Single Vehicle,Clear,Dry,Daylight,Traffic Control Signal,"Not Suspect of Alcohol Use, Not Suspect of Drug Use","Not Suspect of Alcohol Use, Not Suspect of Drug Use",58822AF1-B38A-4692-AEF5-299B2A1EF198,Pedestrian,Cross/Enter Not at Intersection,Dart/Dash,Travel Lane Other Location,Yes,Suspected Minor Injury,None,39.16330606,-77.22608385,"    (39.16330606, -77.22608385)"
DD5677000H,240035360,ROCKVILLE,Injury Crash,07/26/2024 08:10:00 PM,,,,Parking Stall        PARKING LOT LOCATED AT 190 HALPINE RD.,,Pedestrian,Single Vehicle,Clear,,Daylight,,"Not Suspect of Alcohol Use, Not Suspect of Drug Use","Not Suspect of Alcohol Use, Not Suspect of Drug Use",2F93FD07-478F-482D-82C1-72E658A968AB,Pedestrian,Standing,"Inattentive (Talking, Eating, etc.)",Other,No,Suspected Minor Injury,None,39.06081345,-77.12513362,"    (39.06081345, -77.12513362)"
MCP1568001Z,240035207,MONTGOMERY,Injury Crash,07/25/2024 06:20:00 PM,Maryland (State) Route,,BEALLSVILLE RD,,,Cyclist (non-electric),Single Vehicle,Cloudy,Dry,Daylight,Traffic Control Signal,"Not Suspect of Alcohol Use, Not Suspect of Drug Use","Unknown, Unknown",9161515F-BC87-415A-A9C0-560BB976E32C,Cyclist (non-electric),Walking/Cycling Along Roadway With Traffic (In or Adjacent to Travel Lane),None (No Improper Action),Intersection Other,No,Suspected Serious Injury,"Helmet, Lighting",39.1792493,-77.41292448,"    (39.1792493, -77.41292448)"
MCP292300CN,240035120,MONTGOMERY,Injury Crash,07/25/2024 01:05:00 PM,,,,Parking Lot Way        REAR PARKING LOT OF STARBUCKS AT 2800 UNIVERSITY BLVD WEST,,Pedestrian,Single Vehicle,Cloudy,,Daylight,,"Not Suspect of Alcohol Use, Not Suspect of Drug Use","Not Suspect of Alcohol Use, Not Suspect of Drug Use",2A8ABDD4-6D16-40B4-90AF-B2FE7EC6D842,Pedestrian,Other,None (No Improper Action),Other,No,Suspected Minor Injury,None,39.03841117,-77.05670907,"    (39.03841117, -77.05670907)"
MCP30630051,240034935,MONTGOMERY,Property Damage Crash,07/24/2024 01:03:00 PM,Local Route,BLAIR MILL RD,,,,Cyclist (non-electric),Single Vehicle,Clear,Dry,Daylight,Other Warning Sign,"Not Suspect of Alcohol Use, Not Suspect of Drug Use","Not Suspect of Alcohol Use, Not Suspect of Drug Use",1452D29D-37FB-4ABA-A64D-A531894A16AE,Cyclist (non-electric),Walking/Cycling on Sidewalk,Unknown,Sidewalk,No,No Apparent Injury,None,38.98906515,-77.02776729,"    (38.98906515, -77.02776729)"
MCP2598004J,240034801,MONTGOMERY,Injury Crash,07/23/2024 05:36:00 PM,Maryland (State) Route,GEORGIA AVE,FENWICK LA,,,Pedestrian,Single Vehicle,Clear,Dry,Daylight,Pedestrian Crossing Sign,"Not Suspect of Alcohol Use, Not Suspect of Drug Use","Not Suspect of Alcohol Use, Not Suspect of Drug Use",707FF1A1-EC77-4514-A68B-879196CBE409,Pedestrian,Cross/Enter at Intersection,None (No Improper Action),Intersection Marked Crosswalk,No,Possible Injury,None,38.99827494,-77.03067058,"    (38.99827494, -77.03067058)"
MCP29410059,240034690,MONTGOMERY,Injury Crash,07/23/2024 08:43:00 AM,County Route,,CENTERWAY CT STRAWBERRY KNOLL RD,,,Pedestrian,Single Vehicle,Clear,Dry,Daylight,No Controls,"Not Suspect of Alcohol Use, Not Suspect of Drug Use","Not Suspect of Alcohol Use, Not Suspect of Drug Use",0C82583F-E8B2-43F8-B2CE-D9E57F3BDE16,Pedestrian,Cross/Enter at Intersection,None (No Improper Action),Intersection Unmarked Crosswalk,No,Suspected Minor Injury,None,39.1700757,-77.17902897,"    (39.1700757, -77.17902897)"
MCP3148006H,240034607,MONTGOMERY,Injury Crash,07/22/2024 04:38:00 PM,County Route,WISCONSIN CIR,,,,Pedestrian,Single Vehicle,Clear,Dry,Daylight,No Controls,"Not Suspect of Alcohol Use, Not Suspect of Drug Use","Not Suspect of Alcohol Use, Not Suspect of Drug Use",A0407BDE-A99F-465E-8F9B-87F890E58182,Pedestrian,Cross/Enter at Intersection,None (No Improper Action),Intersection Marked Crosswalk,No,Suspected Minor Injury,None,38.96189063,-77.08536461,"    (38.96189063, -77.08536461)"
MCP2107005M,240034580,MONTGOMERY,Injury Crash,07/22/2024 01:40:00 PM,County Route,LONG CORNER RD,,,,Pedestrian,Single Vehicle,Rain,Wet,Daylight,No Controls,"Suspect of Alcohol Use, Not Suspect of Drug Use","Suspect of Alcohol Use, Unknown",73A54B0F-7D1F-4D55-A0CF-1F1D36FDC9DD,Pedestrian,Other,Unknown,Shoulder/Roadside,No,Suspected Minor Injury,None,39.28970664,-77.16109331,"    (39.28970664, -77.16109331)"
MCP3270002L,240034353,MONTGOMERY,Injury Crash,07/20/2024 10:43:00 PM,Maryland (State) Route,NEW HAMPSHIRE AVE (SB/L),,,,Cyclist (non-electric),Single Vehicle,Clear,Dry,Dark - Not Lighted,No Controls,"Not Suspect of Alcohol Use, Not Suspect of Drug Use","Not Suspect of Alcohol Use, Not Suspect of Drug Use",D604DE96-4D0D-40F0-B528-5CB1FBAE9778,Cyclist (non-electric),Walking/Cycling Along Roadway With Traffic (In or Adjacent to Travel Lane),"Not Visible (Dark Clothing, No Lighting, etc.)",OnStreet Bike Lanes,No,Suspected Minor Injury,None,39.02607271,-76.98112869,"    (39.02607271, -76.98112869)"
EJ7898003F,240034286,GAITHERSBURG,Injury Crash,07/20/2024 02:20:00 PM,,,,Parking Aisle        33 DALAMAR ST (MEGAMART),,Pedestrian,Single Vehicle,Cloudy,,Daylight,,"Not Suspect of Alcohol Use, Not Suspect of Drug Use","Not Suspect of Alcohol Use, Not Suspect of Drug Use",53460626-C1C9-4761-BBC6-3FC1C70B59C7,Pedestrian,Other,None (No Improper Action),Driveway Access,No,Suspected Minor Injury,None,39.14570983,-77.20552117,"    (39.14570983, -77.20552117)"
MCP292300CM,240034253,MONTGOMERY,Injury Crash,07/20/2024 10:40:00 AM,Maryland (State) Route,GEORGIA AVE (SB/L),,,,Cyclist (non-electric),Single Vehicle,Clear,Dry,Daylight,No Controls,"Not Suspect of Alcohol Use, Not Suspect of Drug Use","Not Suspect of Alcohol Use, Not Suspect of Drug Use",2021DAD9-28E9-44F0-8218-0BD10482FECD,Cyclist (non-electric),Walking/Cycling Along Roadway With Traffic (In or Adjacent to Travel Lane),Improper Turn/Merge),Travel Lane Other Location,No,Suspected Serious Injury,Helmet,39.07042517,-77.0630785,"    (39.07042517, -77.0630785)"
DD5676000F,240034192,ROCKVILLE,Injury Crash,07/19/2024 09:15:00 PM,Municipality Route,THOMPSON AVE,CHAPMAN AVE,,,Pedestrian,Unknown,Clear,Dry,Dark - Lighted,No Controls,"Not Suspect of Alcohol Use, Not Suspect of Drug Use","Not Suspect of Alcohol Use, Not Suspect of Drug Use",F7AD4DE1-6D29-465D-9F61-18BBFF63764E,Pedestrian,Cross/Enter at Intersection,None (No Improper Action),Intersection Marked Crosswalk,No,Possible Injury,None,39.06002079,-77.1201543,"    (39.06002079, -77.1201543)"
MCP28750093,240034186,MONTGOMERY,Injury Crash,07/19/2024 09:15:00 PM,County Route,GUNNERS BRANCH RD,FREDERICK RD (SB/L),,,Cyclist (Electric),Single Vehicle,Cloudy,Dry,Dark - Lighted,No Controls,"Not Suspect of Alcohol Use, Not Suspect of Drug Use","Suspect of Alcohol Use, Not Suspect of Drug Use",30D2639F-401A-47ED-974C-845DCA0212B5,Cyclist (Electric),Cross/Enter at Intersection,"Failure to Obey Traffic Signs, Signals, or Officer, Failure to Yield Right-Of-Way",Travel Lane Other Location,Yes,Possible Injury,None,39.17540204,-77.23822779,"    (39.17540204, -77.23822779)"
DM8503001Q,240034144,TAKOMA,Injury Crash,07/19/2024 04:59:00 PM,Municipality Route,SYCAMORE AVE,,,,Pedestrian,Single Vehicle,Clear,Dry,Daylight,No Controls,"Not Suspect of Alcohol Use, Not Suspect of Drug Use","Not Suspect of Alcohol Use, Not Suspect of Drug Use",E96216AF-A668-4867-BE44-B9D8C06780D8,Pedestrian,Getting Off/On Vehicle,"Entering/Exiting Parked/Standing Vehicle, Other",Driveway Access,No,Suspected Minor Injury,None,38.97641824,-77.00453773,"    (38.97641824, -77.00453773)"
MCP33550019,240034043,MONTGOMERY,Injury Crash,07/19/2024 06:28:00 AM,Maryland (State) Route,,COLESVILLE RD (WB/L),,,Cyclist (non-electric),Single Vehicle,Cloudy,Dry,Daylight,Traffic Control Signal,"Not Suspect of Alcohol Use, Not Suspect of Drug Use","Not Suspect of Alcohol Use, Not Suspect of Drug Use",DFFB4EBE-644B-48BB-8D80-F1554C8F7F6C,Cyclist (non-electric),Walking/Cycling Along Roadway With Traffic (In or Adjacent to Travel Lane),None (No Improper Action),Travel Lane Other Location,No,Suspected Minor Injury,None,38.99367978,-77.0323648,"    (38.99367978, -77.0323648)"
MCP31970046,240033854,MONTGOMERY,Injury Crash,07/17/2024 05:47:00 PM,,,,Driveway        13515 GEORGIA AVENUE SILVER SPRING MD,,Pedestrian,Single Vehicle,Clear,,Daylight,,"Unknown, Unknown","Suspect of Alcohol Use, Not Suspect of Drug Use",7AA92D84-C775-4E06-AE27-F7D9B7D7EC99,Pedestrian,Walking/Cycling on Sidewalk,None (No Improper Action),Driveway Access,No,Suspected Minor Injury,None,39.07844182,-77.071745,"    (39.07844182, -77.071745)"
MCP3145004W,240033573,MONTGOMERY,Injury Crash,07/16/2024 03:00:00 PM,County Route,CHERRY TREE LA,LORAIN AVE,,,Scooter (electric),Single Vehicle,Clear,Dry,Daylight,Pedestrian Crossing,"Not Suspect of Alcohol Use, Not Suspect of Drug Use","Not Suspect of Alcohol Use, Not Suspect of Drug Use",51B321AB-1574-4D37-8B72-EE9F76804A44,Scooter (electric),Cross/Enter at Intersection,"Inattentive (Talking, Eating, etc.)",Intersection Unmarked Crosswalk,Yes,Suspected Minor Injury,None,39.02564708,-77.00448051,"    (39.02564708, -77.00448051)"
MCP31610070,240033576,MONTGOMERY,Property Damage Crash,07/16/2024 12:30:00 PM,Local Route,CHEVY CHASE LAKE TER,,,,Pedestrian,Single Vehicle,Clear,Dry,Daylight,No Controls,"Not Suspect of Alcohol Use, Not Suspect of Drug Use","Not Suspect of Alcohol Use, Not Suspect of Drug Use",5A2A5C88-903C-40AB-A490-FA72DC63F5FA,Pedestrian,Getting Off/On Vehicle,None (No Improper Action),Travel Lane Other Location,No,No Apparent Injury,None,38.99545804,-77.07582841,"    (38.99545804, -77.07582841)"
MCP29480074,240033251,MONTGOMERY,Injury Crash,07/14/2024 07:45:00 PM,Maryland (State) Route,GEORGIA AVE,,,,Pedestrian,Single Vehicle,Clear,Dry,Daylight,Traffic Control Signal,"Not Suspect of Alcohol Use, Not Suspect of Drug Use","Not Suspect of Alcohol Use, Not Suspect of Drug Use",CDA85D6E-F9C9-4848-A398-B332EFD28DFB,Pedestrian,Cross/Enter at Intersection,None (No Improper Action),Intersection Marked Crosswalk,No,Suspected Minor Injury,None,39.0530695,-77.05088383,"    (39.0530695, -77.05088383)"
MCP9429000R,240033247,MONTGOMERY,Injury Crash,07/14/2024 07:18:00 PM,US (State),GEORGIA AVE,,,,Scooter (electric),Single Vehicle,Clear,Dry,Daylight,Traffic Control Signal,"Not Suspect of Alcohol Use, Not Suspect of Drug Use","Not Suspect of Alcohol Use, Not Suspect of Drug Use",BD1C006E-592B-4ECB-84A7-081D00401A8C,Scooter (electric),Other,Unknown,Intersection Marked Crosswalk,Yes,Possible Injury,None,38.99031993,-77.02653908,"    (38.99031993, -77.02653908)"
MCP2671003Y,240033235,MONTGOMERY,Injury Crash,07/14/2024 06:00:00 PM,,,,Alley        8701 GEORGIA AVE,,Scooter (electric),Single Vehicle,Clear,,Daylight,,"Unknown, Unknown","Not Suspect of Alcohol Use, Not Suspect of Drug Use",7BB21541-4941-4B9F-BFFD-5EEDFF115FEE,Scooter (electric),Walking/Cycling on Sidewalk,None (No Improper Action),Driveway Access,No,Suspected Minor Injury,None,38.99770457,-77.03005705,"    (38.99770457, -77.03005705)"
MCP3227005P,240033105,MONTGOMERY,Injury Crash,07/13/2024 06:08:00 PM,County Route,DILSTON RD,NEW HAMPSHIRE AVE (SB/L),,,Cyclist (non-electric),Single Vehicle,Clear,Dry,Daylight,Traffic Control Signal,"Not Suspect of Alcohol Use, Not Suspect of Drug Use","Not Suspect of Alcohol Use, Not Suspect of Drug Use",E6FE780E-B350-4BD4-A8A8-56FD64CE089A,Cyclist (non-electric),Cross/Enter at Intersection,"Failure to Obey Traffic Signs, Signals, or Officer",Intersection Marked Crosswalk,Yes,Suspected Minor Injury,None,39.01143909,-76.97903835,"    (39.01143909, -76.97903835)"
MCP3010009T,240033057,MONTGOMERY,Injury Crash,07/13/2024 11:21:00 AM,,,,Parking Lot Way        DRIVEWAY/ SIDEWALK IFO 11130 ROCKVILLE PIKE,,Pedestrian,Single Vehicle,Clear,,Daylight,,"Not Suspect of Alcohol Use, Not Suspect of Drug Use","Not Suspect of Alcohol Use, Not Suspect of Drug Use",4D78AB16-EC86-4B9E-96C6-BDE8C1F7E677,Pedestrian,Walking/Cycling on Sidewalk,None (No Improper Action),Sidewalk,No,Suspected Minor Injury,None,39.03981656,-77.10981687,"    (39.03981656, -77.10981687)"
EJ7888006F,240032939,GAITHERSBURG,Injury Crash,07/12/2024 17:00,County Route,MUDDY BRANCH RD (SB/L),DIAMONDBACK DR,,,Unknown Type Of Non-Motorist,Single Vehicle,Clear,Dry,Daylight,Traffic Control Signal,"Not Suspect of Alcohol Use, Not Suspect of Drug Use","Not Suspect of Alcohol Use, Not Suspect of Drug Use",A7D3EA3D-396B-45F0-A6A8-F183817BAF71,Unknown Type Of Non-Motorist,Cross/Enter at Intersection,Failure to Yield Right-Of-Way,Intersection Other,Yes,Suspected Serious Injury,None,39.11514333,-77.21599867,"    (39.11514333, -77.21599867)"
MCP3320002G,240032948,MONTGOMERY,Injury Crash,07/12/2024 16:14,Maryland (State) Route,COLESVILLE RD,WMATA ENT,,,Cyclist (non-electric),Single Vehicle,Cloudy,Wet,Daylight,Traffic Control Signal,"Not Suspect of Alcohol Use, Not Suspect of Drug Use","Not Suspect of Alcohol Use, Not Suspect of Drug Use",5ECBC44E-1DB9-421D-BA9A-37920570AFB6,Cyclist (non-electric),Cross/Enter at Intersection,None (No Improper Action),Intersection Marked Crosswalk,No,Possible Injury,None,38.99421812,-77.03097413,"    (38.99421812, -77.03097413)"
MCP3335002Y,240032765,MONTGOMERY,Injury Crash,07/11/2024 16:24,County Route,LINTON ST,PATTON DR,,,Cyclist (non-electric),Single Vehicle,Clear,Dry,Daylight,Stop Sign,"Not Suspect of Alcohol Use, Not Suspect of Drug Use","Not Suspect of Alcohol Use, Not Suspect of Drug Use",8D0D74A0-8E84-4229-8906-862BF568E96E,Cyclist (non-electric),Cross/Enter at Intersection,"Failure to Obey Traffic Signs, Signals, or Officer, Inattentive (Talking, Eating, etc.)",Intersection Other,Yes,Suspected Serious Injury,None,39.00378717,-76.99330517,"    (39.00378717, -76.99330517)"
MCP30840076,240032727,MONTGOMERY,Injury Crash,07/11/2024 13:39,County Route,BETHESDA AVE,,,,Cyclist (non-electric),Single Vehicle,Clear,Dry,Daylight,Lane Use Control Signal,"Not Suspect of Alcohol Use, Not Suspect of Drug Use","Not Suspect of Alcohol Use, Not Suspect of Drug Use",C4DC4C58-BFF7-4007-A6D6-F7B9FDFD5437,Cyclist (non-electric),Cross/Enter at Intersection,None (No Improper Action),Intersection Marked Crosswalk,No,Possible Injury,Unknown,38.98109123,-77.09277356,"    (38.98109123, -77.09277356)"
MCP2850002V,240032627,MONTGOMERY,Injury Crash,07/10/2024 23:35,Maryland (State) Route,MONTGOMERY VILLAGE AVE,,,,Pedestrian,Single Vehicle,Clear,Dry,Dark - Lighted,No Controls,"Not Suspect of Alcohol Use, Not Suspect of Drug Use","Not Suspect of Alcohol Use, Not Suspect of Drug Use",D7F9DB38-5EFF-4FC5-92CF-5AC80968E94C,Pedestrian,Cross/Enter at Intersection,"Dart/Dash, Failure to Yield Right-Of-Way, Not Visible (Dark Clothing, No Lighting, etc.)",Travel Lane Other Location,No,Suspected Minor Injury,None,39.1584435,-77.20367813,"    (39.1584435, -77.20367813)"
MCP3037006B,240032387,MONTGOMERY,Injury Crash,07/09/2024 20:02,County Route,ARORA HILLS DR,,,,Cyclist (non-electric),Single Vehicle,Clear,Dry,Daylight,Other,"Not Suspect of Alcohol Use, Not Suspect of Drug Use","Not Suspect of Alcohol Use, Suspect of Drug Use",259B0A58-9A4C-4299-A381-695E4C3D462A,Cyclist (non-electric),Cross/Enter at Intersection,"Dart/Dash, Failure to Obey Traffic Signs, Signals, or Officer, Failure to Yield Right-Of-Way",Driveway Access,Yes,Possible Injury,None,39.23150167,-77.24889833,"    (39.23150167, -77.24889833)"
MCP2351005T,240032286,MONTGOMERY,Injury Crash,07/09/2024 11:08,County Route,ORCHARD BROOK DR,,,,Pedestrian,Single Vehicle,Clear,Dry,Daylight,"Person (including flagger, law enforcement, crossing guard, etc.",,"Not Suspect of Alcohol Use, Not Suspect of Drug Use",29703B2C-0BAE-49EB-9F31-3A7C5E312820,Pedestrian,Other,Other,Driveway Access,Yes,Suspected Minor Injury,None,39.06119767,-77.18940983,"    (39.06119767, -77.18940983)"
MCP3126005N,240032218,MONTGOMERY,Injury Crash,07/08/2024 20:13,,,,Alley        ALLEY WAY OF SOJOURN COURT,,Pedestrian,Single Vehicle,Clear,,Daylight,,"Not Suspect of Alcohol Use, Not Suspect of Drug Use","Not Suspect of Alcohol Use, Not Suspect of Drug Use",EBB44C09-25A6-4924-AD49-928511D11CFE,Pedestrian,Standing,None (No Improper Action),Driveway Access,No,Possible Injury,None,39.20313147,-77.2645931,"    (39.20313147, -77.2645931)"
MCP2667009D,240028452,MONTGOMERY,Injury Crash,07/08/2024 6:30,County Route,BEGONIA WAY,FLOWER HILL WAY HALLMARK CT,,,Pedestrian,Single Vehicle,Clear,Dry,Daylight,Stop Sign,"Not Suspect of Alcohol Use, Not Suspect of Drug Use","Not Suspect of Alcohol Use, Not Suspect of Drug Use",76D1E33C-6CA5-42BB-B74B-4C6E7EA8F26F,Pedestrian,Cross/Enter at Intersection,None (No Improper Action),Intersection Unmarked Crosswalk,No,Suspected Minor Injury,None,39.15740393,-77.16958744,"    (39.15740393, -77.16958744)"
MCP2464003C,240032045,MONTGOMERY,Property Damage Crash,07/07/2024 21:40,,,,Parking Lot Way        PARKING LOT OF 8555 PINEY BRANCH RD,,Pedestrian,Front to Front,Clear,,Dark - Lighted,,"Not Suspect of Alcohol Use, Not Suspect of Drug Use, Unknown, Unknown","Not Suspect of Alcohol Use, Not Suspect of Drug Use",CF20A2B8-2F18-4C55-9AED-0965292BD383,Pedestrian,Standing,None (No Improper Action),Other,No,No Apparent Injury,None,38.99824041,-77.00109701,"    (38.99824041, -77.00109701)"
MCP2464003C,240032045,MONTGOMERY,Property Damage Crash,07/07/2024 21:40,,,,Parking Lot Way        PARKING LOT OF 8555 PINEY BRANCH RD,,Pedestrian,Front to Front,Clear,,Dark - Lighted,,"Not Suspect of Alcohol Use, Not Suspect of Drug Use, Unknown, Unknown","Not Suspect of Alcohol Use, Not Suspect of Drug Use",83A6EAB0-9932-47C6-9750-D49BDFCC3E3B,Pedestrian,Standing,None (No Improper Action),Other,No,No Apparent Injury,None,38.99824041,-77.00109701,"    (38.99824041, -77.00109701)"
MCP3352001S,240032015,MONTGOMERY,Injury Crash,07/07/2024 17:59,County Route,MONTGOMERY VILLAGE AVE (SB/L),,,,Pedestrian,Single Vehicle,Clear,Dry,Daylight,Pedestrian Crossing,"Not Suspect of Alcohol Use, Not Suspect of Drug Use","Not Suspect of Alcohol Use, Not Suspect of Drug Use",9E8FE45D-FC99-4893-98A2-A3D577F36E68,Pedestrian,Standing,None (No Improper Action),Intersection Marked Crosswalk,No,Possible Injury,None,39.16780443,-77.20505412,"    (39.16780443, -77.20505412)"
MCP32280062,240032008,MONTGOMERY,Injury Crash,07/07/2024 17:27,Maryland (State) Route,,COLESVILLE RD,,,Cyclist (non-electric),Single Vehicle,Clear,Dry,Daylight,Traffic Control Signal,"Not Suspect of Alcohol Use, Not Suspect of Drug Use","Not Suspect of Alcohol Use, Not Suspect of Drug Use",63646D48-0994-4D27-8E81-F63182C3EEFB,Cyclist (non-electric),Cross/Enter at Intersection,"Failure to Obey Traffic Signs, Signals, or Officer",Intersection Marked Crosswalk,No,Suspected Minor Injury,None,38.9935308,-77.0321831,"    (38.9935308, -77.0321831)"
MCP2286006C,240032219,MONTGOMERY,Injury Crash,07/06/2024 11:45,Maryland (State) Route,MONTROSE PKWY,,,,Cyclist (non-electric),Single Vehicle,Clear,Dry,Daylight,Traffic Control Signal,"Not Suspect of Alcohol Use, Not Suspect of Drug Use","Not Suspect of Alcohol Use, Not Suspect of Drug Use",50126DA3-10AC-4F38-AD84-8893E616FC41,Cyclist (non-electric),Cross/Enter at Intersection,None (No Improper Action),Intersection Marked Crosswalk,No,Suspected Minor Injury,Helmet,39.05275733,-77.11540621,"    (39.05275733, -77.11540621)"
MCP9311004C,240031817,MONTGOMERY,Injury Crash,07/06/2024 10:13,County Route,MACARTHUR BLVD,,,,Cyclist (non-electric),Single Vehicle,Clear,Dry,Daylight,No Controls,"Not Suspect of Alcohol Use, Not Suspect of Drug Use","Not Suspect of Alcohol Use, Not Suspect of Drug Use",D18DF974-B16D-4C9C-A1D9-27CC9C16A7BD,Cyclist (non-electric),Walking/Cycling Along Roadway With Traffic (In or Adjacent to Travel Lane),Other,Travel Lane Other Location,Yes,Possible Injury,Helmet,38.98257417,-77.22673683,"    (38.98257417, -77.22673683)"
EJ7871007L,240031762,GAITHERSBURG,Injury Crash,07/05/2024 21:25,Municipality Route,,FREDERICK RD,,,Pedestrian,Single Vehicle,Clear,Dry,Dark - Lighted,Traffic Control Signal,"Not Suspect of Alcohol Use, Not Suspect of Drug Use","Not Suspect of Alcohol Use, Not Suspect of Drug Use",6C4DE102-6210-4FDA-B2FE-0805CF5DA49A,Pedestrian,Cross/Enter at Intersection,None (No Improper Action),Intersection Marked Crosswalk,No,Suspected Minor Injury,None,39.16140052,-77.22264372,"    (39.16140052, -77.22264372)"
MCP3080004W,240031575,MONTGOMERY,Injury Crash,07/05/2024 16:31,County Route,,TURTLE ROCK TERR,,,Scooter (non-Electric),Single Vehicle,Clear,Dry,Daylight,Stop Sign,"Not Suspect of Alcohol Use, Not Suspect of Drug Use","Not Suspect of Alcohol Use, Not Suspect of Drug Use",37B1CCD9-9440-4B2D-8586-676388744058,Scooter (non-Electric),Cross/Enter at Intersection,Failure to Yield Right-Of-Way,Intersection Unmarked Crosswalk,Yes,Suspected Minor Injury,None,39.23630848,-77.26186039,"    (39.23630848, -77.26186039)"
MCP31900063,240031646,MONTGOMERY,Property Damage Crash,07/05/2024 8:44,Maryland (State) Route,GEORGIA AVE (SB/L),EMORY LA,,,Cyclist (non-electric),Single Vehicle,Clear,Dry,Daylight,Pedestrian Crossing Sign,"Not Suspect of Alcohol Use, Not Suspect of Drug Use","Not Suspect of Alcohol Use, Not Suspect of Drug Use",1617AE5A-F1D3-4F10-A50E-AD8B667899B5,Cyclist (non-electric),Cross/Enter at Intersection,Unknown,Intersection Marked Crosswalk,No,No Apparent Injury,Helmet,39.12614608,-77.07261279,"    (39.12614608, -77.07261279)"