Report Number,Local Case Number,Agency Name,ACRS Report Type,Crash Date/Time,Route Type,Road Name,Cross-Street Name,Off-Road Description,Municipality,Related Non-Motorist,Collision Type,Weather,Surface Condition,Light,Traffic Control,Driver Substance Abuse,Non-Motorist Substance Abuse,Person ID,Pedestrian Type,Pedestrian Movement,Pedestrian Actions,Pedestrian Location,At Fault,Injury Severity,Safety Equipment,Latitude,Longitude,Location
MCP3170003M,230067257,Montgomery County Police,Property Damage Crash,11/19/2023 03:47:00 PM,County,FATHER HURLEY BLVD,CRYSTAL ROCK DR,,N/A,BICYCLIST,OTHER,CLEAR,DRY,DAYLIGHT,TRAFFIC SIGNAL,NONE DETECTED,NONE DETECTED,E8F3C4C3-4392-4A95-B9F9-F151F22F3432,BICYCLIST,Cross/Enter at Intersection,FAILURE TO OBEY TRAFFIC SIGNS SIGNALS OR OFFICER,ON ROADWAY AT CROSSWALK,Yes,NO APPARENT INJURY,MC/BIKE HELMET,39.19332667,-77.27050823,"    (39.19332667, -77.27050823)"
MCP2608005D,230067146,Montgomery County Police,Injury Crash,11/18/2023 07:14:00 PM,Maryland (State),PINEY BRANCH RD,FLOWER AVE,,N/A,PEDESTRIAN,OTHER,CLEAR,DRY,DARK LIGHTS ON,NO CONTROLS,NONE DETECTED,ALCOHOL PRESENT,99682F4C-29D2-4B70-8D9D-DEA679255D26,PEDESTRIAN,Cross/Enter not at Intersection,NO IMPROPER ACTIONS,ON ROADWAY NOT AT CROSSWALK,Yes,POSSIBLE INJURY,N/A,38.99802893,-77.00402656,"    (38.99802893, -77.00402656)"
MCP2760004H,230066932,Montgomery County Police,Injury Crash,11/17/2023 04:10:00 PM,County,MONTGOMERY VILLAGE AVE,CENTERWAY RD,,N/A,PEDESTRIAN,OTHER,CLEAR,DRY,DUSK,NO CONTROLS,N/A,N/A,B7AD6816-0BA4-41B5-886A-0BBBE151CD88,PEDESTRIAN,Cross/Enter not at Intersection,DART DASH,ON ROADWAY NOT AT CROSSWALK,Yes,SUSPECTED MINOR INJURY,N/A,39.17238667,-77.20381167,"    (39.17238667, -77.20381167)"
MCP235800C3,230066890,Montgomery County Police,Injury Crash,11/17/2023 12:30:00 PM,Maryland (State),OLD GEORGETOWN RD,CHESHIRE DR,,N/A,PEDESTRIAN,OTHER,CLEAR,DRY,DAYLIGHT,NO CONTROLS,NONE DETECTED,NONE DETECTED,79870E0C-58C2-43D0-915E-85F52D58243E,PEDESTRIAN,Cross/Enter not at Intersection,IN ROADWAY IMPROPERLY,ON ROADWAY NOT AT CROSSWALK,Yes,SUSPECTED MINOR INJURY,N/A,39.02330696,-77.12405435,"    (39.02330696, -77.12405435)"
MCP33390031,230066843,Montgomery County Police,Injury Crash,11/17/2023 06:30:00 AM,County,ASPEN HILL RD,MARGOT DR,,N/A,PEDESTRIAN,OTHER,CLEAR,DRY,DAWN,OTHER,NONE DETECTED,UNKNOWN,411B9192-6983-4089-ADA1-0E856EFFE3EC,PEDESTRIAN,Cross/Enter at Intersection,NO IMPROPER ACTIONS,ON ROADWAY AT CROSSWALK,No,SUSPECTED MINOR INJURY,NONE,39.07093817,-77.10181125,"    (39.07093817, -77.10181125)"
MCP2466004M,230066764,Montgomery County Police,Injury Crash,11/16/2023 06:05:00 PM,County,SETTLERS LANDING WAY,LAKE WINDS WAY,,N/A,PEDESTRIAN,SINGLE VEHICLE,CLEAR,DRY,DARK LIGHTS ON,NO CONTROLS,NONE DETECTED,NONE DETECTED,7AEAC3AA-D60C-4E71-A650-4D7998C51AB5,PEDESTRIAN,Walking/Cycling on Sidewalk,UNKNOWN,AT INTERSECTION BUT NO CROSSWALK,Unknown,POSSIBLE INJURY,NONE,39.0906019,-77.22631213,"    (39.0906019, -77.22631213)"
MCP2641003M,230066732,Montgomery County Police,Injury Crash,11/16/2023 03:20:00 PM,Maryland (State),GEORGIA AVE,GOLD MINE RD,,N/A,BICYCLIST,HEAD ON LEFT TURN,CLEAR,DRY,DAYLIGHT,TRAFFIC SIGNAL,NONE DETECTED,NONE DETECTED,EDBA9767-FA15-44BB-B64E-7E329333CF09,BICYCLIST,Cross/Enter at Intersection,NO IMPROPER ACTIONS,ON ROADWAY NOT AT CROSSWALK,No,POSSIBLE INJURY,MC/BIKE HELMET,39.17206833,-77.05902167,"    (39.17206833, -77.05902167)"
MCP2965007T,230066664,Montgomery County Police,Property Damage Crash,11/16/2023 10:55:00 AM,,,,18316 VILLAGE CENTER DR.,,MACHINE OPERATOR/RIDER,SAME DIR REAR END,CLEAR,,DAYLIGHT,NO CONTROLS,NONE DETECTED,NONE DETECTED,0A01F2D0-D817-4ED3-96F0-016D70775222,MACHINE OPERATOR/RIDER,Getting off/on Vehicle,ENTERING EXITING PARKED STANDING VEHICLE,OTHER,No,NO APPARENT INJURY,NONE,39.15458667,-77.06462833,"    (39.15458667, -77.06462833)"
MCP120500B0,230066626,Montgomery County Police,Injury Crash,11/16/2023 08:06:00 AM,,,,"PARKING LOT OF 4920 STRATHMORE AVE.
KENSINGTON, MD 20895",,PEDESTRIAN,OTHER,CLEAR,,DAYLIGHT,NO CONTROLS,NONE DETECTED,NONE DETECTED,0B9D153A-C4AD-4B36-89F1-0C16BDA72DA9,PEDESTRIAN,Other,NO IMPROPER ACTIONS,OTHER,No,SUSPECTED MINOR INJURY,N/A,39.031155,-77.10003167,"    (39.031155, -77.10003167)"
MCP3123006H,230066555,Montgomery County Police,Injury Crash,11/15/2023 06:28:00 PM,,,,PARKING LOT OF 2120 RANDOLPH RD,,MACHINE OPERATOR/RIDER,SINGLE VEHICLE,CLOUDY,,DARK NO LIGHTS,N/A,N/A,N/A,4F4FCB62-D49D-48FF-9A00-71E5EF54CA1A,MACHINE OPERATOR/RIDER,Getting off/on Vehicle,NO IMPROPER ACTIONS,OTHER,No,SUSPECTED MINOR INJURY,N/A,39.05949333,-77.04632667,"    (39.05949333, -77.04632667)"
DD559500FC,230066545,Rockville Police Departme,Injury Crash,11/15/2023 05:42:00 PM,Maryland (State),ROCKVILLE PIKE,HALPINE RD,,ROCKVILLE,PEDESTRIAN,OTHER,CLEAR,DRY,DARK LIGHTS ON,TRAFFIC SIGNAL,NONE DETECTED,N/A,086CF1AB-8EC8-46F4-A094-A192971EBCE8,PEDESTRIAN,Cross/Enter at Intersection,NO IMPROPER ACTIONS,AT INTERSECTION MARKED CROSSWALK,No,SUSPECTED MINOR INJURY,NONE,39.06202133,-77.12405017,"    (39.06202133, -77.12405017)"
DM8505000S,230066541,Takoma Park Police Depart,Injury Crash,11/15/2023 05:27:00 PM,Maryland (State),NEW HAMPSHIRE AVE,SLIGO CREEK PKWY,,N/A,OTHER PEDALCYCLIST,SINGLE VEHICLE,CLEAR,DRY,DARK LIGHTS ON,TRAFFIC SIGNAL,N/A,N/A,AB855BEC-E538-4E4F-B87F-87FB32F6EC05,OTHER PEDALCYCLIST,Cross/Enter at Intersection,UNKNOWN,ON ROADWAY AT CROSSWALK,No,SUSPECTED MINOR INJURY,NONE,38.98051756,-76.9895641,"    (38.98051756, -76.9895641)"
DD5657001D,230066533,Rockville Police Departme,Injury Crash,11/15/2023 04:44:00 PM,Other Public Roadway,CORK TREE LA,ELMCROFT BLVD,,N/A,PEDESTRIAN,OTHER,CLEAR,DRY,DUSK,STOP SIGN,UNKNOWN,NONE DETECTED,4AEDD740-ADC4-4016-8D26-3B472AB5FB92,PEDESTRIAN,Walking/Riding w/Traffic,INATTENTIVE,ON ROADWAY NOT AT CROSSWALK,Yes,SUSPECTED MINOR INJURY,NONE,39.1139464,-77.16635814,"    (39.1139464, -77.16635814)"
MCP289200FK,230066526,Montgomery County Police,Injury Crash,11/15/2023 04:05:00 PM,County,MANCHESTER RD,SCHUYLER RD,,N/A,PEDESTRIAN,SINGLE VEHICLE,CLEAR,DRY,DAYLIGHT,NO CONTROLS,NONE DETECTED,NONE DETECTED,259C7011-C181-4718-B7F8-5CC2069603C6,PEDESTRIAN,Playing,OTHER,ON ROADWAY NOT AT CROSSWALK,Unknown,SUSPECTED MINOR INJURY,NONE,39.00338,-77.01125667,"    (39.00338, -77.01125667)"
DD5567001H,230066464,Rockville Police Departme,Property Damage Crash,11/15/2023 12:25:00 PM,Municipality,ANITA CT,FIRST ST,,N/A,OTHER,SINGLE VEHICLE,CLEAR,DRY,DAYLIGHT,N/A,NONE DETECTED,NONE DETECTED,4503ED57-21C7-4A9A-8F1F-706044947121,OTHER,Other,OTHER,OTHER,Yes,NO APPARENT INJURY,REFLECTIVE CLOTHING,39.08364589,-77.13610201,"    (39.08364589, -77.13610201)"
DD56050083,230066468,Rockville Police Departme,Injury Crash,11/15/2023 12:00:00 PM,Maryland (State),ROCKVILLE PIKE,WOOTTON PKWY,,ROCKVILLE,PEDESTRIAN,OTHER,CLEAR,DRY,DAYLIGHT,TRAFFIC SIGNAL,UNKNOWN,N/A,64A125DC-D08A-4D0D-83B9-33AD1F41109C,PEDESTRIAN,Cross/Enter at Intersection,NO IMPROPER ACTIONS,ON ROADWAY AT CROSSWALK,No,POSSIBLE INJURY,N/A,39.07695037,-77.13949521,"    (39.07695037, -77.13949521)"
DD56050083,230066468,Rockville Police Departme,Injury Crash,11/15/2023 12:00:00 PM,Maryland (State),ROCKVILLE PIKE,WOOTTON PKWY,,ROCKVILLE,PEDESTRIAN,OTHER,CLEAR,DRY,DAYLIGHT,TRAFFIC SIGNAL,UNKNOWN,N/A,B11845F6-08D5-42D7-85D5-1C4A0926E9F5,PEDESTRIAN,Cross/Enter at Intersection,NO IMPROPER ACTIONS,ON ROADWAY AT CROSSWALK,No,POSSIBLE INJURY,N/A,39.07695037,-77.13949521,"    (39.07695037, -77.13949521)"
MCP3330001M,230066422,Montgomery County Police,Injury Crash,11/15/2023 08:23:00 AM,County,AMHERST AVE,ALLEY,,N/A,BICYCLIST,SAME DIRECTION LEFT TURN,CLEAR,DRY,DAYLIGHT,NO CONTROLS,NONE DETECTED,NONE DETECTED,0B260352-7FFA-4A3D-AE40-71BDA24C4F14,BICYCLIST,Cross/Enter not at Intersection,NO IMPROPER ACTIONS,SIDEWALK,No,SUSPECTED SERIOUS INJURY,MC/BIKE HELMET,39.033292,-77.04715867,"    (39.033292, -77.04715867)"
MCP2347004G,230066410,Montgomery County Police,Injury Crash,11/15/2023 06:29:00 AM,Maryland (State),SANDY SPRING RD,RIDING STABLE RD,,N/A,BICYCLIST,STRAIGHT MOVEMENT ANGLE,CLEAR,DRY,DARK NO LIGHTS,STOP SIGN,NONE DETECTED,NONE DETECTED,C7DAF4E6-9ECB-46AA-8F7B-EA2A56327913,BICYCLIST,Walking/Riding w/Traffic,NO IMPROPER ACTIONS,IN BIKEWAY,No,SUSPECTED MINOR INJURY,NONE,39.10559616,-76.91067981,"    (39.10559616, -76.91067981)"
MCP1378016H,230066296,Montgomery County Police,Injury Crash,11/14/2023 02:58:00 PM,Maryland (State),OLNEY LAYTONSVILLE RD,OLNEY LIBRARY,,N/A,PEDESTRIAN,SINGLE VEHICLE,CLEAR,DRY,DAYLIGHT,NO CONTROLS,NONE DETECTED,NONE DETECTED,12B6A55C-00D5-4AEC-8265-D375AA23A0E7,PEDESTRIAN,Cross/Enter not at Intersection,IN ROADWAY IMPROPERLY,OUTSIDE RIGHT OF WAY,Yes,SUSPECTED MINOR INJURY,NONE,39.15419684,-77.06907114,"    (39.15419684, -77.06907114)"
MCP2052003G,230066205,Montgomery County Police,Injury Crash,11/14/2023 08:28:00 AM,Maryland (State),FREDERICK RD,WATKINS MILL RD,,GAITHERSBURG,PEDESTRIAN,SINGLE VEHICLE,CLEAR,DRY,DAYLIGHT,N/A,N/A,NONE DETECTED,51E26710-6162-44B1-AD58-4196B2282A02,PEDESTRIAN,Cross/Enter not at Intersection,IN ROADWAY IMPROPERLY,MEDIAN,Yes,POSSIBLE INJURY,N/A,39.15993144,-77.21981594,"    (39.15993144, -77.21981594)"
MCP2991008Y,230065911,Montgomery County Police,Injury Crash,11/12/2023 11:50,,,,SIDE WALK INFRONT OF 18200 GEORGIA AVE,,BICYCLIST,STRAIGHT MOVEMENT ANGLE,CLEAR,,DAYLIGHT,N/A,NONE DETECTED,NONE DETECTED,C778560A-AF0D-4798-94BA-AE573CB8E535,BICYCLIST,Other,NO IMPROPER ACTIONS,CURB,No,POSSIBLE INJURY,NONE,39.15517,-77.06697167,"    (39.15517, -77.06697167)"
MCP3165004Y,230065903,Montgomery County Police,Injury Crash,11/12/2023 10:45,,,,PARKING LOT OF 13817 OUTLET DR SILVER SPRING MD,,PEDESTRIAN,OTHER,CLEAR,,DAYLIGHT,N/A,NONE DETECTED,NONE DETECTED,B2D2F87F-13E6-4C8F-9AD7-F07F12CB6DA8,PEDESTRIAN,N/A,INATTENTIVE,OTHER,Unknown,POSSIBLE INJURY,NONE,39.08271605,-76.94528133,"    (39.08271605, -76.94528133)"
DD5660000M,230065841,Rockville Police Departme,Injury Crash,11/11/2023 21:54,Maryland (State),FREDERICK RD,KING FARM BLVD,,ROCKVILLE,PEDESTRIAN,OTHER,N/A,DRY,DARK LIGHTS ON,TRAFFIC SIGNAL,NONE DETECTED,NONE DETECTED,2B6BC5C2-8860-49CE-8D14-98919674821D,PEDESTRIAN,Cross/Enter at Intersection,NO IMPROPER ACTIONS,ON ROADWAY AT CROSSWALK,No,SUSPECTED MINOR INJURY,NONE,39.11714547,-77.16896531,"    (39.11714547, -77.16896531)"
MCP3193004Y,230065833,Montgomery County Police,Injury Crash,11/11/2023 19:38,,,,PARKING LOT OF 11160 VEIRS MILL RD,,PEDESTRIAN,OTHER,CLEAR,,DARK LIGHTS ON,NO CONTROLS,UNKNOWN,NONE DETECTED,CFB34E8A-1756-412B-A9F7-1469D691F174,PEDESTRIAN,Cross/Enter at Intersection,NO IMPROPER ACTIONS,ON ROADWAY AT CROSSWALK,No,POSSIBLE INJURY,NONE,39.03507833,-77.05312667,"    (39.03507833, -77.05312667)"
MCP292300B5,230065919,Montgomery County Police,Injury Crash,11/11/2023 14:30,,,,EXIT OF PARKING LOT AT 2307 UNIVERSITY BLVD WEST,,PEDESTRIAN,OTHER,N/A,,DAYLIGHT,NO CONTROLS,UNKNOWN,NONE DETECTED,B079C02B-3CD7-4100-AC9F-BD6040DE5C24,PEDESTRIAN,Cross/Enter at Intersection,NO IMPROPER ACTIONS,DRIVEWAY ACCESS MARKED CROSSWALK,No,SUSPECTED MINOR INJURY,N/A,39.03434367,-77.04861933,"    (39.03434367, -77.04861933)"
MCP1595002F,230065714,Montgomery County Police,Injury Crash,11/11/2023 0:17,Maryland (State),UNIVERSITY BLVD W,REEDIE DR,,N/A,PEDESTRIAN,OTHER,CLEAR,DRY,DARK LIGHTS ON,NO CONTROLS,NONE DETECTED,ALCOHOL CONTRIBUTED,C139969F-4293-43C3-9851-47EE5D039B3C,PEDESTRIAN,Cross/Enter not at Intersection,INATTENTIVE,ON ROADWAY NOT AT CROSSWALK,Yes,SUSPECTED SERIOUS INJURY,NONE,39.03973071,-77.04286618,"    (39.03973071, -77.04286618)"
EJ7888005C,230065681,Gaithersburg Police Depar,Injury Crash,11/10/2023 18:50,,,,PARKING LOT OF 9801 WASHINGTONIAN BLVD,,PEDESTRIAN,OTHER,CLEAR,,DARK LIGHTS ON,NO CONTROLS,UNKNOWN,NONE DETECTED,05D046C7-CC91-4AF0-811E-EB0F8C128355,PEDESTRIAN,Cross/Enter at Intersection,IN ROADWAY IMPROPERLY,SIDEWALK,Yes,SUSPECTED MINOR INJURY,NONE,39.11514581,-77.19761533,"    (39.11514581, -77.19761533)"
DD56640014,230065407,Rockville Police Departme,Injury Crash,11/09/2023 15:46,Municipality,CHAPMAN AVE,TWINBROOK PKWY,,ROCKVILLE,PEDESTRIAN,OTHER,CLOUDY,DRY,DAYLIGHT,TRAFFIC SIGNAL,NONE DETECTED,NONE DETECTED,C19B837C-981C-4D84-9A36-DF89F0270431,PEDESTRIAN,Cross/Enter at Intersection,NO IMPROPER ACTIONS,ON ROADWAY AT CROSSWALK,No,SUSPECTED MINOR INJURY,N/A,39.05874396,-77.11882028,"    (39.05874396, -77.11882028)"
DD56640012,230065308,Rockville Police Departme,Property Damage Crash,11/09/2023 9:57,Maryland (State),ROCKVILLE PIKE,HALPINE RD,,ROCKVILLE,PEDESTRIAN,OTHER,CLEAR,DRY,DAYLIGHT,TRAFFIC SIGNAL,NONE DETECTED,NONE DETECTED,5725A13B-1C60-4444-B5F7-869AC5232C42,PEDESTRIAN,Cross/Enter at Intersection,N/A,ON ROADWAY AT CROSSWALK,No,NO APPARENT INJURY,N/A,39.06179301,-77.12373409,"    (39.06179301, -77.12373409)"
MCP3109008S,230065376,Montgomery County Police,Injury Crash,11/09/2023 6:29,County,AVENEL RD,NORTHAMPTON DR,,N/A,PEDESTRIAN,OTHER,CLEAR,DRY,DAWN,STOP SIGN,UNKNOWN,NONE DETECTED,3079BC78-190B-41E8-9A9E-C4C34EFBE067,PEDESTRIAN,Cross/Enter at Intersection,NO IMPROPER ACTIONS,ON ROADWAY AT CROSSWALK,No,SUSPECTED MINOR INJURY,NONE,39.00706072,-76.98051033,"    (39.00706072, -76.98051033)"
MCP28950034,230065235,Montgomery County Police,Injury Crash,11/08/2023 18:00,County,RICHTER FARM RD,GERMANTOWN RD,,N/A,PEDESTRIAN,OTHER,CLEAR,DRY,DARK LIGHTS ON,TRAFFIC SIGNAL,NONE DETECTED,NONE DETECTED,EA2F9AF9-D3A4-40DE-A1A0-575A5D151CB0,PEDESTRIAN,Cross/Enter at Intersection,NO IMPROPER ACTIONS,ON ROADWAY AT CROSSWALK,No,SUSPECTED MINOR INJURY,NONE,39.15420562,-77.28726558,"    (39.15420562, -77.28726558)"
MCP2962008G,230065146,Montgomery County Police,Property Damage Crash,11/08/2023 14:05,County,FATHER HURLEY BLVD,CRYSTAL ROCK DR,,N/A,BICYCLIST,OTHER,CLEAR,DRY,DAYLIGHT,TRAFFIC SIGNAL,NONE DETECTED,NONE DETECTED,F7E4DB06-2A8F-4F33-8266-9A051B325DF9,BICYCLIST,Cross/Enter at Intersection,NO IMPROPER ACTIONS,AT INTERSECTION MARKED CROSSWALK,No,NO APPARENT INJURY,NONE,39.19356016,-77.2699489,"    (39.19356016, -77.2699489)"
MCP2347004F,230065076,Montgomery County Police,Injury Crash,11/08/2023 9:38,County,BERLEIGH HILL CT,CUL DE SAC,,N/A,PEDESTRIAN,OTHER,CLEAR,DRY,DAYLIGHT,NO CONTROLS,NONE DETECTED,NONE DETECTED,8822219B-EE08-457C-AAA4-BC513C14D10F,PEDESTRIAN,Walking/Cycling on Sidewalk,NO IMPROPER ACTIONS,SIDEWALK,No,SUSPECTED MINOR INJURY,NONE,39.10068183,-76.933366,"    (39.10068183, -76.933366)"
MCP302600BX,230065061,Montgomery County Police,Injury Crash,11/08/2023 8:22,County,BEECH AVE,SINGLETON DR,,N/A,PEDESTRIAN,SINGLE VEHICLE,CLEAR,DRY,DAYLIGHT,STOP SIGN,NONE DETECTED,NONE DETECTED,94345AF9-B1C7-45FF-87D8-72EE9F8F645B,PEDESTRIAN,Cross/Enter at Intersection,NOT VISIBLE,ON ROADWAY NOT AT CROSSWALK,No,SUSPECTED MINOR INJURY,NONE,39.00973033,-77.11581167,"    (39.00973033, -77.11581167)"
MCP28460095,230065008,Montgomery County Police,Injury Crash,11/07/2023 18:30,County,DAYTON ST,UNIVERSITY BLVD W,,N/A,PEDESTRIAN,SINGLE VEHICLE,CLEAR,DRY,DARK -- UNKNOWN LIGHTING,NO CONTROLS,UNKNOWN,NONE DETECTED,5E5F7C03-8994-4A48-82B7-3346FAEFB196,PEDESTRIAN,Cross/Enter at Intersection,UNKNOWN,ON ROADWAY AT CROSSWALK,No,SUSPECTED SERIOUS INJURY,NONE,39.03869667,-77.04172576,"    (39.03869667, -77.04172576)"
MCP28460094,230064972,Montgomery County Police,Injury Crash,11/07/2023 18:10,Maryland (State),UNIVERSITY BLVD W,REEDIE DR,,N/A,PEDESTRIAN,SINGLE VEHICLE,CLEAR,DRY,DARK NO LIGHTS,TRAFFIC SIGNAL,NONE DETECTED,NONE DETECTED,879F5EBA-AB62-4720-9920-925A1BA9B30B,PEDESTRIAN,Cross/Enter at Intersection,NO IMPROPER ACTIONS,ON ROADWAY AT CROSSWALK,No,SUSPECTED SERIOUS INJURY,NONE,39.03956833,-77.04312,"    (39.03956833, -77.04312)"
MCP2064000W,230065147,Montgomery County Police,Property Damage Crash,11/07/2023 15:30,,,,"PARKING LOT OF 8434 HELGERMAN COURT, GAITHERSBURG, MD",,OTHER,SINGLE VEHICLE,UNKNOWN,,UNKNOWN,UNKNOWN,UNKNOWN,N/A,C3AE8E7F-C96F-4947-9842-0A9535BB6220,OTHER,Unknown,UNKNOWN,OTHER,Unknown,NO APPARENT INJURY,UNKNOWN,39.11341667,-77.23563167,"    (39.11341667, -77.23563167)"
EJ78870037,230062614,Gaithersburg Police Depar,Property Damage Crash,11/07/2023 7:20,Municipality,FIRSTFIELD RD,BANK ST,,GAITHERSBURG,PEDESTRIAN,OTHER,CLEAR,DRY,DAYLIGHT,NO CONTROLS,NONE DETECTED,NONE DETECTED,B2FF0EAC-8C17-46D8-BC2F-0FD6CB16E348,PEDESTRIAN,Walking/Cycling on Sidewalk,OTHER,SIDEWALK,No,NO APPARENT INJURY,NONE,39.14047212,-77.22466919,"    (39.14047212, -77.22466919)"
MCP3279002T,230064771,Montgomery County Police,Injury Crash,11/06/2023 18:30,County,AMHERST AVE,ELKIN ST,,N/A,PEDESTRIAN,SINGLE VEHICLE,CLEAR,DRY,N/A,STOP SIGN,NONE DETECTED,NONE DETECTED,65C02C75-D526-4FEC-A7FE-9889E86B9C2A,PEDESTRIAN,Cross/Enter at Intersection,NO IMPROPER ACTIONS,AT INTERSECTION MARKED CROSSWALK,No,SUSPECTED SERIOUS INJURY,NONE,39.04494978,-77.04798769,"    (39.04494978, -77.04798769)"
MCP22910077,230064765,Montgomery County Police,Injury Crash,11/06/2023 17:32,Maryland (State),RIVER RD,NEWBRIDGE DR,,N/A,PEDESTRIAN,OTHER,CLEAR,DRY,DARK NO LIGHTS,NO CONTROLS,NONE DETECTED,UNKNOWN,3E9F63A7-2685-4333-A2B3-2132E14DDB6A,PEDESTRIAN,Cross/Enter at Intersection,FAILURE TO YIELD RIGHT OF WAY,ON ROADWAY AT CROSSWALK,Yes,SUSPECTED SERIOUS INJURY,NONE,39.01013433,-77.19678367,"    (39.01013433, -77.19678367)"
MCP3289002S,230064542,Montgomery County Police,Property Damage Crash,11/05/2023 13:58,,,,PARKING LOT OG 1280 EAST WEST HIGHWAY,,PEDESTRIAN,SINGLE VEHICLE,CLEAR,,DAYLIGHT,NO CONTROLS,UNKNOWN,NONE DETECTED,865F5AEB-2F29-4364-8C33-0ED0CFD30BE1,PEDESTRIAN,Cross/Enter not at Intersection,NO IMPROPER ACTIONS,OTHER,No,NO APPARENT INJURY,NONE,38.99176207,-77.03202414,"    (38.99176207, -77.03202414)"
MCP2635008M,230064438,Montgomery County Police,Injury Crash,11/04/2023 19:21,Maryland (State),GERMANTOWN RD,MIDDLEBROOK RD,,N/A,PEDESTRIAN,OTHER,CLEAR,DRY,DARK LIGHTS ON,TRAFFIC SIGNAL,UNKNOWN,UNKNOWN,07E8D7F1-8D4C-4AA7-98ED-3A04A8CEC16F,PEDESTRIAN,Cross/Enter at Intersection,UNKNOWN,ON ROADWAY AT CROSSWALK,Unknown,SUSPECTED SERIOUS INJURY,NONE,39.17880397,-77.26718663,"    (39.17880397, -77.26718663)"
MCP3190005G,230064525,Montgomery County Police,Injury Crash,11/04/2023 15:00,Maryland (State),GEORGIA AVE,ENT TO LOTTE PLAZA,,N/A,PEDESTRIAN,OTHER,CLEAR,DRY,DAYLIGHT,UNKNOWN,UNKNOWN,UNKNOWN,C98094AD-66D9-44F7-9F51-AA526017C18F,PEDESTRIAN,Cross/Enter at Intersection,UNKNOWN,UNKNOWN,Unknown,SUSPECTED MINOR INJURY,UNKNOWN,39.08029934,-77.07441062,"    (39.08029934, -77.07441062)"
MCP3377000R,230064246,Montgomery County Police,Injury Crash,11/03/2023 17:15,Maryland (State),WISCONSIN AVE,BRADLEY LA,,N/A,PEDESTRIAN,OPPOSITE DIRECTION SIDESWIPE,CLEAR,DRY,DAYLIGHT,TRAFFIC SIGNAL,N/A,N/A,642A987E-5EE2-49C0-BCC0-F9EFDC5EBC9C,PEDESTRIAN,Standing,NO IMPROPER ACTIONS,SIDEWALK,No,SUSPECTED MINOR INJURY,N/A,38.976962,-77.09091333,"    (38.976962, -77.09091333)"
EJ78880056,230064018,Gaithersburg Police Depar,Injury Crash,11/02/2023 16:25,,,,PARKING LOT OF 883 RUSSELL AVE,,"OTHER, PEDESTRIAN",OTHER,CLEAR,,DAYLIGHT,NO CONTROLS,NONE DETECTED,NONE DETECTED,51F4E634-0F26-4212-8DBC-D9300E6D9AC1,OTHER,Other,NO IMPROPER ACTIONS,OTHER,No,NO APPARENT INJURY,NONE,39.15722808,-77.21204947,"    (39.15722808, -77.21204947)"
EJ78880056,230064018,Gaithersburg Police Depar,Injury Crash,11/02/2023 16:25,,,,PARKING LOT OF 883 RUSSELL AVE,,"OTHER, PEDESTRIAN",OTHER,CLEAR,,DAYLIGHT,NO CONTROLS,NONE DETECTED,NONE DETECTED,135F3282-2D12-4B8D-B43C-32BF7305874E,PEDESTRIAN,Other,NO IMPROPER ACTIONS,OTHER,No,POSSIBLE INJURY,NONE,39.15722808,-77.21204947,"    (39.15722808, -77.21204947)"
EJ7781004N,230063890,Gaithersburg Police Depar,Injury Crash,11/02/2023 6:58,Municipality,METROPOLITAN GROVE RD,CLOPPER RD,,N/A,BICYCLIST,STRAIGHT MOVEMENT ANGLE,CLEAR,DRY,DARK -- UNKNOWN LIGHTING,TRAFFIC SIGNAL,NONE DETECTED,NONE DETECTED,035923D8-F891-4CA5-8838-37A7769F2D6E,BICYCLIST,Cross/Enter at Intersection,NO IMPROPER ACTIONS,ON ROADWAY AT CROSSWALK,No,POSSIBLE INJURY,NONE,39.14615537,-77.22819747,"    (39.14615537, -77.22819747)"
DD5660000L,230063862,Rockville Police Departme,Injury Crash,11/01/2023 20:50,Municipality,BEALL AVE #2,GIBBS STREET,,ROCKVILLE,PEDESTRIAN,OTHER,N/A,DRY,DARK LIGHTS ON,N/A,UNKNOWN,NONE DETECTED,7383EC04-8320-4795-B5E1-EF88FD2E6A78,PEDESTRIAN,Cross/Enter at Intersection,N/A,ON ROADWAY AT CROSSWALK,No,POSSIBLE INJURY,N/A,39.08675614,-77.15413806,"    (39.08675614, -77.15413806)"
DM8504001G,230063844,Takoma Park Police Depart,Injury Crash,11/01/2023 19:02,Maryland (State),NEW HAMPSHIRE AVE,KENTLAND AVE,,TAKOMA PARK,PEDESTRIAN,SINGLE VEHICLE,CLEAR,DRY,DARK LIGHTS ON,NO CONTROLS,N/A,N/A,78ACA767-31A6-4940-A836-AF458E3037A4,PEDESTRIAN,Cross/Enter at Intersection,NO IMPROPER ACTIONS,ON ROADWAY AT CROSSWALK,No,SUSPECTED MINOR INJURY,NONE,38.97686288,-76.9923875,"    (38.97686288, -76.9923875)"
MCP2635008L,230063652,Montgomery County Police,Injury Crash,10/31/2023 05:49:00 PM,County,ASPEN HILL RD,ARCTIC AVE,,N/A,PEDESTRIAN,OTHER,CLEAR,DRY,DAYLIGHT,TRAFFIC SIGNAL,N/A,N/A,6DE46D4A-93CA-4A37-9566-95F9FEBB2060,PEDESTRIAN,Cross/Enter at Intersection,NO IMPROPER ACTIONS,ON ROADWAY AT CROSSWALK,No,SUSPECTED MINOR INJURY,NONE,39.0712315,-77.09882583,"    (39.0712315, -77.09882583)"
MCP3263003X,230063645,Montgomery County Police,Property Damage Crash,10/31/2023 05:28:00 PM,County,ARLINGTON RD,BETHESDA AVE,,N/A,BICYCLIST,OTHER,CLEAR,DRY,DAYLIGHT,TRAFFIC SIGNAL,UNKNOWN,NONE DETECTED,13C1402F-2E52-4CE6-9C39-62BE9D23D4FA,BICYCLIST,Other,NO IMPROPER ACTIONS,SHOULDER,No,NO APPARENT INJURY,NONE,38.98111189,-77.09848336,"    (38.98111189, -77.09848336)"
MCP3200009P,230063524,Montgomery County Police,Injury Crash,10/31/2023 07:51:00 AM,County,GREYSWOOD RD,INGLEMERE DR,,N/A,PEDESTRIAN,OTHER,CLEAR,DRY,DAYLIGHT,NO CONTROLS,NONE DETECTED,NONE DETECTED,98B43272-8573-43A2-A567-B16D6AE27F84,PEDESTRIAN,Cross/Enter not at Intersection,DART DASH,OUTSIDE RIGHT OF WAY,Yes,SUSPECTED MINOR INJURY,NONE,39.01833783,-77.13647233,"    (39.01833783, -77.13647233)"
MCP3063004G,230063405,Montgomery County Police,Property Damage Crash,10/30/2023 01:51:00 PM,County,SECOND AVE,FENWICK LA,,N/A,BICYCLIST,OTHER,CLEAR,DRY,DAYLIGHT,NO CONTROLS,NONE DETECTED,NONE DETECTED,5D7E26C2-9D16-4D55-A281-7E7FE2E72D34,BICYCLIST,Walking/Riding against Traffic,FAILURE TO YIELD RIGHT OF WAY,OTHER,Yes,NO APPARENT INJURY,NONE,38.9971265,-77.0334099,"    (38.9971265, -77.0334099)"