Report Number,Local Case Number,Agency Name,ACRS Report Type,Crash Date/Time,Route Type,Road Name,Cross-Street Name,Off-Road Description,Municipality,Related Non-Motorist,Collision Type,Weather,Surface Condition,Light,Traffic Control,Driver Substance Abuse,Non-Motorist Substance Abuse,Person ID,Pedestrian Type,Pedestrian Movement,Pedestrian Actions,Pedestrian Location,At Fault,Injury Severity,Safety Equipment,Latitude,Longitude,Location
EJ7879003K,230054012,Gaithersburg Police Depar,Injury Crash,09/09/2023 18:30,Municipality,N SUMMIT AVE,E DIAMOND AVE,,GAITHERSBURG,PEDESTRIAN,SINGLE VEHICLE,RAINING,WET,DAYLIGHT,NO CONTROLS,NONE DETECTED,NONE DETECTED,28B1A039-556A-49A5-988F-4746CB08B39E,PEDESTRIAN,Cross/Enter not at Intersection,UNKNOWN,ON ROADWAY NOT AT CROSSWALK,Unknown,SUSPECTED MINOR INJURY,NONE,39.14287914,-77.19337475,"    (39.14287914, -77.19337475)"
MCP2863002Y,230054007,Montgomery County Police,Injury Crash,09/09/2023 17:30,Municipality,BROOKS AVE,N SUMMIT AVE,,GAITHERSBURG,PEDESTRIAN,OTHER,RAINING,WET,DAYLIGHT,TRAFFIC SIGNAL,N/A,NONE DETECTED,AF36431D-6712-4883-AA13-6D1398C79334,PEDESTRIAN,Walking/Riding against Traffic,IN ROADWAY IMPROPERLY,ON ROADWAY AT CROSSWALK,No,SUSPECTED MINOR INJURY,N/A,39.14373133,-77.19300733,"    (39.14373133, -77.19300733)"
DD5651003T,230053976,Rockville Police Departme,Injury Crash,09/09/2023 14:28,,,,SAFEWAY PARKING LOT,,PEDESTRIAN,OTHER,CLEAR,,DAYLIGHT,NO CONTROLS,NONE DETECTED,NONE DETECTED,D1EC857D-F0ED-46A0-9E67-460B3AECC195,PEDESTRIAN,Other,NO IMPROPER ACTIONS,OTHER,No,POSSIBLE INJURY,N/A,39.11283043,-77.17165995,"    (39.11283043, -77.17165995)"
MCP1205009L,230053956,Montgomery County Police,Injury Crash,09/09/2023 12:14,Maryland (State),CONNECTICUT AVE,CHEVY CHASE LAKE DR,,N/A,BICYCLIST,STRAIGHT MOVEMENT ANGLE,CLEAR,DRY,DAYLIGHT,STOP SIGN,NONE DETECTED,NONE DETECTED,06A86E22-42C8-46DB-BD75-040B59996038,BICYCLIST,Walking/Cycling on Sidewalk,NO IMPROPER ACTIONS,SIDEWALK,No,SUSPECTED MINOR INJURY,MC/BIKE HELMET,38.99257667,-77.07689167,"    (38.99257667, -77.07689167)"
DD56430032,230053719,Rockville Police Departme,Injury Crash,09/07/2023 21:19,Maryland (State),ROCKVILLE PIKE,WOOTTON PKWY,,ROCKVILLE,PEDESTRIAN,N/A,N/A,DRY,DARK LIGHTS ON,TRAFFIC SIGNAL,NONE DETECTED,NONE DETECTED,E0BC5C65-CC79-458C-82BC-D9F6E471C043,PEDESTRIAN,Cross/Enter at Intersection,NO IMPROPER ACTIONS,ON ROADWAY AT CROSSWALK,No,SUSPECTED MINOR INJURY,NONE,39.07708866,-77.13961517,"    (39.07708866, -77.13961517)"
MCP235300C7,230053644,Montgomery County Police,Injury Crash,09/07/2023 13:29,Maryland (State),WISCONSIN AVE,WILLOW LA,,N/A,PEDESTRIAN,SINGLE VEHICLE,CLOUDY,DRY,DAYLIGHT,OTHER,NONE DETECTED,NONE DETECTED,5AC1AF93-0634-49B7-84BA-E9268F4E22A5,PEDESTRIAN,Cross/Enter at Intersection,FAILURE TO OBEY TRAFFIC SIGNS SIGNALS OR OFFICER,OTHER,Yes,SUSPECTED MINOR INJURY,NONE,38.98128283,-77.09254467,"    (38.98128283, -77.09254467)"
DD559500DZ,230053635,Rockville Police Departme,Injury Crash,09/07/2023 13:05,Municipality,BEALL AVE #2,MARYLAND AVE,,N/A,PEDESTRIAN,OTHER,CLEAR,DRY,DAYLIGHT,OTHER,NONE DETECTED,NONE DETECTED,169F9BA4-63DB-4B6A-A8F1-E695607DF368,PEDESTRIAN,Other,NO IMPROPER ACTIONS,ON ROADWAY AT CROSSWALK,No,SUSPECTED MINOR INJURY,N/A,39.087155,-77.15125583,"    (39.087155, -77.15125583)"
MCP2723007N,230053526,Montgomery County Police,Injury Crash,09/06/2023 20:00,County,GLENALLAN AVE,GEORGIA AVE,,N/A,PEDESTRIAN,SINGLE VEHICLE,CLEAR,DRY,DARK LIGHTS ON,TRAFFIC SIGNAL,NONE DETECTED,NONE DETECTED,5683764E-1142-438E-86B2-B865B91FBA1A,PEDESTRIAN,Cross/Enter at Intersection,FAILURE TO OBEY TRAFFIC SIGNS SIGNALS OR OFFICER,ON ROADWAY AT CROSSWALK,Yes,SUSPECTED MINOR INJURY,NONE,39.06360167,-77.054115,"    (39.06360167, -77.054115)"
MCP24870038,230053391,Montgomery County Police,Injury Crash,09/06/2023 8:34,County,BUDD RD,WHITES FERRY RD,,N/A,BICYCLIST,STRAIGHT MOVEMENT ANGLE,CLEAR,DRY,DAYLIGHT,STOP SIGN,NONE DETECTED,NONE DETECTED,76E578ED-15A0-4FE6-9671-0299206E1AFA,BICYCLIST,Cross/Enter at Intersection,NO IMPROPER ACTIONS,SHOULDER,No,POSSIBLE INJURY,MC/BIKE HELMET,39.13417333,-77.40259833,"    (39.13417333, -77.40259833)"
MCP2563001P,230053355,Montgomery County Police,Fatal Crash,09/05/2023 21:24,Maryland (State),NEW HAMPSHIRE AVE,CROSSOVER,,N/A,PEDESTRIAN,SINGLE VEHICLE,CLEAR,DRY,DARK NO LIGHTS,NO CONTROLS,NONE DETECTED,ALCOHOL CONTRIBUTED,305224B2-3BC3-4E9F-9E7A-9CF394FB9333,PEDESTRIAN,Standing,IN ROADWAY IMPROPERLY,ON ROADWAY NOT AT CROSSWALK,Yes,FATAL INJURY,NONE,39.0932821,-77.00101758,"    (39.0932821, -77.00101758)"
MCP2723007L,230053349,Montgomery County Police,Injury Crash,09/05/2023 20:35,County,ASPEN HILL RD,GEORGIA AVE,,N/A,BICYCLIST,SINGLE VEHICLE,CLEAR,DRY,DARK LIGHTS ON,STOP SIGN,NONE DETECTED,NONE DETECTED,DEAFEDC1-9095-4099-8552-C8786F70FF87,BICYCLIST,Walking/Cycling on Sidewalk,NO IMPROPER ACTIONS,SIDEWALK,No,SUSPECTED MINOR INJURY,UNKNOWN,39.08065167,-77.077415,"    (39.08065167, -77.077415)"
MCP28430025,230053334,Montgomery County Police,Injury Crash,09/05/2023 18:35,Maryland (State),WOODFIELD RD,ENT TO ROUTE 124 PLAZA,,N/A,BICYCLIST,STRAIGHT MOVEMENT ANGLE,CLEAR,DRY,DAYLIGHT,N/A,NONE DETECTED,NONE DETECTED,4C05F98F-6505-4B6C-BE12-2D252EA49341,BICYCLIST,Walking/Riding against Traffic,NO IMPROPER ACTIONS,ON ROADWAY AT CROSSWALK,No,POSSIBLE INJURY,N/A,39.16155167,-77.15925167,"    (39.16155167, -77.15925167)"
DD5653002M,230053356,Rockville Police Departme,Injury Crash,09/05/2023 18:00,,,,"SIDEWALK BESIDE  168 ROLLINS AVE, ROCKVILLE MD.",,OTHER CONVEYANCE,STRAIGHT MOVEMENT ANGLE,CLEAR,,DAYLIGHT,NO CONTROLS,N/A,NONE DETECTED,5DAE2EC1-C1F3-4FC8-9B50-A5588237453F,OTHER CONVEYANCE,Walking/Riding against Traffic,NO IMPROPER ACTIONS,SIDEWALK,No,SUSPECTED MINOR INJURY,NONE,39.05855949,-77.12512477,"    (39.05855949, -77.12512477)"
MCP31910045,230053327,Montgomery County Police,Injury Crash,09/05/2023 17:46,,JERUSALEM RD,BRIGHTWELL CROSSING LN,,N/A,PEDESTRIAN,SAME DIR REAR END,CLEAR,DRY,DAYLIGHT,NO CONTROLS,NONE DETECTED,NONE DETECTED,1C196160-321C-4FA1-B420-4F774DD9FCC5,PEDESTRIAN,Walking/Riding w/Traffic,UNKNOWN,SHOULDER,No,SUSPECTED MINOR INJURY,NONE,39.15483883,-77.41318383,"    (39.15483883, -77.41318383)"
MCP32640040,230053217,Montgomery County Police,Injury Crash,09/05/2023 9:00,County,BLAIR MILL RD,CO/L WASH DC LINE,,N/A,PEDESTRIAN,OTHER,CLEAR,DRY,DAYLIGHT,STOP SIGN,NONE DETECTED,NONE DETECTED,3F94C3A5-4565-47AB-8A50-5475341225D6,PEDESTRIAN,Cross/Enter at Intersection,NO IMPROPER ACTIONS,AT INTERSECTION MARKED CROSSWALK,No,POSSIBLE INJURY,NONE,38.98997584,-77.03333046,"    (38.98997584, -77.03333046)"
MCP24200051,230053204,Montgomery County Police,Injury Crash,09/05/2023 8:00,Maryland (State),LAYHILL RD,LONGMEAD CROSSING DR,,N/A,PEDESTRIAN,OTHER,CLEAR,DRY,DAYLIGHT,TRAFFIC SIGNAL,N/A,N/A,6D1E72D8-E6F6-4103-A84C-8E82DF68A98C,PEDESTRIAN,Cross/Enter at Intersection,NO IMPROPER ACTIONS,AT INTERSECTION MARKED CROSSWALK,No,SUSPECTED MINOR INJURY,NONE,39.09624017,-77.04426383,"    (39.09624017, -77.04426383)"
MCP11130052,230053209,Montgomery County Police,Injury Crash,09/05/2023 7:49,Maryland (State),FREDERICK RD,LITTLE SENECA PKWY,,N/A,PEDESTRIAN,SINGLE VEHICLE,CLEAR,DRY,DAYLIGHT,TRAFFIC SIGNAL,NONE DETECTED,NONE DETECTED,A4AE1CD1-69BE-4114-A577-C80B5003F0B3,PEDESTRIAN,Cross/Enter at Intersection,DART DASH,AT INTERSECTION BUT NO CROSSWALK,Yes,SUSPECTED MINOR INJURY,NONE,39.22312425,-77.26056517,"    (39.22312425, -77.26056517)"
MCP3038006F,230053188,Montgomery County Police,Injury Crash,09/04/2023 21:00,Maryland (State),COLESVILLE RD,EAST WEST HWY,,N/A,PEDESTRIAN,OTHER,CLEAR,DRY,DARK LIGHTS ON,TRAFFIC SIGNAL,UNKNOWN,NONE DETECTED,885CE063-3828-42CC-AF75-48D06342C127,PEDESTRIAN,Cross/Enter at Intersection,NO IMPROPER ACTIONS,AT INTERSECTION MARKED CROSSWALK,No,SUSPECTED MINOR INJURY,N/A,38.99358828,-77.03211329,"    (38.99358828, -77.03211329)"
MCP3039006D,230051684,Montgomery County Police,Property Damage Crash,09/03/2023 16:42,County,SILVER SPRING AVE,MAYOR LA,,N/A,PEDESTRIAN,OTHER,CLEAR,DRY,DAYLIGHT,NO CONTROLS,UNKNOWN,NONE DETECTED,A195D47F-CCDF-4C44-B3AE-BAFC20493785,PEDESTRIAN,Walking/Riding w/Traffic,NO IMPROPER ACTIONS,ON ROADWAY NOT AT CROSSWALK,No,NO APPARENT INJURY,NONE,38.99194245,-77.02522353,"    (38.99194245, -77.02522353)"
MCP3263003P,230052815,Montgomery County Police,Injury Crash,09/02/2023 15:45,Maryland (State),WISCONSIN AVE,CHELTENHAM DR,,N/A,PEDESTRIAN,OTHER,CLEAR,DRY,DAYLIGHT,TRAFFIC SIGNAL,NONE DETECTED,NONE DETECTED,6BA8A300-A6D1-47F0-B78B-34DAE6CBE6B6,PEDESTRIAN,Cross/Enter at Intersection,NO IMPROPER ACTIONS,AT INTERSECTION MARKED CROSSWALK,No,POSSIBLE INJURY,NONE,38.98909,-77.095165,"    (38.98909, -77.095165)"
MCP26780045,230052801,Montgomery County Police,Injury Crash,09/02/2023 12:30,Maryland (State),VEIRS MILL RD,EXIT ONLY FR BUSINESS,,N/A,OTHER CONVEYANCE,STRAIGHT MOVEMENT ANGLE,CLEAR,DRY,DAYLIGHT,NO CONTROLS,NONE DETECTED,NONE DETECTED,3AFD3480-CC52-4A60-ADD9-5ACF821D2CBE,OTHER CONVEYANCE,Walking/Cycling on Sidewalk,NO IMPROPER ACTIONS,SIDEWALK,No,POSSIBLE INJURY,NONE,39.03910517,-77.05367167,"    (39.03910517, -77.05367167)"
MCP3030005J,230052692,Montgomery County Police,Injury Crash,09/01/2023 18:30,County,SANGAMORE RD,BROOKES LA,,N/A,PEDESTRIAN,OTHER,CLEAR,DRY,DAYLIGHT,STOP SIGN,N/A,N/A,14FFAD0B-8EA0-4579-94A0-D4DF3F028D20,PEDESTRIAN,Cross/Enter at Intersection,NO IMPROPER ACTIONS,AT INTERSECTION MARKED CROSSWALK,No,SUSPECTED MINOR INJURY,N/A,38.94859333,-77.11984833,"    (38.94859333, -77.11984833)"
MCP21590017,230052658,Montgomery County Police,Injury Crash,09/01/2023 15:23,,,,"P-LOT OF 12988 MIDDLEBROOK RD GERMANTOWN, MD 20874",,PEDESTRIAN,OTHER,CLEAR,,DAYLIGHT,N/A,NONE DETECTED,NONE DETECTED,499BD280-B3F6-4554-9504-D795C3400FC5,PEDESTRIAN,Other,DART DASH,OTHER,Yes,SUSPECTED MINOR INJURY,NONE,39.18098967,-77.2701215,"    (39.18098967, -77.2701215)"
MCP24200050,230052397,Montgomery County Police,Injury Crash,08/31/2023 10:15:00 AM,Maryland (State),NEW HAMPSHIRE AVE,SPENCERVILLE RD,,N/A,BICYCLIST,OTHER,CLEAR,DRY,DAYLIGHT,NO CONTROLS,NONE DETECTED,N/A,B572D316-14E4-4365-9668-E6E40EDA2590,BICYCLIST,Walking/Riding w/Traffic,NO IMPROPER ACTIONS,OTHER,No,SUSPECTED MINOR INJURY,MC/BIKE HELMET,39.120183,-76.98884333,"    (39.120183, -76.98884333)"
MCP1227001Z,230052338,Montgomery County Police,Fatal Crash,08/30/2023 09:49:00 PM,Maryland (State),FREDERICK RD,GUNNERS BRANCH RD,,N/A,BICYCLIST,OTHER,CLEAR,DRY,DARK LIGHTS ON,NO CONTROLS,NONE DETECTED,NONE DETECTED,8A3A2657-5153-4BCF-A403-725C42EE1639,BICYCLIST,Cross/Enter at Intersection,NO IMPROPER ACTIONS,ON ROADWAY AT CROSSWALK,No,FATAL INJURY,NONE,39.17841174,-77.23859705,"    (39.17841174, -77.23859705)"
DD5527004T,230052328,Rockville Police Departme,Injury Crash,08/30/2023 09:00:00 PM,,,,PARKING LOT OF 845 ROCKVILLE PIKE ROCKVILLE MD 20850,,PEDESTRIAN,OTHER,CLEAR,,DARK LIGHTS ON,NO CONTROLS,NONE DETECTED,NONE DETECTED,48E19622-A231-4505-8A89-77F642A45219,PEDESTRIAN,Cross/Enter not at Intersection,NO IMPROPER ACTIONS,ON ROADWAY NOT AT CROSSWALK,No,NO APPARENT INJURY,NONE,39.07432118,-77.13761745,"    (39.07432118, -77.13761745)"
DD5527004T,230052328,Rockville Police Departme,Injury Crash,08/30/2023 09:00:00 PM,,,,PARKING LOT OF 845 ROCKVILLE PIKE ROCKVILLE MD 20850,,PEDESTRIAN,OTHER,CLEAR,,DARK LIGHTS ON,NO CONTROLS,NONE DETECTED,NONE DETECTED,AE77CAC0-C950-4727-8351-501633D3A516,PEDESTRIAN,Cross/Enter not at Intersection,NO IMPROPER ACTIONS,ON ROADWAY NOT AT CROSSWALK,No,POSSIBLE INJURY,NONE,39.07432118,-77.13761745,"    (39.07432118, -77.13761745)"
MCP26080058,230052260,Montgomery County Police,Property Damage Crash,08/30/2023 03:30:00 PM,County,COLONY RD,NORTHAMPTON DR,,N/A,PEDESTRIAN,STRAIGHT MOVEMENT ANGLE,CLEAR,DRY,DAYLIGHT,NO CONTROLS,N/A,N/A,0713FCF3-3EEF-4179-938E-4D0D372A96BE,PEDESTRIAN,Cross/Enter at Intersection,DART DASH,AT INTERSECTION BUT NO CROSSWALK,Unknown,NO APPARENT INJURY,NONE,39.0075552,-76.98384145,"    (39.0075552, -76.98384145)"
EJ78950048,230052191,Gaithersburg Police Depar,Injury Crash,08/30/2023 11:35:00 AM,,,,SIDEWALK/CROSSWALK ENTRANCE TO 16 EAST DIAMOND AVENUE,,OTHER,STRAIGHT MOVEMENT ANGLE,CLEAR,,DAYLIGHT,NO CONTROLS,NONE DETECTED,NONE DETECTED,4D1B1B5E-F1B3-419A-B57B-4AC58C4CBDC0,OTHER,Cross/Enter at Intersection,FAILURE TO YIELD RIGHT OF WAY,SIDEWALK,Yes,SUSPECTED MINOR INJURY,NONE,39.1417919,-77.19725347,"    (39.1417919, -77.19725347)"
MCP1433005C,230052076,Montgomery County Police,Injury Crash,08/29/2023 07:15:00 PM,Maryland (State),ROCKVILLE PIKE,ENT TO FEDERAL PLAZA S.C.,,N/A,PEDESTRIAN,OTHER,CLEAR,DRY,DAYLIGHT,TRAFFIC SIGNAL,UNKNOWN,NONE DETECTED,42E321BD-50FE-4ADE-B071-01E4F22BCBEB,PEDESTRIAN,Cross/Enter at Intersection,NO IMPROPER ACTIONS,ON ROADWAY AT CROSSWALK,No,POSSIBLE INJURY,NONE,39.05738374,-77.1204141,"    (39.05738374, -77.1204141)"
MCP2752005R,230052025,Montgomery County Police,Injury Crash,08/29/2023 03:30:00 PM,County,FALLS BRIDGE LA,HALL RD,,N/A,PEDESTRIAN,SINGLE VEHICLE,CLOUDY,DRY,DAYLIGHT,NO CONTROLS,NONE DETECTED,N/A,B7D9105A-43C8-44BF-8F3F-A5EBF982F27E,PEDESTRIAN,Walking/Riding w/Traffic,NO IMPROPER ACTIONS,OUTSIDE RIGHT OF WAY,No,POSSIBLE INJURY,NONE,38.99188667,-77.0979,"    (38.99188667, -77.0979)"
MCP9419004R,230052006,Montgomery County Police,Injury Crash,08/29/2023 02:00:00 PM,,,,"VEIP TESTING CENTER
15910 CHIEFTAIN AVE
DERWOOD MD 20855",,OTHER,SAME DIR REAR END,CLEAR,,DAYLIGHT,N/A,,NONE DETECTED,EEB1D2F0-0139-453B-8321-D30FC01D3FB7,OTHER,Other,OTHER,INSIDE BUILDING,No,POSSIBLE INJURY,NONE,39.118105,-77.16199333,"    (39.118105, -77.16199333)"
MCP3080003Q,230051913,Montgomery County Police,Injury Crash,08/28/2023 03:22:00 PM,,,,PARKING LOT OF WALMART LOCATED AT 20910 FREDERICK RD,,PEDESTRIAN,OTHER,CLEAR,,DAYLIGHT,N/A,NONE DETECTED,NONE DETECTED,967E9BC7-FC77-402D-AD2E-CC0E5060D85F,PEDESTRIAN,Cross/Enter not at Intersection,UNKNOWN,ON ROADWAY AT CROSSWALK,Unknown,POSSIBLE INJURY,NONE,39.19838897,-77.25139036,"    (39.19838897, -77.25139036)"
MCP24370053,230051700,Montgomery County Police,Injury Crash,08/27/2023 06:00:00 PM,Ramp,RAMP 2 FR MD 927 WB TO IS 270 NB,MONTROSE RD,,N/A,PEDESTRIAN,SAME DIR REAR END,CLOUDY,DRY,DAYLIGHT,NO CONTROLS,NONE DETECTED,NONE DETECTED,9ADFF870-E53E-4CB7-99C3-61E3E089BB30,PEDESTRIAN,Standing,NO IMPROPER ACTIONS,SIDEWALK,No,NO APPARENT INJURY,NONE,39.05616633,-77.15208733,"    (39.05616633, -77.15208733)"
MCP241100BX,230051632,Montgomery County Police,Injury Crash,08/27/2023 12:05:00 PM,County,LAUDERDALE DR,RANDOLPH RD,,N/A,PEDESTRIAN,STRAIGHT MOVEMENT ANGLE,CLEAR,DRY,DAYLIGHT,TRAFFIC SIGNAL,NONE DETECTED,NONE DETECTED,E787D543-6F2B-4DCE-BE55-6E7A35533411,PEDESTRIAN,Cross/Enter at Intersection,NO IMPROPER ACTIONS,ON ROADWAY AT CROSSWALK,No,SUSPECTED MINOR INJURY,NONE,39.05369369,-77.10415416,"    (39.05369369, -77.10415416)"
MCP3201004H,230051628,Montgomery County Police,Injury Crash,08/27/2023 11:54:00 AM,Maryland (State),GERMANTOWN RD,DAWSON FARM RD,,N/A,BICYCLIST,OTHER,CLEAR,DRY,DAYLIGHT,TRAFFIC SIGNAL,NONE DETECTED,NONE DETECTED,4828E8E1-D005-4738-811A-C91303A279F0,BICYCLIST,Cross/Enter at Intersection,NO IMPROPER ACTIONS,ON ROADWAY AT CROSSWALK,No,SUSPECTED MINOR INJURY,MC/BIKE HELMET,39.17168167,-77.276875,"    (39.17168167, -77.276875)"
MCP3254003C,230051643,Montgomery County Police,Injury Crash,08/26/2023 09:20:00 PM,County,CRYSTAL ROCK DR,FATHER HURLEY BLVD,,N/A,OTHER,SINGLE VEHICLE,CLEAR,DRY,DARK LIGHTS ON,TRAFFIC SIGNAL,N/A,N/A,B7E2DCF1-5375-41E7-BE76-582DAAB99C9F,OTHER,Cross/Enter at Intersection,NO IMPROPER ACTIONS,ON ROADWAY AT CROSSWALK,No,SUSPECTED MINOR INJURY,MC/BIKE HELMET,39.19362017,-77.27031762,"    (39.19362017, -77.27031762)"
MCP3010008M,230051440,Montgomery County Police,Injury Crash,08/26/2023 09:23:00 AM,County,NICHOLSON LA,WOODGLEN DR,,N/A,PEDESTRIAN,HEAD ON LEFT TURN,CLEAR,DRY,DAYLIGHT,TRAFFIC SIGNAL,N/A,N/A,6085C969-122F-4BDB-AD94-40CC6B8D4B26,PEDESTRIAN,Cross/Enter at Intersection,NO IMPROPER ACTIONS,ON ROADWAY AT CROSSWALK,Unknown,SUSPECTED MINOR INJURY,NONE,39.04479,-77.11328333,"    (39.04479, -77.11328333)"
MCP3360000R,230051437,Montgomery County Police,Injury Crash,08/26/2023 09:16:00 AM,County,WATKINS MILL RD,CLUB LAKE RD,,N/A,PEDESTRIAN,SINGLE VEHICLE,CLEAR,DRY,DAYLIGHT,OTHER,NONE DETECTED,NONE DETECTED,06B5AEFC-4174-408E-8EEB-53CE57502FB4,PEDESTRIAN,Cross/Enter not at Intersection,NO IMPROPER ACTIONS,ON ROADWAY AT CROSSWALK,No,SUSPECTED SERIOUS INJURY,NONE,39.17692667,-77.20998,"    (39.17692667, -77.20998)"
MCP93180032,230051353,Montgomery County Police,Property Damage Crash,08/25/2023 06:46:00 PM,,,,SIDEWALK/DRIVEWAY OF 10753 COLUMBIA PIKE,,OTHER,SINGLE VEHICLE,CLEAR,,DAYLIGHT,N/A,UNKNOWN,NONE DETECTED,C137B5D7-0C47-4078-A12A-C5B387A34E6C,OTHER,Other,UNKNOWN,SIDEWALK,Unknown,NO APPARENT INJURY,N/A,39.03193298,-77.00392855,"    (39.03193298, -77.00392855)"
MCP2466004G,230051305,Montgomery County Police,Injury Crash,08/25/2023 03:01:00 PM,County,PEBBLEWOOD PL,CUL DE SAC,,N/A,PEDESTRIAN,SINGLE VEHICLE,CLEAR,DRY,DAYLIGHT,NO CONTROLS,NONE DETECTED,UNKNOWN,1EC3E8BF-92C3-40BA-A9B5-FA92E2F8ED5B,PEDESTRIAN,Other,IN ROADWAY IMPROPERLY,ON ROADWAY NOT AT CROSSWALK,Unknown,SUSPECTED MINOR INJURY,UNKNOWN,39.09403105,-77.22038914,"    (39.09403105, -77.22038914)"
MCP32180048,230051308,Montgomery County Police,Injury Crash,08/25/2023 02:57:00 PM,County,VALLEYWOOD DR,VEIRS MILL RD,,N/A,PEDESTRIAN,OTHER,CLEAR,DRY,DAYLIGHT,OTHER,NONE DETECTED,NONE DETECTED,AD4ABFEA-A923-4109-8E8F-C8FBD8FFB14C,PEDESTRIAN,Cross/Enter at Intersection,UNKNOWN,ON ROADWAY AT CROSSWALK,No,SUSPECTED MINOR INJURY,NONE,39.049582,-77.07090017,"    (39.049582, -77.07090017)"
MCP3193004R,230051140,Montgomery County Police,Injury Crash,08/24/2023 05:30:00 PM,County,DAYTON ST,UNIVERSITY BLVD W,,N/A,BICYCLIST,STRAIGHT MOVEMENT ANGLE,CLEAR,DRY,DAYLIGHT,STOP SIGN,NONE DETECTED,NONE DETECTED,EFB17E70-8239-4515-9E47-2FFDE98BB608,BICYCLIST,Cross/Enter at Intersection,N/A,ON ROADWAY AT CROSSWALK,No,POSSIBLE INJURY,NONE,39.03890333,-77.04187667,"    (39.03890333, -77.04187667)"
MCP2853008Z,230050926,Montgomery County Police,Injury Crash,08/23/2023 04:26:00 PM,Maryland (State),UNIVERSITY BLVD W,SUTHERLAND RD,,N/A,PEDESTRIAN,OTHER,CLEAR,DRY,DAYLIGHT,NO CONTROLS,N/A,N/A,BDCF0F23-7BBB-45A4-9DA8-216572209167,PEDESTRIAN,Cross/Enter not at Intersection,FAILURE TO YIELD RIGHT OF WAY,OUTSIDE RIGHT OF WAY,Yes,SUSPECTED MINOR INJURY,NONE,39.02063667,-77.015965,"    (39.02063667, -77.015965)"
MCP3244002M,230050907,Montgomery County Police,Injury Crash,08/23/2023 02:05:00 PM,County,WAYNE AVE,GEORGIA AVE,,N/A,BICYCLIST,STRAIGHT MOVEMENT ANGLE,CLEAR,DRY,DAYLIGHT,TRAFFIC SIGNAL,NONE DETECTED,NONE DETECTED,5E5AA456-E696-4DF2-8672-AF73D87D2991,BICYCLIST,Cross/Enter at Intersection,FAILURE TO YIELD RIGHT OF WAY,ON ROADWAY AT CROSSWALK,Yes,POSSIBLE INJURY,NONE,38.994404,-77.02668717,"    (38.994404, -77.02668717)"
MCP2503001H,230050612,Montgomery County Police,Injury Crash,08/21/2023 09:23:00 PM,Maryland (State),FREDERICK RD,KING FARM BLVD,,ROCKVILLE,PEDESTRIAN,SINGLE VEHICLE,CLEAR,DRY,DARK LIGHTS ON,TRAFFIC SIGNAL,NONE DETECTED,N/A,989DEA05-F114-4114-9D25-28F84504F088,PEDESTRIAN,Cross/Enter at Intersection,FAILURE TO YIELD RIGHT OF WAY,ON ROADWAY AT CROSSWALK,Yes,POSSIBLE INJURY,N/A,39.11718167,-77.16909,"    (39.11718167, -77.16909)"
MCP3169005X,230050540,Montgomery County Police,Injury Crash,08/21/2023 02:47:00 PM,US (State),GEORGIA AVE,BURLINGTON AVE,,N/A,PEDESTRIAN,OTHER,CLEAR,DRY,DAYLIGHT,TRAFFIC SIGNAL,N/A,N/A,56172F7C-4AD7-4B47-9B9F-A6D58EDA76BD,PEDESTRIAN,Cross/Enter at Intersection,NO IMPROPER ACTIONS,AT INTERSECTION MARKED CROSSWALK,No,SUSPECTED MINOR INJURY,NONE,38.987078,-77.026701,"    (38.987078, -77.026701)"
MCP26500016,230050435,Montgomery County Police,Injury Crash,08/20/2023 09:26:00 PM,County,HILLANDALE RD,BRADLEY BLVD,,N/A,PEDESTRIAN,SINGLE VEHICLE,CLEAR,DRY,DARK LIGHTS ON,TRAFFIC SIGNAL,NONE DETECTED,NONE DETECTED,A5F0342C-BD90-4ECF-9364-A892B7ED4FAD,PEDESTRIAN,Cross/Enter at Intersection,NO IMPROPER ACTIONS,AT INTERSECTION MARKED CROSSWALK,No,SUSPECTED MINOR INJURY,N/A,38.9778,-77.09670833,"    (38.9778, -77.09670833)"
MCP26500016,230050435,Montgomery County Police,Injury Crash,08/20/2023 09:26:00 PM,County,HILLANDALE RD,BRADLEY BLVD,,N/A,PEDESTRIAN,SINGLE VEHICLE,CLEAR,DRY,DARK LIGHTS ON,TRAFFIC SIGNAL,NONE DETECTED,NONE DETECTED,40E0881A-7D2D-414E-8A63-0CE960474748,PEDESTRIAN,Cross/Enter at Intersection,NO IMPROPER ACTIONS,ON ROADWAY AT CROSSWALK,No,SUSPECTED MINOR INJURY,N/A,38.9778,-77.09670833,"    (38.9778, -77.09670833)"
MCP2516004C,230050372,Montgomery County Police,Injury Crash,08/20/2023 01:34:00 PM,County,WATERS RD,WISTERIA DR,,N/A,OTHER,SINGLE VEHICLE,CLEAR,DRY,DAYLIGHT,NO CONTROLS,NONE DETECTED,N/A,7D28879A-01FF-4039-9C4E-496381A4F6AC,OTHER,N/A,N/A,N/A,No,NO APPARENT INJURY,N/A,39.17790703,-77.27273186,"    (39.17790703, -77.27273186)"
MCP2708008D,230050302,Montgomery County Police,Property Damage Crash,08/19/2023 09:54:00 PM,Maryland (State),UNIVERSITY BLVD E,ENT TO BUSINESS,,N/A,PEDESTRIAN,STRAIGHT MOVEMENT ANGLE,CLEAR,DRY,DARK LIGHTS ON,NO CONTROLS,UNKNOWN,NONE DETECTED,D56C33CE-9EB8-40CB-AB16-500407C45F2F,PEDESTRIAN,Other,NO IMPROPER ACTIONS,SIDEWALK,No,NO APPARENT INJURY,N/A,39.00002827,-76.99580421,"    (39.00002827, -76.99580421)"
MCP9301004L,230050284,Montgomery County Police,Injury Crash,08/19/2023 08:00:00 PM,Maryland (State),W DIAMOND AVE,BUREAU DR,,GAITHERSBURG,BICYCLIST,OTHER,N/A,DRY,DARK LIGHTS ON,TRAFFIC SIGNAL,N/A,N/A,F03757DD-014A-4723-852E-9187E9283F26,BICYCLIST,Walking/Riding against Traffic,IN ROADWAY IMPROPERLY,ON ROADWAY AT CROSSWALK,Yes,SUSPECTED MINOR INJURY,NONE,39.14180941,-77.21738014,"    (39.14180941, -77.21738014)"
MCP28980042,23050265,Montgomery County Police,Property Damage Crash,08/19/2023 04:07:00 PM,,,,PARKING LOT OF 19721 FREDERICK RD GERMANTOWN MD,,BICYCLIST,STRAIGHT MOVEMENT ANGLE,CLEAR,,DAYLIGHT,NO CONTROLS,N/A,N/A,5DB74E8C-6540-4BE6-A934-28A43765D307,BICYCLIST,Cross/Enter not at Intersection,NO IMPROPER ACTIONS,OTHER,No,NO APPARENT INJURY,NONE,39.18009667,-77.23659333,"    (39.18009667, -77.23659333)"