Report Number,Local Case Number,Agency Name,ACRS Report Type,Crash Date/Time,Route Type,Road Name,Cross-Street Name,Off-Road Description,Municipality,Related Non-Motorist,Collision Type,Weather,Surface Condition,Light,Traffic Control,Driver Substance Abuse,Non-Motorist Substance Abuse,Person ID,Pedestrian Type,Pedestrian Movement,Pedestrian Actions,Pedestrian Location,At Fault,Injury Severity,Safety Equipment,Latitude,Longitude,Location
EJ7875003N,230049988,Gaithersburg Police Depar,Injury Crash,08/17/2023 07:20:00 PM,,,,PARKING LOT OF 394 W DEER PARK ROAD,,PEDESTRIAN,OTHER,CLEAR,,DAYLIGHT,N/A,UNKNOWN,N/A,90414F24-61BC-4774-81F3-B76720EAE0C9,PEDESTRIAN,Other,OTHER,OTHER,No,POSSIBLE INJURY,OTHER,39.12925274,-77.20170906,"    (39.12925274, -77.20170906)"
MCP2782004S,230049980,Montgomery County Police,Injury Crash,08/17/2023 06:39:00 PM,Maryland (State),GEORGIA AVE,KAYSON ST,,N/A,PEDESTRIAN,STRAIGHT MOVEMENT ANGLE,CLEAR,DRY,DAYLIGHT,NO CONTROLS,NONE DETECTED,NONE DETECTED,35176F48-0551-4E4A-A265-87FF8D7CAEAA,PEDESTRIAN,Unknown,NO IMPROPER ACTIONS,SIDEWALK,No,SUSPECTED MINOR INJURY,NONE,39.070845,-77.06336667,"    (39.070845, -77.06336667)"
MCP2723007G,230049438,Montgomery County Police,Injury Crash,08/15/2023 08:00:00 AM,Maryland (State),VEIRS MILL RD,FIRST ST,,N/A,PEDESTRIAN,SINGLE VEHICLE,UNKNOWN,UNKNOWN,DAYLIGHT,TRAFFIC SIGNAL,UNKNOWN,NONE DETECTED,CB2EB8A4-AC53-4343-9013-DCE3187E54BD,PEDESTRIAN,Cross/Enter at Intersection,UNKNOWN,ON ROADWAY AT CROSSWALK,Unknown,SUSPECTED SERIOUS INJURY,UNKNOWN,39.07990316,-77.13781415,"    (39.07990316, -77.13781415)"
MCP3000004H,230049481,Montgomery County Police,Injury Crash,08/14/2023 08:18:00 PM,County,CHARITY LA,RIFFLE FORD RD,,N/A,PEDESTRIAN,OTHER,CLEAR,DRY,DARK LIGHTS ON,NO CONTROLS,NONE DETECTED,NONE DETECTED,283737AE-5177-4E6A-A7C3-6237E13675A6,PEDESTRIAN,Walking/Riding w/Traffic,NO IMPROPER ACTIONS,SHARED USE PATH OR TRAILS,No,POSSIBLE INJURY,NONE,39.1463255,-77.28766933,"    (39.1463255, -77.28766933)"
DD5623002L,230049468,Rockville Police Departme,Injury Crash,08/14/2023 07:10:00 PM,Maryland (State),FIRST ST,BALTIMORE RD,,ROCKVILLE,OTHER CONVEYANCE,SAME DIRECTION LEFT TURN,CLEAR,DRY,DAYLIGHT,TRAFFIC SIGNAL,NONE DETECTED,NONE DETECTED,8BC52E04-3F1D-4102-BE70-A2F235E3ADC1,OTHER CONVEYANCE,Cross/Enter at Intersection,NO IMPROPER ACTIONS,ON ROADWAY AT CROSSWALK,No,SUSPECTED MINOR INJURY,MC/BIKE HELMET,39.08455193,-77.13617105,"    (39.08455193, -77.13617105)"
MCP1354001W,230049412,Montgomery County Police,Injury Crash,08/14/2023 01:50:00 PM,,,,PARKING LOT OF 11720 ROCKVILLE PIKE,,PEDESTRIAN,STRAIGHT MOVEMENT ANGLE,CLEAR,,DAYLIGHT,N/A,UNKNOWN,NONE DETECTED,6216C4CB-447D-417E-9904-76142B46DF36,PEDESTRIAN,Walking/Cycling on Sidewalk,NO IMPROPER ACTIONS,ON ROADWAY AT CROSSWALK,No,SUSPECTED MINOR INJURY,NONE,39.04894333,-77.11410333,"    (39.04894333, -77.11410333)"
MCP3010008K,230049242,Montgomery County Police,Injury Crash,08/13/2023 12:07:00 PM,,,,PARKING LOT OF 4860 BOILING BROOK PKWY,,BICYCLIST,STRAIGHT MOVEMENT ANGLE,CLEAR,,DAYLIGHT,NO CONTROLS,N/A,N/A,F98B11A1-3F4B-4F7C-9515-DC0D33E139EE,BICYCLIST,Other,NO IMPROPER ACTIONS,OTHER,No,SUSPECTED MINOR INJURY,MC/BIKE HELMET,39.04679333,-77.099845,"    (39.04679333, -77.099845)"
MCP3010008K,230049242,Montgomery County Police,Injury Crash,08/13/2023 12:07:00 PM,,,,PARKING LOT OF 4860 BOILING BROOK PKWY,,BICYCLIST,STRAIGHT MOVEMENT ANGLE,CLEAR,,DAYLIGHT,NO CONTROLS,N/A,N/A,19E2FCBE-B374-48A1-8B01-B631EE5765B1,BICYCLIST,Cross/Enter at Intersection,NO IMPROPER ACTIONS,OTHER,No,NO APPARENT INJURY,MC/BIKE HELMET,39.04679333,-77.099845,"    (39.04679333, -77.099845)"
MCP22030074,230049162,Montgomery County Police,Injury Crash,08/12/2023 17:25,Maryland (State),UNIVERSITY BLVD W,SLIGO CREEK PKWY,,N/A,OTHER,SAME DIR REAR END,CLEAR,DRY,DAYLIGHT,N/A,NONE DETECTED,NONE DETECTED,E282183A-10E3-4549-958D-40EED77809FE,OTHER,Push/Work on Vehicle,NO IMPROPER ACTIONS,OTHER,No,SUSPECTED MINOR INJURY,N/A,39.03648167,-77.03006467,"    (39.03648167, -77.03006467)"
MCP22030074,230049162,Montgomery County Police,Injury Crash,08/12/2023 17:25,Maryland (State),UNIVERSITY BLVD W,SLIGO CREEK PKWY,,N/A,OTHER,SAME DIR REAR END,CLEAR,DRY,DAYLIGHT,N/A,NONE DETECTED,NONE DETECTED,C3FC22A9-C76D-43C1-970D-8342136E3A22,OTHER,Push/Work on Vehicle,NO IMPROPER ACTIONS,OTHER,No,SUSPECTED MINOR INJURY,N/A,39.03648167,-77.03006467,"    (39.03648167, -77.03006467)"
MCP14330058,230048991,Montgomery County Police,Injury Crash,08/11/2023 19:20,County,BOU AVE,CHAPMAN AVE,,N/A,OTHER CONVEYANCE,OTHER,CLEAR,DRY,DAYLIGHT,STOP SIGN,NONE DETECTED,NONE DETECTED,AC70CD0C-0697-47B0-BAD3-68FB87BC35F9,OTHER CONVEYANCE,Cross/Enter at Intersection,NO IMPROPER ACTIONS,AT INTERSECTION MARKED CROSSWALK,No,SUSPECTED MINOR INJURY,NONE,39.0574964,-77.11648071,"    (39.0574964, -77.11648071)"
MCP3080003N,230048977,Montgomery County Police,Injury Crash,08/11/2023 18:20,,STILT ST,FULMER AVE,,N/A,BICYCLIST,OTHER,CLEAR,DRY,DAYLIGHT,NO CONTROLS,N/A,N/A,82BA7200-87BB-43E7-BDCB-7AF8B0F77C96,BICYCLIST,Walking/Riding against Traffic,NO IMPROPER ACTIONS,ON ROADWAY NOT AT CROSSWALK,Yes,SUSPECTED MINOR INJURY,MC/BIKE HELMET,39.2195385,-77.2905295,"    (39.2195385, -77.2905295)"
EJ7879003C,230048975,Gaithersburg Police Depar,Injury Crash,08/11/2023 18:00,,,,1 N SUMMIT DRIVE,,PEDESTRIAN,SINGLE VEHICLE,CLEAR,,DAYLIGHT,NO CONTROLS,NONE DETECTED,NONE DETECTED,1BEB4A89-BB27-4E48-BDAC-C321435D71E3,PEDESTRIAN,Cross/Enter at Intersection,INATTENTIVE,ON ROADWAY NOT AT CROSSWALK,Unknown,POSSIBLE INJURY,NONE,39.14587303,-77.19194047,"    (39.14587303, -77.19194047)"
MCP3200008Y,230048950,Montgomery County Police,Injury Crash,08/11/2023 13:10,County,SLIGO AVE,CHICAGO AVE,,N/A,OTHER CONVEYANCE,OTHER,CLEAR,DRY,DAYLIGHT,UNKNOWN,UNKNOWN,NONE DETECTED,393AA3D8-F121-42D6-A259-28088DB9028E,OTHER CONVEYANCE,Unknown,UNKNOWN,UNKNOWN,Unknown,SUSPECTED MINOR INJURY,NONE,38.99013729,-77.01976111,"    (38.99013729, -77.01976111)"
MCP2586006F,230048634,Montgomery County Police,Injury Crash,08/09/2023 18:17,Maryland (State),CLOPPER RD,MATENEY RD,,N/A,BICYCLIST,STRAIGHT MOVEMENT ANGLE,CLEAR,DRY,DAYLIGHT,TRAFFIC SIGNAL,NONE DETECTED,NONE DETECTED,B4F7BE19-08A6-4B51-A041-B69009D06DE5,BICYCLIST,Cross/Enter at Intersection,NO IMPROPER ACTIONS,AT INTERSECTION MARKED CROSSWALK,No,POSSIBLE INJURY,MC/BIKE HELMET,39.15662047,-77.26643723,"    (39.15662047, -77.26643723)"
MCP3353001G,230048526,Montgomery County Police,Injury Crash,08/09/2023 10:01,County,LLOYDMINSTER DR,FALCONBRIDGE TERR,,N/A,PEDESTRIAN,SINGLE VEHICLE,N/A,N/A,DAYLIGHT,STOP SIGN,N/A,N/A,5524CD55-82ED-4443-9B75-DC956FFA5E8D,PEDESTRIAN,Walking/Riding against Traffic,NO IMPROPER ACTIONS,ON ROADWAY AT CROSSWALK,No,SUSPECTED MINOR INJURY,N/A,39.10661233,-77.26357183,"    (39.10661233, -77.26357183)"
MCP3353001G,230048526,Montgomery County Police,Injury Crash,08/09/2023 10:01,County,LLOYDMINSTER DR,FALCONBRIDGE TERR,,N/A,PEDESTRIAN,SINGLE VEHICLE,N/A,N/A,DAYLIGHT,STOP SIGN,N/A,N/A,8F0BCDAF-DE1D-4C98-82CF-2013A609DE54,PEDESTRIAN,Walking/Riding against Traffic,NO IMPROPER ACTIONS,ON ROADWAY AT CROSSWALK,No,NO APPARENT INJURY,N/A,39.10661233,-77.26357183,"    (39.10661233, -77.26357183)"
MCP3238002K,230048389,Montgomery County Police,Property Damage Crash,08/08/2023 12:43,Maryland (State),COLESVILLE RD,GEORGIA AVE,,N/A,PEDESTRIAN,N/A,CLEAR,DRY,DAYLIGHT,NO CONTROLS,NONE DETECTED,NONE DETECTED,981FD729-F895-4369-89F5-D80C09A2D8FE,PEDESTRIAN,Other,OTHER,SIDEWALK,No,NO APPARENT INJURY,NONE,38.99574233,-77.02836717,"    (38.99574233, -77.02836717)"
MCP3296001Z,230048305,Montgomery County Police,Injury Crash,08/07/2023 20:30,,,,PARKING LOT OF 3904 BLACKBURN LN,,PEDESTRIAN,SINGLE VEHICLE,RAINING,,DARK NO LIGHTS,NO CONTROLS,NONE DETECTED,NONE DETECTED,A0485B46-CD81-4D38-AA6D-261B8F0CD36F,PEDESTRIAN,Cross/Enter not at Intersection,NOT VISIBLE,ON ROADWAY NOT AT CROSSWALK,Yes,POSSIBLE INJURY,NONE,39.10491217,-76.93036733,"    (39.10491217, -76.93036733)"
MCP291400DY,230048159,Montgomery County Police,Injury Crash,08/07/2023 5:07,County,FENTON ST,KING ST,,N/A,PEDESTRIAN,OTHER,CLEAR,WET,DARK LIGHTS ON,NO CONTROLS,N/A,ILLEGAL DRUG CONTRIBUTED,7B32573B-F9C9-40B5-8BD4-581DBD5F9FDF,PEDESTRIAN,Unknown,UNKNOWN,UNKNOWN,Yes,SUSPECTED SERIOUS INJURY,NONE,38.98759297,-77.02346754,"    (38.98759297, -77.02346754)"
MCP3170003C,230048102,Montgomery County Police,Injury Crash,08/06/2023 16:53,Maryland (State),GERMANTOWN RD,CRYSTAL ROCK DR,,N/A,BICYCLIST,STRAIGHT MOVEMENT ANGLE,CLEAR,DRY,N/A,TRAFFIC SIGNAL,NONE DETECTED,NONE DETECTED,4398C386-C9E5-4A5B-8EBC-0ED082E90511,BICYCLIST,Cross/Enter at Intersection,FAILURE TO YIELD RIGHT OF WAY,ON ROADWAY NOT AT CROSSWALK,Yes,SUSPECTED MINOR INJURY,NONE,39.18094231,-77.26247228,"    (39.18094231, -77.26247228)"
MCP2177004T,230047959,Montgomery County Police,Injury Crash,08/05/2023 13:48,,,,PARKING LOT OF 880 RUSSELL AVENUE,,PEDESTRIAN,SINGLE VEHICLE,CLOUDY,,DAYLIGHT,N/A,NONE DETECTED,N/A,46AD2293-DB7E-4CE6-BF15-9EEF1DB170B5,PEDESTRIAN,Other,OTHER,OTHER,Unknown,POSSIBLE INJURY,N/A,39.15639822,-77.21397835,"    (39.15639822, -77.21397835)"
DD559500DR,230047919,Rockville Police Departme,Injury Crash,08/05/2023 8:55,,,,PARKING LOT OF 50 W. EDMONSTON DR,,BICYCLIST,OTHER,CLOUDY,,DAYLIGHT,NO CONTROLS,NONE DETECTED,NONE DETECTED,3C54BB1C-6A9C-4FD8-9BEE-7234F8B1E5C6,BICYCLIST,Walking/Cycling on Sidewalk,NO IMPROPER ACTIONS,OTHER,No,SUSPECTED MINOR INJURY,NONE,39.07392417,-77.13527917,"    (39.07392417, -77.13527917)"
MCP3276002R,230047889,Montgomery County Police,Injury Crash,08/04/2023 23:30,Maryland (State),UNIVERSITY BLVD E,BUCKINGHAM DR,,N/A,PEDESTRIAN,OTHER,CLEAR,DRY,DARK LIGHTS ON,NO CONTROLS,UNKNOWN,UNKNOWN,860653DD-F153-440F-A2CB-C19302DD8DF2,PEDESTRIAN,Unknown,UNKNOWN,ON ROADWAY NOT AT CROSSWALK,Unknown,SUSPECTED SERIOUS INJURY,NONE,39.00661129,-76.99764611,"    (39.00661129, -76.99764611)"
MCP2612005D,230047688,Montgomery County Police,Injury Crash,08/03/2023 11:30,County,RANDOLPH RD,VEIRS MILL RD,,N/A,PEDESTRIAN,UNKNOWN,CLOUDY,DRY,DAYLIGHT,UNKNOWN,UNKNOWN,UNKNOWN,BC92E6A5-C745-441C-8550-22E9119074B5,PEDESTRIAN,Unknown,UNKNOWN,UNKNOWN,Unknown,SUSPECTED MINOR INJURY,UNKNOWN,39.05617734,-77.08262173,"    (39.05617734, -77.08262173)"
MCP24450052,230047596,Montgomery County Police,Injury Crash,08/03/2023 10:34,Maryland (State),FREDERICK RD,OXBRIDGE DR,,N/A,PEDESTRIAN,STRAIGHT MOVEMENT ANGLE,CLEAR,DRY,DAYLIGHT,NO CONTROLS,UNKNOWN,NONE DETECTED,D6FAD665-F025-42F7-AB70-BA2FA44B2330,PEDESTRIAN,Cross/Enter at Intersection,NO IMPROPER ACTIONS,ON ROADWAY AT CROSSWALK,No,SUSPECTED MINOR INJURY,NONE,39.190056,-77.24168117,"    (39.190056, -77.24168117)"
EJ785600BZ,230047508,Gaithersburg Police Depar,Injury Crash,08/02/2023 18:37,Municipality,KENTLANDS BLVD,MARKET ST,,GAITHERSBURG,PEDESTRIAN,OTHER,CLOUDY,DRY,DAYLIGHT,STOP SIGN,N/A,N/A,A931C563-4A9D-486A-8025-A0ACE268A27F,PEDESTRIAN,Cross/Enter at Intersection,NO IMPROPER ACTIONS,AT INTERSECTION MARKED CROSSWALK,No,SUSPECTED MINOR INJURY,NONE,39.1232753,-77.2360439,"    (39.1232753, -77.2360439)"
DM84780021,230047418,Takoma Park Police Depart,Property Damage Crash,08/01/2023 12:00,,,,EXITING THE PARKING LOT OF APARTMENT COMPLEX,,MACHINE OPERATOR/RIDER,SINGLE VEHICLE,CLEAR,,DAYLIGHT,NO CONTROLS,NONE DETECTED,NONE DETECTED,738C7132-5523-41B3-B935-FDD222F512EC,MACHINE OPERATOR/RIDER,Cross/Enter not at Intersection,NO IMPROPER ACTIONS,SIDEWALK,No,NO APPARENT INJURY,UNKNOWN,38.975765,-77.014213,"    (38.975765, -77.014213)"
EJ7888004P,230047197,Gaithersburg Police Depar,Injury Crash,07/31/2023 05:44:00 PM,,CHEYENNE RD,OLD QUINCE ORCHARD RD,,N/A,BICYCLIST,STRAIGHT MOVEMENT ANGLE,CLEAR,DRY,DAYLIGHT,NO CONTROLS,UNKNOWN,NONE DETECTED,11C05DE0-1045-4460-AE27-49FB5A3EE444,BICYCLIST,Cross/Enter not at Intersection,NO IMPROPER ACTIONS,AT INTERSECTION BUT NO CROSSWALK,No,SUSPECTED MINOR INJURY,MC/BIKE HELMET,39.12487064,-77.24742854,"    (39.12487064, -77.24742854)"
MCP2177004S,230046972,Montgomery County Police,Injury Crash,07/30/2023 02:40:00 PM,Municipality,RUSSELL AVE,SPUR TO ODENDHAL AVE,,N/A,PEDESTRIAN,SINGLE VEHICLE,CLEAR,DRY,DAYLIGHT,N/A,NONE DETECTED,NONE DETECTED,E688F882-C73E-4F32-84FF-B8ABD359ACE5,PEDESTRIAN,Cross/Enter at Intersection,NO IMPROPER ACTIONS,ON ROADWAY AT CROSSWALK,No,SUSPECTED MINOR INJURY,N/A,39.15050159,-77.2043814,"    (39.15050159, -77.2043814)"
MCP2940006N,230046969,Montgomery County Police,Injury Crash,07/30/2023 02:25:00 PM,County,BANNOCKBURN DR,MACARTHUR BLVD,,N/A,BICYCLIST,HEAD ON LEFT TURN,CLEAR,DRY,DAYLIGHT,NO CONTROLS,NONE DETECTED,NONE DETECTED,C5A5F9D9-0742-4C7D-878C-6231430DC44F,BICYCLIST,Walking/Riding w/Traffic,N/A,OTHER,No,SUSPECTED MINOR INJURY,MC/BIKE HELMET,38.97293233,-77.1414305,"    (38.97293233, -77.1414305)"
MCP3360000L,230046354,Montgomery County Police,Injury Crash,07/25/2023 10:12:00 AM,County,WATKINS MILL RD,STEDWICK RD,,N/A,BICYCLIST,SINGLE VEHICLE,CLEAR,DRY,DAYLIGHT,TRAFFIC SIGNAL,UNKNOWN,N/A,390AA256-2353-4FB7-92CB-4F3F61C6ED75,BICYCLIST,N/A,NO IMPROPER ACTIONS,AT INTERSECTION MARKED CROSSWALK,No,SUSPECTED MINOR INJURY,NONE,39.17055765,-77.20888876,"    (39.17055765, -77.20888876)"
MCP26080054,230035307,Montgomery County Police,Property Damage Crash,07/24/2023 09:16:00 PM,US (State),COLESVILLE RD,TIMBERWOOD AVE,,N/A,OTHER CONVEYANCE,HEAD ON,CLEAR,DRY,DARK LIGHTS ON,TRAFFIC SIGNAL,NONE DETECTED,N/A,12FA9EE7-3D9E-4FCA-8ECA-E0C888CEF804,OTHER CONVEYANCE,N/A,NO IMPROPER ACTIONS,CURB,No,NO APPARENT INJURY,N/A,39.02419833,-77.011125,"    (39.02419833, -77.011125)"
MCP2861005Z,230034963,Montgomery County Police,Injury Crash,07/22/2023 06:58:00 PM,,,,PARKING LOT OF 7101 DEMOCRACY BLVD,,PEDESTRIAN,SINGLE VEHICLE,CLEAR,,DAYLIGHT,NO CONTROLS,NONE DETECTED,NONE DETECTED,6EED454B-5A6E-487D-8544-F969F2F21350,PEDESTRIAN,Other,IN ROADWAY IMPROPERLY,ON ROADWAY NOT AT CROSSWALK,No,SUSPECTED MINOR INJURY,NONE,39.02406091,-77.14761954,"    (39.02406091, -77.14761954)"
EJ7809003W,230034946,Gaithersburg Police Depar,Injury Crash,07/22/2023 05:01:00 PM,County,N SUMMIT AVE,PARK AVE,,GAITHERSBURG,OTHER CONVEYANCE,SINGLE VEHICLE,CLEAR,DRY,DAYLIGHT,NO CONTROLS,NONE DETECTED,UNKNOWN,74B7E523-1A69-45EE-B142-7882EBAB01EC,OTHER CONVEYANCE,Walking/Riding w/Traffic,OTHER,ON ROADWAY NOT AT CROSSWALK,Unknown,SUSPECTED MINOR INJURY,NONE,39.14494278,-77.19249225,"    (39.14494278, -77.19249225)"
EJ7858007Y,230034896,Gaithersburg Police Depar,Injury Crash,07/22/2023 12:10:00 PM,Maryland (State),FREDERICK RD,WALKER AVE,,GAITHERSBURG,OTHER,OTHER,CLEAR,DRY,DAYLIGHT,STOP SIGN,NONE DETECTED,NONE DETECTED,880EEAD6-AD9C-4564-B927-C5E71F103320,OTHER,Cross/Enter at Intersection,OTHER,ON ROADWAY AT CROSSWALK,Yes,SUSPECTED MINOR INJURY,NONE,39.14368238,-77.20112613,"    (39.14368238, -77.20112613)"
MCP3264003W,230034745,Montgomery County Police,Injury Crash,07/21/2023 01:24:00 PM,Maryland (State),GEORGIA AVE,FENWICK LA,,N/A,BICYCLIST,STRAIGHT MOVEMENT ANGLE,CLEAR,DRY,DAYLIGHT,NO CONTROLS,NONE DETECTED,NONE DETECTED,CC204678-3AA1-41EE-976B-62AC3E32EE34,BICYCLIST,Cross/Enter at Intersection,UNKNOWN,ON ROADWAY AT CROSSWALK,Unknown,SUSPECTED MINOR INJURY,NONE,38.99828526,-77.03064861,"    (38.99828526, -77.03064861)"
MCP3299002R,230034733,Montgomery County Police,Property Damage Crash,07/21/2023 11:52:00 AM,Maryland (State),GEORGIA AVE,OLD BALTIMORE RD,,N/A,PEDESTRIAN,OTHER,CLEAR,DRY,DAYLIGHT,STOP SIGN,NONE DETECTED,NONE DETECTED,A714E88C-54D2-4400-88EE-599C0FF52E51,PEDESTRIAN,Cross/Enter at Intersection,NO IMPROPER ACTIONS,ON ROADWAY AT CROSSWALK,No,NO APPARENT INJURY,N/A,39.13526333,-77.06976,"    (39.13526333, -77.06976)"
MCP3299002R,230034733,Montgomery County Police,Property Damage Crash,07/21/2023 11:52:00 AM,Maryland (State),GEORGIA AVE,OLD BALTIMORE RD,,N/A,PEDESTRIAN,OTHER,CLEAR,DRY,DAYLIGHT,STOP SIGN,NONE DETECTED,NONE DETECTED,B056C81B-F1F4-4BA9-83CB-E61F2756C13D,PEDESTRIAN,Cross/Enter at Intersection,NO IMPROPER ACTIONS,ON ROADWAY AT CROSSWALK,No,NO APPARENT INJURY,N/A,39.13526333,-77.06976,"    (39.13526333, -77.06976)"
MCP3010008D,230034715,Montgomery County Police,Injury Crash,07/21/2023 09:30:00 AM,Maryland (State),WISCONSIN AVE,BETHESDA AVE,,N/A,OTHER PEDALCYCLIST,HEAD ON LEFT TURN,CLEAR,DRY,DAYLIGHT,TRAFFIC SIGNAL,N/A,N/A,4F828545-234A-4497-B435-E3E8A35146C7,OTHER PEDALCYCLIST,Cross/Enter at Intersection,NO IMPROPER ACTIONS,AT INTERSECTION MARKED CROSSWALK,No,SUSPECTED MINOR INJURY,MC/BIKE HELMET,38.98119833,-77.09230667,"    (38.98119833, -77.09230667)"
MCP289200F0,230034624,Montgomery County Police,Injury Crash,07/20/2023 06:01:00 PM,County,THAYER AVE,FENTON ST,,N/A,PEDESTRIAN,SINGLE VEHICLE,CLEAR,DRY,DAYLIGHT,NO CONTROLS,NONE DETECTED,NONE DETECTED,0AAE1CD2-5C7A-409E-AADA-1DE7D542C16A,PEDESTRIAN,Cross/Enter not at Intersection,IN ROADWAY IMPROPERLY,ON ROADWAY NOT AT CROSSWALK,Yes,POSSIBLE INJURY,NONE,38.99308191,-77.02331513,"    (38.99308191, -77.02331513)"
EJ78950044,230034533,Gaithersburg Police Depar,Injury Crash,07/20/2023 11:45:00 AM,County,ODENDHAL AVE,GOSHEN RD,,N/A,PEDESTRIAN,SAME DIRECTION RIGHT TURN,CLEAR,DRY,DAYLIGHT,TRAFFIC SIGNAL,NONE DETECTED,NONE DETECTED,EDCADAF6-CD68-43F0-9D4C-BC3E76263C0E,PEDESTRIAN,Cross/Enter at Intersection,NO IMPROPER ACTIONS,ON ROADWAY AT CROSSWALK,No,POSSIBLE INJURY,NONE,39.1526245,-77.19285418,"    (39.1526245, -77.19285418)"
DM85040015,230034514,Takoma Park Police Depart,Injury Crash,07/20/2023 09:20:00 AM,Maryland (State),PINEY BRANCH RD,PINEY BRANCH NW,,N/A,OTHER,SAME DIR REND LEFT TURN,CLEAR,DRY,DAYLIGHT,NO CONTROLS,N/A,NONE DETECTED,67C4E461-BA7F-450D-8C7A-2B04A6523D1A,OTHER,Walking/Riding w/Traffic,OTHER,OTHER,Unknown,SUSPECTED MINOR INJURY,NONE,38.98086834,-77.01648149,"    (38.98086834, -77.01648149)"
DD559500DP,230034003,Rockville Police Departme,Injury Crash,07/18/2023 10:46:00 AM,Maryland (State),VEIRS MILL RD,ENT TO BUSINESS,,N/A,PEDESTRIAN,SINGLE VEHICLE,CLEAR,DRY,DAYLIGHT,NO CONTROLS,UNKNOWN,NONE DETECTED,CCAC6303-E502-4B97-8D74-55FEE77EDCFD,PEDESTRIAN,Cross/Enter not at Intersection,FAILURE TO YIELD RIGHT OF WAY,MEDIAN,Yes,SUSPECTED MINOR INJURY,N/A,39.07570606,-77.11794535,"    (39.07570606, -77.11794535)"
MCP2771002B,230034003,Montgomery County Police,Injury Crash,07/17/2023 12:53:00 PM,County,PECAN DR,BUTTERNUT DR,,N/A,OTHER,SINGLE VEHICLE,CLOUDY,DRY,DAYLIGHT,N/A,,N/A,263E6D27-5F3B-4F27-9D29-B7F2F866CCEB,OTHER,Getting off/on Vehicle,OTHER,OTHER,Yes,SUSPECTED MINOR INJURY,N/A,39.09178359,-77.09882296,"    (39.09178359, -77.09882296)"
EJ7858007X,230033705,Gaithersburg Police Depar,Injury Crash,07/15/2023 12:15:00 PM,Municipality,GIRARD ST,GOSHEN RD,,N/A,OTHER,OTHER,CLOUDY,DRY,DAYLIGHT,TRAFFIC SIGNAL,NONE DETECTED,NONE DETECTED,7827F4C5-AB04-47F3-A8FE-C721EC87EE96,OTHER,Other,OTHER,ON ROADWAY AT CROSSWALK,Yes,POSSIBLE INJURY,MC/BIKE HELMET,39.15111155,-77.19246255,"    (39.15111155, -77.19246255)"
MCP3086009B,230033704,Montgomery County Police,Injury Crash,07/15/2023 11:55:00 AM,County,EAST VILLAGE AVE,WELBECK WAY,,N/A,BICYCLIST,ANGLE MEETS LEFT TURN,CLOUDY,DRY,DAYLIGHT,NO CONTROLS,NONE DETECTED,NONE DETECTED,AF741765-45A7-4F1C-9D01-462EE0784822,BICYCLIST,Cross/Enter at Intersection,NO IMPROPER ACTIONS,IN BIKEWAY,No,POSSIBLE INJURY,MC/BIKE HELMET,39.18775,-77.17926167,"    (39.18775, -77.17926167)"
MCP3337001N,230033699,Montgomery County Police,Injury Crash,07/15/2023 11:22:00 AM,Maryland (State),GEORGIA AVE,LAYHILL RD,,N/A,PEDESTRIAN,N/A,CLEAR,DRY,DAYLIGHT,NO CONTROLS,NONE DETECTED,NONE DETECTED,D8500A1F-B014-4049-AA7E-E4446964E3CE,PEDESTRIAN,Cross/Enter not at Intersection,NO IMPROPER ACTIONS,SIDEWALK,No,POSSIBLE INJURY,N/A,39.05950817,-77.05035067,"    (39.05950817, -77.05035067)"
MCP3255004V,230033617,Montgomery County Police,Injury Crash,07/14/2023 05:32:00 PM,Municipality,WASHINGTONIAN BLVD,ENT. TO WASHINGTONIAN CENTER,,N/A,PEDESTRIAN,SINGLE VEHICLE,RAINING,WET,DAYLIGHT,STOP SIGN,N/A,N/A,7BC11752-5A89-48DE-8A14-5B1B2D028054,PEDESTRIAN,Cross/Enter at Intersection,NO IMPROPER ACTIONS,ON ROADWAY AT CROSSWALK,No,SUSPECTED MINOR INJURY,N/A,39.11871562,-77.20252175,"    (39.11871562, -77.20252175)"
MCP3255004V,230033617,Montgomery County Police,Injury Crash,07/14/2023 05:32:00 PM,Municipality,WASHINGTONIAN BLVD,ENT. TO WASHINGTONIAN CENTER,,N/A,PEDESTRIAN,SINGLE VEHICLE,RAINING,WET,DAYLIGHT,STOP SIGN,N/A,N/A,FAE81B70-1CAA-4CA2-9031-5C3F1CD55B57,PEDESTRIAN,Cross/Enter at Intersection,NO IMPROPER ACTIONS,ON ROADWAY AT CROSSWALK,No,SUSPECTED MINOR INJURY,N/A,39.11871562,-77.20252175,"    (39.11871562, -77.20252175)"
MCP3230004J,230033597,Montgomery County Police,Injury Crash,07/14/2023 04:50:00 PM,County,ASPEN HILL RD,PARKLAND DR,,N/A,OTHER,OTHER,CLEAR,DRY,DAYLIGHT,TRAFFIC SIGNAL,NONE DETECTED,NONE DETECTED,B7AFD0CB-A221-4B5A-B1AA-F1E09E2D05AD,OTHER,Cross/Enter at Intersection,UNKNOWN,ON ROADWAY NOT AT CROSSWALK,Unknown,SUSPECTED MINOR INJURY,NONE,39.07909683,-77.08717517,"    (39.07909683, -77.08717517)"
MCP30630048,230033523,Montgomery County Police,Property Damage Crash,07/14/2023 09:53:00 AM,Maryland (State),COLESVILLE RD,GEORGIA AVE,,N/A,OTHER,N/A,CLEAR,DRY,DAYLIGHT,TRAFFIC SIGNAL,UNKNOWN,NONE DETECTED,3F1932EE-B09E-4563-847F-4AC083B4B5C4,OTHER,Cross/Enter at Intersection,NO IMPROPER ACTIONS,AT INTERSECTION MARKED CROSSWALK,No,NO APPARENT INJURY,NONE,38.99628671,-77.02810809,"    (38.99628671, -77.02810809)"
DD56100084,230033390,Rockville Police Departme,Injury Crash,07/13/2023 03:29:00 PM,,,,403 REDLAND BLVD PARKING LOT OF (SAFEWAY),,PEDESTRIAN,OTHER,CLEAR,,DAYLIGHT,NO CONTROLS,N/A,N/A,E37F230B-8ADF-42ED-9462-C1DDB3FB350A,PEDESTRIAN,Other,UNKNOWN,DRIVEWAY ACCESS MARKED CROSSWALK,No,POSSIBLE INJURY,N/A,39.11302717,-77.1727655,"    (39.11302717, -77.1727655)"
EJ7858007W,23003339,Gaithersburg Police Depar,Injury Crash,07/13/2023 10:35:00 AM,Maryland (State),FREDERICK RD,WATKINS MILL RD,,N/A,BICYCLIST,SINGLE VEHICLE,CLEAR,DRY,DAYLIGHT,STOP SIGN,UNKNOWN,NONE DETECTED,025FAB54-6097-4D3B-925B-4B2587534FD2,BICYCLIST,Walking/Riding w/Traffic,N/A,ON ROADWAY NOT AT CROSSWALK,No,POSSIBLE INJURY,MC/BIKE HELMET,39.15697668,-77.22112836,"    (39.15697668, -77.22112836)"