Report Number,Local Case Number,Agency Name,ACRS Report Type,Crash Date/Time,Route Type,Road Name,Cross-Street Name,Off-Road Description,Municipality,Related Non-Motorist,Collision Type,Weather,Surface Condition,Light,Traffic Control,Driver Substance Abuse,Non-Motorist Substance Abuse,Person ID,Pedestrian Type,Pedestrian Movement,Pedestrian Actions,Pedestrian Location,At Fault,Injury Severity,Safety Equipment,Latitude,Longitude,Location
MCP3227004G,230023344,Montgomery County Police,Property Damage Crash,05/15/2023 06:02:00 PM,US (State),COLUMBIA PIKE,ENT TO BURNT MILLS SHOPPING CENTER,,N/A,PEDESTRIAN,SINGLE VEHICLE,CLEAR,DRY,DAYLIGHT,TRAFFIC SIGNAL,NONE DETECTED,NONE DETECTED,08CFA77B-C5C0-4BF9-8EEE-0544BF352E8D,PEDESTRIAN,Cross/Enter at Intersection,NO IMPROPER ACTIONS,ON ROADWAY AT CROSSWALK,No,NO APPARENT INJURY,N/A,39.03123795,-77.00460695,"    (39.03123795, -77.00460695)"
MCP3351000T,230023179,Montgomery County Police,Injury Crash,05/14/2023 09:26:00 PM,US (State),GEORGIA AVE,WAYNE AVE,,N/A,PEDESTRIAN,SINGLE VEHICLE,CLEAR,DRY,DARK LIGHTS ON,TRAFFIC SIGNAL,NONE DETECTED,ALCOHOL PRESENT,30848C30-B68D-4AEB-B5F3-C59BF82822EA,PEDESTRIAN,Cross/Enter at Intersection,FAILURE TO OBEY TRAFFIC SIGNS SIGNALS OR OFFICER,AT INTERSECTION MARKED CROSSWALK,Yes,SUSPECTED SERIOUS INJURY,N/A,38.99401167,-77.02675167,"    (38.99401167, -77.02675167)"
MCP2752005B,230023160,Montgomery County Police,Injury Crash,05/14/2023 07:45:00 PM,County,SEVEN LOCKS RD,ROSEHILL DR,,N/A,PEDESTRIAN,SINGLE VEHICLE,CLEAR,DRY,DAYLIGHT,NO CONTROLS,N/A,N/A,E392074E-95F2-4AFE-B6FE-98351CA94AF6,PEDESTRIAN,Other,OTHER,OTHER,No,SUSPECTED SERIOUS INJURY,N/A,39.009145,-77.159735,"    (39.009145, -77.159735)"
MCP1389002W,230023157,Montgomery County Police,Injury Crash,05/14/2023 07:30:00 PM,Maryland (State),GEORGIA AVE,MASON ST,,N/A,PEDESTRIAN,OTHER,CLEAR,DRY,DAYLIGHT,OTHER,N/A,ALCOHOL PRESENT,4D854616-6877-4F57-AF5E-AFEA63C9FCDA,PEDESTRIAN,Cross/Enter at Intersection,NO IMPROPER ACTIONS,ON ROADWAY AT CROSSWALK,No,SUSPECTED MINOR INJURY,N/A,39.05595164,-77.04984942,"    (39.05595164, -77.04984942)"
MCP3341001L,230022947,Montgomery County Police,Injury Crash,05/13/2023 09:15:00 AM,Maryland (State),GEORGIA AVE,CONNECTICUT AVE,,N/A,BICYCLIST,OTHER,CLOUDY,DRY,DAYLIGHT,TRAFFIC SIGNAL,N/A,N/A,3996D1EE-64EE-42C4-86B3-1862B6C0A29F,BICYCLIST,Cross/Enter at Intersection,NO IMPROPER ACTIONS,ON ROADWAY AT CROSSWALK,No,SUSPECTED MINOR INJURY,NONE,39.08445267,-77.07783433,"    (39.08445267, -77.07783433)"
MCP32330044,230022865,Montgomery County Police,Injury Crash,05/12/2023 18:13,County,FLOWER AVE,PINEY BRANCH RD,,N/A,PEDESTRIAN,SINGLE VEHICLE,CLEAR,DRY,DAYLIGHT,N/A,UNKNOWN,NONE DETECTED,2384C41E-1643-4BE3-93C6-F063CBB2DED8,PEDESTRIAN,Cross/Enter at Intersection,NO IMPROPER ACTIONS,ON ROADWAY AT CROSSWALK,No,POSSIBLE INJURY,NONE,39.027421,-77.00449083,"    (39.027421, -77.00449083)"
MCP28430020,230022852,Montgomery County Police,Injury Crash,05/12/2023 17:00,County,STEDWICK RD,CAPEHART DR,,N/A,PEDESTRIAN,OTHER,CLEAR,DRY,DAYLIGHT,NO CONTROLS,N/A,N/A,ED4FDEF9-DB94-4B09-8484-219559E2BDAB,PEDESTRIAN,Cross/Enter not at Intersection,UNKNOWN,ON ROADWAY NOT AT CROSSWALK,No,POSSIBLE INJURY,N/A,39.17096343,-77.21288113,"    (39.17096343, -77.21288113)"
MCP3294001H,230022690,Montgomery County Police,Injury Crash,05/11/2023 19:00,,,,PARKING LOT OF,,PEDESTRIAN,OTHER,CLEAR,,DAYLIGHT,NO CONTROLS,NONE DETECTED,NONE DETECTED,6C214792-2455-422B-979D-A436B79F61B7,PEDESTRIAN,Other,UNKNOWN,SIDEWALK,No,POSSIBLE INJURY,N/A,39.17183167,-77.204945,"    (39.17183167, -77.204945)"
MCP23390086,230022456,Montgomery County Police,Injury Crash,05/10/2023 17:01,Municipality,E GUDE DR,TAFT ST,,ROCKVILLE,PEDESTRIAN,OTHER,CLEAR,DRY,DAYLIGHT,NO CONTROLS,NONE DETECTED,NONE DETECTED,7966200F-DECD-469A-AF74-BFCDDC41F42A,PEDESTRIAN,Walking/Cycling on Sidewalk,NO IMPROPER ACTIONS,SIDEWALK,No,POSSIBLE INJURY,N/A,39.09669446,-77.1353897,"    (39.09669446, -77.1353897)"
MCP32900021,230022402,Montgomery County Police,Injury Crash,05/10/2023 13:37,County,DEXTER AVE,GEORGIA AVE,,N/A,PEDESTRIAN,OTHER,CLEAR,DRY,DAYLIGHT,TRAFFIC SIGNAL,NONE DETECTED,NONE DETECTED,4E6D14B9-39F1-48EB-897C-DFAFC2129B27,PEDESTRIAN,Cross/Enter at Intersection,UNKNOWN,AT INTERSECTION BUT NO CROSSWALK,No,SUSPECTED MINOR INJURY,NONE,39.02221,-77.04522833,"    (39.02221, -77.04522833)"
MCP31900052,230022377,Montgomery County Police,Injury Crash,05/10/2023 11:18,,,,PRIVATE DRIVEWAY ON FARM PROPERTY AT 4300 GREGG ROAD.,,PEDESTRIAN,OTHER,CLEAR,,DAYLIGHT,NO CONTROLS,NONE DETECTED,NONE DETECTED,9CF03BC2-BF88-42E7-A93A-94BEE13330B0,PEDESTRIAN,Other,OTHER,OTHER,Unknown,SUSPECTED MINOR INJURY,NONE,39.2026889,-77.08683038,"    (39.2026889, -77.08683038)"
MCP235300BS,230022332,Montgomery County Police,Injury Crash,05/10/2023 6:29,Maryland (State),CONNECTICUT AVE,DECATUR AVE,,N/A,PEDESTRIAN,SINGLE VEHICLE,CLOUDY,DRY,DAYLIGHT,NO CONTROLS,NONE DETECTED,NONE DETECTED,A9491846-3062-4422-BB56-0904E1B6D732,PEDESTRIAN,Cross/Enter not at Intersection,DART DASH,ON ROADWAY NOT AT CROSSWALK,Yes,SUSPECTED MINOR INJURY,NONE,39.03380833,-77.07521817,"    (39.03380833, -77.07521817)"
MCP2563001M,230022301,Montgomery County Police,Fatal Crash,05/09/2023 20:53,County,WISTERIA DR,GREAT SENECA HWY,,N/A,PEDESTRIAN,SINGLE VEHICLE,CLEAR,DRY,DARK LIGHTS ON,NO CONTROLS,NONE DETECTED,UNKNOWN,9EA094C1-DA2A-45B4-95FD-7EF87F0CCAED,PEDESTRIAN,Cross/Enter not at Intersection,DART DASH,ON ROADWAY NOT AT CROSSWALK,Yes,FATAL INJURY,NONE,39.17123833,-77.26280833,"    (39.17123833, -77.26280833)"
DD56620009,230022284,Rockville Police Departme,Injury Crash,05/09/2023 17:12,,,,785 ROCKVILLE PIKE (7/11 PARKING LOT),,PEDESTRIAN,OTHER,CLEAR,,DAYLIGHT,N/A,UNKNOWN,NONE DETECTED,425FFBAE-A1C7-4BF4-A08C-ADE8603E2528,PEDESTRIAN,Other,NO IMPROPER ACTIONS,OTHER,No,POSSIBLE INJURY,NONE,39.08122983,-77.14816817,"    (39.08122983, -77.14816817)"
MCP3311001R,230022252,Montgomery County Police,Injury Crash,05/09/2023 16:41,Maryland (State),16TH ST,LYTTONSVILLE RD,,N/A,PEDESTRIAN,OTHER,CLEAR,DRY,DAYLIGHT,OTHER,N/A,N/A,C5A1959A-733F-4F6D-B867-215856B171E0,PEDESTRIAN,Cross/Enter not at Intersection,NO IMPROPER ACTIONS,ON ROADWAY AT CROSSWALK,No,SUSPECTED MINOR INJURY,N/A,38.99910196,-77.03988722,"    (38.99910196, -77.03988722)"
MCP11740066,230022157,Montgomery County Police,Injury Crash,05/09/2023 7:43,Maryland (State),EAST WEST HWY (W/B COUPLET),PEARL ST,,N/A,BICYCLIST,SINGLE VEHICLE,CLEAR,DRY,DAYLIGHT,TRAFFIC SIGNAL,NONE DETECTED,N/A,12E1213E-97E7-4D3C-A589-C8D5F0F414E9,BICYCLIST,Cross/Enter at Intersection,NO IMPROPER ACTIONS,AT INTERSECTION MARKED CROSSWALK,No,SUSPECTED MINOR INJURY,NONE,38.98502108,-77.09101622,"    (38.98502108, -77.09101622)"
MCP2356002X,230022087,Montgomery County Police,Injury Crash,05/08/2023 21:00,Municipality,KING FARM BLVD,CRESTFIELD DR,,N/A,PEDESTRIAN,SINGLE VEHICLE,CLEAR,DRY,DARK LIGHTS ON,NO CONTROLS,N/A,NONE DETECTED,3B6A634F-C107-42C7-B201-6E61D8210940,PEDESTRIAN,Cross/Enter at Intersection,NO IMPROPER ACTIONS,SIDEWALK,No,SUSPECTED MINOR INJURY,NONE,39.11353231,-77.17281194,"    (39.11353231, -77.17281194)"
MCP3361000G,230022085,Montgomery County Police,Injury Crash,05/08/2023 20:04,County,KEMP MILL RD,ARCOLA AVE,,N/A,BICYCLIST,SINGLE VEHICLE,CLEAR,DRY,DARK LIGHTS ON,TRAFFIC SIGNAL,UNKNOWN,NONE DETECTED,293A3CD4-C9F1-4175-A268-3CB2C8E331E8,BICYCLIST,Cross/Enter at Intersection,NO IMPROPER ACTIONS,SIDEWALK,No,SUSPECTED MINOR INJURY,MC/BIKE HELMET,39.04602409,-77.03221547,"    (39.04602409, -77.03221547)"
DD5631004Y,230022066,Rockville Police Departme,Property Damage Crash,05/08/2023 19:15,Maryland (State),VEIRS MILL RD,ROCKVILLE PIKE,,N/A,MACHINE OPERATOR/RIDER,OTHER,CLEAR,DRY,DAYLIGHT,YIELD SIGN,NONE DETECTED,NONE DETECTED,4EA09B23-D7D4-4057-8FCC-A765E47A9358,MACHINE OPERATOR/RIDER,Cross/Enter at Intersection,DART DASH,ON ROADWAY NOT AT CROSSWALK,Yes,NO APPARENT INJURY,MC/BIKE HELMET,39.08179583,-77.146098,"    (39.08179583, -77.146098)"
MCP2601001D,230022004,Montgomery County Police,Injury Crash,05/08/2023 15:37,County,FENTON ST,GIST AVE,,N/A,BICYCLIST,STRAIGHT MOVEMENT ANGLE,CLEAR,DRY,DAYLIGHT,STOP SIGN,NONE DETECTED,N/A,046184FC-BAFF-4E74-9716-7053B620D854,BICYCLIST,Cross/Enter at Intersection,NO IMPROPER ACTIONS,ON ROADWAY AT CROSSWALK,No,POSSIBLE INJURY,MC/BIKE HELMET,38.98881588,-77.02395068,"    (38.98881588, -77.02395068)"
MCP3351000S,230022030,Montgomery County Police,Injury Crash,05/08/2023 11:30,County,JONES BRIDGE RD,PLATT RIDGE DR,,N/A,BICYCLIST,SINGLE VEHICLE,CLEAR,DRY,DAYLIGHT,TRAFFIC SIGNAL,UNKNOWN,N/A,17111A94-F677-4FBD-BA8F-791250CB8B3F,BICYCLIST,Cross/Enter at Intersection,NO IMPROPER ACTIONS,IN BIKEWAY,No,SUSPECTED MINOR INJURY,UNKNOWN,39.00025213,-77.08010321,"    (39.00025213, -77.08010321)"
MCP3355000D,230021542,Montgomery County Police,Injury Crash,05/05/2023 14:14,County,FENTON ST,SLIGO AVE,,N/A,PEDESTRIAN,SINGLE VEHICLE,CLEAR,DRY,DAYLIGHT,NO CONTROLS,NONE DETECTED,NONE DETECTED,A9C153E8-9B9B-4C3E-8EF2-25C90A978B3D,PEDESTRIAN,Unknown,INATTENTIVE,SHOULDER,Yes,SUSPECTED MINOR INJURY,NONE,38.99058156,-77.02389591,"    (38.99058156, -77.02389591)"
MCP23300048,230021426,Montgomery County Police,Injury Crash,05/04/2023 19:35,Maryland (State),UNIVERSITY BLVD W,VEIRS MILL RD,,N/A,BICYCLIST,OTHER,CLEAR,DRY,DUSK,TRAFFIC SIGNAL,NONE DETECTED,NONE DETECTED,971A4051-7114-4030-A173-EAB003E9B5B0,BICYCLIST,Walking/Riding against Traffic,FAILURE TO YIELD RIGHT OF WAY,ON ROADWAY NOT AT CROSSWALK,Yes,SUSPECTED MINOR INJURY,MC/BIKE HELMET,39.04027667,-77.055605,"    (39.04027667, -77.055605)"
MCP243600GL,230021112,Montgomery County Police,Injury Crash,05/03/2023 10:15,County,ROYAL RD,LA GRANDE RD,,N/A,PEDESTRIAN,OTHER,CLEAR,DRY,DAYLIGHT,NO CONTROLS,NONE DETECTED,NONE DETECTED,69ADEE45-6E70-4DF6-BA4E-17542392B800,PEDESTRIAN,Cross/Enter not at Intersection,DART DASH,ON ROADWAY NOT AT CROSSWALK,No,POSSIBLE INJURY,NONE,39.02655898,-76.98563193,"    (39.02655898, -76.98563193)"
MCP3352000F,230021049,Montgomery County Police,Injury Crash,05/02/2023 21:18,County,CLUB HOUSE RD,RIDGELINE DR,,N/A,PEDESTRIAN,STRAIGHT MOVEMENT ANGLE,CLEAR,WET,DARK NO LIGHTS,NO CONTROLS,NONE DETECTED,NONE DETECTED,D93F4485-976B-4A2F-B65D-45FDFC668FFB,PEDESTRIAN,Cross/Enter at Intersection,NO IMPROPER ACTIONS,ON ROADWAY AT CROSSWALK,No,POSSIBLE INJURY,NONE,39.17443167,-77.20546167,"    (39.17443167, -77.20546167)"
DD5603009R,230021013,Rockville Police Departme,Injury Crash,05/02/2023 17:40,Municipality,FLEET ST,JEFFERSON PLAZA,,ROCKVILLE,BICYCLIST,OTHER,RAINING,WET,DAYLIGHT,STOP SIGN,NONE DETECTED,NONE DETECTED,6D8336C7-A6F7-4FE2-878C-5E829DED63DB,BICYCLIST,Cross/Enter at Intersection,NO IMPROPER ACTIONS,AT INTERSECTION MARKED CROSSWALK,No,SUSPECTED MINOR INJURY,MC/BIKE HELMET,39.080116,-77.14711414,"    (39.080116, -77.14711414)"
MCP3289002F,230020963,Montgomery County Police,Injury Crash,05/02/2023 10:00,Maryland (State),NEW HAMPSHIRE AVE,HOLTON LA,,TAKOMA PARK,PEDESTRIAN,SINGLE VEHICLE,CLEAR,DRY,DAYLIGHT,TRAFFIC SIGNAL,NONE DETECTED,NONE DETECTED,09C7F98D-F42D-4EBD-9B13-E02889A2DFBE,PEDESTRIAN,Cross/Enter at Intersection,UNKNOWN,ON ROADWAY AT CROSSWALK,Unknown,SUSPECTED MINOR INJURY,N/A,38.98799061,-76.98782723,"    (38.98799061, -76.98782723)"
MCP30630043,230020870,Montgomery County Police,Injury Crash,05/02/2023 5:52,Maryland (State),PINEY BRANCH RD,DALE DR,,N/A,PEDESTRIAN,N/A,CLEAR,DRY,DARK LIGHTS ON,TRAFFIC SIGNAL,NONE DETECTED,NONE DETECTED,50DDB45E-92F5-4E0F-A313-56422A892EF9,PEDESTRIAN,Cross/Enter at Intersection,N/A,ON ROADWAY AT CROSSWALK,No,POSSIBLE INJURY,NONE,38.99371605,-77.00914387,"    (38.99371605, -77.00914387)"
MCP26120053,230020804,Montgomery County Police,Injury Crash,05/01/2023 16:04,County,HATHAWAY DR,LAYHILL RD,,N/A,BICYCLIST,OTHER,CLEAR,DRY,DAYLIGHT,NO CONTROLS,NONE DETECTED,NONE DETECTED,1B299ABE-E53D-488C-A92E-57DC82CEABC2,BICYCLIST,Cross/Enter at Intersection,DART DASH,SIDEWALK,Yes,POSSIBLE INJURY,NONE,39.07481467,-77.0458985,"    (39.07481467, -77.0458985)"
MCP291400DK,230020545,Montgomery County Police,Injury Crash,04/30/2023 11:46:00 PM,US (State),GEORGIA AVE,BLAIR RD,,N/A,BICYCLIST,OTHER,CLEAR,DRY,DARK LIGHTS ON,TRAFFIC SIGNAL,N/A,N/A,5342EDBA-2953-4663-B767-305C37DE2260,BICYCLIST,Cross/Enter at Intersection,NO IMPROPER ACTIONS,AT INTERSECTION MARKED CROSSWALK,No,SUSPECTED SERIOUS INJURY,MC/BIKE HELMET,38.98469765,-77.0264628,"    (38.98469765, -77.0264628)"
MCP1550004F,23020465,Montgomery County Police,Injury Crash,04/29/2023 12:41:00 PM,Municipality,FARRAGUT AVE,CONNECTICUT AVE,,N/A,BICYCLIST,OTHER,CLOUDY,DRY,DAYLIGHT,NO CONTROLS,NONE DETECTED,NONE DETECTED,57A70721-E70E-4AA1-B556-61A1B9640CBF,BICYCLIST,Walking/Riding against Traffic,WRONG WAY RIDING OR WALKING,ON ROADWAY AT CROSSWALK,Unknown,POSSIBLE INJURY,MC/BIKE HELMET,39.03187067,-77.07538083,"    (39.03187067, -77.07538083)"
MCP30950048,230020386,Montgomery County Police,Injury Crash,04/28/2023 08:29:00 PM,County,LOCKWOOD DR,NEW HAMPSHIRE AVE,,N/A,PEDESTRIAN,OTHER,RAINING,WET,DARK LIGHTS ON,TRAFFIC SIGNAL,N/A,N/A,9FDE923A-7ADC-4B6A-AE24-22411AFBF5B1,PEDESTRIAN,Cross/Enter at Intersection,N/A,ON ROADWAY AT CROSSWALK,No,POSSIBLE INJURY,N/A,39.0396955,-76.99084211,"    (39.0396955, -76.99084211)"
MCP31360065,230020293,Montgomery County Police,Injury Crash,04/28/2023 12:20:00 PM,County,ELTON RD,NEW HAMPSHIRE AVE,,N/A,PEDESTRIAN,OTHER,RAINING,WET,DARK LIGHTS ON,NO CONTROLS,N/A,NONE DETECTED,9B6BFADC-AA42-4FD5-820F-7AD2E2EF69D7,PEDESTRIAN,Other,NO IMPROPER ACTIONS,ON ROADWAY AT CROSSWALK,No,SUSPECTED SERIOUS INJURY,N/A,39.01970738,-76.97459518,"    (39.01970738, -76.97459518)"
MCP13480006,230021526,Montgomery County Police,Injury Crash,04/28/2023 07:25:00 AM,County,GAINSBOROUGH RD,TUCKERMAN LA,,N/A,PEDESTRIAN,SINGLE VEHICLE,RAINING,WET,OTHER,NO CONTROLS,N/A,N/A,0F3B141A-79B4-45A8-A4F1-75E814E6AF98,PEDESTRIAN,Walking to/from school,INATTENTIVE,ON ROADWAY NOT AT CROSSWALK,No,POSSIBLE INJURY,NONE,39.04261699,-77.17282358,"    (39.04261699, -77.17282358)"
MCP31990058,230020245,Montgomery County Police,Injury Crash,04/28/2023 05:32:00 AM,County,CONNECTICUT AVE,GEORGIA AVE,,N/A,PEDESTRIAN,SINGLE VEHICLE,RAINING,WET,DARK LIGHTS ON,TRAFFIC SIGNAL,NONE DETECTED,NONE DETECTED,F6837592-D1F3-406C-B7F1-D1497B9C81E6,PEDESTRIAN,Cross/Enter at Intersection,DART DASH,ON ROADWAY AT CROSSWALK,Yes,SUSPECTED MINOR INJURY,NONE,39.22816667,-77.428785,"    (39.22816667, -77.428785)"
MCP30710029,230020229,Montgomery County Police,Injury Crash,04/27/2023 11:45:00 PM,County,RIDGE RD,OBSERVATION DR,,N/A,BICYCLIST,OTHER,CLEAR,DRY,DARK LIGHTS ON,NO CONTROLS,NONE DETECTED,NONE DETECTED,832A733A-F3D0-4ED0-AF39-584396DFA372,BICYCLIST,Walking/Riding w/Traffic,NOT VISIBLE,OUTSIDE RIGHT OF WAY,Yes,POSSIBLE INJURY,NONE,39.1983498,-77.2618043,"    (39.1983498, -77.2618043)"
DD5527004N,230020219,Rockville Police Departme,Injury Crash,04/27/2023 09:35:00 PM,Maryland (State),ROCKVILLE PIKE,CONGRESSIONAL LA,,N/A,BICYCLIST,OTHER,CLEAR,DRY,DARK LIGHTS ON,TRAFFIC SIGNAL,NONE DETECTED,NONE DETECTED,4A1A94C5-1039-4AD1-AC66-B7EB069029B5,BICYCLIST,Cross/Enter at Intersection,NO IMPROPER ACTIONS,ON ROADWAY AT CROSSWALK,No,SUSPECTED MINOR INJURY,NONE,39.06428133,-77.12619411,"    (39.06428133, -77.12619411)"
MCP15640075,230020118,Montgomery County Police,Injury Crash,04/27/2023 11:31:00 AM,,,,"MCDONALD'S PARKING LOT LOCATION 18010 GEORGIA AVENUE, OLNEY, MARYLAND 20832",,PEDESTRIAN,OTHER,CLOUDY,,DAYLIGHT,NO CONTROLS,NONE DETECTED,NONE DETECTED,E2FCDBE6-76BB-46CC-B191-C9E3279691E1,PEDESTRIAN,Cross/Enter not at Intersection,NO IMPROPER ACTIONS,OTHER,No,POSSIBLE INJURY,N/A,39.1517915,-77.06752,"    (39.1517915, -77.06752)"
DD55830083,230020104,Rockville Police Departme,Injury Crash,04/27/2023 10:28:00 AM,Municipality,FALLSGROVE BLVD,ENT TO APARTMENTS,,N/A,PEDESTRIAN,SINGLE VEHICLE,CLEAR,DRY,DAYLIGHT,NO CONTROLS,NONE DETECTED,NONE DETECTED,089F698D-5C51-4608-955E-655C1C40B37D,PEDESTRIAN,Unknown,IN ROADWAY IMPROPERLY,SHOULDER,Yes,SUSPECTED SERIOUS INJURY,N/A,39.09667353,-77.19366236,"    (39.09667353, -77.19366236)"
DD5646002N,230019854,Rockville Police Departme,Injury Crash,04/25/2023 10:10:00 PM,Maryland (State),HUNGERFORD DR,COLLEGE PKWY,,ROCKVILLE,PEDESTRIAN,SINGLE VEHICLE,CLEAR,DRY,DARK LIGHTS ON,NO CONTROLS,N/A,N/A,397D4307-FB7E-46D7-9250-83EA304B54F5,PEDESTRIAN,Standing,NO IMPROPER ACTIONS,INSIDE BUILDING,No,SUSPECTED MINOR INJURY,N/A,39.1035149,-77.1566645,"    (39.1035149, -77.1566645)"
MCP1210005Y,230019807,Montgomery County Police,Injury Crash,04/25/2023 04:37:00 PM,,,,EXXON PARKING LOT AT 16425 S FREDERICK AVE,,PEDESTRIAN,SINGLE VEHICLE,CLEAR,,DAYLIGHT,N/A,NONE DETECTED,NONE DETECTED,23B4D228-4360-4CFA-B6D5-D2AEE91DAF3D,PEDESTRIAN,Standing,NO IMPROPER ACTIONS,OTHER,No,SUSPECTED MINOR INJURY,NONE,39.1261727,-77.18230353,"    (39.1261727, -77.18230353)"
MCP22700016,230019535,Montgomery County Police,Injury Crash,04/24/2023 11:50:00 AM,County,RUGBY AVE,DEL RAY AVE,,N/A,PEDESTRIAN,OTHER,CLEAR,DRY,DAYLIGHT,NO CONTROLS,NONE DETECTED,NONE DETECTED,7EA4C5C2-D6AC-4612-9487-E225542A8A7D,PEDESTRIAN,Other,IN ROADWAY IMPROPERLY,SIDEWALK,Yes,POSSIBLE INJURY,NONE,38.991275,-77.09777667,"    (38.991275, -77.09777667)"
MCP3021006G,230019681,Montgomery County Police,Injury Crash,04/23/2023 08:00:00 PM,County,SPRING ST,FIRST AVE,,N/A,PEDESTRIAN,SINGLE VEHICLE,N/A,DRY,DUSK,NO CONTROLS,N/A,N/A,C6F7D976-06AC-43AC-A195-51DDEA02CA2B,PEDESTRIAN,Cross/Enter not at Intersection,DART DASH,OUTSIDE RIGHT OF WAY,No,SUSPECTED MINOR INJURY,NONE,38.99861071,-77.03323805,"    (38.99861071, -77.03323805)"
MCP2401001Q,230019346,Montgomery County Police,Injury Crash,04/23/2023 03:05:00 AM,Interstate (State),EISENHOWER MEMORIAL HWY,W MONTGOMERY AVE,,N/A,PEDESTRIAN,SAME DIR REAR END,CLEAR,DRY,DARK LIGHTS ON,N/A,"N/A, NONE DETECTED",N/A,6A046E88-A720-4841-BD4A-6EB5A5560BF2,PEDESTRIAN,Push/Work on Vehicle,DISABLED VEHICLE RELATED,OTHER,No,SUSPECTED MINOR INJURY,NONE,39.08079833,-77.17058167,"    (39.08079833, -77.17058167)"
MCP3068004N,230019306,Montgomery County Police,Injury Crash,04/22/2023 08:15:00 PM,Maryland (State),OLD GEORGETOWN RD,GLENBROOK RD,,N/A,OTHER CONVEYANCE,STRAIGHT MOVEMENT ANGLE,CLEAR,DRY,DARK LIGHTS ON,STOP SIGN,N/A,N/A,E3BCB7CF-BF98-4E11-A20F-9A7D25D07CE0,OTHER CONVEYANCE,Cross/Enter at Intersection,FAILURE TO YIELD RIGHT OF WAY,ON ROADWAY AT CROSSWALK,Yes,SUSPECTED MINOR INJURY,NONE,38.98929133,-77.10160883,"    (38.98929133, -77.10160883)"
MCP3358000G,230019203,Montgomery County Police,Injury Crash,04/22/2023 10:10:00 AM,Municipality,LELAND ST,OAK LA,,CHEVY CHASE #4,BICYCLIST,STRAIGHT MOVEMENT ANGLE,CLEAR,DRY,DAYLIGHT,STOP SIGN,N/A,N/A,EBACE963-7760-4A4E-9499-DC20CF6734C8,BICYCLIST,Cross/Enter at Intersection,FAILURE TO OBEY TRAFFIC SIGNS SIGNALS OR OFFICER,ON ROADWAY NOT AT CROSSWALK,Yes,SUSPECTED MINOR INJURY,MC/BIKE HELMET,38.9851545,-77.08398083,"    (38.9851545, -77.08398083)"
EJ7894002R,230019019,Gaithersburg Police Depar,Injury Crash,04/21/2023 10:25:00 AM,,,,"880 RUSSELL AVE, GAITHERSBURG, MD, 20879",,PEDESTRIAN,OTHER,CLEAR,,DAYLIGHT,N/A,NONE DETECTED,NONE DETECTED,89548A72-3770-465A-B0FA-F5DBA68E3E52,PEDESTRIAN,Unknown,UNKNOWN,OTHER,No,POSSIBLE INJURY,NONE,39.1568452,-77.21297352,"    (39.1568452, -77.21297352)"
MCP3348000C,230017981,Montgomery County Police,Injury Crash,04/20/2023 01:31:00 PM,,,,PARKING LOT OF 3828 INTERNATIONAL DRIVE,,PEDESTRIAN,STRAIGHT MOVEMENT ANGLE,RAINING,,DAYLIGHT,NO CONTROLS,NONE DETECTED,NONE DETECTED,EA859AE8-0777-402F-9C87-FC3211DB58A8,PEDESTRIAN,Other,INATTENTIVE,OTHER,No,SUSPECTED MINOR INJURY,N/A,39.10313304,-77.07544506,"    (39.10313304, -77.07544506)"
MCP913000FQ,230018871,Montgomery County Police,Injury Crash,04/20/2023 12:29:00 PM,,,,"PARKING LOT OF 8736 ARLISS ST
SILVER SPRING, MD 20901",,MACHINE OPERATOR/RIDER,SINGLE VEHICLE,CLEAR,,DAYLIGHT,NO CONTROLS,NONE DETECTED,NONE DETECTED,0C68E975-4F41-478F-BDB6-2FD303CAE732,MACHINE OPERATOR/RIDER,Cross/Enter not at Intersection,OTHER,ON ROADWAY NOT AT CROSSWALK,Yes,POSSIBLE INJURY,NONE,38.99948617,-77.00157117,"    (38.99948617, -77.00157117)"
MCP913000FP,230018823,Montgomery County Police,Injury Crash,04/20/2023 07:47:00 AM,County,GILBERT ST,BARRON ST,,N/A,PEDESTRIAN,SINGLE VEHICLE,CLEAR,DRY,DAYLIGHT,NO CONTROLS,NONE DETECTED,NONE DETECTED,5C0376FE-6650-41A0-B7FD-DBCE8EE46D57,PEDESTRIAN,Cross/Enter not at Intersection,NO IMPROPER ACTIONS,ON ROADWAY NOT AT CROSSWALK,No,SUSPECTED MINOR INJURY,NONE,38.997769,-76.99675733,"    (38.997769, -76.99675733)"
MCP3197003F,230018793,Montgomery County Police,Injury Crash,04/19/2023 09:00:00 PM,County,BAUER DR,NORBECK RD,,N/A,PEDESTRIAN,STRAIGHT MOVEMENT ANGLE,CLEAR,DRY,DARK LIGHTS ON,TRAFFIC SIGNAL,NONE DETECTED,NONE DETECTED,DF4E2247-E6D6-49A6-A57D-2F7F8872FEAF,PEDESTRIAN,Cross/Enter at Intersection,NOT VISIBLE,AT INTERSECTION BUT NO CROSSWALK,No,POSSIBLE INJURY,LIGHTING,39.0960701,-77.1098676,"    (39.0960701, -77.1098676)"
MCP3329001H,230018766,Montgomery County Police,Injury Crash,04/19/2023 06:30:00 PM,County,GALWAY DR,FAIRLAND RD,,N/A,PEDESTRIAN,OTHER,CLEAR,DRY,DAYLIGHT,NO CONTROLS,NONE DETECTED,NONE DETECTED,A25ACB6B-DDF8-49B7-81B8-4C7A04A33413,PEDESTRIAN,Playing,DART DASH,ON ROADWAY NOT AT CROSSWALK,Unknown,SUSPECTED MINOR INJURY,N/A,39.06375167,-76.94507,"    (39.06375167, -76.94507)"
MCP285900D2,230018683,Montgomery County Police,Injury Crash,04/19/2023 12:20:00 PM,County,LONGDRAFT RD,GREAT SENECA HWY,,N/A,BICYCLIST,STRAIGHT MOVEMENT ANGLE,CLEAR,DRY,DAYLIGHT,TRAFFIC SIGNAL,NONE DETECTED,NONE DETECTED,1ED11F34-B71E-40E1-8328-B347CFD04660,BICYCLIST,Cross/Enter at Intersection,NO IMPROPER ACTIONS,ON ROADWAY AT CROSSWALK,No,SUSPECTED MINOR INJURY,NONE,39.13353467,-77.244827,"    (39.13353467, -77.244827)"