Report Number,Local Case Number,Agency Name,ACRS Report Type,Crash Date/Time,Route Type,Road Name,Cross-Street Name,Off-Road Description,Municipality,Related Non-Motorist,Collision Type,Weather,Surface Condition,Light,Traffic Control,Driver Substance Abuse,Non-Motorist Substance Abuse,Person ID,Pedestrian Type,Pedestrian Movement,Pedestrian Actions,Pedestrian Location,At Fault,Injury Severity,Safety Equipment,Latitude,Longitude,Location
MCP2556004P,230013348,Montgomery County Police,Injury Crash,03/19/2023 05:07:00 PM,,,,SIDEWALK/ DRIVEWAY OF 615 S. FREDERICK ROAD.,,PEDESTRIAN,STRAIGHT MOVEMENT ANGLE,CLEAR,,DAYLIGHT,N/A,NONE DETECTED,NONE DETECTED,8CB1A60D-0987-4AEA-9F63-D893C0AB1B6E,PEDESTRIAN,Walking/Cycling on Sidewalk,NO IMPROPER ACTIONS,SIDEWALK,No,SUSPECTED MINOR INJURY,N/A,39.12989667,-77.18639,"    (39.12989667, -77.18639)"
MCP27520053,230013065,Montgomery County Police,Injury Crash,03/17/2023 07:56:00 PM,,,,"9718 PLEASANT GATE LANE, POTOMAC, MD",,PEDESTRIAN,SINGLE VEHICLE,CLEAR,,DARK LIGHTS ON,NO CONTROLS,NONE DETECTED,N/A,5D8B0780-A550-4D92-B967-3984A4493014,PEDESTRIAN,Playing,DART DASH,OTHER,Yes,SUSPECTED MINOR INJURY,NONE,38.99953537,-77.20114463,"    (38.99953537, -77.20114463)"
MCP15640072,230012994,Montgomery County Police,Injury Crash,03/17/2023 02:15:00 PM,,,,"19632 ISLANDER ST, OLNEY, MD 20832--DRIVEWAY",,OTHER,SINGLE VEHICLE,RAINING,,DAYLIGHT,NO CONTROLS,NONE DETECTED,MEDICATION PRESENT,E876E84E-7DD8-4BA4-B964-153DA6AED6BC,OTHER,Unknown,NO IMPROPER ACTIONS,INSIDE BUILDING,No,NO APPARENT INJURY,NONE,39.17951317,-77.0652365,"    (39.17951317, -77.0652365)"
MCP94290007,230012837,Montgomery County Police,Injury Crash,03/16/2023 03:31:00 PM,,,,BUS DEPOT,,PEDESTRIAN,SINGLE VEHICLE,CLEAR,,DAYLIGHT,OTHER,N/A,N/A,57B5030D-9625-4BDA-96DD-E1F12FC8C0BF,PEDESTRIAN,N/A,IN ROADWAY IMPROPERLY,ON ROADWAY NOT AT CROSSWALK,Yes,POSSIBLE INJURY,N/A,38.99089667,-77.02791833,"    (38.99089667, -77.02791833)"
MCP2348006F,230012796,Montgomery County Police,Fatal Crash,03/16/2023 01:28:00 PM,US (State),COLUMBIA PIKE,STEWART LA,,N/A,PEDESTRIAN,SINGLE VEHICLE,CLEAR,DRY,DAYLIGHT,TRAFFIC SIGNAL,NONE DETECTED,NONE DETECTED,B7541278-BD7C-4E05-9056-50239D5CACAD,PEDESTRIAN,Cross/Enter at Intersection,FAILURE TO OBEY TRAFFIC SIGNS SIGNALS OR OFFICER,ON ROADWAY AT CROSSWALK,Yes,FATAL INJURY,NONE,39.04653583,-76.98675402,"    (39.04653583, -76.98675402)"
MCP3239002T,230012730,Montgomery County Police,Injury Crash,03/16/2023 06:32:00 AM,County,TECH RD,TECH RD,,N/A,PEDESTRIAN,OTHER,CLEAR,DRY,DARK LIGHTS ON,TRAFFIC SIGNAL,NONE DETECTED,NONE DETECTED,D8D28776-4064-4200-B0C1-818C0136ADDD,PEDESTRIAN,Cross/Enter at Intersection,NO IMPROPER ACTIONS,ON ROADWAY AT CROSSWALK,No,POSSIBLE INJURY,NONE,39.05830545,-76.96872152,"    (39.05830545, -76.96872152)"
MCP3239002S,230012601,Montgomery County Police,Injury Crash,03/15/2023 12:10:00 PM,County,RANDOLPH RD,HAWKESBURY LA,,N/A,PEDESTRIAN,OTHER,CLEAR,DRY,DAYLIGHT,TRAFFIC SIGNAL,NONE DETECTED,NONE DETECTED,2FED1071-E9C4-41F6-A96B-560FEF289F0D,PEDESTRIAN,Cross/Enter not at Intersection,IN ROADWAY IMPROPERLY,ON ROADWAY NOT AT CROSSWALK,Yes,POSSIBLE INJURY,NONE,39.06667415,-77.01958235,"    (39.06667415, -77.01958235)"
MCP23390081,230012269,Montgomery County Police,Injury Crash,03/14/2023 03:12:00 PM,,,,PARKING LOT OF 12085 ROCKVILLE PK,,PEDESTRIAN,HEAD ON,CLEAR,,DAYLIGHT,NO CONTROLS,NONE DETECTED,NONE DETECTED,CCF158D6-CE30-45FB-BBF4-A8FB78DAB9D5,PEDESTRIAN,Getting off/on Vehicle,OTHER,OTHER,Yes,SUSPECTED SERIOUS INJURY,N/A,39.05478663,-77.11541242,"    (39.05478663, -77.11541242)"
MCP2689009D,230012380,Montgomery County Police,Injury Crash,03/14/2023 08:57:00 AM,County,WILD OLIVE DR,DEVILWOOD DR,,N/A,BICYCLIST,STRAIGHT MOVEMENT ANGLE,CLEAR,DRY,DAYLIGHT,NO CONTROLS,NONE DETECTED,NONE DETECTED,9364025F-5BBB-498D-93BD-F4CB4783ECFD,BICYCLIST,Walking/Riding w/Traffic,NO IMPROPER ACTIONS,ON ROADWAY NOT AT CROSSWALK,No,SUSPECTED MINOR INJURY,MC/BIKE HELMET,39.05452817,-77.1751345,"    (39.05452817, -77.1751345)"
MCP2674003P,230012338,Montgomery County Police,Property Damage Crash,03/13/2023 06:45:00 PM,County,DOXDAM TERR,SEVERNDALE TERR,,N/A,PEDESTRIAN,SINGLE VEHICLE,CLEAR,DRY,DAYLIGHT,NO CONTROLS,UNKNOWN,NONE DETECTED,84F1240B-AA30-4BA0-AE29-4ABD62CFE7D7,PEDESTRIAN,Cross/Enter at Intersection,NO IMPROPER ACTIONS,ON ROADWAY NOT AT CROSSWALK,No,NO APPARENT INJURY,NONE,39.19930469,-77.24274173,"    (39.19930469, -77.24274173)"
MCP2069000S,230012265,Montgomery County Police,Injury Crash,03/13/2023 02:50:00 PM,Maryland (State),WOODFIELD RD,MAIN ST,,N/A,PEDESTRIAN,SINGLE VEHICLE,CLOUDY,DRY,DAYLIGHT,TRAFFIC SIGNAL,NONE DETECTED,NONE DETECTED,80AE7489-BB7C-4BC4-B5A8-87F324AA3D3E,PEDESTRIAN,Other Working,NO IMPROPER ACTIONS,ON ROADWAY AT CROSSWALK,No,SUSPECTED MINOR INJURY,N/A,39.28815667,-77.20185167,"    (39.28815667, -77.20185167)"
MCP3218003V,230012144,Montgomery County Police,Injury Crash,03/12/2023 20:00,Maryland (State),VEIRS MILL RD,UNIVERSITY BLVD W,,N/A,PEDESTRIAN,OTHER,RAINING,WET,DARK LIGHTS ON,NO CONTROLS,NONE DETECTED,NONE DETECTED,0A1F157C-00B4-4E03-B052-400ACE642BAB,PEDESTRIAN,Cross/Enter not at Intersection,IN ROADWAY IMPROPERLY,ON ROADWAY NOT AT CROSSWALK,Yes,SUSPECTED MINOR INJURY,NONE,39.03957783,-77.05484,"    (39.03957783, -77.05484)"
MCP33370018,230012087,Montgomery County Police,Injury Crash,03/12/2023 11:42,Maryland (State),UNIVERSITY BLVD W,FERN ST,,N/A,PEDESTRIAN,HEAD ON,CLEAR,DRY,DAYLIGHT,N/A,NONE DETECTED,N/A,976D5CD8-5CD7-4ED6-B0A8-4FFC73420C3C,PEDESTRIAN,Walking/Riding against Traffic,IN ROADWAY IMPROPERLY,ON ROADWAY NOT AT CROSSWALK,Yes,SUSPECTED MINOR INJURY,NONE,39.05821733,-77.04855467,"    (39.05821733, -77.04855467)"
MCP289200DR,230011836,Montgomery County Police,Injury Crash,03/10/2023 17:28,Maryland (State),PINEY BRANCH RD,WESSEX RD,,N/A,PEDESTRIAN,SINGLE VEHICLE,RAINING,WET,DARK LIGHTS ON,TRAFFIC SIGNAL,NONE DETECTED,NONE DETECTED,96C55B6D-0AD9-4DBE-BC23-7A55841C0B2D,PEDESTRIAN,Cross/Enter at Intersection,INATTENTIVE,ON ROADWAY AT CROSSWALK,Yes,POSSIBLE INJURY,NONE,38.99156667,-77.010095,"    (38.99156667, -77.010095)"
MCP30050079,230011069,Montgomery County Police,Injury Crash,03/09/2023 15:36,Maryland (State),LAYHILL RD,BEL PRE RD,,N/A,PEDESTRIAN,SINGLE VEHICLE,CLEAR,DRY,DAYLIGHT,TRAFFIC SIGNAL,NONE DETECTED,NONE DETECTED,A50CF782-4CC7-42B8-9C7D-6396B999B6CF,PEDESTRIAN,Cross/Enter not at Intersection,IN ROADWAY IMPROPERLY,ON ROADWAY NOT AT CROSSWALK,Yes,SUSPECTED SERIOUS INJURY,N/A,39.09076333,-77.04522667,"    (39.09076333, -77.04522667)"
MCP30380063,230011465,Montgomery County Police,Injury Crash,03/08/2023 19:41,Maryland (State),GEORGIA AVE,COLESVILLE RD,,N/A,PEDESTRIAN,OTHER,CLEAR,DRY,DARK LIGHTS ON,TRAFFIC SIGNAL,UNKNOWN,NONE DETECTED,A328DEDC-EFED-4A36-828A-1EDA76178D3F,PEDESTRIAN,Cross/Enter at Intersection,NO IMPROPER ACTIONS,AT INTERSECTION MARKED CROSSWALK,No,POSSIBLE INJURY,N/A,38.99594489,-77.02803686,"    (38.99594489, -77.02803686)"
MCP2846008N,230011235,Montgomery County Police,Injury Crash,03/07/2023 17:15,Maryland (State),GEORGIA AVE,SHOREFIELD RD,,N/A,PEDESTRIAN,SINGLE VEHICLE,CLEAR,DRY,DAYLIGHT,TRAFFIC SIGNAL,NONE DETECTED,NONE DETECTED,90811964-A978-4FF4-9A0E-FA91A07BAFB8,PEDESTRIAN,Cross/Enter at Intersection,NO IMPROPER ACTIONS,ON ROADWAY AT CROSSWALK,No,POSSIBLE INJURY,NONE,39.0529,-77.05126667,"    (39.0529, -77.05126667)"
MCP31610053,230011087,Montgomery County Police,Injury Crash,03/06/2023 19:15,Maryland (State),CONNECTICUT AVE,HOWARD AVE,,KENSINGTON,PEDESTRIAN,SINGLE VEHICLE,CLEAR,DRY,DARK LIGHTS ON,NO CONTROLS,NONE DETECTED,NONE DETECTED,2A3A4AD9-B96B-448B-995F-39CD87DB5DA0,PEDESTRIAN,Cross/Enter not at Intersection,IN ROADWAY IMPROPERLY,ON ROADWAY NOT AT CROSSWALK,Yes,POSSIBLE INJURY,NONE,38.99981583,-77.08142567,"    (38.99981583, -77.08142567)"
MCP3312002W,230010987,Montgomery County Police,Injury Crash,03/06/2023 10:48,,,,12028 CHERRY HILL RD PARKING LOT,,PEDESTRIAN,OTHER,CLEAR,,DAYLIGHT,NO CONTROLS,"NONE DETECTED, UNKNOWN",NONE DETECTED,8E60D51E-AE56-4BB4-930E-099A9ED25F77,PEDESTRIAN,Standing,NO IMPROPER ACTIONS,OTHER,No,POSSIBLE INJURY,NONE,39.05456667,-76.95594333,"    (39.05456667, -76.95594333)"
DD56330084,230010912,Rockville Police Departme,Injury Crash,03/05/2023 20:15,Maryland (State),VEIRS MILL RD,ATLANTIC AVE,,ROCKVILLE,PEDESTRIAN,OTHER,CLEAR,DRY,DARK LIGHTS ON,TRAFFIC SIGNAL,NONE DETECTED,NONE DETECTED,D09A328D-6BF3-4367-B7F7-24ABB9D95047,PEDESTRIAN,Cross/Enter at Intersection,DART DASH,ON ROADWAY AT CROSSWALK,Yes,POSSIBLE INJURY,NONE,39.07491545,-77.11553743,"    (39.07491545, -77.11553743)"
DM8476004Q,230010764,Takoma Park Police Depart,Property Damage Crash,03/04/2023 15:00,Maryland (State),NEW HAMPSHIRE AVE,EAST WEST HWY (PG CO),,N/A,PEDESTRIAN,OTHER,CLEAR,DRY,DAYLIGHT,TRAFFIC SIGNAL,N/A,N/A,2CD8B3CB-DFBD-47BB-9001-6C877EE33D49,PEDESTRIAN,Cross/Enter at Intersection,DART DASH,ON ROADWAY NOT AT CROSSWALK,Yes,NO APPARENT INJURY,N/A,38.97536398,-76.99407758,"    (38.97536398, -76.99407758)"
MCP1433004W,230010738,Montgomery County Police,Injury Crash,03/03/2023 23:45,,,,PARKING LOT OF LAYHILL SHOPPING CENTER AT 14300 LAYHILL RD.,,PEDESTRIAN,OTHER,CLOUDY,,DARK LIGHTS ON,N/A,UNKNOWN,UNKNOWN,6E6BDFC5-6071-4D07-AE66-092FE3EF4F76,PEDESTRIAN,Other,OTHER,OTHER,No,POSSIBLE INJURY,NONE,39.09186046,-77.04556559,"    (39.09186046, -77.04556559)"
MCP3051006G,230010623,Montgomery County Police,Injury Crash,03/03/2023 20:25,Maryland (State),WISCONSIN AVE,BRADLEY LA,,N/A,PEDESTRIAN,OTHER,RAINING,WET,DARK LIGHTS ON,OTHER,ALCOHOL PRESENT,NONE DETECTED,A915F1C4-9C72-45FC-8674-4062734F33BF,PEDESTRIAN,Cross/Enter at Intersection,NO IMPROPER ACTIONS,ON ROADWAY AT CROSSWALK,No,SUSPECTED MINOR INJURY,NONE,38.977025,-77.09094833,"    (38.977025, -77.09094833)"
MCP3168005C,230014350,Montgomery County Police,Injury Crash,03/03/2023 19:30,County,RANDOLPH RD,GEORGIA AVE,,N/A,PEDESTRIAN,OTHER,RAINING,WET,DARK NO LIGHTS,TRAFFIC SIGNAL,NONE DETECTED,NONE DETECTED,7B828038-486A-4F56-89F3-C3DDB4833D41,PEDESTRIAN,Cross/Enter not at Intersection,NO IMPROPER ACTIONS,ON ROADWAY AT CROSSWALK,No,POSSIBLE INJURY,NONE,39.0582115,-77.05016422,"    (39.0582115, -77.05016422)"
MCP219800CX,230010609,Montgomery County Police,Injury Crash,03/03/2023 18:30,,ELLINGTON BLVD.,CROWN PARK AVE.,,N/A,PEDESTRIAN,SINGLE VEHICLE,RAINING,WET,DARK LIGHTS ON,STOP SIGN,N/A,N/A,C2340E22-063A-40AB-A4B3-0156765D1C14,PEDESTRIAN,Cross/Enter at Intersection,N/A,ON ROADWAY AT CROSSWALK,No,NO APPARENT INJURY,N/A,39.11439167,-77.20553,"    (39.11439167, -77.20553)"
MCP219800CX,230010609,Montgomery County Police,Injury Crash,03/03/2023 18:30,,ELLINGTON BLVD.,CROWN PARK AVE.,,N/A,PEDESTRIAN,SINGLE VEHICLE,RAINING,WET,DARK LIGHTS ON,STOP SIGN,N/A,N/A,47366BDC-1F7F-4551-9D2F-728C94E93D07,PEDESTRIAN,Cross/Enter at Intersection,N/A,ON ROADWAY AT CROSSWALK,No,POSSIBLE INJURY,NONE,39.11439167,-77.20553,"    (39.11439167, -77.20553)"
MCP32790020,230010608,Montgomery County Police,Injury Crash,03/03/2023 18:26,County,LIVINGSTON ST,RANDOLPH RD,,N/A,PEDESTRIAN,SINGLE VEHICLE,RAINING,WET,DARK LIGHTS ON,TRAFFIC SIGNAL,N/A,N/A,1BD5E0DB-38D6-444E-87B3-275B3979B3BE,PEDESTRIAN,Cross/Enter at Intersection,NO IMPROPER ACTIONS,AT INTERSECTION MARKED CROSSWALK,No,SUSPECTED MINOR INJURY,NONE,39.05828415,-77.05535679,"    (39.05828415, -77.05535679)"
MCP31210057,230010592,Montgomery County Police,Injury Crash,03/03/2023 12:30,,,,IFO PARKING AREA OF 20002 HOB HILL WAY,,PEDESTRIAN,SINGLE VEHICLE,OTHER,,DAYLIGHT,NO CONTROLS,NONE DETECTED,NONE DETECTED,16FBEFDC-DC45-4ACD-9116-F13EC5EC2AFC,PEDESTRIAN,Other,NO IMPROPER ACTIONS,CURB,No,SUSPECTED MINOR INJURY,NONE,39.18562269,-77.19750359,"    (39.18562269, -77.19750359)"
MCP3191003W,230010066,Montgomery County Police,Injury Crash,02/28/2023 06:25:00 PM,County,FIELDS RD,RIO BLVD,,GAITHERSBURG,OTHER,OTHER,CLEAR,DRY,DUSK,TRAFFIC SIGNAL,NONE DETECTED,NONE DETECTED,62620FF5-C6FC-461F-A8E7-EA1C2624F94B,OTHER,Cross/Enter at Intersection,UNKNOWN,AT INTERSECTION MARKED CROSSWALK,Unknown,POSSIBLE INJURY,NONE,39.11574885,-77.20397746,"    (39.11574885, -77.20397746)"
MCP3096003Z,230010054,Montgomery County Police,Injury Crash,02/28/2023 05:57:00 PM,County,REDLAND RD,YELLOWSTONE WAY,,N/A,PEDESTRIAN,SINGLE VEHICLE,CLEAR,DRY,DUSK,NO CONTROLS,NONE DETECTED,NONE DETECTED,B6E8CE33-456E-4077-A54D-6CE55D53B301,PEDESTRIAN,Cross/Enter at Intersection,NO IMPROPER ACTIONS,ON ROADWAY AT CROSSWALK,No,SUSPECTED MINOR INJURY,NONE,39.11932767,-77.16091183,"    (39.11932767, -77.16091183)"
MCP3123004Z,230009955,Montgomery County Police,Injury Crash,02/28/2023 11:25:00 AM,,,,"PARKING LOT OF MARSHALLS 12051 ROCKVILLE PIKE ROCKVILLE, MD",,PEDESTRIAN,SINGLE VEHICLE,CLOUDY,,DAYLIGHT,STOP SIGN,N/A,N/A,399762C0-6FC9-44AB-9C2C-59AA57C61FA0,PEDESTRIAN,Cross/Enter at Intersection,NO IMPROPER ACTIONS,AT INTERSECTION MARKED CROSSWALK,No,POSSIBLE INJURY,N/A,39.05585868,-77.11690217,"    (39.05585868, -77.11690217)"
MCP2974004F,230009921,Montgomery County Police,Injury Crash,02/28/2023 08:04:00 AM,County,OLD COLUMBIA PIKE,PERRYWOOD DR,,N/A,PEDESTRIAN,OTHER,CLEAR,DRY,DAYLIGHT,YIELD SIGN,UNKNOWN,NONE DETECTED,EBA68E1F-080A-4078-96A4-C5E81541587B,PEDESTRIAN,Cross/Enter at Intersection,NO IMPROPER ACTIONS,ON ROADWAY AT CROSSWALK,No,SUSPECTED MINOR INJURY,NONE,39.09572245,-76.94611098,"    (39.09572245, -76.94611098)"
MCP3093004R,230009853,Montgomery County Police,Injury Crash,02/27/2023 07:13:00 PM,Maryland (State),WISCONSIN AVE,STANFORD ST,,N/A,PEDESTRIAN,N/A,RAINING,WET,DARK LIGHTS ON,TRAFFIC SIGNAL,N/A,N/A,5962FCB2-B52F-4AAD-A060-61A591C1D5BF,PEDESTRIAN,Cross/Enter at Intersection,NO IMPROPER ACTIONS,AT INTERSECTION MARKED CROSSWALK,No,POSSIBLE INJURY,NONE,38.99124667,-77.09745,"    (38.99124667, -77.09745)"
MCP27080082,230009852,Montgomery County Police,Injury Crash,02/27/2023 07:13:00 PM,Maryland (State),PINEY BRANCH RD,UNIVERSITY BLVD E,,N/A,PEDESTRIAN,OTHER,RAINING,WET,DARK LIGHTS ON,TRAFFIC SIGNAL,NONE DETECTED,NONE DETECTED,AA6CBAA5-8E1D-4CF1-94E1-BD6A8E477954,PEDESTRIAN,Cross/Enter at Intersection,NO IMPROPER ACTIONS,ON ROADWAY AT CROSSWALK,No,POSSIBLE INJURY,NONE,38.99978642,-76.99526053,"    (38.99978642, -76.99526053)"
MCP29620076,230009723,Montgomery County Police,Injury Crash,02/27/2023 09:09:00 AM,,,,IN FRONT OF 19284 CIRCLE GATE DR,,PEDESTRIAN,SINGLE VEHICLE,CLEAR,,DAYLIGHT,NO CONTROLS,NONE DETECTED,NONE DETECTED,8F1A2D63-FC6D-4EAB-86EB-DBD9CF54A301,PEDESTRIAN,Other,N/A,OTHER,No,SUSPECTED MINOR INJURY,N/A,39.17291517,-77.26506767,"    (39.17291517, -77.26506767)"
MCP15640070,230009627,Montgomery County Police,Injury Crash,02/26/2023 01:41:00 PM,Ramp,RAMP 6 FR RP 3 (FR MD200 EB) TO MD97 SB,GEORGIA AVE,,N/A,BICYCLIST,OTHER,CLEAR,DRY,DAYLIGHT,NO CONTROLS,NONE DETECTED,NONE DETECTED,EE3B38C1-530B-427E-A568-E7BBEFB8D454,BICYCLIST,Walking/Riding w/Traffic,NO IMPROPER ACTIONS,ON ROADWAY NOT AT CROSSWALK,No,SUSPECTED MINOR INJURY,MC/BIKE HELMET,39.117673,-77.07472367,"    (39.117673, -77.07472367)"
MCP219800CT,230009185,Montgomery County Police,Injury Crash,02/23/2023 08:03:00 PM,Interstate (State),EISENHOWER MEMORIAL HWY,OUT CORP LMTS GAITHERSBURG,,N/A,PEDESTRIAN,SINGLE VEHICLE,CLEAR,DRY,DARK LIGHTS ON,TRAFFIC SIGNAL,N/A,ALCOHOL CONTRIBUTED,CD4E49DB-F674-49F3-8A6E-12C118DC4D7E,PEDESTRIAN,Cross/Enter at Intersection,DART DASH,AT INTERSECTION MARKED CROSSWALK,Yes,POSSIBLE INJURY,NONE,39.15665167,-77.22439167,"    (39.15665167, -77.22439167)"
MCP32270047,230009174,Montgomery County Police,Injury Crash,02/23/2023 07:07:00 PM,County,POWDER MILL RD,SWEETBRIAR PKWY,,N/A,PEDESTRIAN,OTHER,CLEAR,DRY,DARK LIGHTS ON,NO CONTROLS,NONE DETECTED,NONE DETECTED,E1421605-F3D7-44C7-88B6-E3CD5F83F5AA,PEDESTRIAN,Cross/Enter not at Intersection,IN ROADWAY IMPROPERLY,ON ROADWAY NOT AT CROSSWALK,Yes,SUSPECTED MINOR INJURY,NONE,39.02376984,-76.97305845,"    (39.02376984, -76.97305845)"
EJ7884005N,230009164,Gaithersburg Police Depar,Injury Crash,02/23/2023 05:36:00 PM,County,FIELDS RD,RIO BLVD,,GAITHERSBURG,PEDESTRIAN,HEAD ON,CLEAR,DRY,DAWN,NO CONTROLS,N/A,N/A,B5D67847-36C9-4E5D-B014-1B0AA10C9E24,PEDESTRIAN,Standing,NO IMPROPER ACTIONS,OTHER,No,POSSIBLE INJURY,N/A,39.11561247,-77.20505528,"    (39.11561247, -77.20505528)"
MCP2921004L,230008946,Montgomery County Police,Injury Crash,02/22/2023 04:12:00 PM,,,,"PARKING LOT/DRIVEWAY OF MCDONALD'S LOCATED AT 12982 MIDDLEBROOK RD. GERMANTOWN, MD 20874.",,PEDESTRIAN,SINGLE VEHICLE,CLEAR,,DAYLIGHT,N/A,NONE DETECTED,UNKNOWN,D0665EC8-CE67-48B5-8342-2E5AE54A146F,PEDESTRIAN,Walking/Riding w/Traffic,NO IMPROPER ACTIONS,OTHER,No,POSSIBLE INJURY,N/A,39.180255,-77.269395,"    (39.180255, -77.269395)"
MCP31630056,230008774,Montgomery County Police,Injury Crash,02/21/2023 05:57:00 PM,County,LELAND ST,WOODBINE ST,,N/A,BICYCLIST,STRAIGHT MOVEMENT ANGLE,CLEAR,DRY,DUSK,STOP SIGN,N/A,N/A,8A91DCBE-A81D-46F2-A060-8B44BDA45BA4,BICYCLIST,Cross/Enter at Intersection,INATTENTIVE,ON ROADWAY NOT AT CROSSWALK,Yes,SUSPECTED MINOR INJURY,MC/BIKE HELMET,38.98602833,-77.06831167,"    (38.98602833, -77.06831167)"
MCP3311001M,230008585,Montgomery County Police,Injury Crash,02/20/2023 07:19:00 PM,Maryland (State),16TH ST,SPRING ST,,N/A,PEDESTRIAN,OTHER,CLEAR,DRY,DARK LIGHTS ON,NO CONTROLS,N/A,N/A,8E39F3FD-48D2-4117-A632-4482D87BBB7B,PEDESTRIAN,Cross/Enter not at Intersection,IN ROADWAY IMPROPERLY,ON ROADWAY NOT AT CROSSWALK,Yes,POSSIBLE INJURY,N/A,38.9959094,-77.03649502,"    (38.9959094, -77.03649502)"
DD56330083,230008437,Rockville Police Departme,Injury Crash,02/19/2023 08:00:00 PM,Maryland (State),VEIRS MILL RD,ATLANTIC AVE,,ROCKVILLE,PEDESTRIAN,OTHER,CLEAR,DRY,DARK LIGHTS ON,TRAFFIC SIGNAL,NONE DETECTED,NONE DETECTED,7E21D8A2-62BF-4C98-AE11-49A11302D4F2,PEDESTRIAN,Cross/Enter not at Intersection,DART DASH,ON ROADWAY NOT AT CROSSWALK,Yes,SUSPECTED MINOR INJURY,NONE,39.07491545,-77.11553743,"    (39.07491545, -77.11553743)"
EJ78780052,230008282,Gaithersburg Police Depar,Injury Crash,02/18/2023 05:26:00 PM,,,,PARKING LOT OF 221 MUDDY BRANCH ROAD,,PEDESTRIAN,OTHER,CLEAR,,DUSK,NO CONTROLS,N/A,ALCOHOL PRESENT,A03DE61A-106D-46A2-8735-7E13E6591ACE,PEDESTRIAN,Cross/Enter not at Intersection,INATTENTIVE,ON ROADWAY NOT AT CROSSWALK,Yes,SUSPECTED MINOR INJURY,NONE,39.12809544,-77.20585604,"    (39.12809544, -77.20585604)"
MCP3376000H,230008265,Montgomery County Police,Injury Crash,02/18/2023 12:58:00 PM,,,,PARKING LOT OF 18140 VILLAGE CENTER DR,,PEDESTRIAN,SINGLE VEHICLE,CLEAR,,DAYLIGHT,NO CONTROLS,UNKNOWN,NONE DETECTED,DB66CADF-2FC9-4E7A-8995-8CB3B3BE209D,PEDESTRIAN,Standing,NO IMPROPER ACTIONS,OTHER,No,SUSPECTED MINOR INJURY,NONE,39.15315485,-77.06413118,"    (39.15315485, -77.06413118)"
MCP297700BR,230007853,Montgomery County Police,Injury Crash,02/16/2023 12:06:00 PM,County,BURNT MILLS AVE,CHILDS ST,,N/A,PEDESTRIAN,OTHER,CLOUDY,WET,DAYLIGHT,STOP SIGN,N/A,NONE DETECTED,B12C7734-BB13-4100-B0D6-FF37340F2769,PEDESTRIAN,Walking/Riding against Traffic,NO IMPROPER ACTIONS,AT INTERSECTION BUT NO CROSSWALK,No,POSSIBLE INJURY,NONE,39.03697667,-77.00340167,"    (39.03697667, -77.00340167)"
MCP2556004N,230007596,Montgomery County Police,Injury Crash,02/14/2023 08:36:00 PM,Municipality,S SUMMIT AVE,E DIAMOND AVE,,GAITHERSBURG,PEDESTRIAN,STRAIGHT MOVEMENT ANGLE,CLEAR,DRY,DARK LIGHTS ON,TRAFFIC SIGNAL,NONE DETECTED,ALCOHOL PRESENT,3B2C0893-73D3-4720-8D03-4EF3C47C41A0,PEDESTRIAN,Cross/Enter at Intersection,FAILURE TO OBEY TRAFFIC SIGNS SIGNALS OR OFFICER,AT INTERSECTION BUT NO CROSSWALK,Yes,POSSIBLE INJURY,N/A,39.14194667,-77.19340167,"    (39.14194667, -77.19340167)"
MCP2931006H,230007561,Montgomery County Police,Injury Crash,02/14/2023 05:33:00 PM,Maryland (State),ROCKVILLE PIKE,ENT TO BEST BUY,,N/A,OTHER CONVEYANCE,STRAIGHT MOVEMENT ANGLE,CLEAR,DRY,DAYLIGHT,TRAFFIC SIGNAL,NONE DETECTED,NONE DETECTED,40337CC4-9C8C-428D-A96E-315E3D407378,OTHER CONVEYANCE,Cross/Enter at Intersection,NO IMPROPER ACTIONS,AT INTERSECTION MARKED CROSSWALK,No,SUSPECTED MINOR INJURY,NONE,39.06965167,-77.13047,"    (39.06965167, -77.13047)"
DD56620002,230007543,Rockville Police Departme,Injury Crash,02/14/2023 04:34:00 PM,Municipality,WOOTTON PKWY,GREENPLACE TERR,,ROCKVILLE,PEDESTRIAN,OTHER,CLEAR,DRY,DAYLIGHT,PERSON,NONE DETECTED,NONE DETECTED,F4AD7B8D-DA6A-4B71-BE27-37DAA622FEC5,PEDESTRIAN,Cross/Enter not at Intersection,DART DASH,ON ROADWAY NOT AT CROSSWALK,Yes,SUSPECTED MINOR INJURY,NONE,39.0837375,-77.15342333,"    (39.0837375, -77.15342333)"
MCP93010047,23007433,Montgomery County Police,Injury Crash,02/14/2023 08:40:00 AM,Municipality,SCHOOL DR,MUDDY BRANCH RD,,N/A,PEDESTRIAN,SINGLE VEHICLE,N/A,DRY,DAYLIGHT,NO CONTROLS,N/A,N/A,8E8CF360-4D95-4DE2-9D9E-2CD7657DD578,PEDESTRIAN,Cross/Enter at Intersection,INATTENTIVE,ON ROADWAY AT CROSSWALK,Unknown,SUSPECTED MINOR INJURY,NONE,39.1177869,-77.21681391,"    (39.1177869, -77.21681391)"
MCP3129006B,230007320,Montgomery County Police,Injury Crash,02/13/2023 03:49:00 PM,County,RANDOLPH RD,VEIRS MILL RD,,N/A,PEDESTRIAN,SINGLE VEHICLE,CLEAR,DRY,DAYLIGHT,TRAFFIC SIGNAL,NONE DETECTED,NONE DETECTED,F891A954-344C-4048-8F39-3F2447D00440,PEDESTRIAN,Cross/Enter at Intersection,NO IMPROPER ACTIONS,ON ROADWAY AT CROSSWALK,No,SUSPECTED MINOR INJURY,N/A,39.05625874,-77.0825617,"    (39.05625874, -77.0825617)"
MCP2592002L,230007232,Montgomery County Police,Injury Crash,02/13/2023 09:40:00 AM,County,GOSHEN RD,SNOUFFERS SCHOOL RD,,N/A,PEDESTRIAN,HEAD ON LEFT TURN,CLEAR,WET,DAYLIGHT,TRAFFIC SIGNAL,NONE DETECTED,NONE DETECTED,F5DA0A76-E05C-4FFF-88FA-35556A299799,PEDESTRIAN,Standing,NO IMPROPER ACTIONS,SIDEWALK,No,SUSPECTED SERIOUS INJURY,NONE,39.18786333,-77.187085,"    (39.18786333, -77.187085)"
MCP27080080,230007388,Montgomery County Police,Injury Crash,02/12/2023 18:00,County,CARROLL AVE,PINEY BRANCH RD,,N/A,PEDESTRIAN,HEAD ON LEFT TURN,RAINING,WET,DUSK,TRAFFIC SIGNAL,N/A,N/A,D6CE3300-5017-42DD-A7C4-F2E6CF947C6A,PEDESTRIAN,Cross/Enter at Intersection,UNKNOWN,ON ROADWAY AT CROSSWALK,Unknown,POSSIBLE INJURY,N/A,38.99994443,-76.99078522,"    (38.99994443, -76.99078522)"