Report Number,Local Case Number,Agency Name,ACRS Report Type,Crash Date/Time,Route Type,Road Name,Cross-Street Name,Off-Road Description,Municipality,Related Non-Motorist,Collision Type,Weather,Surface Condition,Light,Traffic Control,Driver Substance Abuse,Non-Motorist Substance Abuse,Person ID,Pedestrian Type,Pedestrian Movement,Pedestrian Actions,Pedestrian Location,At Fault,Injury Severity,Safety Equipment,Latitude,Longitude,Location
MCP3225003F,230002162,Montgomery County Police,Injury Crash,01/13/2023 07:30:00 PM,County,ASPEN HILL RD,PARKLAND DR,,N/A,PEDESTRIAN,SINGLE VEHICLE,CLEAR,DRY,DARK LIGHTS ON,TRAFFIC SIGNAL,NONE DETECTED,NONE DETECTED,77E23754-E912-4A40-ADC8-D9BC689E0D3A,PEDESTRIAN,Cross/Enter at Intersection,UNKNOWN,ON ROADWAY AT CROSSWALK,Unknown,SUSPECTED MINOR INJURY,NONE,39.07911733,-77.08718417,"    (39.07911733, -77.08718417)"
MCP2846008H,230002149,Montgomery County Police,Injury Crash,01/13/2023 05:20:00 PM,Maryland (State),UNIVERSITY BLVD W,AMHERST AVE,,N/A,PEDESTRIAN,SINGLE VEHICLE,CLEAR,DRY,DARK LIGHTS ON,TRAFFIC SIGNAL,NONE DETECTED,NONE DETECTED,3DF59CFC-50D1-4A3D-801C-7FBC4F97F059,PEDESTRIAN,Cross/Enter not at Intersection,DART DASH,ON ROADWAY NOT AT CROSSWALK,Yes,POSSIBLE INJURY,NONE,39.041445,-77.04847333,"    (39.041445, -77.04847333)"
MCP2678003X,230002041,Montgomery County Police,Injury Crash,01/13/2023 08:24:00 AM,,,,"DRIVEWAY OF 11939 CLARIDGE RD, SILVER SPRING MD 20902",,OTHER PEDALCYCLIST,STRAIGHT MOVEMENT ANGLE,CLOUDY,,DAYLIGHT,N/A,NONE DETECTED,NONE DETECTED,B062DF59-2962-450B-B0C8-AD6EE4B2B4C0,OTHER PEDALCYCLIST,Walking/Cycling on Sidewalk,NO IMPROPER ACTIONS,SIDEWALK,No,POSSIBLE INJURY,N/A,39.05806167,-77.04848667,"    (39.05806167, -77.04848667)"
MCP2552005F,230001970,Montgomery County Police,Injury Crash,01/12/2023 18:19,Maryland (State),FREDERICK RD,WATKINS POND BLVD,,ROCKVILLE,PEDESTRIAN,OTHER,CLEAR,WET,DARK LIGHTS ON,TRAFFIC SIGNAL,N/A,N/A,594BD2FD-637B-4E43-96E6-D5AE037FE857,PEDESTRIAN,Cross/Enter at Intersection,IN ROADWAY IMPROPERLY,ON ROADWAY NOT AT CROSSWALK,Yes,SUSPECTED MINOR INJURY,NONE,39.11222041,-77.16190113,"    (39.11222041, -77.16190113)"
EJ78930024,230001808,Gaithersburg Police Depar,Injury Crash,01/12/2023 0:05,,,,PARKING LOT OF 18715 N FREDERICK AVENUE,,PEDESTRIAN,OTHER,RAINING,,DARK NO LIGHTS,NO CONTROLS,NONE DETECTED,NONE DETECTED,B265E4CA-7234-4E04-83A4-934BBACF0402,PEDESTRIAN,Standing,INATTENTIVE,CURB,Yes,SUSPECTED MINOR INJURY,NONE,39.16307192,-77.22393417,"    (39.16307192, -77.22393417)"
MCP3330000W,230001721,Montgomery County Police,Injury Crash,01/11/2023 13:57,,,,PARKING LOT OF 801 E GUDE DR,,PEDESTRIAN,OTHER,CLOUDY,,DAYLIGHT,N/A,N/A,N/A,00BDC37E-7FB7-4172-9C7F-88921F898154,PEDESTRIAN,Standing,UNKNOWN,OTHER,Unknown,SUSPECTED MINOR INJURY,N/A,39.101803,-77.142026,"    (39.101803, -77.142026)"
MCP3192003K,230001594,Montgomery County Police,Injury Crash,01/10/2023 20:02,,,,PARKING LOT OF 12222 VEIRS MILL ROAD,,PEDESTRIAN,SINGLE VEHICLE,CLEAR,,DARK LIGHTS ON,NO CONTROLS,NONE DETECTED,NONE DETECTED,FE89AA6D-C79F-4C92-9254-64E8476CE848,PEDESTRIAN,Other,NO IMPROPER ACTIONS,OTHER,No,SUSPECTED MINOR INJURY,NONE,39.05735867,-77.08101134,"    (39.05735867, -77.08101134)"
MCP3328001G,230001561,Montgomery County Police,Injury Crash,01/10/2023 17:40,County,RANDOLPH RD,KEMP MILL RD,,N/A,PEDESTRIAN,OTHER,CLEAR,DRY,DARK LIGHTS ON,TRAFFIC SIGNAL,UNKNOWN,UNKNOWN,E12F4DD3-23B3-431D-9B74-1D8E2AB26FB7,PEDESTRIAN,Cross/Enter at Intersection,FAILURE TO OBEY TRAFFIC SIGNS SIGNALS OR OFFICER,AT INTERSECTION MARKED CROSSWALK,Yes,SUSPECTED SERIOUS INJURY,NONE,39.06641242,-77.03036487,"    (39.06641242, -77.03036487)"
MCP3299002B,230001456,Montgomery County Police,Injury Crash,01/10/2023 7:35,Maryland (State),OLNEY SANDY SPRING RD,SHERWOOD HIGH SCHOOL,,N/A,PEDESTRIAN,OTHER,CLEAR,DRY,DAYLIGHT,NO CONTROLS,UNKNOWN,NONE DETECTED,867EFD6F-C7F5-4D07-8F40-9D8EC55C4471,PEDESTRIAN,Walking to/from school,IN ROADWAY IMPROPERLY,ON ROADWAY NOT AT CROSSWALK,Yes,SUSPECTED MINOR INJURY,NONE,39.14911853,-77.01700222,"    (39.14911853, -77.01700222)"
MCP3129005Z,230001275,Montgomery County Police,Injury Crash,01/09/2023 8:31,,,,"ENTRANCE TO 12901 GEORGIA AVE, SILVER SPRING MD, 20906",,PEDESTRIAN,SINGLE VEHICLE,CLEAR,,DAYLIGHT,NO CONTROLS,NONE DETECTED,NONE DETECTED,9F1CCA84-7202-4497-BBC2-0F148EDB9202,PEDESTRIAN,Walking/Cycling on Sidewalk,INATTENTIVE,OTHER,No,SUSPECTED MINOR INJURY,N/A,39.0675126,-77.06024901,"    (39.0675126, -77.06024901)"
MCP2898003M,230001208,Montgomery County Police,Property Damage Crash,01/08/2023 16:16,,,,PARKING LOT OF 19718 GERMANTOWN RD,,PEDESTRIAN,OTHER,CLEAR,,DUSK,N/A,N/A,N/A,C7D40300-1BB5-4B97-8AEE-8D9088442D85,PEDESTRIAN,Other,NO IMPROPER ACTIONS,N/A,No,NO APPARENT INJURY,NONE,39.18371167,-77.26359,"    (39.18371167, -77.26359)"
MCP3230003Z,230001120,Montgomery County Police,Injury Crash,01/07/2023 20:26,County,VEIRS MILL RD,CLEARFIELD RD,,N/A,PEDESTRIAN,SINGLE VEHICLE,CLEAR,DRY,DARK LIGHTS ON,NO CONTROLS,UNKNOWN,NONE DETECTED,2EBB1BE3-9627-4EAD-9C54-52F22D7DCECD,PEDESTRIAN,Cross/Enter not at Intersection,DART DASH,ON ROADWAY NOT AT CROSSWALK,Yes,SUSPECTED MINOR INJURY,N/A,39.05858248,-77.08732751,"    (39.05858248, -77.08732751)"
MCP23300042,230001065,Montgomery County Police,Injury Crash,01/07/2023 13:14,,VALLEY VIEW RD,ENTRANCE TO MALL,,N/A,PEDESTRIAN,OTHER,CLEAR,DRY,DAYLIGHT,STOP SIGN,NONE DETECTED,NONE DETECTED,8B62610F-F2D2-4D92-9053-A7024E6C9EE7,PEDESTRIAN,Cross/Enter at Intersection,NO IMPROPER ACTIONS,ON ROADWAY AT CROSSWALK,No,SUSPECTED SERIOUS INJURY,NONE,39.036815,-77.05769667,"    (39.036815, -77.05769667)"
MCP2738004G,230000835,Montgomery County Police,Injury Crash,01/05/2023 23:54,County,RENICK LA,KERWOOD RD,,N/A,PEDESTRIAN,OTHER,N/A,N/A,DARK LIGHTS ON,NO CONTROLS,N/A,N/A,D49BE916-C3AF-47B6-BE28-2F92B2124693,PEDESTRIAN,Walking/Riding w/Traffic,NO IMPROPER ACTIONS,CURB,Unknown,SUSPECTED MINOR INJURY,N/A,39.05364017,-76.99193467,"    (39.05364017, -76.99193467)"
MCP2298012J,230000797,Montgomery County Police,Injury Crash,01/05/2023 19:20,Maryland (State),NEW HAMPSHIRE AVE,ELTON RD,,N/A,PEDESTRIAN,SINGLE VEHICLE,RAINING,WET,DARK LIGHTS ON,TRAFFIC SIGNAL,NONE DETECTED,NONE DETECTED,A193746C-B90E-41B7-B9D7-06F036AA0B07,PEDESTRIAN,Cross/Enter at Intersection,UNKNOWN,ON ROADWAY AT CROSSWALK,Unknown,POSSIBLE INJURY,NONE,39.021105,-76.97666,"    (39.021105, -76.97666)"
MCP3093004Q,230000784,Montgomery County Police,Injury Crash,01/05/2023 17:38,Maryland (State),BROOKVILLE RD,SHEPHERD ST,,MATINS ADDITION,PEDESTRIAN,OTHER,CLEAR,DRY,DARK LIGHTS ON,N/A,N/A,N/A,3F46DA5A-B7A6-4744-BE1F-3955BE88DA85,PEDESTRIAN,Walking/Cycling on Sidewalk,NO IMPROPER ACTIONS,SIDEWALK,No,POSSIBLE INJURY,N/A,38.99108,-77.09783,"    (38.99108, -77.09783)"
EJ78510095,230000775,Gaithersburg Police Depar,Injury Crash,01/05/2023 16:30,County,SHADY GROVE RD,RAMP 9 FR IS 370 EB TO SHADY GROVE RD,,N/A,PEDESTRIAN,OTHER,CLOUDY,DRY,DAYLIGHT,TRAFFIC SIGNAL,NONE DETECTED,NONE DETECTED,87D5A5F6-4C18-4A41-858E-065AF184A18B,PEDESTRIAN,Cross/Enter at Intersection,UNKNOWN,ON ROADWAY AT CROSSWALK,No,SUSPECTED MINOR INJURY,NONE,39.12063682,-77.18038349,"    (39.12063682, -77.18038349)"
MCP31330044,230000696,Montgomery County Police,Injury Crash,01/05/2023 11:39,Maryland (State),GEORGIA AVE,RALPH RD,,N/A,PEDESTRIAN,OTHER,CLEAR,DRY,DAYLIGHT,NO CONTROLS,NONE DETECTED,ALCOHOL CONTRIBUTED,E570AB12-AFBB-463F-9294-EEF588BC427F,PEDESTRIAN,Cross/Enter at Intersection,FAILURE TO YIELD RIGHT OF WAY,ON ROADWAY NOT AT CROSSWALK,Yes,SUSPECTED MINOR INJURY,NONE,39.07897383,-77.07310583,"    (39.07897383, -77.07310583)"
MCP1568001M,230000586,Montgomery County Police,Injury Crash,01/04/2023 17:05,Municipality,TOM FOX AVE,FISHER AVE,,N/A,PEDESTRIAN,SINGLE VEHICLE,CLOUDY,WET,DUSK,STOP SIGN,NONE DETECTED,NONE DETECTED,EE5423D6-F3FA-441D-90B1-7000A38F7B8C,PEDESTRIAN,Cross/Enter at Intersection,NO IMPROPER ACTIONS,ON ROADWAY AT CROSSWALK,No,SUSPECTED MINOR INJURY,NONE,39.1351178,-77.403698,"    (39.1351178, -77.403698)"
MCP1433004P,230000395,Montgomery County Police,Injury Crash,01/03/2023 18:45,Maryland (State),ROCKVILLE PIKE,ENT TO FEDERAL PLAZA S.C.,,N/A,PEDESTRIAN,OTHER,CLEAR,WET,DARK LIGHTS ON,TRAFFIC SIGNAL,NONE DETECTED,NONE DETECTED,3942760D-CFA0-440B-B831-4BC11D7788D0,PEDESTRIAN,Walking/Riding against Traffic,NO IMPROPER ACTIONS,ON ROADWAY AT CROSSWALK,No,SUSPECTED MINOR INJURY,N/A,39.05739905,-77.12037172,"    (39.05739905, -77.12037172)"
MCP3230003Y,220058069,Montgomery County Police,Injury Crash,12/31/2022 09:20:00 PM,,,,14123 WEEPING WILLOW DR,,PEDESTRIAN,SINGLE VEHICLE,RAINING,,DARK LIGHTS ON,NO CONTROLS,NONE DETECTED,NONE DETECTED,290E9B74-E35F-4D62-99C2-B56E4ED6169A,PEDESTRIAN,Walking/Riding against Traffic,NO IMPROPER ACTIONS,OTHER,Yes,SUSPECTED MINOR INJURY,N/A,39.089525,-77.066725,"    (39.089525, -77.066725)"
MCP31210055,220058047,Montgomery County Police,Injury Crash,12/31/2022 05:34:00 PM,County,STEDWICK RD,WATKINS MILL RD,,N/A,PEDESTRIAN,SINGLE VEHICLE,RAINING,WET,DARK LIGHTS ON,TRAFFIC SIGNAL,NONE DETECTED,NONE DETECTED,1D548159-AB6B-4D95-862A-920CE54726A3,PEDESTRIAN,Cross/Enter at Intersection,NO IMPROPER ACTIONS,AT INTERSECTION MARKED CROSSWALK,No,POSSIBLE INJURY,NONE,39.17063469,-77.20885412,"    (39.17063469, -77.20885412)"
MCP291400D7,220058048,Montgomery County Police,Injury Crash,12/31/2022 05:31:00 PM,Maryland (State),NEW HAMPSHIRE AVE,LOCKWOOD DR,,N/A,PEDESTRIAN,OTHER,RAINING,WET,DARK LIGHTS ON,TRAFFIC SIGNAL,N/A,N/A,3CDC342A-28CB-47A3-B3DB-99189FC52400,PEDESTRIAN,Standing,NO IMPROPER ACTIONS,AT INTERSECTION MARKED CROSSWALK,No,SUSPECTED SERIOUS INJURY,N/A,39.03990738,-76.99052167,"    (39.03990738, -76.99052167)"
MCP291400D7,220058048,Montgomery County Police,Injury Crash,12/31/2022 05:31:00 PM,Maryland (State),NEW HAMPSHIRE AVE,LOCKWOOD DR,,N/A,PEDESTRIAN,OTHER,RAINING,WET,DARK LIGHTS ON,TRAFFIC SIGNAL,N/A,N/A,5B3E3454-9002-4698-8AE4-7496BF8D9B01,PEDESTRIAN,Standing,NO IMPROPER ACTIONS,AT INTERSECTION MARKED CROSSWALK,No,POSSIBLE INJURY,N/A,39.03990738,-76.99052167,"    (39.03990738, -76.99052167)"
MCP2939006N,220057902,Montgomery County Police,Injury Crash,12/30/2022 05:32:00 PM,Other Public Roadway,WOODFIELD RD EXT,MAIN ST,,N/A,PEDESTRIAN,OTHER,N/A,DRY,DARK LIGHTS ON,NO CONTROLS,N/A,N/A,9CC3026E-F92D-4EB3-B322-12E4C3D8B2E7,PEDESTRIAN,Cross/Enter not at Intersection,NO IMPROPER ACTIONS,SIDEWALK,No,SUSPECTED MINOR INJURY,NONE,39.290515,-77.20142167,"    (39.290515, -77.20142167)"
MCP2864004R,220057881,Montgomery County Police,Injury Crash,12/30/2022 03:23:00 PM,,,,"PARKING LOT 11411 ROCKVILLE PIKE, ROCKVILLE, MD",,PEDESTRIAN,STRAIGHT MOVEMENT ANGLE,CLEAR,,DAYLIGHT,NO CONTROLS,NONE DETECTED,NONE DETECTED,648443F1-B7E4-4B8F-A2D1-25C82B6F6029,PEDESTRIAN,Other,NO IMPROPER ACTIONS,OTHER,No,SUSPECTED MINOR INJURY,NONE,39.04372333,-77.11082333,"    (39.04372333, -77.11082333)"
MCP33760004,220057765,Montgomery County Police,Property Damage Crash,12/29/2022 07:44:00 PM,Maryland (State),OLNEY SANDY SPRING RD,ENT TO SHOPPING CENTER,,N/A,BICYCLIST,OTHER,CLEAR,DRY,DARK LIGHTS ON,STOP SIGN,NONE DETECTED,NONE DETECTED,5E0F38EE-58C6-4A83-8A94-EFF537099D27,BICYCLIST,Cross/Enter at Intersection,NO IMPROPER ACTIONS,ON ROADWAY AT CROSSWALK,No,NO APPARENT INJURY,NONE,39.15201462,-77.06429908,"    (39.15201462, -77.06429908)"
MCP3044006C,220057586,Montgomery County Police,Injury Crash,12/28/2022 05:44:00 PM,Maryland (State),PINEY BRANCH RD,UNIVERSITY BLVD E,,N/A,PEDESTRIAN,OTHER,CLEAR,DRY,DARK NO LIGHTS,TRAFFIC SIGNAL,NONE DETECTED,NONE DETECTED,CC70CBD4-68F9-41E6-880C-7FEBD7E861F6,PEDESTRIAN,Cross/Enter not at Intersection,FAILURE TO YIELD RIGHT OF WAY,ON ROADWAY NOT AT CROSSWALK,Yes,POSSIBLE INJURY,NONE,38.99941732,-76.99638024,"    (38.99941732, -76.99638024)"
MCP3044006C,220057586,Montgomery County Police,Injury Crash,12/28/2022 05:44:00 PM,Maryland (State),PINEY BRANCH RD,UNIVERSITY BLVD E,,N/A,PEDESTRIAN,OTHER,CLEAR,DRY,DARK NO LIGHTS,TRAFFIC SIGNAL,NONE DETECTED,NONE DETECTED,17DE0E9F-2C80-4A2D-ABF0-1BBAD33B3939,PEDESTRIAN,Cross/Enter not at Intersection,FAILURE TO OBEY TRAFFIC SIGNS SIGNALS OR OFFICER,ON ROADWAY NOT AT CROSSWALK,Yes,SUSPECTED MINOR INJURY,NONE,38.99941732,-76.99638024,"    (38.99941732, -76.99638024)"
MCP2870002T,220057538,Montgomery County Police,Injury Crash,12/28/2022 02:00:00 PM,County,SNOUFFERS SCHOOL RD,MOONEY DR,,N/A,PEDESTRIAN,SINGLE VEHICLE,CLEAR,DRY,DAYLIGHT,TRAFFIC SIGNAL,UNKNOWN,NONE DETECTED,B2621643-D9FC-44DF-8707-4F61BBA9CB2C,PEDESTRIAN,Cross/Enter at Intersection,NO IMPROPER ACTIONS,ON ROADWAY AT CROSSWALK,No,SUSPECTED MINOR INJURY,N/A,39.16250556,-77.1657427,"    (39.16250556, -77.1657427)"
MCP271700X7,220057440,Montgomery County Police,Injury Crash,12/27/2022 05:30:00 PM,Maryland (State),ROCKVILLE PIKE,TEMPLETON PL,,ROCKVILLE,PEDESTRIAN,OTHER,CLEAR,DRY,DARK LIGHTS ON,TRAFFIC SIGNAL,UNKNOWN,NONE DETECTED,571950E9-2751-488E-B762-C4C4E868A266,PEDESTRIAN,Cross/Enter at Intersection,FAILURE TO OBEY TRAFFIC SIGNS SIGNALS OR OFFICER,ON ROADWAY AT CROSSWALK,Yes,SUSPECTED MINOR INJURY,NONE,39.06994533,-77.1690895,"    (39.06994533, -77.1690895)"
MCP2622003N,220057271,Montgomery County Police,Injury Crash,12/26/2022 11:28:00 AM,County,CASTLE BLVD,TEAGARDEN CIR,,N/A,PEDESTRIAN,OTHER,CLEAR,DRY,DAYLIGHT,NO CONTROLS,NONE DETECTED,NONE DETECTED,8A7FB905-134C-4DF4-B1CD-8F75B09D55E7,PEDESTRIAN,Cross/Enter not at Intersection,IN ROADWAY IMPROPERLY,ON ROADWAY NOT AT CROSSWALK,Yes,POSSIBLE INJURY,NONE,39.08716744,-76.93998216,"    (39.08716744, -76.93998216)"
EJ7878004T,220056894,Gaithersburg Police Depar,Injury Crash,12/22/2022 09:23:00 PM,,,,PARKING LOT OF 568 N FREDERICK AVENUE,,PEDESTRIAN,OTHER,RAINING,,DARK LIGHTS ON,NO CONTROLS,N/A,N/A,AAD0AA1A-BA4B-499F-A799-588BCB3E4FEB,PEDESTRIAN,Cross/Enter at Intersection,NO IMPROPER ACTIONS,ON ROADWAY AT CROSSWALK,No,POSSIBLE INJURY,NONE,39.14859117,-77.21005983,"    (39.14859117, -77.21005983)"
MCP3053005Y,220056863,Montgomery County Police,Injury Crash,12/22/2022 06:04:00 PM,Maryland (State),VEIRS MILL RD,NEWPORT MILL RD,,N/A,PEDESTRIAN,OTHER,RAINING,WET,DARK LIGHTS ON,NO CONTROLS,N/A,N/A,CFB27B70-AFF7-45CE-B8DC-D1AD5744D037,PEDESTRIAN,Other,INATTENTIVE,ON ROADWAY NOT AT CROSSWALK,Yes,POSSIBLE INJURY,NONE,39.04474667,-77.06398167,"    (39.04474667, -77.06398167)"
MCP3233003Q,220056862,Montgomery County Police,Injury Crash,12/22/2022 05:54:00 PM,,,,PARKING LOT OF 1408 HAMPSHIRE WEST COURT,,PEDESTRIAN,SINGLE VEHICLE,RAINING,,DARK LIGHTS ON,NO CONTROLS,NONE DETECTED,NONE DETECTED,695278A4-5252-4111-86F0-4E30EC866F7B,PEDESTRIAN,Standing,NO IMPROPER ACTIONS,OTHER,No,POSSIBLE INJURY,NONE,39.03112033,-77.0041575,"    (39.03112033, -77.0041575)"
MCP3335001D,220056813,Montgomery County Police,Injury Crash,12/22/2022 01:51:00 PM,Maryland (State),UNIVERSITY BLVD E,COLESVILLE RD,,N/A,PEDESTRIAN,OTHER,RAINING,WET,DAYLIGHT,TRAFFIC SIGNAL,N/A,N/A,ED874830-680E-4655-9A06-2CEE1F9C5FD3,PEDESTRIAN,Cross/Enter at Intersection,UNKNOWN,ON ROADWAY NOT AT CROSSWALK,Unknown,SUSPECTED MINOR INJURY,NONE,39.019375,-77.01397833,"    (39.019375, -77.01397833)"
MCP31680052,220056686,Montgomery County Police,Injury Crash,12/21/2022 05:14:00 PM,County,REDLAND RD,PANORAMA DR,,N/A,BICYCLIST,STRAIGHT MOVEMENT ANGLE,CLEAR,DRY,DARK LIGHTS ON,N/A,NONE DETECTED,NONE DETECTED,A6023E21-52F1-4881-B72E-EC714E4160A2,BICYCLIST,Cross/Enter at Intersection,NO IMPROPER ACTIONS,SHOULDER,No,SUSPECTED MINOR INJURY,LIGHTING,39.12827277,-77.14962222,"    (39.12827277, -77.14962222)"
MCP2612004Q,220056659,Montgomery County Police,Injury Crash,12/21/2022 03:54:00 PM,,N LEISURE WORLD BLVD,ROSSMOOR BLVD,,N/A,PEDESTRIAN,SINGLE VEHICLE,CLEAR,DRY,DAYLIGHT,NO CONTROLS,NONE DETECTED,NONE DETECTED,000C0302-47EE-4FA0-BB39-92BEDC8B69D9,PEDESTRIAN,Cross/Enter at Intersection,NO IMPROPER ACTIONS,ON ROADWAY AT CROSSWALK,No,SUSPECTED MINOR INJURY,NONE,39.10267833,-77.0732725,"    (39.10267833, -77.0732725)"
EJ7833007G,220056645,Gaithersburg Police Depar,Injury Crash,12/21/2022 03:10:00 PM,Municipality,WASHINGTONIAN BLVD,END ROUNDABOUT,,N/A,PEDESTRIAN,SINGLE VEHICLE,CLEAR,DRY,DAYLIGHT,NO CONTROLS,NONE DETECTED,NONE DETECTED,8E6DBBBB-1095-4616-B219-5B8DAF8E36E0,PEDESTRIAN,Cross/Enter at Intersection,NO IMPROPER ACTIONS,AT INTERSECTION MARKED CROSSWALK,Unknown,POSSIBLE INJURY,REFLECTIVE CLOTHING,39.11804855,-77.20324627,"    (39.11804855, -77.20324627)"
MCP1227001S,220056642,Montgomery County Police,Fatal Crash,12/21/2022 02:03:00 PM,County,MUDDY BRANCH RD,KING JAMES WAY,,N/A,PEDESTRIAN,SINGLE VEHICLE,CLEAR,DRY,DAYLIGHT,N/A,NONE DETECTED,NONE DETECTED,D3700EDC-0442-489F-AEFC-2F0905BC7B0E,PEDESTRIAN,Cross/Enter at Intersection,FAILURE TO OBEY TRAFFIC SIGNS SIGNALS OR OFFICER,AT INTERSECTION MARKED CROSSWALK,Yes,SUSPECTED SERIOUS INJURY,NONE,39.13657839,-77.20577586,"    (39.13657839, -77.20577586)"
MCP1227001S,220056642,Montgomery County Police,Fatal Crash,12/21/2022 02:03:00 PM,County,MUDDY BRANCH RD,KING JAMES WAY,,N/A,PEDESTRIAN,SINGLE VEHICLE,CLEAR,DRY,DAYLIGHT,N/A,NONE DETECTED,NONE DETECTED,B2A41163-BEEF-4625-B4C6-BA9467CE276E,PEDESTRIAN,Cross/Enter at Intersection,FAILURE TO OBEY TRAFFIC SIGNS SIGNALS OR OFFICER,AT INTERSECTION MARKED CROSSWALK,Yes,FATAL INJURY,NONE,39.13657839,-77.20577586,"    (39.13657839, -77.20577586)"
MCP2756004R,220056264,Montgomery County Police,Injury Crash,12/19/2022 04:25:00 PM,,,,"PARKING LOT OF COSTCO 11160 VEIRS MILL RD. SILVER SPRING, MD 20902",,PEDESTRIAN,OPPOSITE DIRECTION SIDESWIPE,CLEAR,,DAYLIGHT,NO CONTROLS,NONE DETECTED,NONE DETECTED,A996772C-5A83-443E-9157-89C789086C88,PEDESTRIAN,Standing,NO IMPROPER ACTIONS,SIDEWALK,No,POSSIBLE INJURY,NONE,39.03562333,-77.055785,"    (39.03562333, -77.055785)"
MCP2622003M,220055900,Montgomery County Police,Injury Crash,12/17/2022 11:26:00 AM,Maryland (State),NEW HAMPSHIRE AVE,OAKVIEW DR,,N/A,PEDESTRIAN,OTHER,N/A,DRY,DAYLIGHT,TRAFFIC SIGNAL,NONE DETECTED,NONE DETECTED,94D1BC71-BA24-4380-9985-B42B2241DB80,PEDESTRIAN,Cross/Enter not at Intersection,INATTENTIVE,AT INTERSECTION MARKED CROSSWALK,Unknown,POSSIBLE INJURY,NONE,39.01543258,-76.97770007,"    (39.01543258, -76.97770007)"
MCP2633002Z,220055746,Montgomery County Police,Injury Crash,12/16/2022 03:03:00 PM,,,,PARKING LOT OF 842 MUDDY BRANCH ROAD,,PEDESTRIAN,OTHER,CLEAR,,DAYLIGHT,NO CONTROLS,NONE DETECTED,NONE DETECTED,D01570CF-8248-4570-A7AF-E2BEBB3B68A9,PEDESTRIAN,Other Working,NO IMPROPER ACTIONS,OTHER,No,POSSIBLE INJURY,REFLECTIVE CLOTHING,39.11478824,-77.2169752,"    (39.11478824, -77.2169752)"
MCP291400D4,220055602,Montgomery County Police,Injury Crash,12/15/2022 09:30:00 PM,US (State),COLESVILLE RD,FENTON ST,,N/A,PEDESTRIAN,OTHER,RAINING,WET,DARK LIGHTS ON,TRAFFIC SIGNAL,N/A,N/A,9F3F18FB-2AC5-40B5-B823-B0892E141FE5,PEDESTRIAN,Cross/Enter at Intersection,N/A,ON ROADWAY AT CROSSWALK,No,POSSIBLE INJURY,NONE,38.99772469,-77.02717788,"    (38.99772469, -77.02717788)"
MCP31440024,220055597,Montgomery County Police,Injury Crash,12/15/2022 09:16:00 PM,County,CEDAR LA,ELMHIRST PKWY,,N/A,BICYCLIST,SINGLE VEHICLE,RAINING,WET,DARK LIGHTS ON,TRAFFIC SIGNAL,NONE DETECTED,NONE DETECTED,0C230F9D-3C9F-42C1-B6DB-DCF9C98AFEC5,BICYCLIST,Cross/Enter at Intersection,NOT VISIBLE,IN BIKEWAY,Unknown,SUSPECTED MINOR INJURY,NONE,39.00803188,-77.09460208,"    (39.00803188, -77.09460208)"
MCP1205008K,220055351,Montgomery County Police,Injury Crash,12/14/2022 01:53:00 PM,Maryland (State),CONNECTICUT AVE,CHEVY CHASE COMMUNITY LIBRARY,,N/A,BICYCLIST,STRAIGHT MOVEMENT ANGLE,CLOUDY,DRY,DAYLIGHT,NO CONTROLS,NONE DETECTED,NONE DETECTED,3D06FF20-5022-4EFF-A2AE-88D2C4BE1576,BICYCLIST,Other,NO IMPROPER ACTIONS,DRIVEWAY ACCESS MARKED CROSSWALK,No,SUSPECTED MINOR INJURY,NONE,38.991215,-77.07686333,"    (38.991215, -77.07686333)"
MCP3161004L,220055236,Montgomery County Police,Injury Crash,12/13/2022 09:09:00 PM,Municipality,WEYMOUTH ST,KNOWLES AVE,,N/A,PEDESTRIAN,SINGLE VEHICLE,CLEAR,DRY,DARK LIGHTS ON,NO CONTROLS,NONE DETECTED,NONE DETECTED,2A9B3E3A-0A78-4BF7-BA69-CADBD54FE609,PEDESTRIAN,Cross/Enter at Intersection,NO IMPROPER ACTIONS,ON ROADWAY AT CROSSWALK,No,POSSIBLE INJURY,NONE,39.032693,-77.088495,"    (39.032693, -77.088495)"
MCP2783004L,220046704,Montgomery County Police,Property Damage Crash,12/13/2022 06:58:00 PM,County,MARIGOLD LA,CAMELLIA DR,,N/A,PEDESTRIAN,OPPOSITE DIRECTION SIDESWIPE,CLEAR,DRY,DARK NO LIGHTS,NO CONTROLS,N/A,N/A,6FBFF1EB-8C15-480E-9B59-68381CEF9D21,PEDESTRIAN,Standing,NO IMPROPER ACTIONS,OUTSIDE RIGHT OF WAY,Unknown,NO APPARENT INJURY,N/A,39.0712178,-77.0437098,"    (39.0712178, -77.0437098)"
DD56070043,220055194,Rockville Police Departme,Injury Crash,12/13/2022 06:05:00 PM,Municipality,BEALL AVE #2,FOREST AVE,,ROCKVILLE,PEDESTRIAN,OTHER,CLEAR,DRY,DARK LIGHTS ON,STOP SIGN,NONE DETECTED,NONE DETECTED,F27546BE-F0A4-4DBD-9EA7-7A201D4503DE,PEDESTRIAN,Cross/Enter at Intersection,NO IMPROPER ACTIONS,AT INTERSECTION MARKED CROSSWALK,No,SUSPECTED MINOR INJURY,NONE,39.0868935,-77.158811,"    (39.0868935, -77.158811)"
MCP3220003F,220055228,Montgomery County Police,Injury Crash,12/12/2022 15:10,,,,PARKING LOT OF 880 RUSSELL AVE,,PEDESTRIAN,SINGLE VEHICLE,CLEAR,,DAYLIGHT,NO CONTROLS,UNKNOWN,UNKNOWN,A4D302A7-D73C-4CDA-B597-7A766267ED6D,PEDESTRIAN,Standing,NO IMPROPER ACTIONS,OTHER,Unknown,SUSPECTED MINOR INJURY,NONE,39.15647387,-77.21351338,"    (39.15647387, -77.21351338)"
MCP28100025,220054810,Montgomery County Police,Injury Crash,12/11/2022 17:15,County,GOSHEN RD,SNOUFFERS SCHOOL RD,,N/A,PEDESTRIAN,ANGLE MEETS LEFT HEAD ON,CLEAR,DRY,DARK NO LIGHTS,TRAFFIC SIGNAL,N/A,N/A,6409A005-BB19-4C13-9463-7BEE04B8F8E5,PEDESTRIAN,Cross/Enter at Intersection,DART DASH,ON ROADWAY NOT AT CROSSWALK,Yes,POSSIBLE INJURY,N/A,39.18785883,-77.186636,"    (39.18785883, -77.186636)"