Report Number,Local Case Number,Agency Name,ACRS Report Type,Crash Date/Time,Route Type,Road Name,Cross-Street Name,Off-Road Description,Municipality,Related Non-Motorist,Collision Type,Weather,Surface Condition,Light,Traffic Control,Driver Substance Abuse,Non-Motorist Substance Abuse,Person ID,Pedestrian Type,Pedestrian Movement,Pedestrian Actions,Pedestrian Location,At Fault,Injury Severity,Safety Equipment,Latitude,Longitude,Location
DD5643002G,220054523,Rockville Police Departme,Injury Crash,12/09/2022 19:16,Maryland (State),ROCKVILLE PIKE,HALPINE RD,,ROCKVILLE,PEDESTRIAN,OTHER,CLEAR,DRY,DARK LIGHTS ON,TRAFFIC SIGNAL,NONE DETECTED,NONE DETECTED,B52DAF37-AC02-47F1-BD8C-9EA61B2A8E92,PEDESTRIAN,Cross/Enter at Intersection,N/A,SIDEWALK,No,SUSPECTED SERIOUS INJURY,NONE,39.06182081,-77.12416018,"    (39.06182081, -77.12416018)"
MCP32220025,220054508,Montgomery County Police,Injury Crash,12/09/2022 13:30,County,NICHOLSON LA,ROCKVILLE PIKE,,N/A,PEDESTRIAN,N/A,CLOUDY,DRY,DAYLIGHT,TRAFFIC SIGNAL,UNKNOWN,NONE DETECTED,C6DE599C-A31E-42AD-8416-BCA3C91BA5D3,PEDESTRIAN,Cross/Enter at Intersection,NO IMPROPER ACTIONS,CURB,No,POSSIBLE INJURY,NONE,39.04454395,-77.11195198,"    (39.04454395, -77.11195198)"
MCP22980129,220054325,Montgomery County Police,Injury Crash,12/08/2022 18:01,Maryland (State),MASSACHUSETTS AVE,SANGAMORE RD,,N/A,PEDESTRIAN,SINGLE VEHICLE,CLEAR,N/A,DARK LIGHTS ON,TRAFFIC SIGNAL,NONE DETECTED,NONE DETECTED,BD697C75-CC4D-4FE5-BB94-C8306B28B223,PEDESTRIAN,Cross/Enter at Intersection,INATTENTIVE,AT INTERSECTION MARKED CROSSWALK,No,SUSPECTED MINOR INJURY,REFLECTIVE CLOTHING,38.96319,-77.1212,"    (38.96319, -77.1212)"
MCP2871008D,220054106,Montgomery County Police,Injury Crash,12/07/2022 16:17,,,,PARKING LOT OF 4860 BOILING BROOK PKWY,,MACHINE OPERATOR/RIDER,STRAIGHT MOVEMENT ANGLE,CLEAR,,DARK LIGHTS ON,NO CONTROLS,NONE DETECTED,NONE DETECTED,4A718F1A-AEEF-4F66-BDFB-3C997E5EE01B,MACHINE OPERATOR/RIDER,Cross/Enter at Intersection,FAILURE TO YIELD RIGHT OF WAY,OTHER,Yes,SUSPECTED MINOR INJURY,NONE,39.04691333,-77.09962833,"    (39.04691333, -77.09962833)"
MCP32000074,220054061,Montgomery County Police,Injury Crash,12/07/2022 12:56,,,,PARKING LOT OF 9905 COUNSELMAN RD,,PEDESTRIAN,OTHER,CLOUDY,,DAYLIGHT,N/A,NONE DETECTED,NONE DETECTED,05BFF8BE-CF76-4EA3-984D-3104E708EDB8,PEDESTRIAN,Other,NO IMPROPER ACTIONS,OTHER,No,POSSIBLE INJURY,NONE,39.01824983,-77.2069875,"    (39.01824983, -77.2069875)"
MCP23950029,220053931,Montgomery County Police,Property Damage Crash,12/06/2022 18:40,County,RIVER RD,SENECA RD (AHEAD),,N/A,OTHER,SINGLE VEHICLE,RAINING,WET,DARK LIGHTS ON,NO CONTROLS,NONE DETECTED,N/A,3B71B3C9-CA6B-4F5B-804B-B3B120558F40,OTHER,N/A,N/A,N/A,No,NO APPARENT INJURY,N/A,39.078879,-77.32789483,"    (39.078879, -77.32789483)"
MCP2871008C,220053926,Montgomery County Police,Injury Crash,12/06/2022 18:14,,,,PARKING LOT OF 10233 OLD GEORGETOWN RD,,PEDESTRIAN,OTHER,RAINING,,DARK LIGHTS ON,NO CONTROLS,NONE DETECTED,NONE DETECTED,27958942-F1C4-4BA3-9CAD-62590972CFE5,PEDESTRIAN,Walking/Riding against Traffic,NO IMPROPER ACTIONS,N/A,No,POSSIBLE INJURY,NONE,39.02388833,-77.124185,"    (39.02388833, -77.124185)"
MCP1086000C,220053805,Montgomery County Police,Injury Crash,12/06/2022 7:42,,,,NORTHWOOD HIGH SCHOOL 919 UNIVERSITY BLVD W. PARKING LOT,,PEDESTRIAN,OTHER,FOGGY,,OTHER,N/A,NONE DETECTED,NONE DETECTED,17AE2D3F-80C4-4677-B7B0-02B77012A9F5,PEDESTRIAN,Walking to/from school,NO IMPROPER ACTIONS,ON ROADWAY AT CROSSWALK,No,SUSPECTED MINOR INJURY,N/A,39.03556167,-77.02450667,"    (39.03556167, -77.02450667)"
MCP1086000C,220053805,Montgomery County Police,Injury Crash,12/06/2022 7:42,,,,NORTHWOOD HIGH SCHOOL 919 UNIVERSITY BLVD W. PARKING LOT,,PEDESTRIAN,OTHER,FOGGY,,OTHER,N/A,NONE DETECTED,NONE DETECTED,EEA51DBF-DBA5-4CA4-AD3E-49D5D03A646C,PEDESTRIAN,Walking to/from school,NO IMPROPER ACTIONS,ON ROADWAY AT CROSSWALK,No,SUSPECTED MINOR INJURY,N/A,39.03556167,-77.02450667,"    (39.03556167, -77.02450667)"
MCP2635007P,220053567,Montgomery County Police,Property Damage Crash,12/04/2022 19:11,Maryland (State),OLNEY LAYTONSVILLE RD,OLNEY POST OFFICE,,N/A,OTHER CONVEYANCE,OTHER,CLEAR,DRY,DARK LIGHTS ON,STOP SIGN,N/A,N/A,3503640F-956E-4361-AF65-C3F25935FC81,OTHER CONVEYANCE,Walking/Cycling on Sidewalk,NO IMPROPER ACTIONS,SIDEWALK,No,NO APPARENT INJURY,NONE,39.15531333,-77.07060833,"    (39.15531333, -77.07060833)"
MCP3192003F,220053272,Montgomery County Police,Injury Crash,12/02/2022 17:38,County,CENTERHILL ST,VEIRS MILL RD,,N/A,BICYCLIST,OTHER,CLEAR,DRY,DAWN,STOP SIGN,NONE DETECTED,NONE DETECTED,A37F7547-72E3-427F-A755-72415CCA8890,BICYCLIST,Cross/Enter at Intersection,NO IMPROPER ACTIONS,SIDEWALK,No,POSSIBLE INJURY,MC/BIKE HELMET,39.05062682,-77.07283597,"    (39.05062682, -77.07283597)"
MCP2899005Z,220053114,Montgomery County Police,Fatal Crash,12/01/2022 20:41,Maryland (State),ROCKVILLE PIKE,TALBOTT ST,,ROCKVILLE,PEDESTRIAN,STRAIGHT MOVEMENT ANGLE,CLEAR,DRY,DARK LIGHTS ON,NO CONTROLS,NONE DETECTED,ALCOHOL CONTRIBUTED,CAA75231-17AE-4085-B460-54FB44B18717,PEDESTRIAN,Cross/Enter not at Intersection,IN ROADWAY IMPROPERLY,ON ROADWAY NOT AT CROSSWALK,Yes,FATAL INJURY,NONE,39.07110667,-77.13198833,"    (39.07110667, -77.13198833)"
MCP1378012Z,220053074,Montgomery County Police,Injury Crash,12/01/2022 17:16,Maryland (State),GERMANTOWN RD,MIDDLEBROOK RD,,N/A,PEDESTRIAN,SINGLE VEHICLE,CLEAR,DRY,DARK LIGHTS ON,NO CONTROLS,NONE DETECTED,NONE DETECTED,F344DDB7-8FF0-4CE9-BC7B-FAC53405377C,PEDESTRIAN,Cross/Enter not at Intersection,IN ROADWAY IMPROPERLY,ON ROADWAY NOT AT CROSSWALK,Yes,SUSPECTED MINOR INJURY,NONE,39.17815333,-77.26833,"    (39.17815333, -77.26833)"
DD56120035,220053012,Rockville Police Departme,Injury Crash,12/01/2022 12:13,Maryland (State),E JEFFERSON ST,MARYLAND AVE,,ROCKVILLE,PEDESTRIAN,SINGLE VEHICLE,CLEAR,DRY,DAYLIGHT,TRAFFIC SIGNAL,NONE DETECTED,NONE DETECTED,203FE24F-E86C-4F1F-99F1-CE6C2F4AB793,PEDESTRIAN,Cross/Enter at Intersection,NO IMPROPER ACTIONS,ON ROADWAY AT CROSSWALK,No,POSSIBLE INJURY,NONE,39.08273505,-77.15121389,"    (39.08273505, -77.15121389)"
DD56120035,220053012,Rockville Police Departme,Injury Crash,12/01/2022 12:13,Maryland (State),E JEFFERSON ST,MARYLAND AVE,,ROCKVILLE,PEDESTRIAN,SINGLE VEHICLE,CLEAR,DRY,DAYLIGHT,TRAFFIC SIGNAL,NONE DETECTED,N/A,1B8BD38C-E4C3-4151-BC75-18AB3A73E95A,PEDESTRIAN,Cross/Enter at Intersection,NO IMPROPER ACTIONS,AT INTERSECTION MARKED CROSSWALK,No,POSSIBLE INJURY,N/A,39.08273505,-77.15121389,"    (39.08273505, -77.15121389)"
HA2449001H,22002092,Maryland-National Capital,Injury Crash,12/01/2022 7:37,,,,CAPITAL CRESCENT TRAIL AND LITTLE FALLS PARKWAY,,PEDESTRIAN,SINGLE VEHICLE,CLEAR,,DAYLIGHT,N/A,UNKNOWN,N/A,ED0035A9-3897-4954-8C1D-2D2F544A74C8,PEDESTRIAN,Walking/Cycling on Sidewalk,NO IMPROPER ACTIONS,SHARED USE PATH OR TRAILS,No,POSSIBLE INJURY,N/A,38.97323742,-77.10135903,"    (38.97323742, -77.10135903)"
MCP32530022,220052964,Montgomery County Police,Injury Crash,12/01/2022 6:30,County,ARROWHEAD RD,ROTHBURY DR,,N/A,PEDESTRIAN,SINGLE VEHICLE,CLEAR,DRY,DARK LIGHTS ON,STOP SIGN,NONE DETECTED,NONE DETECTED,3B910328-188F-456B-B0C9-228516843CFF,PEDESTRIAN,Cross/Enter at Intersection,NO IMPROPER ACTIONS,ON ROADWAY AT CROSSWALK,No,SUSPECTED MINOR INJURY,NONE,39.18524,-77.19402667,"    (39.18524, -77.19402667)"
MCP3263002W,220052908,Montgomery County Police,Injury Crash,11/30/2022 06:30:00 PM,Maryland (State),BRADLEY BLVD,STRATHMORE ST,,N/A,PEDESTRIAN,OTHER,CLEAR,N/A,DARK LIGHTS ON,FLASHING TRAFFIC SIGNAL,NONE DETECTED,NONE DETECTED,1CFB9532-70E6-4529-A789-9C969E0FEC75,PEDESTRIAN,Cross/Enter at Intersection,N/A,ON ROADWAY AT CROSSWALK,No,SUSPECTED MINOR INJURY,NONE,38.97821667,-77.09348,"    (38.97821667, -77.09348)"
MCP3336000D,220052925,Montgomery County Police,Injury Crash,11/30/2022 05:50:00 PM,,,,HOLY CROSS HOSPITAL PARKING LOT,,PEDESTRIAN,OTHER,CLEAR,,DARK LIGHTS ON,OTHER,NONE DETECTED,NONE DETECTED,C8894659-EBF5-4F0F-B208-2EE6D6AAC7E7,PEDESTRIAN,Cross/Enter not at Intersection,NO IMPROPER ACTIONS,OTHER,No,SUSPECTED MINOR INJURY,N/A,39.015,-77.035,"    (39.015, -77.035)"
MCP2871008B,220052897,Montgomery County Police,Injury Crash,11/30/2022 05:38:00 PM,Maryland (State),ROCKVILLE PIKE,NICHOLSON LA,,N/A,PEDESTRIAN,OTHER,CLEAR,DRY,DARK LIGHTS ON,TRAFFIC SIGNAL,NONE DETECTED,NONE DETECTED,0E616280-34E5-47DB-84DC-E10F921BF2A1,PEDESTRIAN,Cross/Enter at Intersection,FAILURE TO YIELD RIGHT OF WAY,ON ROADWAY AT CROSSWALK,Yes,POSSIBLE INJURY,N/A,39.04445833,-77.11144,"    (39.04445833, -77.11144)"
MCP32060027,220052795,Montgomery County Police,Injury Crash,11/30/2022 09:00:00 AM,,,,8513 PINEYBRANCH RD- PARKING LOT,,PEDESTRIAN,SINGLE VEHICLE,RAINING,,DAYLIGHT,NO CONTROLS,NONE DETECTED,NONE DETECTED,A7EF966C-1227-43D1-B01F-0FB1CE7C9E99,PEDESTRIAN,Cross/Enter not at Intersection,NO IMPROPER ACTIONS,OTHER,No,POSSIBLE INJURY,NONE,38.99807317,-77.00231133,"    (38.99807317, -77.00231133)"
MCP2738004D,220052755,Montgomery County Police,Injury Crash,11/29/2022 09:53:00 PM,Maryland (State),NEW HAMPSHIRE AVE,LOCKWOOD DR,,N/A,PEDESTRIAN,OTHER,CLEAR,DRY,N/A,TRAFFIC SIGNAL,N/A,N/A,9C39FDED-12CA-48F9-8DBC-6E3DB9034031,PEDESTRIAN,Standing,UNKNOWN,MEDIAN,Unknown,SUSPECTED MINOR INJURY,N/A,39.0393995,-76.990528,"    (39.0393995, -76.990528)"
EJ78910011,220052753,Gaithersburg Police Depar,Injury Crash,11/29/2022 09:11:00 PM,County,MUDDY BRANCH RD,DIAMONDBACK DR,,N/A,PEDESTRIAN,STRAIGHT MOVEMENT ANGLE,CLEAR,DRY,DARK LIGHTS ON,TRAFFIC SIGNAL,NONE DETECTED,UNKNOWN,EA8607AC-21DD-4F39-9B2F-C859CC9AD19D,PEDESTRIAN,Cross/Enter at Intersection,FAILURE TO YIELD RIGHT OF WAY,AT INTERSECTION MARKED CROSSWALK,Yes,SUSPECTED SERIOUS INJURY,NONE,39.11522055,-77.21570262,"    (39.11522055, -77.21570262)"
MCP295200D4,220052815,Montgomery County Police,Injury Crash,11/29/2022 08:25:00 PM,,,,PARKING LOT OF WHOLE FOODS MARKET (833 WAYNE AVE SILVER SPRING MD),,PEDESTRIAN,OTHER,CLEAR,,DARK LIGHTS ON,NO CONTROLS,UNKNOWN,UNKNOWN,DE4B8604-4401-489F-8585-8388FD9C71A5,PEDESTRIAN,Other,NO IMPROPER ACTIONS,OTHER,Unknown,SUSPECTED MINOR INJURY,N/A,38.99654285,-77.02390009,"    (38.99654285, -77.02390009)"
MCP2016006M,220052575,Montgomery County Police,Injury Crash,11/29/2022 06:30:00 AM,County,REDLAND RD,ENT SHADY GROVE METRO STATION,,N/A,PEDESTRIAN,OTHER,CLEAR,DRY,DAWN,TRAFFIC SIGNAL,NONE DETECTED,NONE DETECTED,BF321D26-77C9-46FC-A910-06E63C096B67,PEDESTRIAN,Cross/Enter at Intersection,NO IMPROPER ACTIONS,ON ROADWAY AT CROSSWALK,No,SUSPECTED MINOR INJURY,N/A,39.12837017,-77.16735683,"    (39.12837017, -77.16735683)"
MCP28810054,220052306,Montgomery County Police,Injury Crash,11/27/2022 12:34:00 PM,County,MIDDLEBROOK RD,LOCBURY DR,,N/A,BICYCLIST,STRAIGHT MOVEMENT ANGLE,RAINING,WET,DAYLIGHT,NO CONTROLS,NONE DETECTED,NONE DETECTED,9D4A9CBC-E02F-45D5-B944-8DA46A118FF1,BICYCLIST,Cross/Enter at Intersection,NO IMPROPER ACTIONS,ON ROADWAY AT CROSSWALK,No,POSSIBLE INJURY,N/A,39.18126833,-77.26992167,"    (39.18126833, -77.26992167)"
MCP2356002H,220052093,Montgomery County Police,Injury Crash,11/25/2022 12:00:00 PM,Maryland (State),W MONTGOMERY AVE,LAIRD ST,,ROCKVILLE,PEDESTRIAN,SINGLE VEHICLE,N/A,DRY,DAYLIGHT,TRAFFIC SIGNAL,N/A,N/A,4DF15F87-7D52-48E1-B9F3-1ADCFC5ECAFA,PEDESTRIAN,Cross/Enter at Intersection,NO IMPROPER ACTIONS,AT INTERSECTION MARKED CROSSWALK,No,POSSIBLE INJURY,N/A,39.08483273,-77.1624656,"    (39.08483273, -77.1624656)"
EJ785600BS,220051981,Gaithersburg Police Depar,Injury Crash,11/24/2022 05:18:00 PM,Maryland (State),QUINCE ORCHARD RD,FIRSTFIELD RD,,GAITHERSBURG,PEDESTRIAN,OTHER,CLEAR,DRY,DARK LIGHTS ON,TRAFFIC SIGNAL,N/A,ALCOHOL PRESENT,59C4A90E-2740-4D5B-A16A-7F13EB3C7492,PEDESTRIAN,Unknown,DART DASH,UNKNOWN,Unknown,SUSPECTED MINOR INJURY,NONE,39.14475985,-77.21946533,"    (39.14475985, -77.21946533)"
MCP30940029,220051881,Montgomery County Police,Injury Crash,11/23/2022 06:46:00 PM,,,,"PARKING LOT OF 19235 WATKINS MILL RD, MONTGOMERY VILLAGE, MD 20886",,PEDESTRIAN,OTHER,N/A,,DARK LIGHTS ON,N/A,"NONE DETECTED, UNKNOWN",NONE DETECTED,F0E7DF52-EE9B-4797-A293-E8BF59B56D2B,PEDESTRIAN,Other,IN ROADWAY IMPROPERLY,N/A,No,POSSIBLE INJURY,NONE,39.17233433,-77.20610483,"    (39.17233433, -77.20610483)"
MCP3330000P,220051790,Montgomery County Police,Injury Crash,11/23/2022 10:30:00 AM,,DARNESTOWN RD,SIDE STREET COMING OUT OF 10500 DARNESTOWN RD,,N/A,OTHER CONVEYANCE,STRAIGHT MOVEMENT ANGLE,CLEAR,DRY,DAYLIGHT,NO CONTROLS,UNKNOWN,N/A,4D9B4224-1D0C-4299-A86C-FCC4C025D7E3,OTHER CONVEYANCE,Cross/Enter at Intersection,NO IMPROPER ACTIONS,AT INTERSECTION BUT NO CROSSWALK,No,SUSPECTED SERIOUS INJURY,NONE,39.10139533,-77.217295,"    (39.10139533, -77.217295)"
MCP2347003X,220051655,Montgomery County Police,Property Damage Crash,11/22/2022 01:07:00 PM,County,OLD COLUMBIA PIKE,OAKHURST DR,,N/A,PEDESTRIAN,OTHER,CLEAR,DRY,DAYLIGHT,NO CONTROLS,NONE DETECTED,NONE DETECTED,E967CCAE-C351-45F7-94D5-FB8A7E6D02F5,PEDESTRIAN,Cross/Enter at Intersection,DART DASH,AT INTERSECTION BUT NO CROSSWALK,Yes,NO APPARENT INJURY,N/A,39.10061367,-76.94156017,"    (39.10061367, -76.94156017)"
MCP287700B9,220051637,Montgomery County Police,Injury Crash,11/22/2022 11:30:00 AM,Municipality,TRENT ST,UPPINGHAM ST,,SOMERSET,OTHER,OTHER,CLEAR,DRY,DAYLIGHT,NO CONTROLS,NONE DETECTED,NONE DETECTED,4FBFD76B-78E3-414B-B508-421873FFC35A,OTHER,Other,OTHER,ON ROADWAY NOT AT CROSSWALK,Unknown,POSSIBLE INJURY,REFLECTIVE CLOTHING,38.9646977,-77.09668001,"    (38.9646977, -77.09668001)"
MCP1378012Q,220051521,Montgomery County Police,Injury Crash,11/21/2022 04:59:00 PM,County,FENTON ST,ELLSWORTH DR,,N/A,PEDESTRIAN,SINGLE VEHICLE,CLEAR,DRY,DARK LIGHTS ON,NO CONTROLS,NONE DETECTED,NONE DETECTED,38DB4DE4-6914-4A1F-BB11-C8009D24CEB8,PEDESTRIAN,Other,DART DASH,ON ROADWAY NOT AT CROSSWALK,Yes,POSSIBLE INJURY,NONE,38.996625,-77.02502167,"    (38.996625, -77.02502167)"
DM8403000T,220051502,Takoma Park Police Depart,Property Damage Crash,11/21/2022 03:20:00 PM,Municipality,PHILADELPHIA AVE,MAPLE AVE,,TAKOMA PARK,BICYCLIST,SAME DIRECTION RIGHT TURN,CLEAR,DRY,DAYLIGHT,TRAFFIC SIGNAL,NONE DETECTED,NONE DETECTED,6CEE2557-E6F0-4131-96C1-35DE68A23013,BICYCLIST,Cross/Enter at Intersection,N/A,AT INTERSECTION MARKED CROSSWALK,No,NO APPARENT INJURY,N/A,38.99192361,-76.99186574,"    (38.99192361, -76.99186574)"
MCP3079004S,220051498,Montgomery County Police,Injury Crash,11/21/2022 03:05:00 PM,County,CENTURY BLVD,AIRCRAFT DR,,N/A,PEDESTRIAN,N/A,CLEAR,DRY,DARK LIGHTS ON,NO CONTROLS,NONE DETECTED,NONE DETECTED,AEFDCD46-9384-44B4-922E-D82D29722B29,PEDESTRIAN,Cross/Enter at Intersection,NO IMPROPER ACTIONS,ON ROADWAY AT CROSSWALK,No,SUSPECTED SERIOUS INJURY,N/A,39.18443488,-77.26033758,"    (39.18443488, -77.26033758)"
MCP28810053,220051496,Montgomery County Police,Injury Crash,11/21/2022 02:20:00 PM,,,,11530 MIDDLEBROOK RD,,PEDESTRIAN,SINGLE VEHICLE,CLEAR,,DAYLIGHT,NO CONTROLS,UNKNOWN,N/A,CF60AA02-4D1A-448C-B1A6-17A6306FD8E8,PEDESTRIAN,Standing,NO IMPROPER ACTIONS,INSIDE BUILDING,No,POSSIBLE INJURY,N/A,39.17965167,-77.239425,"    (39.17965167, -77.239425)"
MCP28810053,220051496,Montgomery County Police,Injury Crash,11/21/2022 02:20:00 PM,,,,11530 MIDDLEBROOK RD,,PEDESTRIAN,SINGLE VEHICLE,CLEAR,,DAYLIGHT,NO CONTROLS,UNKNOWN,N/A,363F7856-FB79-4FE9-87B2-54CF5C4A6227,PEDESTRIAN,Standing,NO IMPROPER ACTIONS,INSIDE BUILDING,No,POSSIBLE INJURY,N/A,39.17965167,-77.239425,"    (39.17965167, -77.239425)"
MCP28810053,220051496,Montgomery County Police,Injury Crash,11/21/2022 02:20:00 PM,,,,11530 MIDDLEBROOK RD,,PEDESTRIAN,SINGLE VEHICLE,CLEAR,,DAYLIGHT,NO CONTROLS,UNKNOWN,N/A,F4EA78D5-F385-4308-8E9F-C121D6B99C96,PEDESTRIAN,Standing,NO IMPROPER ACTIONS,INSIDE BUILDING,No,POSSIBLE INJURY,N/A,39.17965167,-77.239425,"    (39.17965167, -77.239425)"
MCP2411009K,220051457,Montgomery County Police,Injury Crash,11/21/2022 11:31:00 AM,,,,PARKING LOT BETWEEN POPEYES AND APARTMENT COMPLEX AT 501 HUNGERFORD DR,,PEDESTRIAN,SINGLE VEHICLE,CLEAR,,DAYLIGHT,NO CONTROLS,NONE DETECTED,NONE DETECTED,8426A35D-A5BE-4F4F-A5D8-B9954D2A67FF,PEDESTRIAN,Cross/Enter at Intersection,NO IMPROPER ACTIONS,DRIVEWAY ACCESS MARKED CROSSWALK,No,SUSPECTED MINOR INJURY,N/A,39.09166149,-77.15252508,"    (39.09166149, -77.15252508)"
MCP3209003Q,220051269,Montgomery County Police,Property Damage Crash,11/19/2022 07:54:00 PM,County,SLIGO AVE,MAYOR LA,,N/A,PEDESTRIAN,SINGLE VEHICLE,CLEAR,DRY,DARK LIGHTS ON,N/A,NONE DETECTED,NONE DETECTED,38333127-72ED-42E7-A0EF-AC9EACBEE568,PEDESTRIAN,Cross/Enter at Intersection,IN ROADWAY IMPROPERLY,AT INTERSECTION BUT NO CROSSWALK,Yes,NO APPARENT INJURY,NONE,38.99025067,-77.0258211,"    (38.99025067, -77.0258211)"
EJ7873006C,220051445,Gaithersburg Police Depar,Injury Crash,11/19/2022 06:55:00 PM,,,,"IN THE PARKING LOT OF 366 N SUMMIT AVE GAITHERSBURG, MD 20877",,PEDESTRIAN,OTHER,UNKNOWN,,DARK LIGHTS ON,NO CONTROLS,UNKNOWN,NONE DETECTED,2AE81C74-BB4E-46EA-8C95-186FD2094F9E,PEDESTRIAN,Other,DART DASH,OTHER,Yes,POSSIBLE INJURY,NONE,39.14848487,-77.19115591,"    (39.14848487, -77.19115591)"
DD5520001K,220051215,Rockville Police Departme,Injury Crash,11/19/2022 03:14:00 PM,Municipality,EDMONSTON DR,CRAWFORD DR,,ROCKVILLE,PEDESTRIAN,OTHER,N/A,DRY,DAYLIGHT,N/A,NONE DETECTED,NONE DETECTED,48984F52-4410-4E8A-8F36-9785A238ED65,PEDESTRIAN,Cross/Enter at Intersection,NO IMPROPER ACTIONS,ON ROADWAY AT CROSSWALK,No,SUSPECTED MINOR INJURY,NONE,39.06947791,-77.13071684,"    (39.06947791, -77.13071684)"
MCP2314001V,220051243,Montgomery County Police,Injury Crash,11/19/2022 12:45:00 PM,,,,PARKING LOT IN FRONT OF WORLD MARKET AT 12266 ROCKVILLE PIKE,,PEDESTRIAN,OTHER,CLEAR,,DAYLIGHT,N/A,UNKNOWN,UNKNOWN,706FC473-5BCE-46E3-A72E-0C3046BE658A,PEDESTRIAN,Other,NO IMPROPER ACTIONS,MIDBLOCK MARKED CROSSWALK,No,SUSPECTED SERIOUS INJURY,N/A,39.05735433,-77.122377,"    (39.05735433, -77.122377)"
MCP3026008S,220051197,Montgomery County Police,Injury Crash,11/19/2022 12:39:00 PM,County,W PARKHILL DR,CHANUTE DR,,N/A,PEDESTRIAN,OTHER,CLEAR,DRY,DAYLIGHT,NO CONTROLS,NONE DETECTED,NONE DETECTED,3873A2E6-7D65-4C81-BF8D-FAC16D869B7D,PEDESTRIAN,Getting off/on Vehicle,OTHER,ON ROADWAY NOT AT CROSSWALK,Yes,SUSPECTED SERIOUS INJURY,REFLECTIVE CLOTHING,39.00577383,-77.09149667,"    (39.00577383, -77.09149667)"
DD561500DK,220051178,Rockville Police Departme,Property Damage Crash,11/19/2022 07:45:00 AM,Municipality,TWINBROOK PKWY,CHAPMAN AVE,,ROCKVILLE,BICYCLIST,STRAIGHT MOVEMENT ANGLE,CLEAR,DRY,DAYLIGHT,TRAFFIC SIGNAL,NONE DETECTED,NONE DETECTED,5A96D84B-EEE1-4B82-B809-D5119A8AA7E5,BICYCLIST,Cross/Enter at Intersection,FAILURE TO YIELD RIGHT OF WAY,AT INTERSECTION MARKED CROSSWALK,Yes,NO APPARENT INJURY,NONE,39.05880939,-77.11901631,"    (39.05880939, -77.11901631)"
MCP3280002R,220050990,Montgomery County Police,Injury Crash,11/18/2022 10:28:00 AM,,,,PARKING LOT OF 2300 BROADBIRCH RD,,PEDESTRIAN,OTHER,CLEAR,,DAYLIGHT,NO CONTROLS,NONE DETECTED,NONE DETECTED,53247BF7-7EC7-4F73-B25C-9454E6881334,PEDESTRIAN,Other,NO IMPROPER ACTIONS,OTHER,No,POSSIBLE INJURY,NONE,39.05816833,-76.96123833,"    (39.05816833, -76.96123833)"
MCP284800BY,220050800,Montgomery County Police,Injury Crash,11/18/2022 08:00:00 AM,County,WATKINS MILL RD,STEDWICK RD,,N/A,PEDESTRIAN,SINGLE VEHICLE,N/A,DRY,DAYLIGHT,NO CONTROLS,UNKNOWN,NONE DETECTED,A5218381-3567-4C45-BF98-0BD0D6725214,PEDESTRIAN,Walking/Riding against Traffic,DART DASH,ON ROADWAY NOT AT CROSSWALK,Yes,POSSIBLE INJURY,NONE,39.168493,-77.209142,"    (39.168493, -77.209142)"
MCP1301001Z,220050810,Montgomery County Police,Fatal Crash,11/17/2022 08:29:00 AM,County,MEDICAL CENTER WAY,MEDICAL CENTER DR,,N/A,PEDESTRIAN,SINGLE VEHICLE,CLEAR,DRY,DAYLIGHT,STOP SIGN,NONE DETECTED,NONE DETECTED,6B218916-770E-423A-9E45-4CF6679E219A,PEDESTRIAN,Cross/Enter at Intersection,NO IMPROPER ACTIONS,ON ROADWAY AT CROSSWALK,No,FATAL INJURY,N/A,39.09741,-77.19563333,"    (39.09741, -77.19563333)"
MCP291400D3,220050760,Montgomery County Police,Injury Crash,11/16/2022 08:30:00 PM,Maryland (State),GEORGIA AVE,SHOREFIELD RD,,N/A,PEDESTRIAN,OTHER,CLEAR,DRY,DARK LIGHTS ON,NO CONTROLS,N/A,N/A,BBCF0334-4982-4334-BA69-FB7DA87F5B15,PEDESTRIAN,Walking/Cycling on Sidewalk,N/A,SIDEWALK,No,SUSPECTED MINOR INJURY,REFLECTIVE CLOTHING,39.05268545,-77.0509063,"    (39.05268545, -77.0509063)"
MCP2215001Z,220050696,Montgomery County Police,Property Damage Crash,11/16/2022 03:27:00 PM,,,,PARKING LOT OF 20910 FREDERICK RD,,PEDESTRIAN,OTHER,CLEAR,,DAYLIGHT,N/A,NONE DETECTED,NONE DETECTED,08246468-79FD-4B5A-9B31-F2C8886D3519,PEDESTRIAN,Other,OTHER,OTHER,Unknown,NO APPARENT INJURY,N/A,39.19994084,-77.2506863,"    (39.19994084, -77.2506863)"
MCP32380021,220050613,Montgomery County Police,Injury Crash,11/16/2022 10:41:00 AM,US (State),GEORGIA AVE,SLIGO AVE,,N/A,OTHER CONVEYANCE,OTHER,CLEAR,DRY,DAYLIGHT,TRAFFIC SIGNAL,NONE DETECTED,NONE DETECTED,FA47916C-18B7-4261-8F43-4AF0202E90D1,OTHER CONVEYANCE,Cross/Enter at Intersection,FAILURE TO OBEY TRAFFIC SIGNS SIGNALS OR OFFICER,ON ROADWAY AT CROSSWALK,Yes,SUSPECTED SERIOUS INJURY,NONE,38.99115,-77.02659,"    (38.99115, -77.02659)"
EJ7893001Y,220050558,Gaithersburg Police Depar,Injury Crash,11/15/2022 09:05:00 PM,Municipality,GIRARD ST,VICTORY FARM DR,,GAITHERSBURG,PEDESTRIAN,OTHER,RAINING,WET,DARK LIGHTS ON,YIELD SIGN,NONE DETECTED,NONE DETECTED,3F4211D4-511F-4BAB-986B-D5ABB8824586,PEDESTRIAN,Cross/Enter at Intersection,IN ROADWAY IMPROPERLY,ON ROADWAY NOT AT CROSSWALK,Yes,SUSPECTED MINOR INJURY,N/A,39.14650785,-77.18509507,"    (39.14650785, -77.18509507)"
MCP2686005Q,220050552,Montgomery County Police,Injury Crash,11/15/2022 07:10:00 PM,Municipality,TRAVIS AVE,FREDERICK RD,,N/A,PEDESTRIAN,SINGLE VEHICLE,RAINING,WET,DARK NO LIGHTS,TRAFFIC SIGNAL,NONE DETECTED,NONE DETECTED,1408FB6E-E29F-4CBC-98B4-3AB67F5637FA,PEDESTRIAN,Cross/Enter at Intersection,NO IMPROPER ACTIONS,AT INTERSECTION MARKED CROSSWALK,No,SUSPECTED MINOR INJURY,NONE,39.16139296,-77.22251183,"    (39.16139296, -77.22251183)"
MCP31210051,220050528,Montgomery County Police,Injury Crash,11/15/2022 05:44:00 PM,County,ARROWHEAD RD,ROTHBURY DR,,N/A,PEDESTRIAN,SINGLE VEHICLE,RAINING,WET,DARK NO LIGHTS,STOP SIGN,NONE DETECTED,NONE DETECTED,B4CFEFFF-B542-43AB-A085-48B53F67ED06,PEDESTRIAN,Cross/Enter at Intersection,NO IMPROPER ACTIONS,AT INTERSECTION MARKED CROSSWALK,No,POSSIBLE INJURY,NONE,39.18521736,-77.19379783,"    (39.18521736, -77.19379783)"