Report Number,Local Case Number,Agency Name,ACRS Report Type,Crash Date/Time,Route Type,Road Name,Cross-Street Name,Off-Road Description,Municipality,Related Non-Motorist,Collision Type,Weather,Surface Condition,Light,Traffic Control,Driver Substance Abuse,Non-Motorist Substance Abuse,Person ID,Pedestrian Type,Pedestrian Movement,Pedestrian Actions,Pedestrian Location,At Fault,Injury Severity,Safety Equipment,Latitude,Longitude,Location
MCP3201002T,220031043,Montgomery County Police,Injury Crash,07/19/2022 12:59:00 PM,Maryland (State),GREAT SENECA HWY,MATENY RD,,N/A,PEDESTRIAN,OTHER,CLEAR,DRY,DAYLIGHT,TRAFFIC SIGNAL,NONE DETECTED,NONE DETECTED,63C886EB-FE8A-47B6-86BA-E8BEA8404C41,PEDESTRIAN,Cross/Enter at Intersection,FAILURE TO OBEY TRAFFIC SIGNS SIGNALS OR OFFICER,AT INTERSECTION MARKED CROSSWALK,Yes,POSSIBLE INJURY,NONE,39.14614317,-77.274504,"    (39.14614317, -77.274504)"
MCP32060024,220031010,Montgomery County Police,Property Damage Crash,07/19/2022 10:30:00 AM,County,QUEBEC ST,RUATAN ST,,N/A,OTHER,OPPOSITE DIRECTION SIDESWIPE,CLEAR,DRY,DAYLIGHT,NO CONTROLS,NONE DETECTED,N/A,9BACDBB3-CF17-43C9-8EF5-64AC863C448D,OTHER,N/A,OTHER,N/A,No,NO APPARENT INJURY,NONE,38.999831,-76.98935667,"    (38.999831, -76.98935667)"
MCP32760027,220030521,Montgomery County Police,Injury Crash,07/19/2022 01:37:00 AM,,,,8101 FENTON ST 7/11 PARKING LOT,,PEDESTRIAN,OTHER,CLEAR,,DARK LIGHTS ON,NO CONTROLS,UNKNOWN,NONE DETECTED,45106BF2-3223-4389-A7FE-158DB3351495,PEDESTRIAN,Standing,NO IMPROPER ACTIONS,OTHER,No,SUSPECTED MINOR INJURY,N/A,38.99053,-77.02358,"    (38.99053, -77.02358)"
EJ78950029,220030840,Gaithersburg Police Depar,Injury Crash,07/18/2022 12:35:00 PM,,,,DRIVEWAY OF 340 N SUMMIT AVENUE,,BICYCLIST,STRAIGHT MOVEMENT ANGLE,CLEAR,,DAYLIGHT,NO CONTROLS,NONE DETECTED,NONE DETECTED,030337C2-DE0A-4FE1-B4DA-A48891536DF9,BICYCLIST,Walking/Cycling on Sidewalk,INATTENTIVE,SIDEWALK,Yes,SUSPECTED MINOR INJURY,NONE,39.14100877,-77.20797875,"    (39.14100877, -77.20797875)"
MCP3016003S,220030779,Montgomery County Police,Injury Crash,07/18/2022 05:54:00 AM,County,WARING STATION RD,SUMMER OAK DR,,N/A,PEDESTRIAN,OTHER,CLOUDY,DRY,DAWN,YIELD SIGN,UNKNOWN,N/A,4FA3176B-E933-459C-AA6E-B1BA3BA5E4C6,PEDESTRIAN,N/A,IN ROADWAY IMPROPERLY,N/A,Yes,POSSIBLE INJURY,N/A,39.16473833,-77.24378667,"    (39.16473833, -77.24378667)"
EJ7851007Z,220030691,Gaithersburg Police Depar,Injury Crash,07/17/2022 02:15:00 PM,Municipality,GIRARD ST,E DIAMOND AVE,,GAITHERSBURG,PEDESTRIAN,OTHER,CLEAR,DRY,DAYLIGHT,TRAFFIC SIGNAL,UNKNOWN,NONE DETECTED,36DE34F1-8A18-4378-A7FC-530770DBD4D1,PEDESTRIAN,Cross/Enter at Intersection,NO IMPROPER ACTIONS,ON ROADWAY AT CROSSWALK,No,SUSPECTED MINOR INJURY,NONE,39.15382756,-77.20230706,"    (39.15382756, -77.20230706)"
EJ78790028,220030495,Gaithersburg Police Depar,Injury Crash,07/15/2022 09:20:00 PM,Municipality,E DIAMOND AVE,PARK AVE,,GAITHERSBURG,PEDESTRIAN,SINGLE VEHICLE,CLEAR,DRY,DARK LIGHTS ON,NO CONTROLS,NONE DETECTED,UNKNOWN,BF9E980C-2AEF-4ABA-8E87-DB7DE0633917,PEDESTRIAN,Cross/Enter not at Intersection,IN ROADWAY IMPROPERLY,ON ROADWAY NOT AT CROSSWALK,Yes,SUSPECTED SERIOUS INJURY,NONE,39.13991223,-77.19555445,"    (39.13991223, -77.19555445)"
MCP3256001D,220030286,Montgomery County Police,Injury Crash,07/15/2022 05:12:00 PM,County,LOCKWOOD DR,NEW HAMPSHIRE AVE,,N/A,PEDESTRIAN,OTHER,CLEAR,DRY,DAYLIGHT,NO CONTROLS,NONE DETECTED,NONE DETECTED,FE2861D5-34A2-4FC1-80C4-3E8258A73E6C,PEDESTRIAN,Cross/Enter not at Intersection,NO IMPROPER ACTIONS,MIDBLOCK MARKED CROSSWALK,No,SUSPECTED SERIOUS INJURY,NONE,39.05324833,-76.96290833,"    (39.05324833, -76.96290833)"
MCP94320035,220030117,Montgomery County Police,Injury Crash,07/13/2022 04:20:00 PM,Government,SLIGO CREEK PKWY,WAYNE AVE,,N/A,BICYCLIST,SAME DIRECTION SIDESWIPE,CLEAR,DRY,DAYLIGHT,NO CONTROLS,UNKNOWN,NONE DETECTED,0CFC5438-5400-4126-9B2F-54F9FD5F2A15,BICYCLIST,Walking/Riding w/Traffic,NO IMPROPER ACTIONS,ON ROADWAY NOT AT CROSSWALK,No,POSSIBLE INJURY,MC/BIKE HELMET,39.06635383,-77.1597625,"    (39.06635383, -77.1597625)"
MCP3174003C,220030103,Montgomery County Police,Injury Crash,07/13/2022 03:07:00 PM,County,EAST VILLAGE AVE,PLUM CREEK DR,,N/A,PEDESTRIAN,SINGLE VEHICLE,CLEAR,DRY,DAYLIGHT,NO CONTROLS,NONE DETECTED,NONE DETECTED,1C67924E-A164-45E9-B952-1DF78A63723A,PEDESTRIAN,Walking/Cycling on Sidewalk,NO IMPROPER ACTIONS,SIDEWALK,No,SUSPECTED SERIOUS INJURY,N/A,39.18807,-77.16496,"    (39.18807, -77.16496)"
MCP2496003C,220030048,Montgomery County Police,Injury Crash,07/13/2022 09:58:00 AM,Municipality,SENECA CHASE PARK RD,SPATES HILL RD,,POOLESVILLE,PEDESTRIAN,SINGLE VEHICLE,CLEAR,DRY,DAYLIGHT,NO CONTROLS,NONE DETECTED,NONE DETECTED,B5116F54-3D31-4883-B7F7-2CCF7ED59A6D,PEDESTRIAN,Getting off/on Vehicle,UNKNOWN,ON ROADWAY NOT AT CROSSWALK,Unknown,SUSPECTED MINOR INJURY,REFLECTIVE CLOTHING,39.11399667,-77.27276667,"    (39.11399667, -77.27276667)"
MCP30480089,220029908,Montgomery County Police,Injury Crash,07/12/2022 11:45,Maryland (State),CONNECTICUT AVE,DUNLOP ST,,N/A,BICYCLIST,STRAIGHT MOVEMENT ANGLE,CLEAR,DRY,DAYLIGHT,STOP SIGN,N/A,N/A,88A2C1EB-ACA3-4116-9801-99F92B251507,BICYCLIST,Cross/Enter at Intersection,NO IMPROPER ACTIONS,SIDEWALK,No,SUSPECTED MINOR INJURY,MC/BIKE HELMET,38.991765,-77.07699833,"    (38.991765, -77.07699833)"
MCP32760025,220029082,Montgomery County Police,Injury Crash,07/11/2022 20:40,,,,8560 SECOND AVE SILVER SPRING MD PARKING GARAGE,,PEDESTRIAN,OTHER,CLEAR,,OTHER,NO CONTROLS,UNKNOWN,NONE DETECTED,2ED6652A-F4BD-4962-A2BA-B40C16C687FD,PEDESTRIAN,Other,NO IMPROPER ACTIONS,OTHER,No,SUSPECTED MINOR INJURY,NONE,38.99609,-77.03275,"    (38.99609, -77.03275)"
MCP3085003M,220029820,Montgomery County Police,Injury Crash,07/11/2022 18:27,County,NICHOLSON LA,NICHOLSON CT,,N/A,PEDESTRIAN,HEAD ON LEFT TURN,CLEAR,DRY,DAYLIGHT,TRAFFIC SIGNAL,NONE DETECTED,NONE DETECTED,5F07B41F-D652-45E3-9B5D-F876586704CD,PEDESTRIAN,Cross/Enter at Intersection,NO IMPROPER ACTIONS,ON ROADWAY AT CROSSWALK,No,SUSPECTED MINOR INJURY,N/A,39.0454131,-77.10500228,"    (39.0454131, -77.10500228)"
MCP3085003B,20029820,Montgomery County Police,Injury Crash,07/11/2022 18:27,County,NICHOLSON LA,NICHOLSON CT,,N/A,PEDESTRIAN,OTHER,CLEAR,DRY,DAYLIGHT,TRAFFIC SIGNAL,NONE DETECTED,NONE DETECTED,C9F13FD4-93FB-4124-96A8-8CDDD2159B8B,PEDESTRIAN,Cross/Enter at Intersection,NO IMPROPER ACTIONS,ON ROADWAY AT CROSSWALK,No,SUSPECTED MINOR INJURY,NONE,39.04544833,-77.10511833,"    (39.04544833, -77.10511833)"
MCP3134003J,220029813,Montgomery County Police,Injury Crash,07/11/2022 17:45,,,,SELF STORAGE PARKING LOT 15221 DINO DRIVE BUTONSVILLE MD,,PEDESTRIAN,OTHER,CLEAR,,DAYLIGHT,NO CONTROLS,N/A,N/A,8371B380-B6D7-4016-912F-F7BCAEDE89E3,PEDESTRIAN,Other Working,N/A,OTHER,No,POSSIBLE INJURY,NONE,39.109655,-76.92519517,"    (39.109655, -76.92519517)"
MCP2351004L,220029712,Montgomery County Police,Injury Crash,07/11/2022 6:42,County,CHAPMAN AVE,BOU AVE,,N/A,OTHER,OTHER,CLEAR,DRY,DAYLIGHT,TRAFFIC SIGNAL,UNKNOWN,NONE DETECTED,1298E7AA-B6B2-416A-B451-7583CC8AEBBC,OTHER,Cross/Enter at Intersection,UNKNOWN,AT INTERSECTION MARKED CROSSWALK,Unknown,SUSPECTED MINOR INJURY,MC/BIKE HELMET,39.0599561,-77.1200266,"    (39.0599561, -77.1200266)"
MCP30680046,220029582,Montgomery County Police,Injury Crash,07/10/2022 10:26,County,MACARTHUR BLVD,EGGERT DR,,N/A,BICYCLIST,OTHER,CLEAR,DRY,DAYLIGHT,N/A,N/A,N/A,58F06212-0F48-4129-A2F9-947AE42C594F,BICYCLIST,Walking/Riding w/Traffic,NO IMPROPER ACTIONS,SHOULDER,Yes,SUSPECTED MINOR INJURY,MC/BIKE HELMET,38.97599333,-77.18048333,"    (38.97599333, -77.18048333)"
MCP32960017,220029530,Montgomery County Police,Injury Crash,07/09/2022 21:27,Maryland (State),NEW HAMPSHIRE AVE,LOCKWOOD DR,,N/A,PEDESTRIAN,OTHER,CLEAR,DRY,DARK -- UNKNOWN LIGHTING,TRAFFIC SIGNAL,UNKNOWN,NONE DETECTED,8701E56C-92CA-4910-B50D-5DAC61AF6ED5,PEDESTRIAN,Cross/Enter at Intersection,NOT VISIBLE,ON ROADWAY AT CROSSWALK,No,SUSPECTED MINOR INJURY,NONE,39.04016,-76.98971,"    (39.04016, -76.98971)"
MCP32000061,220029471,Montgomery County Police,Injury Crash,07/09/2022 12:24,County,MONTROSE RD,EVELYN DR,,ROCKVILLE,PEDESTRIAN,OTHER,RAINING,WET,DAYLIGHT,STOP SIGN,NONE DETECTED,NONE DETECTED,443D3B8C-0747-47D7-984F-FEE4FCD26BDD,PEDESTRIAN,Cross/Enter at Intersection,NO IMPROPER ACTIONS,ON ROADWAY NOT AT CROSSWALK,No,SUSPECTED MINOR INJURY,NONE,39.05342,-77.13329233,"    (39.05342, -77.13329233)"
DM8403000R,220029453,Takoma Park Police Depart,Injury Crash,07/09/2022 10:07,Maryland (State),NEW HAMPSHIRE AVE,LARCH AVE,,TAKOMA PARK,PEDESTRIAN,SINGLE VEHICLE,CLEAR,DRY,DAYLIGHT,NO CONTROLS,NONE DETECTED,UNKNOWN,B044C418-B2BD-47D9-96A2-B4651AEFCDBB,PEDESTRIAN,Cross/Enter not at Intersection,IN ROADWAY IMPROPERLY,OTHER,Yes,SUSPECTED SERIOUS INJURY,N/A,38.99192361,-76.99186574,"    (38.99192361, -76.99186574)"
DD55780004,220029330,Rockville Police Departme,Injury Crash,07/08/2022 15:19,Maryland (State),HUNGERFORD DR,E MIDDLE LA,,ROCKVILLE,PEDESTRIAN,OTHER,CLEAR,DRY,DAYLIGHT,TRAFFIC SIGNAL,UNKNOWN,NONE DETECTED,71A04C71-6736-4AF7-92C9-E8A68ACF1C3F,PEDESTRIAN,Cross/Enter at Intersection,NO IMPROPER ACTIONS,ON ROADWAY AT CROSSWALK,No,POSSIBLE INJURY,NONE,39.0891809,-77.1516253,"    (39.0891809, -77.1516253)"
MCP32440021,220029316,Montgomery County Police,Injury Crash,07/08/2022 7:00,County,BONIFANT ST,GEORGIA AVE,,N/A,PEDESTRIAN,SINGLE VEHICLE,CLEAR,DRY,DAYLIGHT,NO CONTROLS,UNKNOWN,NONE DETECTED,1C405AF2-B12D-404E-8015-56A461344CDC,PEDESTRIAN,Walking/Riding w/Traffic,INATTENTIVE,ON ROADWAY NOT AT CROSSWALK,Yes,SUSPECTED MINOR INJURY,NONE,38.9910875,-77.02782433,"    (38.9910875, -77.02782433)"
EJ78580072,220028667,Gaithersburg Police Depar,Injury Crash,07/05/2022 11:35,,,,SIDEWALK ON MUDDY BRANCH RD @ TIMBERBROOK DR,,BICYCLIST,N/A,CLEAR,,DAYLIGHT,NO CONTROLS,,NONE DETECTED,920AFD2C-D12B-4A26-8FC0-58C845C0F35F,BICYCLIST,Walking/Riding w/Traffic,INATTENTIVE,SIDEWALK,Yes,SUSPECTED MINOR INJURY,NONE,39.14109613,-77.21031637,"    (39.14109613, -77.21031637)"
MCP2689008N,220028763,Montgomery County Police,Injury Crash,07/05/2022 9:02,County,PINEY MEETINGHOUSE RD,DEERBROOK DR,,N/A,BICYCLIST,SAME DIRECTION SIDESWIPE,CLOUDY,DRY,DAYLIGHT,NO CONTROLS,NONE DETECTED,NONE DETECTED,E0718BFC-ECD3-433F-B090-83E469C1DE91,BICYCLIST,Walking/Riding w/Traffic,NO IMPROPER ACTIONS,ON ROADWAY NOT AT CROSSWALK,No,SUSPECTED SERIOUS INJURY,MC/BIKE HELMET,39.07564833,-77.22235333,"    (39.07564833, -77.22235333)"
MCP3199003Y,220028752,Montgomery County Police,Injury Crash,07/05/2022 7:23,Maryland (State),GEORGIA AVE,HEWITT AVE,,N/A,PEDESTRIAN,STRAIGHT MOVEMENT ANGLE,N/A,DRY,DAYLIGHT,TRAFFIC SIGNAL,NONE DETECTED,NONE DETECTED,EE98A67C-A490-4549-88D0-8B7FE7C4D2EE,PEDESTRIAN,Cross/Enter at Intersection,NO IMPROPER ACTIONS,ON ROADWAY AT CROSSWALK,No,SUSPECTED MINOR INJURY,NONE,39.07748667,-77.07118333,"    (39.07748667, -77.07118333)"
MCP32800029,220028685,Montgomery County Police,Injury Crash,07/04/2022 14:12,Maryland (State),SANDY SPRING RD,DINO DR,,N/A,"BICYCLIST, OTHER",ANGLE MEETS RIGHT TURN,CLEAR,DRY,DAYLIGHT,TRAFFIC SIGNAL,NONE DETECTED,N/A,136559C1-479F-4C07-9B4F-B3F13512E6F1,OTHER,N/A,N/A,N/A,No,NO APPARENT INJURY,N/A,39.10874,-76.92343667,"    (39.10874, -76.92343667)"
MCP32800029,220028685,Montgomery County Police,Injury Crash,07/04/2022 14:12,Maryland (State),SANDY SPRING RD,DINO DR,,N/A,"BICYCLIST, OTHER",ANGLE MEETS RIGHT TURN,CLEAR,DRY,DAYLIGHT,TRAFFIC SIGNAL,NONE DETECTED,NONE DETECTED,FA1E617F-5474-42B6-8EB7-961D6F8C58EF,BICYCLIST,Cross/Enter at Intersection,FAILURE TO YIELD RIGHT OF WAY,OUTSIDE RIGHT OF WAY,Yes,SUSPECTED SERIOUS INJURY,NONE,39.10874,-76.92343667,"    (39.10874, -76.92343667)"
EJ785600BB,220028616,Gaithersburg Police Depar,Injury Crash,07/03/2022 21:44,Maryland (State),FREDERICK RD,ODENDHAL AVE,,GAITHERSBURG,PEDESTRIAN,OTHER,CLEAR,DRY,DARK LIGHTS ON,N/A,N/A,N/A,8A898BCC-5918-49F3-B6DE-B4AE066014C8,PEDESTRIAN,Standing,DISABLED VEHICLE RELATED,OTHER,Yes,SUSPECTED SERIOUS INJURY,N/A,39.14758608,-77.20593278,"    (39.14758608, -77.20593278)"
EJ78930017,220028270,Gaithersburg Police Depar,Injury Crash,07/01/2022 10:44,,,,PARKNIG LOT TO THE REAR OF 124 E DIAMOND AVENUE,,PEDESTRIAN,SAME DIRECTION SIDESWIPE,CLEAR,,DAYLIGHT,NO CONTROLS,NONE DETECTED,NONE DETECTED,26C0B458-515A-41C0-A696-FFC28B0961DA,PEDESTRIAN,Standing,NO IMPROPER ACTIONS,OTHER,No,POSSIBLE INJURY,NONE,39.14258257,-77.19493868,"    (39.14258257, -77.19493868)"
MCP31900041,220028253,Montgomery County Police,Injury Crash,07/01/2022 9:00,Maryland (State),GEORGIA AVE,QUEEN MARY DR,,N/A,PEDESTRIAN,OTHER,CLEAR,DRY,DAYLIGHT,OTHER,NONE DETECTED,NONE DETECTED,E0ABF675-E78C-4500-BD87-776FF3E97D4D,PEDESTRIAN,Cross/Enter at Intersection,NO IMPROPER ACTIONS,ON ROADWAY AT CROSSWALK,No,SUSPECTED MINOR INJURY,NONE,39.149255,-77.066515,"    (39.149255, -77.066515)"
MCP24200048,220028240,Montgomery County Police,Injury Crash,07/01/2022 6:55,County,RANDOLPH RD,GLENMONT CIR #1,,N/A,BICYCLIST,OTHER,CLEAR,DRY,DAYLIGHT,TRAFFIC SIGNAL,NONE DETECTED,NONE DETECTED,F346B0C8-89B3-43D4-8D4B-554809E8E335,BICYCLIST,Cross/Enter not at Intersection,N/A,ON ROADWAY NOT AT CROSSWALK,Yes,SUSPECTED SERIOUS INJURY,NONE,39.05796167,-77.048425,"    (39.05796167, -77.048425)"
MCP3129004L,220028006,Montgomery County Police,Property Damage Crash,06/30/2022 06:12:00 PM,,,,PARKING LOT OF 623 BRANDON GREEN DR,,OTHER,SINGLE VEHICLE,CLEAR,,DAYLIGHT,N/A,NONE DETECTED,N/A,EEA4E39C-50E4-4B16-A862-3CF892C1C48F,OTHER,Other,N/A,OTHER,No,NO APPARENT INJURY,N/A,39.14592833,-77.06694667,"    (39.14592833, -77.06694667)"
MCP3255003R,220028180,Montgomery County Police,Injury Crash,06/30/2022 05:30:00 PM,County,MONTGOMERY VILLAGE AVE,ARROWHEAD RD,,N/A,PEDESTRIAN,SINGLE VEHICLE,CLEAR,DRY,DAYLIGHT,NO CONTROLS,N/A,N/A,E84977D2-A2D3-4056-AE7D-B5EAEE514FE4,PEDESTRIAN,Cross/Enter not at Intersection,IN ROADWAY IMPROPERLY,MEDIAN,Yes,POSSIBLE INJURY,NONE,39.18790333,-77.19760167,"    (39.18790333, -77.19760167)"
MCP2298010D,220028163,Montgomery County Police,Injury Crash,06/30/2022 04:06:00 PM,County,BASSWOOD HILL DR,CHESTNUT GLEN RD,,N/A,OTHER PEDALCYCLIST,SINGLE VEHICLE,CLEAR,DRY,DAYLIGHT,NO CONTROLS,NONE DETECTED,NONE DETECTED,A400E03F-5381-4279-AF49-7B03538A1159,OTHER PEDALCYCLIST,Playing,N/A,OTHER,No,POSSIBLE INJURY,MC/BIKE HELMET,39.24493833,-77.18666,"    (39.24493833, -77.18666)"
HA2483000W,22001096,Maryland-National Capital,Property Damage Crash,06/30/2022 03:50:00 PM,Government,LITTLE FALLS PKWY,ARLINGTON RD,,N/A,OTHER,STRAIGHT MOVEMENT ANGLE,CLEAR,DRY,DAYLIGHT,STOP SIGN,NONE DETECTED,NONE DETECTED,D7F2ACB2-006B-4E84-909D-94960C9CECE8,OTHER,N/A,N/A,N/A,Unknown,NO APPARENT INJURY,N/A,38.97287633,-77.100504,"    (38.97287633, -77.100504)"
EJ78930016,220028119,Gaithersburg Police Depar,Injury Crash,06/30/2022 12:33:00 PM,,,,PARKING LOT OF 880 RUSSELL AVENUE,,PEDESTRIAN,OTHER,CLEAR,,DAYLIGHT,NO CONTROLS,NONE DETECTED,NONE DETECTED,8E077D76-5F2F-46F9-ADDB-3AC9E65BC196,PEDESTRIAN,Standing,NO IMPROPER ACTIONS,OTHER,No,POSSIBLE INJURY,N/A,39.15587113,-77.21361772,"    (39.15587113, -77.21361772)"
DD55270043,220027984,Rockville Police Departme,Property Damage Crash,06/29/2022 04:00:00 PM,,,,PARKING LOT OF 1518 ROCKVILLE PIKE,,OTHER CONVEYANCE,OTHER,CLEAR,,DAYLIGHT,NO CONTROLS,NONE DETECTED,NONE DETECTED,1AD99831-426C-468A-B984-369027C89846,OTHER CONVEYANCE,Other,N/A,OTHER,No,NO APPARENT INJURY,NONE,39.06470036,-77.12648117,"    (39.06470036, -77.12648117)"
MCP29770090,220027756,Montgomery County Police,Injury Crash,06/28/2022 08:37:00 AM,County,TIMBERWOOD AVE,COLESVILLE RD,,N/A,PEDESTRIAN,OTHER,CLEAR,DRY,DAYLIGHT,NO CONTROLS,UNKNOWN,NONE DETECTED,2D2A3239-FDF5-4974-8570-5B335230016F,PEDESTRIAN,Getting off/on Vehicle,IN ROADWAY IMPROPERLY,ON ROADWAY NOT AT CROSSWALK,Yes,POSSIBLE INJURY,NONE,39.02165167,-77.01238833,"    (39.02165167, -77.01238833)"
MCP14330044,220027715,Montgomery County Police,Injury Crash,06/27/2022 07:25:00 PM,,,,FEDERAL PLAZA SHOPPING CENTER 12266-E ROCKVILLE PIKE (TIGER SUGAR),,OTHER,SINGLE VEHICLE,CLEAR,,DAYLIGHT,N/A,NONE DETECTED,NONE DETECTED,0164D6D2-2BAD-44A6-8DA5-57715C379D02,OTHER,N/A,NO IMPROPER ACTIONS,INSIDE BUILDING,No,POSSIBLE INJURY,N/A,39.057375,-77.12152333,"    (39.057375, -77.12152333)"
MCP2968004F,220027586,Montgomery County Police,Injury Crash,06/27/2022 08:47:00 AM,County,LINCOLNSHIRE DR,FALLS CHAPEL WAY,,N/A,PEDESTRIAN,OTHER,CLEAR,DRY,DAYLIGHT,N/A,N/A,N/A,62ABED7D-4ADA-4488-B4E1-AAF2E7314B98,PEDESTRIAN,Other Working,NO IMPROPER ACTIONS,OTHER,No,NO APPARENT INJURY,REFLECTIVE CLOTHING,39.063115,-77.18202833,"    (39.063115, -77.18202833)"
MCP2968004F,220027586,Montgomery County Police,Injury Crash,06/27/2022 08:47:00 AM,County,LINCOLNSHIRE DR,FALLS CHAPEL WAY,,N/A,PEDESTRIAN,OTHER,CLEAR,DRY,DAYLIGHT,N/A,N/A,N/A,43448CF5-A2FC-49CA-90F8-0C19F24DC1A4,PEDESTRIAN,Other Working,NO IMPROPER ACTIONS,OTHER,No,SUSPECTED MINOR INJURY,REFLECTIVE CLOTHING,39.063115,-77.18202833,"    (39.063115, -77.18202833)"
DM8500000X,220027533,Takoma Park Police Depart,Injury Crash,06/26/2022 05:52:00 PM,,,,"7611 PINEY BRANCH RD, MIDDLE SCHOOL PARKING LOT.",,PEDESTRIAN,OTHER,CLEAR,,DAYLIGHT,NO CONTROLS,N/A,N/A,7C38972F-0B89-4283-8367-9FD89810BE88,PEDESTRIAN,Standing,UNKNOWN,OTHER,No,SUSPECTED MINOR INJURY,N/A,38.98549165,-77.01284714,"    (38.98549165, -77.01284714)"
MCP2875005Y,220027515,Montgomery County Police,Injury Crash,06/26/2022 02:00:00 PM,,,,PARKING LOT OF 26075 RIDGE RD.,,PEDESTRIAN,OTHER,CLEAR,,DAYLIGHT,NO CONTROLS,NONE DETECTED,NONE DETECTED,3CCDD0E9-2B24-43F5-9CBC-DA61C29A6B1F,PEDESTRIAN,Standing,NO IMPROPER ACTIONS,OTHER,No,POSSIBLE INJURY,N/A,39.28503986,-77.20887197,"    (39.28503986, -77.20887197)"
MCP32390028,220027483,Montgomery County Police,Injury Crash,06/26/2022 09:35:00 AM,County,LOCKWOOD DR,HEATHER HOLLOW CIR,,N/A,PEDESTRIAN,SINGLE VEHICLE,CLEAR,DRY,DAYLIGHT,NO CONTROLS,NONE DETECTED,NONE DETECTED,AB23A77E-0FC1-4CD7-A24D-B008C2B32A97,PEDESTRIAN,Cross/Enter not at Intersection,INATTENTIVE,ON ROADWAY NOT AT CROSSWALK,No,POSSIBLE INJURY,NONE,39.04116277,-76.98640652,"    (39.04116277, -76.98640652)"
MCP2899005Q,220027447,Montgomery County Police,Injury Crash,06/25/2022 10:57:00 PM,Maryland (State),NEW HAMPSHIRE AVE,POWDER MILL RD,,N/A,PEDESTRIAN,OTHER,CLEAR,DRY,DARK LIGHTS ON,NO CONTROLS,UNKNOWN,UNKNOWN,42275784-1562-4C3E-949C-509C52AFBE4A,PEDESTRIAN,Cross/Enter not at Intersection,UNKNOWN,ON ROADWAY NOT AT CROSSWALK,Yes,SUSPECTED SERIOUS INJURY,NONE,39.02297333,-76.97816167,"    (39.02297333, -76.97816167)"
MCP31690059,220027392,Montgomery County Police,Injury Crash,06/25/2022 12:17:00 PM,County,FLOWER AVE,ARLISS ST,,N/A,PEDESTRIAN,SAME DIRECTION SIDESWIPE,CLEAR,DRY,DAYLIGHT,N/A,"ALCOHOL PRESENT, N/A",N/A,9932A74C-FDBC-4AC4-9E4D-0AB59FCEC50D,PEDESTRIAN,Cross/Enter at Intersection,NO IMPROPER ACTIONS,ON ROADWAY AT CROSSWALK,No,SUSPECTED MINOR INJURY,NONE,38.99832333,-77.00416167,"    (38.99832333, -77.00416167)"
MCP2001001S,220027189,Montgomery County Police,Fatal Crash,06/24/2022 04:30:00 AM,Maryland (State),GEORGIA AVE,ROSSMOOR BLVD,,N/A,PEDESTRIAN,SINGLE VEHICLE,CLEAR,DRY,DARK NO LIGHTS,NO CONTROLS,NONE DETECTED,N/A,47FBE4D0-CEC8-4C4C-900A-7D45E68A1A18,PEDESTRIAN,Cross/Enter not at Intersection,IN ROADWAY IMPROPERLY,ON ROADWAY NOT AT CROSSWALK,Yes,FATAL INJURY,N/A,39.09968167,-77.07761667,"    (39.09968167, -77.07761667)"
MCP295400BV,220026993,Montgomery County Police,Injury Crash,06/22/2022 08:50:00 PM,Maryland (State),UNIVERSITY BLVD E,PATTON DR,,N/A,PEDESTRIAN,STRAIGHT MOVEMENT ANGLE,RAINING,WET,DARK -- UNKNOWN LIGHTING,NO CONTROLS,NONE DETECTED,ALCOHOL PRESENT,46533662-9065-487B-B8BA-3CCA6EFBB463,PEDESTRIAN,Cross/Enter not at Intersection,FAILURE TO YIELD RIGHT OF WAY,ON ROADWAY NOT AT CROSSWALK,Yes,POSSIBLE INJURY,NONE,39.00114405,-76.99546947,"    (39.00114405, -76.99546947)"
MCP2895002B,220026615,Montgomery County Police,Injury Crash,06/20/2022 07:30:00 PM,County,MIDDLEBROOK RD,RIDGECREST DR,,N/A,BICYCLIST,OTHER,N/A,DRY,DAYLIGHT,STOP SIGN,NONE DETECTED,NONE DETECTED,46288F10-D0F2-4D72-9703-7C4073441B6E,BICYCLIST,Cross/Enter at Intersection,NO IMPROPER ACTIONS,ON ROADWAY NOT AT CROSSWALK,No,POSSIBLE INJURY,NONE,39.17487664,-77.25918558,"    (39.17487664, -77.25918558)"
MCP1301001V,220026609,Montgomery County Police,Injury Crash,06/20/2022 06:24:00 PM,Maryland (State),WOODFIELD RD,CLEARSPRING RD,,N/A,PEDESTRIAN,OTHER,CLEAR,DRY,DAYLIGHT,NO CONTROLS,NONE DETECTED,UNKNOWN,5FDD7FA0-6442-4A06-9E93-51BA6FF56622,PEDESTRIAN,Cross/Enter not at Intersection,FAILURE TO YIELD RIGHT OF WAY,ON ROADWAY NOT AT CROSSWALK,Yes,SUSPECTED SERIOUS INJURY,N/A,39.27226333,-77.20455333,"    (39.27226333, -77.20455333)"
MCP2278003X,220026555,Montgomery County Police,Injury Crash,06/20/2022 12:08:00 PM,Maryland (State),WISCONSIN AVE,NOTTINGHAM DR,,N/A,BICYCLIST,STRAIGHT MOVEMENT ANGLE,CLEAR,DRY,DAYLIGHT,STOP SIGN,NONE DETECTED,NONE DETECTED,958D63A9-4D04-4B4A-A57A-D83675B07B93,BICYCLIST,Cross/Enter at Intersection,NO IMPROPER ACTIONS,ON ROADWAY AT CROSSWALK,No,SUSPECTED MINOR INJURY,NONE,38.97637399,-77.09030635,"    (38.97637399, -77.09030635)"
MCP30660021,220026432,Montgomery County Police,Injury Crash,06/19/2022 07:00:00 AM,Maryland (State),EAST WEST HWY,GRUBB RD,,N/A,PEDESTRIAN,OTHER,CLEAR,DRY,DAYLIGHT,TRAFFIC SIGNAL,N/A,N/A,940A01F0-9941-42D2-98E3-9D1A234E64EC,PEDESTRIAN,Cross/Enter at Intersection,NO IMPROPER ACTIONS,ON ROADWAY AT CROSSWALK,No,SUSPECTED SERIOUS INJURY,N/A,38.99374076,-77.05190853,"    (38.99374076, -77.05190853)"
MCP285900CH,220026307,Montgomery County Police,Injury Crash,06/18/2022 03:36:00 PM,Maryland (State),FREDERICK RD,RAMP 2 FR RP 7 (FR IS370 WB) TO MD355 NB,,N/A,BICYCLIST,OTHER,CLEAR,DRY,DAYLIGHT,NO CONTROLS,NONE DETECTED,NONE DETECTED,CA6999A8-7C82-4FD6-9BF3-6A27BB91A703,BICYCLIST,Cross/Enter not at Intersection,NO IMPROPER ACTIONS,ON ROADWAY AT CROSSWALK,No,SUSPECTED MINOR INJURY,NONE,39.12460926,-77.18016095,"    (39.12460926, -77.18016095)"