Report Number,Local Case Number,Agency Name,ACRS Report Type,Crash Date/Time,Route Type,Road Name,Cross-Street Name,Off-Road Description,Municipality,Related Non-Motorist,Collision Type,Weather,Surface Condition,Light,Traffic Control,Driver Substance Abuse,Non-Motorist Substance Abuse,Person ID,Pedestrian Type,Pedestrian Movement,Pedestrian Actions,Pedestrian Location,At Fault,Injury Severity,Safety Equipment,Latitude,Longitude,Location
MCP3059007Y,220021726,Montgomery County Police,Injury Crash,05/21/2022 05:44:00 PM,County,SENECA FOREST CIR,SENECA FOREST CIR,,N/A,OTHER,SAME DIR REAR END,CLEAR,DRY,DAYLIGHT,NO CONTROLS,,NONE DETECTED,7C11BD5E-EA55-4E90-841B-38A1EECFDD2C,OTHER,Getting off/on Vehicle,ENTERING EXITING PARKED STANDING VEHICLE,OTHER,Yes,NO APPARENT INJURY,N/A,39.20750333,-77.234685,"    (39.20750333, -77.234685)"
MCP3320000V,220021711,Montgomery County Police,Injury Crash,05/21/2022 04:00:00 PM,County,FENTON ST,THAYER AVE,,N/A,PEDESTRIAN,SINGLE VEHICLE,CLEAR,DRY,DAYLIGHT,TRAFFIC SIGNAL,NONE DETECTED,NONE DETECTED,93E2C2FC-B5DB-4F08-9E50-5D7B83F7E93C,PEDESTRIAN,Cross/Enter at Intersection,N/A,AT INTERSECTION MARKED CROSSWALK,No,SUSPECTED MINOR INJURY,N/A,38.99304768,-77.02408693,"    (38.99304768, -77.02408693)"
DM8479001C,220021661,Takoma Park Police Depart,Injury Crash,05/21/2022 10:12:00 AM,,,,PARKING LOT,,PEDESTRIAN,N/A,N/A,,DAYLIGHT,NO CONTROLS,NONE DETECTED,NONE DETECTED,4A07043C-64F7-4703-8B5B-E53C84C844B2,PEDESTRIAN,Other,OTHER,OTHER,Unknown,POSSIBLE INJURY,NONE,38.98664837,-76.98786523,"    (38.98664837, -76.98786523)"
MCP27980050,220021583,Montgomery County Police,Injury Crash,05/20/2022 06:40:00 PM,County,MIDDLEBROOK RD,CELEBRATION WAY,,N/A,PEDESTRIAN,OTHER,CLEAR,DRY,DAYLIGHT,OTHER,NONE DETECTED,NONE DETECTED,CE0DF1C3-CEB1-4634-87BD-B72BDD67125B,PEDESTRIAN,Cross/Enter not at Intersection,DART DASH,ON ROADWAY NOT AT CROSSWALK,Yes,POSSIBLE INJURY,NONE,39.18164167,-77.26942333,"    (39.18164167, -77.26942333)"
MCP2753005F,220021523,Montgomery County Police,Injury Crash,05/20/2022 01:20:00 PM,Maryland (State),NORBECK RD,GEORGIA AVE,,N/A,BICYCLIST,OTHER,N/A,DRY,DAYLIGHT,TRAFFIC SIGNAL,NONE DETECTED,NONE DETECTED,C67CEE2E-0D03-415C-B3BD-20F4CE1CFB9B,BICYCLIST,Cross/Enter at Intersection,NO IMPROPER ACTIONS,AT INTERSECTION MARKED CROSSWALK,No,SUSPECTED MINOR INJURY,MC/BIKE HELMET,39.109445,-77.07531333,"    (39.109445, -77.07531333)"
MCP3091003M,220021345,Montgomery County Police,Injury Crash,05/19/2022 01:44:00 PM,County,CRABBS BRANCH WAY,REDLAND RD,,N/A,OTHER,STRAIGHT MOVEMENT ANGLE,CLEAR,DRY,DAYLIGHT,TRAFFIC SIGNAL,N/A,N/A,EDFA2194-354D-4FFF-9D3D-B13FFD4621B6,OTHER,Cross/Enter at Intersection,FAILURE TO YIELD RIGHT OF WAY,ON ROADWAY AT CROSSWALK,Yes,SUSPECTED MINOR INJURY,UNKNOWN,39.1232285,-77.15694217,"    (39.1232285, -77.15694217)"
MCP9419003F,220021170,Montgomery County Police,Injury Crash,05/18/2022 02:30:00 PM,,,,SIDEWALK/PARKING LOT OF 1029 E. GUDE DRIVE,,BICYCLIST,STRAIGHT MOVEMENT ANGLE,CLEAR,,DAYLIGHT,NO CONTROLS,NONE DETECTED,NONE DETECTED,100068DE-6A4A-45C4-8A6B-09F37E9E5647,BICYCLIST,Walking/Cycling on Sidewalk,NO IMPROPER ACTIONS,SIDEWALK,No,SUSPECTED MINOR INJURY,MC/BIKE HELMET,39.098385,-77.13816,"    (39.098385, -77.13816)"
MCP2917009F,220021066,Montgomery County Police,Injury Crash,05/17/2022 08:11:00 PM,County,PARKLAND DR,ASPEN HILL RD,,N/A,BICYCLIST,SAME DIRECTION SIDESWIPE,CLEAR,DRY,DUSK,TRAFFIC SIGNAL,N/A,NONE DETECTED,6ECEC3ED-EC73-4793-9CFB-EE4483096DAF,BICYCLIST,Walking/Riding w/Traffic,NO IMPROPER ACTIONS,SHOULDER,No,SUSPECTED MINOR INJURY,MC/BIKE HELMET,39.0790152,-77.08716104,"    (39.0790152, -77.08716104)"
MCP2522001K,220020960,Montgomery County Police,Property Damage Crash,05/17/2022 09:48:00 AM,County,MACARTHUR BLVD,SANGAMORE RD,,N/A,BICYCLIST,HEAD ON LEFT TURN,CLEAR,DRY,DAYLIGHT,TRAFFIC SIGNAL,NONE DETECTED,NONE DETECTED,D7B66FCB-AE02-4CDD-9A7F-B88834A1BFF5,BICYCLIST,Cross/Enter at Intersection,NO IMPROPER ACTIONS,ON ROADWAY NOT AT CROSSWALK,No,NO APPARENT INJURY,MC/BIKE HELMET,38.9444045,-77.11671933,"    (38.9444045, -77.11671933)"
MCP3254001Y,220020677,Montgomery County Police,Injury Crash,05/15/2022 12:32:00 PM,County,MATENY RD,GREAT SENECA HWY,,N/A,BICYCLIST,OTHER,CLEAR,DRY,DAYLIGHT,TRAFFIC SIGNAL,NONE DETECTED,NONE DETECTED,711D2483-9E85-4E98-BA2E-3322C1F79B19,BICYCLIST,Cross/Enter at Intersection,NO IMPROPER ACTIONS,ON ROADWAY AT CROSSWALK,No,SUSPECTED MINOR INJURY,MC/BIKE HELMET,39.14622307,-77.27464274,"    (39.14622307, -77.27464274)"
DD55220056,220020909,Rockville Police Departme,Injury Crash,05/15/2022 10:28:00 AM,Municipality,W EDMONSTON DR,ROCKVILLE PIKE,,N/A,PEDESTRIAN,OTHER,UNKNOWN,UNKNOWN,DAYLIGHT,STOP SIGN,UNKNOWN,N/A,1ABB89A9-DEF8-489A-82E7-29037BA04666,PEDESTRIAN,Cross/Enter at Intersection,UNKNOWN,AT INTERSECTION MARKED CROSSWALK,Unknown,SUSPECTED MINOR INJURY,N/A,39.07372622,-77.13698762,"    (39.07372622, -77.13698762)"
EJ7893000W,220020145,Gaithersburg Police Depar,Injury Crash,05/12/2022 8:37,County,SHADY GROVE RD,RAMP 6 FR SHADY GROVE RD EB TO IS 270 SB,,N/A,BICYCLIST,OTHER,CLOUDY,DRY,DAYLIGHT,TRAFFIC SIGNAL,NONE DETECTED,NONE DETECTED,AC0FD610-C7CE-4182-9CD0-9945E865D30E,BICYCLIST,Walking/Cycling on Sidewalk,NO IMPROPER ACTIONS,AT INTERSECTION MARKED CROSSWALK,No,POSSIBLE INJURY,NONE,39.10946505,-77.18828765,"    (39.10946505, -77.18828765)"
MCP3039005Y,220019946,Montgomery County Police,Injury Crash,05/10/2022 22:00,US (State),GEORGIA AVE,THAYER AVE,,N/A,PEDESTRIAN,STRAIGHT MOVEMENT ANGLE,CLEAR,DRY,DARK LIGHTS ON,TRAFFIC SIGNAL,NONE DETECTED,N/A,A18D68AF-E35A-4573-8603-43749067B9C2,PEDESTRIAN,Cross/Enter at Intersection,NO IMPROPER ACTIONS,AT INTERSECTION MARKED CROSSWALK,No,SUSPECTED MINOR INJURY,REFLECTIVE CLOTHING,38.99291668,-77.02660492,"    (38.99291668, -77.02660492)"
MCP30440058,220019942,Montgomery County Police,Property Damage Crash,05/10/2022 20:47,County,BRIGGS CHANEY RD,ROBEY RD,,N/A,BICYCLIST,OTHER,CLEAR,DRY,DARK NO LIGHTS,NO CONTROLS,NONE DETECTED,N/A,323A2E61-72AD-4D5A-80DB-965806551EC4,BICYCLIST,Cross/Enter at Intersection,N/A,ON ROADWAY AT CROSSWALK,No,NO APPARENT INJURY,NONE,39.07957667,-76.94478167,"    (39.07957667, -76.94478167)"
MCP3200005L,220019858,Montgomery County Police,Injury Crash,05/10/2022 13:45,County,NEILWOOD DR,LUXMANOR RD,,N/A,PEDESTRIAN,OTHER,CLEAR,DRY,DAYLIGHT,NO CONTROLS,,NONE DETECTED,EDA9CF4A-10DF-4D13-90E9-5844F2C73522,PEDESTRIAN,Other Working,ENTERING EXITING PARKED STANDING VEHICLE,ON ROADWAY NOT AT CROSSWALK,Yes,SUSPECTED MINOR INJURY,NONE,39.04576333,-77.12315283,"    (39.04576333, -77.12315283)"
MCP3019004S,220019736,Montgomery County Police,Injury Crash,05/09/2022 18:40,Maryland (State),WISCONSIN AVE,CHASE AVE,,N/A,PEDESTRIAN,SINGLE VEHICLE,CLEAR,DRY,DAYLIGHT,TRAFFIC SIGNAL,N/A,N/A,8F908C90-33F6-4379-BAE4-5602936A506C,PEDESTRIAN,Cross/Enter at Intersection,NO IMPROPER ACTIONS,AT INTERSECTION MARKED CROSSWALK,No,POSSIBLE INJURY,NONE,38.98870833,-77.09506667,"    (38.98870833, -77.09506667)"
MCP32790016,220019768,Montgomery County Police,Injury Crash,05/09/2022 17:30,County,BLUHILL RD,RANDOLPH RD,,N/A,PEDESTRIAN,SINGLE VEHICLE,UNKNOWN,UNKNOWN,UNKNOWN,STOP SIGN,NONE DETECTED,N/A,3897BA3A-91A1-45C8-9117-09D8E5E97CF3,PEDESTRIAN,Cross/Enter at Intersection,NO IMPROPER ACTIONS,ON ROADWAY AT CROSSWALK,No,SUSPECTED MINOR INJURY,NONE,39.05898675,-77.06498015,"    (39.05898675, -77.06498015)"
MCP2861005C,220019720,Montgomery County Police,Injury Crash,05/09/2022 17:05,Maryland (State),OLD GEORGETOWN RD,CHESHIRE DR,,N/A,BICYCLIST,OTHER,CLEAR,DRY,DAYLIGHT,TRAFFIC SIGNAL,NONE DETECTED,NONE DETECTED,04EE3EF5-0363-43B0-ADBE-3DE5915B8B76,BICYCLIST,Cross/Enter not at Intersection,DART DASH,ON ROADWAY NOT AT CROSSWALK,Yes,SUSPECTED SERIOUS INJURY,MC/BIKE HELMET,39.02244667,-77.12369333,"    (39.02244667, -77.12369333)"
EJ7873005Y,220019686,Gaithersburg Police Depar,Injury Crash,05/09/2022 14:00,,,,"PAARKING LOT OF 18749 N FREDERICK AVE GAITHERSBURG, MD 20879",,PEDESTRIAN,OTHER,CLEAR,,DAYLIGHT,NO CONTROLS,NONE DETECTED,N/A,830027DD-7944-4635-A6C9-AACF7857F7D9,PEDESTRIAN,Other,DART DASH,OTHER,Yes,POSSIBLE INJURY,NONE,39.16350472,-77.22561123,"    (39.16350472, -77.22561123)"
EJ7893000S,220019632,Gaithersburg Police Depar,Injury Crash,05/09/2022 9:12,,FELLOWSHIP CIRCLE,RUSSELL AVE,,N/A,PEDESTRIAN,OTHER,CLEAR,DRY,DAYLIGHT,STOP SIGN,NONE DETECTED,NONE DETECTED,89E170D1-4B6B-4634-B445-53C54128308D,PEDESTRIAN,Cross/Enter at Intersection,N/A,ON ROADWAY AT CROSSWALK,No,SUSPECTED MINOR INJURY,NONE,39.14962532,-77.19932873,"    (39.14962532, -77.19932873)"
DD56450020,220019725,Rockville Police Departme,Injury Crash,05/09/2022 5:30,County,TWINBROOK PKWY,VEIRS MILL RD,,N/A,PEDESTRIAN,OTHER,CLEAR,N/A,DARK LIGHTS ON,N/A,N/A,NONE DETECTED,4EC82E48-3F1E-4DCB-B302-62C566BCEDC0,PEDESTRIAN,Walking/Riding w/Traffic,UNKNOWN,ON ROADWAY AT CROSSWALK,Unknown,SUSPECTED MINOR INJURY,NONE,39.07345014,-77.11184764,"    (39.07345014, -77.11184764)"
MCP3305001N,220019612,Montgomery County Police,Injury Crash,05/08/2022 23:45,County,BROADBIRCH DR,BOURNEFIELD WAY,,N/A,PEDESTRIAN,OTHER,CLEAR,DRY,DARK NO LIGHTS,NO CONTROLS,UNKNOWN,NONE DETECTED,F60DE789-1ED8-4046-BDD4-7B2A53221E9B,PEDESTRIAN,Cross/Enter not at Intersection,IN ROADWAY IMPROPERLY,ON ROADWAY NOT AT CROSSWALK,Yes,SUSPECTED MINOR INJURY,NONE,39.05549688,-76.96138742,"    (39.05549688, -76.96138742)"
MCP32150032,220019544,Montgomery County Police,Property Damage Crash,05/08/2022 12:40,Maryland (State),16TH ST,COLESVILLE RD,,N/A,BICYCLIST,STRAIGHT MOVEMENT ANGLE,CLEAR,DRY,DAYLIGHT,TRAFFIC SIGNAL,UNKNOWN,NONE DETECTED,1D549C0A-F682-47E0-8815-2D9C4A0A33EE,BICYCLIST,Cross/Enter at Intersection,NO IMPROPER ACTIONS,AT INTERSECTION MARKED CROSSWALK,No,NO APPARENT INJURY,MC/BIKE HELMET,38.99255596,-77.03618228,"    (38.99255596, -77.03618228)"
MCP2231006L,220019432,Montgomery County Police,Injury Crash,05/07/2022 14:08,Municipality,QUINCE ORCHARD BLVD,QUINCE ORCHARD RD,,N/A,BICYCLIST,SINGLE VEHICLE,RAINING,WET,DAYLIGHT,TRAFFIC SIGNAL,NONE DETECTED,NONE DETECTED,7E05659A-DDCE-4382-B51B-399C9809081F,BICYCLIST,Cross/Enter at Intersection,FAILURE TO YIELD RIGHT OF WAY,ON ROADWAY AT CROSSWALK,Yes,SUSPECTED MINOR INJURY,MC/BIKE HELMET,39.13455833,-77.223985,"    (39.13455833, -77.223985)"
MCP2181004L,220019281,Montgomery County Police,Fatal Crash,05/06/2022 11:21,County,ROCKLEDGE DR,DEMOCRACY BLVD,,N/A,PEDESTRIAN,OTHER,RAINING,WET,DAYLIGHT,N/A,N/A,NONE DETECTED,79303E71-FB09-4962-A39A-ED2AEDB552F8,PEDESTRIAN,Cross/Enter not at Intersection,DART DASH,ON ROADWAY NOT AT CROSSWALK,Yes,FATAL INJURY,NONE,39.02436333,-77.13263667,"    (39.02436333, -77.13263667)"
MCP21820030,220019289,Montgomery County Police,Property Damage Crash,05/06/2022 7:20,,,,FRONT PARKING LOT OF WALT WHITMAN HIGH SCHOOL,,PEDESTRIAN,OTHER,RAINING,,DAYLIGHT,NO CONTROLS,N/A,N/A,A5D26242-86EF-4A39-8996-9371877AEB60,PEDESTRIAN,Walking/Riding w/Traffic,NO IMPROPER ACTIONS,OTHER,No,NO APPARENT INJURY,N/A,38.9814697,-77.12575206,"    (38.9814697, -77.12575206)"
MCP2563001C,220019208,Montgomery County Police,Injury Crash,05/05/2022 21:54,US (State),COLUMBIA PIKE,PRELUDE DR,,N/A,PEDESTRIAN,SINGLE VEHICLE,CLEAR,DRY,DARK LIGHTS ON,TRAFFIC SIGNAL,NONE DETECTED,UNKNOWN,C8DD5AFB-FE6D-4DDD-BE14-9CAE62BE3680,PEDESTRIAN,Cross/Enter at Intersection,NO IMPROPER ACTIONS,ON ROADWAY AT CROSSWALK,No,SUSPECTED SERIOUS INJURY,NONE,39.03919333,-76.99782333,"    (39.03919333, -76.99782333)"
MCP3246001F,220019023,Montgomery County Police,Injury Crash,05/04/2022 21:37,Maryland (State),LAYHILL RD,GLENALLAN AVE,,N/A,PEDESTRIAN,OTHER,CLEAR,DRY,DARK LIGHTS ON,STOP SIGN,NONE DETECTED,NONE DETECTED,DDDD3956-29F0-4E9D-8077-1155303449E4,PEDESTRIAN,Cross/Enter at Intersection,OTHER,DRIVEWAY ACCESS MARKED CROSSWALK,No,SUSPECTED MINOR INJURY,N/A,39.0651185,-77.04827733,"    (39.0651185, -77.04827733)"
MCP32960014,220018844,Montgomery County Police,Injury Crash,05/03/2022 19:13,,,,PARKING LOT IN FRONT OF 1707 JANUARY DR.,,PEDESTRIAN,SAME DIR REAR END,CLEAR,,DUSK,NO CONTROLS,,NONE DETECTED,C6389EAD-6444-4571-B7B4-3D23E8F22A50,PEDESTRIAN,Push/Work on Vehicle,DISABLED VEHICLE RELATED,OTHER,Unknown,SUSPECTED SERIOUS INJURY,NONE,39.04665833,-76.97653333,"    (39.04665833, -76.97653333)"
MCP29190099,220018434,Montgomery County Police,Injury Crash,04/30/2022 08:20:00 PM,Maryland (State),UNIVERSITY BLVD E,E SCHUYLER RD,,N/A,PEDESTRIAN,OTHER,CLEAR,DRY,DARK LIGHTS ON,N/A,NONE DETECTED,ALCOHOL PRESENT,D3037BAD-F845-493E-8E52-2348BBC0AC0D,PEDESTRIAN,Cross/Enter not at Intersection,IN ROADWAY IMPROPERLY,ON ROADWAY NOT AT CROSSWALK,Yes,POSSIBLE INJURY,N/A,39.00879833,-76.99838333,"    (39.00879833, -76.99838333)"
MCP32740019,220018295,Montgomery County Police,Injury Crash,04/29/2022 09:45:00 PM,Maryland (State),RIVER RD,LANDY LA,,N/A,PEDESTRIAN,STRAIGHT MOVEMENT ANGLE,CLEAR,DRY,DARK LIGHTS ON,NO CONTROLS,NONE DETECTED,ALCOHOL CONTRIBUTED,21A4737C-7222-447F-83D2-946A3DB54578,PEDESTRIAN,Other,IN ROADWAY IMPROPERLY,OUTSIDE RIGHT OF WAY,Yes,SUSPECTED SERIOUS INJURY,N/A,38.96501333,-77.10390833,"    (38.96501333, -77.10390833)"
MCP31680049,220018235,Montgomery County Police,Injury Crash,04/29/2022 03:00:00 PM,,,,ENTERANCE/EXIT OF 12151 ROCKVILLE PIKE,,BICYCLIST,STRAIGHT MOVEMENT ANGLE,CLEAR,,DAYLIGHT,NO CONTROLS,NONE DETECTED,NONE DETECTED,5773DC59-65C9-486D-9579-733397973A4B,BICYCLIST,Cross/Enter at Intersection,NO IMPROPER ACTIONS,SIDEWALK,No,POSSIBLE INJURY,MC/BIKE HELMET,39.05814,-77.12053833,"    (39.05814, -77.12053833)"
MCP23480067,220018003,Montgomery County Police,Fatal Crash,04/28/2022 10:01:00 AM,County,TUCKERMAN LA,KINGS RIDING WAY,,N/A,PEDESTRIAN,SINGLE VEHICLE,CLEAR,DRY,DAYLIGHT,TRAFFIC SIGNAL,NONE DETECTED,UNKNOWN,D935AA95-550D-4A0D-BAC6-FD4DEA333B80,PEDESTRIAN,Cross/Enter not at Intersection,FAILURE TO OBEY TRAFFIC SIGNS SIGNALS OR OFFICER,ON ROADWAY AT CROSSWALK,Yes,FATAL INJURY,NONE,39.03005928,-77.11307377,"    (39.03005928, -77.11307377)"
MCP3311000R,220017939,Montgomery County Police,Injury Crash,04/27/2022 08:45:00 PM,County,NICHOLSON LA,HUFF CT,,N/A,PEDESTRIAN,OTHER,CLEAR,DRY,DARK LIGHTS ON,TRAFFIC SIGNAL,N/A,N/A,5EED2D05-283F-48A4-9384-461406B6E8E2,PEDESTRIAN,Cross/Enter not at Intersection,IN ROADWAY IMPROPERLY,ON ROADWAY NOT AT CROSSWALK,Yes,SUSPECTED SERIOUS INJURY,NONE,39.04491764,-77.10768173,"    (39.04491764, -77.10768173)"
MCP3024002G,220017750,Montgomery County Police,Injury Crash,04/27/2022 03:58:00 PM,County,WISTERIA DR,CIRCLE GATE DR,,N/A,PEDESTRIAN,SINGLE VEHICLE,CLEAR,DRY,DAYLIGHT,NO CONTROLS,N/A,N/A,86E1A882-F253-4067-B374-E51D7BEB9CE3,PEDESTRIAN,Cross/Enter at Intersection,UNKNOWN,UNKNOWN,Unknown,SUSPECTED MINOR INJURY,N/A,39.17272678,-77.26414402,"    (39.17272678, -77.26414402)"
MCP20160065,220017857,Montgomery County Police,Injury Crash,04/27/2022 12:58:00 PM,Maryland (State),ROCKVILLE PIKE,FIRST ST,,N/A,OTHER PEDALCYCLIST,OTHER,CLEAR,DRY,DAYLIGHT,N/A,N/A,N/A,A683C053-B349-4FAB-AC2D-9D9E165E3ECE,OTHER PEDALCYCLIST,Cross/Enter at Intersection,FAILURE TO YIELD RIGHT OF WAY,SIDEWALK,Yes,POSSIBLE INJURY,N/A,39.11254,-77.23547667,"    (39.11254, -77.23547667)"
EJ7876004K,220017728,Gaithersburg Police Depar,Injury Crash,04/26/2022 03:30:00 PM,Municipality,E DIAMOND AVE,ALLEY #3,,GAITHERSBURG,PEDESTRIAN,OTHER,CLOUDY,WET,DAYLIGHT,NO CONTROLS,NONE DETECTED,NONE DETECTED,0E786EB2-2A5C-4E4E-BDCE-7574AD59B36F,PEDESTRIAN,Cross/Enter not at Intersection,DART DASH,ON ROADWAY NOT AT CROSSWALK,Yes,SUSPECTED MINOR INJURY,NONE,39.14206915,-77.19098168,"    (39.14206915, -77.19098168)"
MCP3111005B,220017399,Montgomery County Police,Injury Crash,04/24/2022 01:00:00 PM,Maryland (State),OLD GEORGETOWN RD,MCKINLEY ST,,N/A,PEDESTRIAN,SINGLE VEHICLE,CLEAR,DRY,DAYLIGHT,TRAFFIC SIGNAL,UNKNOWN,NONE DETECTED,404C5CB6-119C-4022-9589-5C46EC5EFA6B,PEDESTRIAN,Cross/Enter at Intersection,NO IMPROPER ACTIONS,AT INTERSECTION MARKED CROSSWALK,No,POSSIBLE INJURY,NONE,38.99655795,-77.10891447,"    (38.99655795, -77.10891447)"
MCP22860049,220017425,Montgomery County Police,Injury Crash,04/22/2022 04:18:00 PM,Maryland (State),HUNGERFORD DR,FREDERICK AVE #2,,ROCKVILLE,BICYCLIST,STRAIGHT MOVEMENT ANGLE,CLEAR,DRY,DAYLIGHT,TRAFFIC SIGNAL,NONE DETECTED,NONE DETECTED,D098FA50-E4A0-4B41-8801-50E0B4720F29,BICYCLIST,Cross/Enter at Intersection,FAILURE TO YIELD RIGHT OF WAY,ON ROADWAY AT CROSSWALK,Yes,SUSPECTED SERIOUS INJURY,NONE,39.09421333,-77.15311833,"    (39.09421333, -77.15311833)"
MCP2798004Z,220017138,Montgomery County Police,Injury Crash,04/22/2022 03:33:00 PM,County,WARING STATION RD,SUMMER OAK DR,,N/A,PEDESTRIAN,SINGLE VEHICLE,CLEAR,DRY,DAYLIGHT,NO CONTROLS,NONE DETECTED,NONE DETECTED,4F308121-92D9-401F-AF15-4DF2430E8683,PEDESTRIAN,Cross/Enter at Intersection,INATTENTIVE,ON ROADWAY AT CROSSWALK,No,SUSPECTED MINOR INJURY,NONE,39.16580695,-77.24741821,"    (39.16580695, -77.24741821)"
MCP2798004Y,220017143,Montgomery County Police,Injury Crash,04/22/2022 03:33:00 PM,,,,PARKING LOT OF 12204 EAGLES NEST DRIVE,,PEDESTRIAN,SINGLE VEHICLE,CLEAR,,DAYLIGHT,NO CONTROLS,UNKNOWN,NONE DETECTED,6ACCC548-8556-412D-B57E-3D5B59144D3A,PEDESTRIAN,Cross/Enter at Intersection,DART DASH,ON ROADWAY NOT AT CROSSWALK,Yes,SUSPECTED MINOR INJURY,NONE,39.16414831,-77.25150531,"    (39.16414831, -77.25150531)"
MCP3161003V,220017123,Montgomery County Police,Injury Crash,04/22/2022 02:50:00 PM,,,,10821 CONNECTICUT AVE PARKING LOT,,PEDESTRIAN,SINGLE VEHICLE,CLEAR,,DAYLIGHT,NO CONTROLS,NONE DETECTED,NONE DETECTED,73C7F462-9691-48FF-8DA9-FDD3B41A4247,PEDESTRIAN,Other,NO IMPROPER ACTIONS,OTHER,No,POSSIBLE INJURY,NONE,39.03365333,-77.07431167,"    (39.03365333, -77.07431167)"
MCP3149003C,220017080,Montgomery County Police,Injury Crash,04/22/2022 10:49:00 AM,US (State),COLESVILLE RD,RAMP 3 FR IS 495 EB TO US 29 NB,,N/A,PEDESTRIAN,OTHER,CLEAR,DRY,DAYLIGHT,NO CONTROLS,UNKNOWN,NONE DETECTED,6160703B-DA61-46E9-B0EB-DA1FE4A26003,PEDESTRIAN,Cross/Enter at Intersection,UNKNOWN,ON ROADWAY AT CROSSWALK,Unknown,SUSPECTED MINOR INJURY,N/A,39.015705,-77.01634,"    (39.015705, -77.01634)"
DM8504000H,220017048,Takoma Park Police Depart,Injury Crash,04/22/2022 01:43:00 AM,Maryland (State),NEW HAMPSHIRE AVE,HOLTON LA,,TAKOMA PARK,PEDESTRIAN,SINGLE VEHICLE,CLEAR,DRY,DARK LIGHTS ON,NO CONTROLS,UNKNOWN,N/A,8DDFCA43-5C53-4610-847A-C30F4EB17EB4,PEDESTRIAN,N/A,UNKNOWN,N/A,No,POSSIBLE INJURY,N/A,38.98380196,-76.98609604,"    (38.98380196, -76.98609604)"
MCP3084005S,220016909,Montgomery County Police,Injury Crash,04/21/2022 06:51:00 AM,County,CHESHIRE DR,GROSVENOR LA,,N/A,BICYCLIST,OTHER,CLEAR,DRY,DAYLIGHT,STOP SIGN,NONE DETECTED,NONE DETECTED,6CE1F972-BA50-4C56-9C96-387B0FC2863B,BICYCLIST,Cross/Enter at Intersection,UNKNOWN,ON ROADWAY NOT AT CROSSWALK,Unknown,POSSIBLE INJURY,MC/BIKE HELMET,39.02338167,-77.12303,"    (39.02338167, -77.12303)"
MCP3026007Q,220016753,Montgomery County Police,Property Damage Crash,04/20/2022 11:22:00 AM,Municipality,GEORGIA ST,BRADLEY LA,,CHEVY CHASE VILLAGE,OTHER,OTHER,CLEAR,DRY,DAYLIGHT,NO CONTROLS,UNKNOWN,NONE DETECTED,C149AC99-5CCF-4C87-8F09-3ACFF876862B,OTHER,N/A,NO IMPROPER ACTIONS,SIDEWALK,No,NO APPARENT INJURY,N/A,38.97668667,-77.07270333,"    (38.97668667, -77.07270333)"
MCP2724002N,220016604,Montgomery County Police,Injury Crash,04/20/2022 08:40:00 AM,Maryland (State),NEW HAMPSHIRE AVE,HILLENDALE FIRE DEPARTMENT,,N/A,PEDESTRIAN,OTHER,CLOUDY,N/A,DAYLIGHT,TRAFFIC SIGNAL,UNKNOWN,NONE DETECTED,F7C3DD70-8FC4-4753-BF85-3FE9223289D2,PEDESTRIAN,Walking to/from school,FAILURE TO OBEY TRAFFIC SIGNS SIGNALS OR OFFICER,MEDIAN,Yes,SUSPECTED MINOR INJURY,NONE,39.02970992,-76.98335105,"    (39.02970992, -76.98335105)"
MCP31140029,220016709,Montgomery County Police,Injury Crash,04/20/2022 05:20:00 AM,County,LITTLETON ST,DELANCY DR,,N/A,OTHER,SINGLE VEHICLE,N/A,DRY,DAWN,N/A,N/A,N/A,831A1E18-87CC-444B-A7FE-094C19439C8F,OTHER,N/A,NO IMPROPER ACTIONS,INSIDE BUILDING,No,NO APPARENT INJURY,N/A,39.06476333,-77.08504167,"    (39.06476333, -77.08504167)"
MCP2445003N,220016587,Montgomery County Police,Injury Crash,04/19/2022 12:51:00 PM,,,,IN THE CAR WASH BAY OF 20440 GERMANTOWN RD,,PEDESTRIAN,SAME DIR REAR END,CLOUDY,,DAYLIGHT,NO CONTROLS,NONE DETECTED,NONE DETECTED,371CEB44-45F2-4A67-8988-16791A4B215B,PEDESTRIAN,Standing,OTHER,OTHER,No,POSSIBLE INJURY,NONE,39.1921695,-77.24407583,"    (39.1921695, -77.24407583)"
MCP3300001P,220016529,Montgomery County Police,Injury Crash,04/19/2022 07:40:00 AM,Maryland (State),UNIVERSITY BLVD W,GRANDVIEW AVE,,N/A,PEDESTRIAN,OTHER,CLEAR,DRY,DAYLIGHT,NO CONTROLS,NONE DETECTED,NONE DETECTED,6EC6C4D2-C78D-4BFA-BE94-4C87920BED5D,PEDESTRIAN,Cross/Enter not at Intersection,IN ROADWAY IMPROPERLY,OTHER,Yes,SUSPECTED SERIOUS INJURY,NONE,39.04067067,-77.05456733,"    (39.04067067, -77.05456733)"
MCP32390023,220016559,Montgomery County Police,Injury Crash,04/19/2022 05:55:00 AM,,,,"IN FRONT OF 11225 OAK LEAF DR, SILVER SPRING, MD 20904 AT THE ROUNDABOUT.",,PEDESTRIAN,OTHER,CLEAR,,DARK LIGHTS ON,NO CONTROLS,UNKNOWN,NONE DETECTED,59A09E93-530D-4D66-A736-E45A86526582,PEDESTRIAN,Other,UNKNOWN,OTHER,No,POSSIBLE INJURY,NONE,39.04074984,-76.99475444,"    (39.04074984, -76.99475444)"
MCP31930037,20016483,Montgomery County Police,Property Damage Crash,04/18/2022 04:00:00 PM,County,SEMINARY RD,SELWAY LA,,N/A,PEDESTRIAN,OTHER,RAINING,WET,DAYLIGHT,UNKNOWN,UNKNOWN,NONE DETECTED,F3923552-7D22-432E-A32D-1ABF54307E0C,PEDESTRIAN,Cross/Enter at Intersection,INATTENTIVE,CURB,No,NO APPARENT INJURY,NONE,39.00951005,-77.04136017,"    (39.00951005, -77.04136017)"
MCP29370047,220016211,Montgomery County Police,Injury Crash,04/16/2022 09:45:00 PM,County,GREENCASTLE RD,OLD COLUMBIA PIKE,,N/A,PEDESTRIAN,SINGLE VEHICLE,CLEAR,DRY,DARK LIGHTS ON,TRAFFIC SIGNAL,NONE DETECTED,NONE DETECTED,83A637B8-93DF-4E81-8A97-3E6E5BFFA445,PEDESTRIAN,Cross/Enter at Intersection,NO IMPROPER ACTIONS,AT INTERSECTION MARKED CROSSWALK,No,SUSPECTED MINOR INJURY,N/A,39.09836809,-76.9442578,"    (39.09836809, -76.9442578)"