Report Number,Local Case Number,Agency Name,ACRS Report Type,Crash Date/Time,Route Type,Road Name,Cross-Street Name,Off-Road Description,Municipality,Related Non-Motorist,Collision Type,Weather,Surface Condition,Light,Traffic Control,Driver Substance Abuse,Non-Motorist Substance Abuse,Person ID,Pedestrian Type,Pedestrian Movement,Pedestrian Actions,Pedestrian Location,At Fault,Injury Severity,Safety Equipment,Latitude,Longitude,Location
MCP3024002F,220016042,Montgomery County Police,Injury Crash,04/15/2022 05:56:00 PM,Other Public Roadway,WHEATFIELD TERR,WHEATFIELD DR,,N/A,PEDESTRIAN,SINGLE VEHICLE,CLEAR,DRY,DAYLIGHT,NO CONTROLS,N/A,N/A,A6D88E77-F939-4F29-A60C-DEE312A24257,PEDESTRIAN,Playing,DART DASH,OTHER,Yes,SUSPECTED MINOR INJURY,N/A,39.17019822,-77.23152836,"    (39.17019822, -77.23152836)"
MCP27230069,220016036,Montgomery County Police,Injury Crash,04/15/2022 05:40:00 PM,Maryland (State),GEORGIA AVE,WENDY LA,,N/A,BICYCLIST,SINGLE VEHICLE,CLEAR,DRY,DAYLIGHT,NO CONTROLS,N/A,UNKNOWN,35CDA978-2A3F-405B-91BA-BCBD4FB749ED,BICYCLIST,Walking/Riding against Traffic,FAILURE TO YIELD RIGHT OF WAY,ON ROADWAY NOT AT CROSSWALK,Yes,SUSPECTED MINOR INJURY,NONE,39.08033167,-77.07376333,"    (39.08033167, -77.07376333)"
MCP3228003G,220016026,Montgomery County Police,Property Damage Crash,04/15/2022 05:16:00 PM,US (State),COLESVILLE RD,SLIGO CREEK PKWY,,N/A,BICYCLIST,STRAIGHT MOVEMENT ANGLE,CLEAR,DRY,DAYLIGHT,TRAFFIC SIGNAL,NONE DETECTED,NONE DETECTED,9EDAE691-2B65-4C5F-B18D-7ABA325E4C83,BICYCLIST,Walking/Cycling on Sidewalk,NO IMPROPER ACTIONS,ON ROADWAY AT CROSSWALK,No,NO APPARENT INJURY,MC/BIKE HELMET,39.0076268,-77.02030146,"    (39.0076268, -77.02030146)"
MCP3228003G,220016026,Montgomery County Police,Property Damage Crash,04/15/2022 05:16:00 PM,US (State),COLESVILLE RD,SLIGO CREEK PKWY,,N/A,BICYCLIST,STRAIGHT MOVEMENT ANGLE,CLEAR,DRY,DAYLIGHT,TRAFFIC SIGNAL,NONE DETECTED,NONE DETECTED,02411611-741E-484B-BCE5-105452BAF4CD,BICYCLIST,Walking/Cycling on Sidewalk,UNKNOWN,ON ROADWAY AT CROSSWALK,No,NO APPARENT INJURY,MC/BIKE HELMET,39.0076268,-77.02030146,"    (39.0076268, -77.02030146)"
MCP2968004B,220015977,Montgomery County Police,Injury Crash,04/15/2022 12:10:00 PM,County,SHADY GROVE RD,GUDELSKY WAY,,N/A,OTHER PEDALCYCLIST,OTHER,CLEAR,DRY,DAYLIGHT,TRAFFIC SIGNAL,N/A,N/A,1EBAC4A2-0862-43E0-AD1D-D81E2F8D4DD9,OTHER PEDALCYCLIST,Walking/Riding w/Traffic,NO IMPROPER ACTIONS,SHOULDER,No,SUSPECTED MINOR INJURY,UNKNOWN,39.09067667,-77.199705,"    (39.09067667, -77.199705)"
MCP29370045,220013985,Montgomery County Police,Injury Crash,04/14/2022 12:45:00 AM,County,ROBEY RD,BRIGGS CHANEY RD,,N/A,PEDESTRIAN,SINGLE VEHICLE,N/A,DRY,DARK LIGHTS ON,NO CONTROLS,UNKNOWN,NONE DETECTED,B01CBB4C-2CC9-4C00-851C-BD21EC916254,PEDESTRIAN,Unknown,UNKNOWN,UNKNOWN,Unknown,SUSPECTED SERIOUS INJURY,NONE,39.07990715,-76.94437646,"    (39.07990715, -76.94437646)"
MCP32390021,220015651,Montgomery County Police,Injury Crash,04/13/2022 10:16:00 AM,County,STEWART LA,LOCKWOOD DR,,N/A,PEDESTRIAN,SINGLE VEHICLE,CLEAR,DRY,DAYLIGHT,NO CONTROLS,UNKNOWN,N/A,78D5E5C9-7F32-4AD9-993E-90D2723422C0,PEDESTRIAN,Unknown,NO IMPROPER ACTIONS,ON ROADWAY NOT AT CROSSWALK,No,SUSPECTED MINOR INJURY,NONE,39.0438284,-76.98218047,"    (39.0438284, -76.98218047)"
MCP209400JQ,220016790,Montgomery County Police,Injury Crash,04/12/2022 14:21,Maryland (State),OLD GEORGETOWN RD,RYLAND DR,,N/A,PEDESTRIAN,OTHER,CLEAR,DRY,DAYLIGHT,TRAFFIC SIGNAL,ALCOHOL PRESENT,NONE DETECTED,FC83E7C3-2B63-4DC0-8D3D-8CB33DD4C5A9,PEDESTRIAN,Cross/Enter at Intersection,IN ROADWAY IMPROPERLY,ON ROADWAY NOT AT CROSSWALK,Yes,POSSIBLE INJURY,N/A,39.01301217,-77.11733431,"    (39.01301217, -77.11733431)"
MCP2720006P,220015282,Montgomery County Police,Injury Crash,04/10/2022 13:45,County,13TH ST,GEORGIA AVE,,N/A,PEDESTRIAN,SINGLE VEHICLE,CLEAR,DRY,DAYLIGHT,TRAFFIC SIGNAL,UNKNOWN,UNKNOWN,3CB68BF2-F3AF-4993-A0EA-B873A59B55CB,PEDESTRIAN,Cross/Enter at Intersection,UNKNOWN,ON ROADWAY AT CROSSWALK,No,POSSIBLE INJURY,NONE,38.98732533,-77.0267463,"    (38.98732533, -77.0267463)"
MCP1301001S,220014595,Montgomery County Police,Fatal Crash,04/06/2022 8:22,County,GROSVENOR LA,KING CHARLES WAY,,N/A,PEDESTRIAN,SINGLE VEHICLE,RAINING,WET,DAYLIGHT,NO CONTROLS,N/A,N/A,AE738545-2603-4B32-A623-996EDBBFECA5,PEDESTRIAN,Other,NO IMPROPER ACTIONS,OTHER,No,NO APPARENT INJURY,N/A,39.02236167,-77.10515,"    (39.02236167, -77.10515)"
MCP1301001S,220014595,Montgomery County Police,Fatal Crash,04/06/2022 8:22,County,GROSVENOR LA,KING CHARLES WAY,,N/A,PEDESTRIAN,SINGLE VEHICLE,RAINING,WET,DAYLIGHT,NO CONTROLS,N/A,N/A,27FD9615-11D6-483B-8B87-4B8FC356442D,PEDESTRIAN,Standing,NO IMPROPER ACTIONS,OTHER,No,FATAL INJURY,N/A,39.02236167,-77.10515,"    (39.02236167, -77.10515)"
MCP1301001S,220014595,Montgomery County Police,Fatal Crash,04/06/2022 8:22,County,GROSVENOR LA,KING CHARLES WAY,,N/A,PEDESTRIAN,SINGLE VEHICLE,RAINING,WET,DAYLIGHT,NO CONTROLS,N/A,N/A,5D02CF50-8E29-4EE3-A720-0623B5C96ECD,PEDESTRIAN,Standing,NO IMPROPER ACTIONS,OTHER,No,POSSIBLE INJURY,N/A,39.02236167,-77.10515,"    (39.02236167, -77.10515)"
MCP31960033,220014568,Montgomery County Police,Injury Crash,04/05/2022 21:42,Maryland (State),FREDERICK RD,MIDDLEBROOK RD,,N/A,BICYCLIST,STRAIGHT MOVEMENT ANGLE,RAINING,WET,N/A,TRAFFIC SIGNAL,NONE DETECTED,NONE DETECTED,10B72421-7889-4D96-A788-9F094535B611,BICYCLIST,Other,IN ROADWAY IMPROPERLY,UNKNOWN,Yes,SUSPECTED MINOR INJURY,N/A,39.1809698,-77.23853506,"    (39.1809698, -77.23853506)"
MCP3038005R,220014558,Montgomery County Police,Property Damage Crash,04/05/2022 20:18,US (State),GEORGIA AVE,THAYER AVE,,N/A,BICYCLIST,OTHER,RAINING,WET,DARK LIGHTS ON,TRAFFIC SIGNAL,NONE DETECTED,NONE DETECTED,65168208-9834-4331-A4F6-BC73683D2D1A,BICYCLIST,Cross/Enter at Intersection,FAILURE TO YIELD RIGHT OF WAY,AT INTERSECTION BUT NO CROSSWALK,Yes,NO APPARENT INJURY,NONE,38.99290105,-77.02658158,"    (38.99290105, -77.02658158)"
MCP28000052,220014387,Montgomery County Police,Injury Crash,04/04/2022 21:32,,,,GARAGE DRIVEWAY ACCESS OF WF MARKET 11355 WOODGLEN DR/CROSSWALK  FACING EXECUTIVE BLVD AT PASSEO DR,,OTHER CONVEYANCE,OTHER,CLEAR,,DARK LIGHTS ON,NO CONTROLS,NONE DETECTED,N/A,4BA7FBEB-2444-4A51-A586-FE577B8F0643,OTHER CONVEYANCE,Walking/Cycling on Sidewalk,NO IMPROPER ACTIONS,DRIVEWAY ACCESS MARKED CROSSWALK,No,SUSPECTED MINOR INJURY,N/A,39.04329667,-77.11219167,"    (39.04329667, -77.11219167)"
MCP28000052,220014387,Montgomery County Police,Injury Crash,04/04/2022 21:32,,,,GARAGE DRIVEWAY ACCESS OF WF MARKET 11355 WOODGLEN DR/CROSSWALK  FACING EXECUTIVE BLVD AT PASSEO DR,,OTHER CONVEYANCE,OTHER,CLEAR,,DARK LIGHTS ON,NO CONTROLS,NONE DETECTED,NONE DETECTED,4F458A28-67BD-4C20-8477-AADE4D6F3289,OTHER CONVEYANCE,Walking/Cycling on Sidewalk,NO IMPROPER ACTIONS,DRIVEWAY ACCESS MARKED CROSSWALK,No,SUSPECTED MINOR INJURY,N/A,39.04329667,-77.11219167,"    (39.04329667, -77.11219167)"
MCP3208002X,220014231,Montgomery County Police,Injury Crash,04/03/2022 22:34,County,DIXON AVE,WAYNE AVE,,N/A,PEDESTRIAN,HEAD ON,CLEAR,DRY,DARK LIGHTS ON,TRAFFIC SIGNAL,NONE DETECTED,ALCOHOL PRESENT,296DAB33-C360-4CA5-B9E9-BBC017124370,PEDESTRIAN,Cross/Enter at Intersection,UNKNOWN,ON ROADWAY AT CROSSWALK,Unknown,SUSPECTED MINOR INJURY,NONE,38.99424667,-77.02813,"    (38.99424667, -77.02813)"
EJ78890025,220014084,Gaithersburg Police Depar,Injury Crash,04/02/2022 18:40,Municipality,CENTER POINT WAY,MARKET ST E,,GAITHERSBURG,PEDESTRIAN,OTHER,N/A,DRY,DUSK,NO CONTROLS,UNKNOWN,NONE DETECTED,FB6B06D9-2DBE-4EED-9F4B-FC74C89C481D,PEDESTRIAN,Standing,NO IMPROPER ACTIONS,OTHER,No,POSSIBLE INJURY,NONE,39.12182466,-77.23451514,"    (39.12182466, -77.23451514)"
MCP285900BY,220014023,Montgomery County Police,Injury Crash,04/02/2022 10:50,County,MONTGOMERY VILLAGE AVE,WHETSTONE DR,,N/A,PEDESTRIAN,OTHER,CLEAR,DRY,DAYLIGHT,WARNING SIGN,NONE DETECTED,NONE DETECTED,40A818BA-5E7B-4439-86CA-937ED194F97C,PEDESTRIAN,Cross/Enter at Intersection,NO IMPROPER ACTIONS,ON ROADWAY AT CROSSWALK,No,POSSIBLE INJURY,NONE,39.1706,-77.20392667,"    (39.1706, -77.20392667)"
MCP3244001P,220014019,Montgomery County Police,Injury Crash,04/02/2022 10:03,County,WAYNE AVE,GEORGIA AVE,,N/A,OTHER,OTHER,CLEAR,DRY,DAYLIGHT,TRAFFIC SIGNAL,NONE DETECTED,ALCOHOL PRESENT,F2E49F52-6FFE-4BED-8ACC-7F60A103DE47,OTHER,Cross/Enter at Intersection,FAILURE TO YIELD RIGHT OF WAY,ON ROADWAY AT CROSSWALK,Yes,POSSIBLE INJURY,NONE,38.9944405,-77.02643267,"    (38.9944405, -77.02643267)"
EJ7893000N,220013966,Gaithersburg Police Depar,Injury Crash,04/01/2022 20:28,,,,SIDEWALK ENTRANCE TO 411 N FREDERICK AVE,,PEDESTRIAN,OTHER,CLEAR,,DARK LIGHTS ON,NO CONTROLS,NONE DETECTED,NONE DETECTED,5183627D-DAF8-4CCA-8F2A-B257EABD1078,PEDESTRIAN,Cross/Enter not at Intersection,NO IMPROPER ACTIONS,SIDEWALK,No,POSSIBLE INJURY,NONE,39.14639232,-77.20450323,"    (39.14639232, -77.20450323)"
MCP2437004S,220013942,Montgomery County Police,Injury Crash,04/01/2022 17:10,County,PARKLAWN DR,RANDOLPH RD,,N/A,PEDESTRIAN,STRAIGHT MOVEMENT ANGLE,CLEAR,DRY,DAYLIGHT,NO CONTROLS,NONE DETECTED,NONE DETECTED,95D88FFF-5E80-4C42-B429-D90507F7C9B1,PEDESTRIAN,Standing,NO IMPROPER ACTIONS,OTHER,No,SUSPECTED SERIOUS INJURY,N/A,39.0537535,-77.1067445,"    (39.0537535, -77.1067445)"
MCP2437004S,220013942,Montgomery County Police,Injury Crash,04/01/2022 17:10,County,PARKLAWN DR,RANDOLPH RD,,N/A,PEDESTRIAN,STRAIGHT MOVEMENT ANGLE,CLEAR,DRY,DAYLIGHT,NO CONTROLS,NONE DETECTED,NONE DETECTED,0A3C3CFB-3F05-4242-8FA1-1ED4EE89B74A,PEDESTRIAN,Standing,NO IMPROPER ACTIONS,OTHER,No,POSSIBLE INJURY,N/A,39.0537535,-77.1067445,"    (39.0537535, -77.1067445)"
MCP3055003B,220013657,Montgomery County Police,Injury Crash,03/31/2022 06:14:00 AM,County,HEWITT AVE,GEORGIA AVE,,N/A,PEDESTRIAN,OTHER,CLEAR,DRY,DARK LIGHTS ON,TRAFFIC SIGNAL,N/A,N/A,61AE31A2-043F-4581-895C-842C1ABA3C2D,PEDESTRIAN,Cross/Enter at Intersection,NO IMPROPER ACTIONS,AT INTERSECTION MARKED CROSSWALK,No,POSSIBLE INJURY,NONE,39.07754667,-77.070575,"    (39.07754667, -77.070575)"
MCP29170095,220013624,Montgomery County Police,Injury Crash,03/30/2022 08:11:00 PM,County,RANDOLPH RD,BUSHEY DR,,N/A,PEDESTRIAN,STRAIGHT MOVEMENT ANGLE,CLEAR,DRY,DARK NO LIGHTS,NO CONTROLS,NONE DETECTED,NONE DETECTED,FD51FF84-75F5-4031-9437-7F2B1D63AE52,PEDESTRIAN,Cross/Enter not at Intersection,DART DASH,ON ROADWAY NOT AT CROSSWALK,Yes,SUSPECTED SERIOUS INJURY,NONE,39.05748,-77.07754,"    (39.05748, -77.07754)"
DM8388003W,220013424,Takoma Park Police Depart,Injury Crash,03/29/2022 04:24:00 PM,Maryland (State),UNIVERSITY BLVD E,PRINCE GEORGES CO/L,,N/A,PEDESTRIAN,OTHER,N/A,DRY,DAYLIGHT,TRAFFIC SIGNAL,NONE DETECTED,NONE DETECTED,CDA2F307-4FE4-4A8D-AD8F-AB1118A2FC65,PEDESTRIAN,Cross/Enter at Intersection,NO IMPROPER ACTIONS,ON ROADWAY AT CROSSWALK,No,POSSIBLE INJURY,NONE,38.98797353,-76.9864275,"    (38.98797353, -76.9864275)"
DM8388003W,220013424,Takoma Park Police Depart,Injury Crash,03/29/2022 04:24:00 PM,Maryland (State),UNIVERSITY BLVD E,PRINCE GEORGES CO/L,,N/A,PEDESTRIAN,OTHER,N/A,DRY,DAYLIGHT,TRAFFIC SIGNAL,NONE DETECTED,NONE DETECTED,EE9185AF-D5B5-406C-ACD6-48DC0C9B6C37,PEDESTRIAN,Cross/Enter at Intersection,NO IMPROPER ACTIONS,ON ROADWAY AT CROSSWALK,No,POSSIBLE INJURY,NONE,38.98797353,-76.9864275,"    (38.98797353, -76.9864275)"
MCP3019004M,220013413,Montgomery County Police,Injury Crash,03/29/2022 04:00:00 PM,County,GARFIELD ST,MCKINLEY ST,,N/A,PEDESTRIAN,OTHER,CLEAR,DRY,DAYLIGHT,NO CONTROLS,N/A,N/A,C84B277E-4569-4C6E-A576-57A568CD2611,PEDESTRIAN,Standing,NO IMPROPER ACTIONS,SIDEWALK,No,SUSPECTED MINOR INJURY,NONE,38.99629833,-77.11574,"    (38.99629833, -77.11574)"
MCP2724002M,220013343,Montgomery County Police,Injury Crash,03/29/2022 08:00:00 AM,,,,DRIVEWAY ENTRANCE TO FRANCIS SCOTT KEY MIDDLE SCHOOL,,PEDESTRIAN,OTHER,CLEAR,,DAYLIGHT,N/A,UNKNOWN,NONE DETECTED,0F46F120-F546-47B2-AE98-7DF425FCE2CD,PEDESTRIAN,Other,OTHER,SIDEWALK,Unknown,POSSIBLE INJURY,N/A,39.02635536,-76.99109161,"    (39.02635536, -76.99109161)"
EJ78950012,220012763,Gaithersburg Police Depar,Injury Crash,03/24/2022 09:10:00 PM,Maryland (State),QUINCE ORCHARD RD,FIRSTFIELD RD,,GAITHERSBURG,PEDESTRIAN,STRAIGHT MOVEMENT ANGLE,RAINING,WET,DARK LIGHTS ON,TRAFFIC SIGNAL,NONE DETECTED,UNKNOWN,5DDFE35C-8F2D-43C2-87C2-73A95C017107,PEDESTRIAN,Cross/Enter at Intersection,IN ROADWAY IMPROPERLY,ON ROADWAY AT CROSSWALK,Yes,POSSIBLE INJURY,NONE,39.14509574,-77.22008207,"    (39.14509574, -77.22008207)"
MCP3124005D,220012752,Montgomery County Police,Injury Crash,03/24/2022 07:39:00 PM,County,AMHERST AVE,ELKIN ST,,N/A,PEDESTRIAN,OTHER,RAINING,WET,DARK LIGHTS ON,STOP SIGN,NONE DETECTED,NONE DETECTED,5B2A6FF9-E316-454A-827B-32EA5307C6BC,PEDESTRIAN,Unknown,UNKNOWN,UNKNOWN,Unknown,SUSPECTED SERIOUS INJURY,NONE,39.04479667,-77.04799667,"    (39.04479667, -77.04799667)"
MCP2877009M,220012689,Montgomery County Police,Injury Crash,03/24/2022 01:35:00 PM,County,DUVALL DR,MASSACHUSETTS AVE,,N/A,PEDESTRIAN,STRAIGHT MOVEMENT ANGLE,CLOUDY,DRY,DAYLIGHT,STOP SIGN,NONE DETECTED,NONE DETECTED,6A9BF43C-8BF7-4B87-A8DB-7C8A0013E28C,PEDESTRIAN,Cross/Enter at Intersection,NO IMPROPER ACTIONS,ON ROADWAY AT CROSSWALK,No,SUSPECTED MINOR INJURY,NONE,38.95017787,-77.10169016,"    (38.95017787, -77.10169016)"
EJ7873005M,2200012634,Gaithersburg Police Depar,Injury Crash,03/24/2022 08:49:00 AM,,,,"PARKING LOT OF 220 GIRARD STREET GAITHERSBURG, MD 20877",,PEDESTRIAN,OTHER,CLOUDY,,DAYLIGHT,NO CONTROLS,UNKNOWN,NONE DETECTED,FEEB918E-01A9-49FE-BDDF-0105D5E559E0,PEDESTRIAN,Other,DART DASH,OTHER,Yes,POSSIBLE INJURY,N/A,39.14171512,-77.18314614,"    (39.14171512, -77.18314614)"
EJ7858006M,220012484,Gaithersburg Police Depar,Injury Crash,03/23/2022 08:59:00 AM,County,MUDDY BRANCH RD,WEST SIDE DR,,GAITHERSBURG,PEDESTRIAN,OTHER,CLEAR,DRY,DAYLIGHT,TRAFFIC SIGNAL,NONE DETECTED,NONE DETECTED,4738D6A8-F5A6-428E-AC99-EEF42A8FDCFB,PEDESTRIAN,Cross/Enter at Intersection,FAILURE TO OBEY TRAFFIC SIGNS SIGNALS OR OFFICER,ON ROADWAY AT CROSSWALK,Yes,SUSPECTED MINOR INJURY,N/A,39.12923731,-77.20806466,"    (39.12923731, -77.20806466)"
MCP209400JH,220012302,Montgomery County Police,Injury Crash,03/22/2022 09:20:00 AM,County,FALLS RD,OAKLYN DR,,N/A,"OTHER, PEDESTRIAN",SAME DIR REAR END,CLEAR,DRY,DAYLIGHT,NO CONTROLS,NONE DETECTED,NONE DETECTED,665808A8-5C1B-4800-9AFF-67D80B211A6B,OTHER,Other Working,NO IMPROPER ACTIONS,ON ROADWAY NOT AT CROSSWALK,No,SUSPECTED SERIOUS INJURY,REFLECTIVE CLOTHING,39.010215,-77.219505,"    (39.010215, -77.219505)"
MCP209400JH,220012302,Montgomery County Police,Injury Crash,03/22/2022 09:20:00 AM,County,FALLS RD,OAKLYN DR,,N/A,"OTHER, PEDESTRIAN",SAME DIR REAR END,CLEAR,DRY,DAYLIGHT,NO CONTROLS,NONE DETECTED,NONE DETECTED,F344969C-0DF3-419F-BB5C-BF88E82B5986,PEDESTRIAN,Other Working,OTHER,ON ROADWAY NOT AT CROSSWALK,No,SUSPECTED SERIOUS INJURY,REFLECTIVE CLOTHING,39.010215,-77.219505,"    (39.010215, -77.219505)"
MCP3311000M,220012213,Montgomery County Police,Injury Crash,03/21/2022 05:48:00 PM,Maryland (State),OLD GEORGETOWN RD,RAMP 6 FR RAMP 10 (FR IS270) TO MD 187,,N/A,PEDESTRIAN,OTHER,CLEAR,N/A,DAYLIGHT,N/A,N/A,N/A,6EA87E5F-919A-4AFF-A0D8-4F67E8E8D3AF,PEDESTRIAN,Cross/Enter at Intersection,NO IMPROPER ACTIONS,ON ROADWAY AT CROSSWALK,No,SUSPECTED MINOR INJURY,N/A,39.03145229,-77.1259336,"    (39.03145229, -77.1259336)"
MCP3311000M,220012213,Montgomery County Police,Injury Crash,03/21/2022 05:48:00 PM,Maryland (State),OLD GEORGETOWN RD,RAMP 6 FR RAMP 10 (FR IS270) TO MD 187,,N/A,PEDESTRIAN,OTHER,CLEAR,N/A,DAYLIGHT,N/A,N/A,N/A,3460186D-8C2E-437E-82BF-8BEB522651A7,PEDESTRIAN,Cross/Enter at Intersection,NO IMPROPER ACTIONS,ON ROADWAY AT CROSSWALK,No,SUSPECTED MINOR INJURY,N/A,39.03145229,-77.1259336,"    (39.03145229, -77.1259336)"
MCP23560026,220012207,Montgomery County Police,Injury Crash,03/21/2022 05:43:00 PM,County,W WILLARD RD,WESTERLY RD,,N/A,BICYCLIST,SAME DIR REAR END,N/A,DRY,DAYLIGHT,N/A,UNKNOWN,NONE DETECTED,E03404E8-D2F5-48F0-86E3-932EBCD80828,BICYCLIST,Walking/Riding w/Traffic,IN ROADWAY IMPROPERLY,N/A,No,POSSIBLE INJURY,UNKNOWN,39.13580813,-77.4225427,"    (39.13580813, -77.4225427)"
MCP3084005P,220012128,Montgomery County Police,Injury Crash,03/21/2022 11:24:00 AM,Maryland (State),CONNECTICUT AVE,PERRY AVE,,KENSINGTON,PEDESTRIAN,OTHER,CLEAR,DRY,DAYLIGHT,TRAFFIC SIGNAL,NONE DETECTED,NONE DETECTED,370766FA-7AE4-4839-BDBE-BD731F4EB474,PEDESTRIAN,Cross/Enter at Intersection,NO IMPROPER ACTIONS,ON ROADWAY AT CROSSWALK,No,POSSIBLE INJURY,N/A,39.03296333,-77.07479333,"    (39.03296333, -77.07479333)"
MCP209400JG,220012123,Montgomery County Police,Injury Crash,03/21/2022 11:05:00 AM,County,QUINTANA DR,DWIGHT DR,,N/A,OTHER,OTHER,CLEAR,DRY,DAYLIGHT,NO CONTROLS,NONE DETECTED,NONE DETECTED,29DCC8DA-985E-4E6C-B4B0-72D20932A9AE,OTHER,Other,OTHER,ON ROADWAY NOT AT CROSSWALK,No,SUSPECTED SERIOUS INJURY,REFLECTIVE CLOTHING,39.00416,-77.15812833,"    (39.00416, -77.15812833)"
MCP32580020,220012119,Montgomery County Police,Injury Crash,03/21/2022 11:02:00 AM,Maryland (State),UNIVERSITY BLVD W,VEIRS MILL RD,,N/A,PEDESTRIAN,STRAIGHT MOVEMENT ANGLE,CLEAR,DRY,DAYLIGHT,TRAFFIC SIGNAL,NONE DETECTED,NONE DETECTED,E3542493-6C5F-41FE-B9E6-7A0544E08872,PEDESTRIAN,Cross/Enter at Intersection,N/A,AT INTERSECTION MARKED CROSSWALK,No,SUSPECTED MINOR INJURY,N/A,39.04006667,-77.05507667,"    (39.04006667, -77.05507667)"
EJ78090033,220012113,Gaithersburg Police Depar,Injury Crash,03/21/2022 10:15:00 AM,,,,"9811 WASHINGTONIAN BLVD. GAITHERSBURG, MD. 20878 (KOHLS PARKING LOT / DRIVEWAY)",,BICYCLIST,STRAIGHT MOVEMENT ANGLE,CLEAR,,DAYLIGHT,STOP SIGN,NONE DETECTED,N/A,51D69BB1-800F-43F4-AC95-E6D30FD217AE,BICYCLIST,Walking/Cycling on Sidewalk,N/A,SIDEWALK,Yes,SUSPECTED MINOR INJURY,NONE,39.11740876,-77.20402021,"    (39.11740876, -77.20402021)"
MCP29740044,220011985,Montgomery County Police,Injury Crash,03/20/2022 12:41:00 PM,County,CASTLE BLVD,BRIGGS CHANEY RD,,N/A,BICYCLIST,OTHER,CLEAR,DRY,DAYLIGHT,NO CONTROLS,NONE DETECTED,NONE DETECTED,77A73065-9513-4487-901B-0490FE8B2E1C,BICYCLIST,Walking/Riding w/Traffic,INATTENTIVE,ON ROADWAY NOT AT CROSSWALK,Yes,SUSPECTED MINOR INJURY,NONE,39.08122333,-76.94549833,"    (39.08122333, -76.94549833)"
MCP3084005N,220011965,Montgomery County Police,Injury Crash,03/20/2022 08:27:00 AM,Maryland (State),ROCKVILLE PIKE,NORTH DR,,N/A,BICYCLIST,OTHER,CLEAR,DRY,DAYLIGHT,TRAFFIC SIGNAL,NONE DETECTED,NONE DETECTED,B2D0B4E9-94A8-4F15-A116-FF82E331806D,BICYCLIST,Cross/Enter at Intersection,NO IMPROPER ACTIONS,ON ROADWAY AT CROSSWALK,No,POSSIBLE INJURY,MC/BIKE HELMET,39.00444667,-77.09720167,"    (39.00444667, -77.09720167)"
MCP3290001B,220011433,Montgomery County Police,Injury Crash,03/17/2022 07:14:00 AM,Maryland (State),COLESVILLE RD,EAST WEST HWY,,N/A,PEDESTRIAN,OTHER,CLOUDY,WET,DARK LIGHTS ON,TRAFFIC SIGNAL,NONE DETECTED,N/A,153E0EA1-40C3-47E5-9297-040D5A947DAE,PEDESTRIAN,Cross/Enter at Intersection,DART DASH,ON ROADWAY NOT AT CROSSWALK,Yes,SUSPECTED SERIOUS INJURY,NONE,38.99362539,-77.03204215,"    (38.99362539, -77.03204215)"
MCP3086006J,220011438,Montgomery County Police,Injury Crash,03/17/2022 06:45:00 AM,County,SNOUFFERS SCHOOL RD,WOODFIELD RD,,N/A,PEDESTRIAN,SINGLE VEHICLE,RAINING,WET,DAWN,NO CONTROLS,UNKNOWN,NONE DETECTED,9B12B793-39AF-48C4-A554-0DE0B3569509,PEDESTRIAN,Unknown,UNKNOWN,ON ROADWAY AT CROSSWALK,No,SUSPECTED MINOR INJURY,UNKNOWN,39.16204046,-77.16521098,"    (39.16204046, -77.16521098)"
MCP31530041,220012851,Montgomery County Police,Injury Crash,03/16/2022 04:00:00 PM,,,,"PRIVATE PARKING LOT OF 2901 S LEISURE WORLD BLVD., SILVER SPRING, MD 20906",,PEDESTRIAN,SINGLE VEHICLE,UNKNOWN,,DAYLIGHT,NO CONTROLS,UNKNOWN,UNKNOWN,CD42D0E9-CA1A-497E-B3F3-F077C8444AD3,PEDESTRIAN,Standing,NO IMPROPER ACTIONS,OTHER,No,SUSPECTED MINOR INJURY,N/A,39.10434088,-77.05771562,"    (39.10434088, -77.05771562)"
MCP29910069,220011254,Montgomery County Police,Injury Crash,03/16/2022 07:59:00 AM,Maryland (State),GEORGIA AVE,RANDOLPH RD,,N/A,BICYCLIST,SINGLE VEHICLE,N/A,DRY,DAYLIGHT,OTHER,NONE DETECTED,NONE DETECTED,8222379E-738F-415D-A46F-2D41222780C8,BICYCLIST,Cross/Enter at Intersection,NO IMPROPER ACTIONS,AT INTERSECTION MARKED CROSSWALK,No,POSSIBLE INJURY,NONE,39.05780143,-77.0501592,"    (39.05780143, -77.0501592)"
MCP3134003C,220011182,Montgomery County Police,Property Damage Crash,03/15/2022 03:51:00 PM,County,GREENCASTLE RD,TURBRIDGE DR,,N/A,MACHINE OPERATOR/RIDER,OTHER,CLEAR,DRY,DAYLIGHT,PERSON,N/A,NONE DETECTED,A584D558-CF59-40A9-81E5-25FE0C57337D,MACHINE OPERATOR/RIDER,Other Working,INATTENTIVE,SHOULDER,No,NO APPARENT INJURY,N/A,39.088662,-76.93069983,"    (39.088662, -76.93069983)"
MCP3160003D,220011176,Montgomery County Police,Injury Crash,03/15/2022 03:23:00 PM,Maryland (State),EAST WEST HWY,BEACH DR,,N/A,BICYCLIST,STRAIGHT MOVEMENT ANGLE,CLEAR,DRY,DAYLIGHT,FLASHING TRAFFIC SIGNAL,NONE DETECTED,NONE DETECTED,A5FAD599-CE6C-4B29-80EC-02135AB8F3B2,BICYCLIST,Cross/Enter at Intersection,UNKNOWN,SHOULDER,No,SUSPECTED SERIOUS INJURY,MC/BIKE HELMET,38.99323167,-77.06343333,"    (38.99323167, -77.06343333)"
MCP31240059,220011029,Montgomery County Police,Injury Crash,03/14/2022 06:50:00 AM,Maryland (State),CONNECTICUT AVE,DENFELD AVE,,N/A,PEDESTRIAN,OTHER,UNKNOWN,UNKNOWN,UNKNOWN,TRAFFIC SIGNAL,UNKNOWN,UNKNOWN,67FA9191-6885-4E7F-AEEC-FA2F850AE28B,PEDESTRIAN,Cross/Enter at Intersection,NO IMPROPER ACTIONS,ON ROADWAY AT CROSSWALK,No,POSSIBLE INJURY,N/A,39.03879422,-77.0755839,"    (39.03879422, -77.0755839)"
MCP2625001B,220010801,Montgomery County Police,Injury Crash,03/13/2022 08:40:00 AM,County,WILLARD AVE,FRIENDSHIP BLVD,,N/A,PEDESTRIAN,N/A,CLEAR,DRY,DAYLIGHT,TRAFFIC SIGNAL,NONE DETECTED,NONE DETECTED,FA3CC034-D4C8-41D8-AC87-5005372C2403,PEDESTRIAN,Walking/Riding w/Traffic,NO IMPROPER ACTIONS,AT INTERSECTION MARKED CROSSWALK,No,SUSPECTED MINOR INJURY,N/A,38.96318833,-77.09128667,"    (38.96318833, -77.09128667)"