Report Number,Local Case Number,Agency Name,ACRS Report Type,Crash Date/Time,Route Type,Road Name,Cross-Street Name,Off-Road Description,Municipality,Related Non-Motorist,Collision Type,Weather,Surface Condition,Light,Traffic Control,Driver Substance Abuse,Non-Motorist Substance Abuse,Person ID,Pedestrian Type,Pedestrian Movement,Pedestrian Actions,Pedestrian Location,At Fault,Injury Severity,Safety Equipment,Latitude,Longitude,Location
MCP28610054,210046882,Montgomery County Police,Injury Crash,11/18/2021 05:40:00 PM,County,WESTLAKE DR,LAKEVIEW DR,,N/A,PEDESTRIAN,OTHER,CLEAR,DRY,DARK LIGHTS ON,TRAFFIC SIGNAL,NONE DETECTED,NONE DETECTED,A72065E4-569E-4275-BF79-E1D5CC806585,PEDESTRIAN,Cross/Enter at Intersection,FAILURE TO YIELD RIGHT OF WAY,ON ROADWAY AT CROSSWALK,Yes,SUSPECTED SERIOUS INJURY,NONE,39.02475333,-77.149,"    (39.02475333, -77.149)"
DM8499000P,210046856,Takoma Park Police Depart,Property Damage Crash,11/18/2021 04:00:00 PM,Maryland (State),CARROLL AVE,FLOWER AVE,,TAKOMA PARK,OTHER,SINGLE VEHICLE,N/A,DRY,DAYLIGHT,TRAFFIC SIGNAL,ALCOHOL CONTRIBUTED,N/A,9D07F85D-1C6C-46BD-9D7E-DE92E4C1FEF8,OTHER,N/A,N/A,SIDEWALK,No,NO APPARENT INJURY,N/A,38.98475274,-76.99849128,"    (38.98475274, -76.99849128)"
MCP30860062,210046772,Montgomery County Police,Injury Crash,11/18/2021 08:30:00 AM,County,WATKINS MILL RD,CLUB HOUSE RD,,N/A,PEDESTRIAN,OTHER,CLEAR,DRY,DAYLIGHT,TRAFFIC SIGNAL,NONE DETECTED,NONE DETECTED,02B96D01-1174-4371-8712-620254F0FDAE,PEDESTRIAN,Cross/Enter at Intersection,IN ROADWAY IMPROPERLY,ON ROADWAY AT CROSSWALK,Yes,SUSPECTED MINOR INJURY,NONE,39.17437333,-77.20837167,"    (39.17437333, -77.20837167)"
MCP1564005X,210046762,Montgomery County Police,Property Damage Crash,11/18/2021 07:22:00 AM,,,,PARKING LOT 18111 PRINCE PHILIP DR,,OTHER,SINGLE VEHICLE,CLEAR,,DAYLIGHT,NO CONTROLS,NONE DETECTED,N/A,04D48590-F1C2-4568-A1F0-B27B225536F8,OTHER,Other,N/A,OTHER,No,NO APPARENT INJURY,N/A,39.15408833,-77.05594,"    (39.15408833, -77.05594)"
MCP3051004S,210046678,Montgomery County Police,Injury Crash,11/17/2021 02:15:00 PM,County,RIDGEFIELD RD,WESTBARD AVE,,N/A,PEDESTRIAN,OTHER,CLEAR,DRY,DAYLIGHT,OTHER,NONE DETECTED,NONE DETECTED,45D7EEF5-3903-43BA-859B-8F0D79C80159,PEDESTRIAN,Cross/Enter at Intersection,UNKNOWN,ON ROADWAY AT CROSSWALK,Unknown,SUSPECTED MINOR INJURY,NONE,38.96588667,-77.10745,"    (38.96588667, -77.10745)"
DD5644001X,210046642,Rockville Police Departme,Property Damage Crash,11/17/2021 11:15:00 AM,,,,315 NORTH WASHINGTON STREET PARKING LOT,,OTHER,OTHER,CLEAR,,DAYLIGHT,NO CONTROLS,NONE DETECTED,NONE DETECTED,BCE7513D-428F-4AAB-9A22-B0746E4E218D,OTHER,N/A,NO IMPROPER ACTIONS,INSIDE BUILDING,No,NO APPARENT INJURY,N/A,39.08926376,-77.15318746,"    (39.08926376, -77.15318746)"
DM84780018,210046451,Takoma Park Police Depart,Injury Crash,11/16/2021 09:25:00 AM,Municipality,MAPLE AVE,TULIP AVE,,TAKOMA PARK,PEDESTRIAN,OTHER,CLEAR,DRY,DAYLIGHT,NO CONTROLS,NONE DETECTED,N/A,A46CB333-E2C1-41B6-9DBB-6817337B0456,PEDESTRIAN,Other,UNKNOWN,ON ROADWAY NOT AT CROSSWALK,No,POSSIBLE INJURY,NONE,38.986255,-77.002525,"    (38.986255, -77.002525)"
MCP30100067,210046432,Montgomery County Police,Injury Crash,11/16/2021 06:29:00 AM,County,TUCKERMAN LA,GROSVENOR PL,,N/A,PEDESTRIAN,OTHER,CLEAR,DRY,DUSK,TRAFFIC SIGNAL,N/A,N/A,6605DF0F-EF7F-45F3-B52D-4D96814BDCC8,PEDESTRIAN,Cross/Enter at Intersection,NO IMPROPER ACTIONS,ON ROADWAY AT CROSSWALK,No,SUSPECTED MINOR INJURY,NONE,39.02901167,-77.10838167,"    (39.02901167, -77.10838167)"
MCP3258001Q,210046320,Montgomery County Police,Property Damage Crash,11/15/2021 01:47:00 PM,,,,2ND FLOOR COSTCO GARAGE AT 11160 VEIRS MILL RD,,PEDESTRIAN,STRAIGHT MOVEMENT ANGLE,CLEAR,,DAYLIGHT,NO CONTROLS,N/A,N/A,D1A3AE56-9B71-4944-9F17-A9A06A9267C0,PEDESTRIAN,Other,NO IMPROPER ACTIONS,OTHER,Unknown,NO APPARENT INJURY,N/A,39.03514,-77.05408167,"    (39.03514, -77.05408167)"
MCP2269001L,210046177,Montgomery County Police,Injury Crash,11/14/2021 12:45:00 PM,Municipality,WATKINS MILL RD,FREDERICK RD,,N/A,PEDESTRIAN,STRAIGHT MOVEMENT ANGLE,CLOUDY,DRY,DAYLIGHT,TRAFFIC SIGNAL,NONE DETECTED,NONE DETECTED,BC8914FB-1090-4343-AF6A-967ED0E6D91B,PEDESTRIAN,Cross/Enter at Intersection,NO IMPROPER ACTIONS,ON ROADWAY AT CROSSWALK,No,NO APPARENT INJURY,NONE,39.15336333,-77.230685,"    (39.15336333, -77.230685)"
MCP2269001L,210046177,Montgomery County Police,Injury Crash,11/14/2021 12:45:00 PM,Municipality,WATKINS MILL RD,FREDERICK RD,,N/A,PEDESTRIAN,STRAIGHT MOVEMENT ANGLE,CLOUDY,DRY,DAYLIGHT,TRAFFIC SIGNAL,NONE DETECTED,NONE DETECTED,36B7FB7B-0FE1-4828-8688-6E8AB438250C,PEDESTRIAN,Cross/Enter at Intersection,NO IMPROPER ACTIONS,ON ROADWAY AT CROSSWALK,No,POSSIBLE INJURY,NONE,39.15336333,-77.230685,"    (39.15336333, -77.230685)"
MCP30550038,210046054,Montgomery County Police,Injury Crash,11/13/2021 01:59:00 PM,Maryland (State),GEORGIA AVE,BEL PRE RD,,N/A,BICYCLIST,OTHER,CLEAR,DRY,DAYLIGHT,TRAFFIC SIGNAL,N/A,N/A,A87EE2EE-D1F7-488B-8B6C-88F69953C719,BICYCLIST,Cross/Enter at Intersection,DART DASH,ON ROADWAY NOT AT CROSSWALK,Yes,SUSPECTED MINOR INJURY,NONE,39.092965,-77.07975833,"    (39.092965, -77.07975833)"
MCP30190045,210045939,Montgomery County Police,Injury Crash,11/12/2021 17:15,,GRAND PARK AVENUE,PERSEI PLACE,,N/A,PEDESTRIAN,OTHER,CLEAR,DRY,DARK LIGHTS ON,STOP SIGN,N/A,N/A,7142C2F2-1B69-44EA-8873-9FCA56077EC5,PEDESTRIAN,Other,NO IMPROPER ACTIONS,ON ROADWAY AT CROSSWALK,No,POSSIBLE INJURY,N/A,39.050075,-77.117335,"    (39.050075, -77.117335)"
MCP30190045,210045939,Montgomery County Police,Injury Crash,11/12/2021 17:15,,GRAND PARK AVENUE,PERSEI PLACE,,N/A,PEDESTRIAN,OTHER,CLEAR,DRY,DARK LIGHTS ON,STOP SIGN,N/A,N/A,0A51C1A7-2D28-49A4-8D4F-072C1C11B6B1,PEDESTRIAN,N/A,NO IMPROPER ACTIONS,ON ROADWAY AT CROSSWALK,No,POSSIBLE INJURY,NONE,39.050075,-77.117335,"    (39.050075, -77.117335)"
MCP289200BL,210045907,Montgomery County Police,Injury Crash,11/12/2021 15:18,,,,"PARKING LOT LOCATED AT 9400 GEORGIA AVENUE SILVER SPRING, MD",,PEDESTRIAN,OTHER,CLEAR,,DAYLIGHT,NO CONTROLS,NONE DETECTED,NONE DETECTED,CE2BFB27-2E23-4EE1-B8F8-AAE6F1BF2F4D,PEDESTRIAN,Standing,OTHER,OTHER,Unknown,POSSIBLE INJURY,NONE,39.00864833,-77.04077167,"    (39.00864833, -77.04077167)"
MCP9428003W,210045828,Montgomery County Police,Injury Crash,11/12/2021 7:47,County,STRINGTOWN RD,NEEDLE DR,,N/A,PEDESTRIAN,OPPOSITE DIRECTION SIDESWIPE,RAINING,WET,DAYLIGHT,NO CONTROLS,NONE DETECTED,NONE DETECTED,5080FADF-275A-493D-A32E-E7B3E3C94962,PEDESTRIAN,Other,INATTENTIVE,OTHER,Yes,SUSPECTED MINOR INJURY,REFLECTIVE CLOTHING,39.24794561,-77.25990661,"    (39.24794561, -77.25990661)"
MCP2931005N,210045627,Montgomery County Police,Injury Crash,11/10/2021 18:00,,,,PARKING LOT OF 11720 ROCKVILLE PIKE,,PEDESTRIAN,OTHER,CLEAR,,DARK -- UNKNOWN LIGHTING,STOP SIGN,NONE DETECTED,NONE DETECTED,BA69F8EC-90B3-44FE-B6B1-CBDD32CC47E5,PEDESTRIAN,Walking/Cycling on Sidewalk,NO IMPROPER ACTIONS,SIDEWALK,No,POSSIBLE INJURY,NONE,39.04888786,-77.11413205,"    (39.04888786, -77.11413205)"
MCP2805004G,210045575,Montgomery County Police,Injury Crash,11/10/2021 14:47,,,,"PL OF COSTCO, 880 RUSSELL AVE, GAITHERSBURG, MD",,PEDESTRIAN,SAME DIR REAR END,CLEAR,,DAYLIGHT,N/A,NONE DETECTED,NONE DETECTED,7ECB82FD-7F96-4A4B-BD97-82E3D8277ED7,PEDESTRIAN,Standing,NOT VISIBLE,CURB,No,SUSPECTED MINOR INJURY,N/A,39.15713833,-77.214125,"    (39.15713833, -77.214125)"
EJ7876003Y,210045443,Gaithersburg Police Depar,Injury Crash,11/09/2021 18:00,Municipality,STORY DR,CROWN FARM DR,,N/A,BICYCLIST,OTHER,CLEAR,DRY,DARK -- UNKNOWN LIGHTING,NO CONTROLS,NONE DETECTED,NONE DETECTED,9036A371-124E-44E4-8342-B1E225F44399,BICYCLIST,Cross/Enter at Intersection,NO IMPROPER ACTIONS,ON ROADWAY AT CROSSWALK,No,POSSIBLE INJURY,MC/BIKE HELMET,39.11586362,-77.21188477,"    (39.11586362, -77.21188477)"
MCP23480063,210045409,Montgomery County Police,Fatal Crash,11/09/2021 15:04,,ASBURY DRIVE,FELLOWSHIP CIRCLE,,N/A,PEDESTRIAN,SINGLE VEHICLE,CLEAR,DRY,DAYLIGHT,STOP SIGN,NONE DETECTED,UNKNOWN,A26A5D68-AEF0-4561-9C1C-A41AA013B402,PEDESTRIAN,Cross/Enter at Intersection,IN ROADWAY IMPROPERLY,ON ROADWAY NOT AT CROSSWALK,Yes,FATAL INJURY,N/A,39.15142833,-77.19793,"    (39.15142833, -77.19793)"
MCP137800Z6,210045261,Montgomery County Police,Injury Crash,11/08/2021 17:55,County,HEWITT AVE,GEORGIA AVE,,N/A,PEDESTRIAN,SINGLE VEHICLE,CLEAR,DRY,DARK LIGHTS ON,TRAFFIC SIGNAL,NONE DETECTED,NONE DETECTED,222AFC0D-3DC6-4465-8C71-3D5556EF22F5,PEDESTRIAN,Cross/Enter at Intersection,UNKNOWN,ON ROADWAY AT CROSSWALK,No,POSSIBLE INJURY,NONE,39.0775901,-77.07068374,"    (39.0775901, -77.07068374)"
MCP2617009T,210045236,Montgomery County Police,Injury Crash,11/08/2021 15:00,County,RANDOLPH RD,TIVOLI LAKE BLVD,,N/A,PEDESTRIAN,OTHER,CLEAR,DRY,DAYLIGHT,TRAFFIC SIGNAL,NONE DETECTED,NONE DETECTED,61898023-1DBF-4B9B-82E0-913E2FA1E2BC,PEDESTRIAN,Cross/Enter at Intersection,NO IMPROPER ACTIONS,AT INTERSECTION MARKED CROSSWALK,No,POSSIBLE INJURY,NONE,39.06626375,-77.0346701,"    (39.06626375, -77.0346701)"
MCP2679003F,210045140,Montgomery County Police,Injury Crash,11/07/2021 22:40,County,RANDOLPH RD,GEORGIA AVE,,N/A,PEDESTRIAN,OTHER,CLEAR,DRY,DARK LIGHTS ON,TRAFFIC SIGNAL,NONE DETECTED,NONE DETECTED,DA767146-3435-4035-9125-C44A88F51F52,PEDESTRIAN,Cross/Enter at Intersection,NO IMPROPER ACTIONS,ON ROADWAY AT CROSSWALK,No,POSSIBLE INJURY,NONE,39.058255,-77.04799833,"    (39.058255, -77.04799833)"
MCP28970027,210045112,Montgomery County Police,Injury Crash,11/07/2021 15:40,County,FOREST BROOK RD,WARING STATION RD,,N/A,PEDESTRIAN,SINGLE VEHICLE,CLEAR,DRY,N/A,NO CONTROLS,N/A,NONE DETECTED,1E7C7B8D-B930-4E7B-A877-32903B9C045B,PEDESTRIAN,Standing,DART DASH,ON ROADWAY NOT AT CROSSWALK,Yes,SUSPECTED MINOR INJURY,N/A,39.16538064,-77.25195586,"    (39.16538064, -77.25195586)"
MCP2191003S,210044956,Montgomery County Police,Injury Crash,11/06/2021 12:38,County,WOODGLEN DR,EXECUTIVE BLVD,,N/A,PEDESTRIAN,STRAIGHT MOVEMENT ANGLE,CLEAR,DRY,DAYLIGHT,STOP SIGN,NONE DETECTED,NONE DETECTED,AF199CD7-1E30-4D6B-93E6-BD3397127FBD,PEDESTRIAN,Cross/Enter at Intersection,NO IMPROPER ACTIONS,ON ROADWAY AT CROSSWALK,No,SUSPECTED MINOR INJURY,N/A,39.04352105,-77.11339455,"    (39.04352105, -77.11339455)"
EJ78840035,210044861,Gaithersburg Police Depar,Injury Crash,11/05/2021 17:12,Maryland (State),CLOPPER RD,SPUR FR MD 124,,N/A,PEDESTRIAN,SINGLE VEHICLE,CLEAR,DRY,DAYLIGHT,TRAFFIC SIGNAL,NONE DETECTED,NONE DETECTED,57CB4AB7-A89A-4A08-9A74-27F8006D76E6,PEDESTRIAN,Cross/Enter at Intersection,UNKNOWN,ON ROADWAY AT CROSSWALK,Unknown,POSSIBLE INJURY,NONE,39.14250693,-77.22108205,"    (39.14250693, -77.22108205)"
EJ78840035,210044861,Gaithersburg Police Depar,Injury Crash,11/05/2021 17:12,Maryland (State),CLOPPER RD,SPUR FR MD 124,,N/A,PEDESTRIAN,SINGLE VEHICLE,CLEAR,DRY,DAYLIGHT,TRAFFIC SIGNAL,NONE DETECTED,N/A,11E656AA-A656-4325-879E-CD3C4A5AF621,PEDESTRIAN,Cross/Enter at Intersection,UNKNOWN,ON ROADWAY AT CROSSWALK,Unknown,NO APPARENT INJURY,NONE,39.14250693,-77.22108205,"    (39.14250693, -77.22108205)"
MCP24960033,210044781,Montgomery County Police,Injury Crash,11/05/2021 8:48,County,PEACH LEAF DR,QUINCE MILL DR,,N/A,PEDESTRIAN,SINGLE VEHICLE,CLEAR,DRY,DAYLIGHT,NO CONTROLS,NONE DETECTED,NONE DETECTED,9241E9AE-B75D-4926-8B6A-A2BEF00E4CB9,PEDESTRIAN,Walking/Riding w/Traffic,NO IMPROPER ACTIONS,SIDEWALK,No,POSSIBLE INJURY,NONE,39.109153,-77.250823,"    (39.109153, -77.250823)"
MCP24960033,210044781,Montgomery County Police,Injury Crash,11/05/2021 8:48,County,PEACH LEAF DR,QUINCE MILL DR,,N/A,PEDESTRIAN,SINGLE VEHICLE,CLEAR,DRY,DAYLIGHT,NO CONTROLS,NONE DETECTED,NONE DETECTED,3208C231-7A7F-47ED-B7C4-B7E5316F7E40,PEDESTRIAN,Walking/Riding w/Traffic,NO IMPROPER ACTIONS,SIDEWALK,No,POSSIBLE INJURY,NONE,39.109153,-77.250823,"    (39.109153, -77.250823)"
MCP3105004D,210044653,Montgomery County Police,Injury Crash,11/04/2021 12:01,Maryland (State),GREAT SENECA HWY,WISTERIA DR,,N/A,PEDESTRIAN,SINGLE VEHICLE,CLEAR,DRY,DAYLIGHT,TRAFFIC SIGNAL,NONE DETECTED,UNKNOWN,2ACB0F3E-52EB-4967-A981-6500599E9A7A,PEDESTRIAN,Cross/Enter at Intersection,NO IMPROPER ACTIONS,AT INTERSECTION MARKED CROSSWALK,No,SUSPECTED SERIOUS INJURY,N/A,39.17106033,-77.26291867,"    (39.17106033, -77.26291867)"
MCP32720011,210044515,Montgomery County Police,Injury Crash,11/03/2021 13:50,US (State),COLESVILLE RD,TIMBERWOOD AVE,,N/A,BICYCLIST,STRAIGHT MOVEMENT ANGLE,CLEAR,DRY,DAYLIGHT,NO CONTROLS,NONE DETECTED,NONE DETECTED,E7B88553-B590-47D2-8B08-2D959B53E9A1,BICYCLIST,Cross/Enter at Intersection,NO IMPROPER ACTIONS,ON ROADWAY AT CROSSWALK,No,POSSIBLE INJURY,NONE,39.02128133,-77.01137133,"    (39.02128133, -77.01137133)"
MCP33000010,210044444,Montgomery County Police,Injury Crash,11/03/2021 8:05,Maryland (State),GEORGIA AVE,SHOREFIELD RD,,N/A,PEDESTRIAN,OTHER,CLEAR,DRY,DAYLIGHT,TRAFFIC SIGNAL,NONE DETECTED,NONE DETECTED,544531EA-BC46-44DE-BE56-938A05CD899F,PEDESTRIAN,Cross/Enter at Intersection,UNKNOWN,ON ROADWAY NOT AT CROSSWALK,No,POSSIBLE INJURY,NONE,39.05300757,-77.05085627,"    (39.05300757, -77.05085627)"
MCP2608002X,210044397,Montgomery County Police,Injury Crash,11/02/2021 20:15,Maryland (State),UNIVERSITY BLVD E,PINEY BRANCH RD,,N/A,PEDESTRIAN,SINGLE VEHICLE,RAINING,WET,DARK LIGHTS ON,TRAFFIC SIGNAL,NONE DETECTED,NONE DETECTED,4114B3ED-B84B-48D2-80BC-5F132B9F6608,PEDESTRIAN,Cross/Enter at Intersection,NO IMPROPER ACTIONS,ON ROADWAY AT CROSSWALK,No,POSSIBLE INJURY,N/A,39.00010833,-76.995005,"    (39.00010833, -76.995005)"
MCP2608002X,210044397,Montgomery County Police,Injury Crash,11/02/2021 20:15,Maryland (State),UNIVERSITY BLVD E,PINEY BRANCH RD,,N/A,PEDESTRIAN,SINGLE VEHICLE,RAINING,WET,DARK LIGHTS ON,TRAFFIC SIGNAL,NONE DETECTED,NONE DETECTED,FBB0AA8A-ABBD-447F-B57C-5379F6260F43,PEDESTRIAN,Cross/Enter at Intersection,NO IMPROPER ACTIONS,ON ROADWAY AT CROSSWALK,No,POSSIBLE INJURY,N/A,39.00010833,-76.995005,"    (39.00010833, -76.995005)"
MCP2353009H,210044239,Montgomery County Police,Injury Crash,11/02/2021 8:51,County,CHESTNUT ST,TILBURY ST,,N/A,OTHER CONVEYANCE,SINGLE VEHICLE,CLOUDY,DRY,DAYLIGHT,OTHER,NONE DETECTED,NONE DETECTED,8C8FB770-6800-440D-B8E8-708ADF6C8A6B,OTHER CONVEYANCE,Cross/Enter at Intersection,FAILURE TO YIELD RIGHT OF WAY,ON ROADWAY AT CROSSWALK,Yes,SUSPECTED MINOR INJURY,MC/BIKE HELMET,38.99348254,-77.09284703,"    (38.99348254, -77.09284703)"
MCP2667007M,210044237,Montgomery County Police,Property Damage Crash,11/02/2021 8:39,County,CONTOUR RD,HORIZON RUN RD,,N/A,PEDESTRIAN,SINGLE VEHICLE,CLOUDY,WET,DAYLIGHT,NO CONTROLS,NONE DETECTED,NONE DETECTED,A02BAA0F-C068-4D63-964C-27A06D1EC99D,PEDESTRIAN,Cross/Enter at Intersection,NO IMPROPER ACTIONS,ON ROADWAY AT CROSSWALK,No,NO APPARENT INJURY,NONE,39.15582984,-77.1988261,"    (39.15582984, -77.1988261)"
MCP23990052,210044183,Montgomery County Police,Injury Crash,11/01/2021 19:37,County,ROTHBURY DR,ARROWHEAD RD,,N/A,PEDESTRIAN,OTHER,CLEAR,DRY,DARK NO LIGHTS,STOP SIGN,NONE DETECTED,NONE DETECTED,BCF15EBB-B84D-42BC-8FFE-452829B9B7E2,PEDESTRIAN,Cross/Enter at Intersection,NO IMPROPER ACTIONS,ON ROADWAY AT CROSSWALK,No,SUSPECTED MINOR INJURY,NONE,39.185115,-77.19390333,"    (39.185115, -77.19390333)"
MCP263900D6,210044096,Montgomery County Police,Injury Crash,11/01/2021 13:59,Maryland (State),LAYTONSVILLE RD,SUNDOWN RD,,N/A,PEDESTRIAN,SAME DIRECTION SIDESWIPE,CLEAR,DRY,DAYLIGHT,PERSON,NONE DETECTED,NONE DETECTED,C8E25C34-B0F5-4010-8CCE-A84FCC2BEC9D,PEDESTRIAN,Standing,DART DASH,OTHER,No,POSSIBLE INJURY,REFLECTIVE CLOTHING,39.21172,-77.14255833,"    (39.21172, -77.14255833)"
MCP23580091,210044083,Montgomery County Police,Injury Crash,11/01/2021 12:58,County,CARDIGAN RD,HOWELL RD,,N/A,PEDESTRIAN,OTHER,CLEAR,DRY,DAYLIGHT,NO CONTROLS,UNKNOWN,NONE DETECTED,01343941-E94C-4BB2-8FD6-71781D7729C2,PEDESTRIAN,Walking/Riding against Traffic,NO IMPROPER ACTIONS,CURB,No,POSSIBLE INJURY,NONE,38.9965955,-77.1335605,"    (38.9965955, -77.1335605)"
MCP94420028,210044027,Montgomery County Police,Injury Crash,11/01/2021 7:00,County,EAST VILLAGE AVE,WELBECK WAY,,N/A,PEDESTRIAN,OTHER,CLEAR,DRY,DAWN,OTHER,NONE DETECTED,NONE DETECTED,57724B36-D1DA-4B15-A15F-D4C2F70F5E10,PEDESTRIAN,Cross/Enter at Intersection,NO IMPROPER ACTIONS,ON ROADWAY AT CROSSWALK,No,SUSPECTED MINOR INJURY,N/A,39.18806833,-77.180635,"    (39.18806833, -77.180635)"
MCP3078004B,210043992,Montgomery County Police,Injury Crash,10/31/2021 08:08:00 PM,,,,109 HEIL ROAD,,PEDESTRIAN,N/A,CLEAR,,DARK NO LIGHTS,NO CONTROLS,NONE DETECTED,NONE DETECTED,68513824-C7E6-4E22-895D-778A21961867,PEDESTRIAN,Standing,NO IMPROPER ACTIONS,OTHER,No,POSSIBLE INJURY,NONE,39.09790333,-77.00586833,"    (39.09790333, -77.00586833)"
MCP32320027,210043862,Montgomery County Police,Injury Crash,10/30/2021 05:28:00 PM,Maryland (State),OLNEY SANDY SPRING RD,VILLAGE CENTER DR,,N/A,PEDESTRIAN,OTHER,CLEAR,DRY,DAYLIGHT,TRAFFIC SIGNAL,NONE DETECTED,NONE DETECTED,5416F9B7-70C8-42D1-B45A-FD789E9EBCF5,PEDESTRIAN,Cross/Enter at Intersection,NO IMPROPER ACTIONS,AT INTERSECTION MARKED CROSSWALK,No,POSSIBLE INJURY,N/A,39.15154033,-77.0651425,"    (39.15154033, -77.0651425)"
MCP137800Z3,210043711,Montgomery County Police,Injury Crash,10/29/2021 04:06:00 PM,,,,PARKING LOT OF 12611B WISTERIA DR,,OTHER,SINGLE VEHICLE,RAINING,,DAYLIGHT,NO CONTROLS,NONE DETECTED,NONE DETECTED,977A4758-8D85-41CF-968F-D014CC94C6F6,OTHER,Other,OTHER,OTHER,Yes,POSSIBLE INJURY,N/A,39.17071333,-77.26153333,"    (39.17071333, -77.26153333)"
MCP2992003F,210043579,Montgomery County Police,Injury Crash,10/28/2021 07:12:00 PM,Maryland (State),GEORGIA AVE,COLESVILLE RD,,N/A,PEDESTRIAN,OTHER,N/A,DRY,DARK LIGHTS ON,TRAFFIC SIGNAL,N/A,N/A,791F69D6-2A56-45C3-9729-883684FD5DE7,PEDESTRIAN,Cross/Enter at Intersection,NO IMPROPER ACTIONS,N/A,No,SUSPECTED MINOR INJURY,N/A,39.07758667,-77.07069269,"    (39.07758667, -77.07069269)"
EJ7890000N,210043582,Gaithersburg Police Depar,Injury Crash,10/28/2021 07:09:00 PM,Maryland (State),FREDERICK RD,TRAVIS AVE,,GAITHERSBURG,OTHER,SAME DIR REAR END,CLEAR,DRY,DARK LIGHTS ON,NO CONTROLS,NONE DETECTED,NONE DETECTED,A9B33CE0-D050-4B20-8753-EAB1A2796EC2,OTHER,Standing,DISABLED VEHICLE RELATED,ON ROADWAY NOT AT CROSSWALK,No,SUSPECTED SERIOUS INJURY,N/A,39.16083498,-77.22127842,"    (39.16083498, -77.22127842)"
DM84780014,210043560,Takoma Park Police Depart,Property Damage Crash,10/28/2021 04:44:00 PM,Municipality,MAPLE AVE,LEE AVE,,TAKOMA PARK,BICYCLIST,OTHER,N/A,DRY,DAYLIGHT,NO CONTROLS,UNKNOWN,NONE DETECTED,E3D9461D-2423-410F-90F3-026F0D754FC5,BICYCLIST,Walking/Riding w/Traffic,NO IMPROPER ACTIONS,ON ROADWAY AT CROSSWALK,No,NO APPARENT INJURY,NONE,38.98144667,-77.010315,"    (38.98144667, -77.010315)"
MCP3068003J,210043378,Montgomery County Police,Injury Crash,10/27/2021 04:10:00 PM,County,MACARTHUR BLVD,CONNECTOR RD,,N/A,BICYCLIST,ANGLE MEETS RIGHT TURN,CLEAR,DRY,DAYLIGHT,TRAFFIC SIGNAL,N/A,N/A,DDA39D39-AAB0-4303-A7B4-736CC0C32131,BICYCLIST,Cross/Enter at Intersection,FAILURE TO OBEY TRAFFIC SIGNS SIGNALS OR OFFICER,AT INTERSECTION MARKED CROSSWALK,Yes,SUSPECTED SERIOUS INJURY,MC/BIKE HELMET,38.96442,-77.136085,"    (38.96442, -77.136085)"
EJ7886000T,210043401,Gaithersburg Police Depar,Injury Crash,10/27/2021 02:30:00 PM,,,,"87 BUREAU DRIVE, GAITHERSBURG, MD 20878",,OTHER,OTHER,CLEAR,,DAYLIGHT,N/A,N/A,N/A,45108DE0-CAB1-4206-A943-EE2FE9BA9960,OTHER,Push/Work on Vehicle,N/A,N/A,No,POSSIBLE INJURY,REFLECTIVE CLOTHING,39.14430513,-77.21514398,"    (39.14430513, -77.21514398)"
MCP27830044,210043191,Montgomery County Police,Injury Crash,10/27/2021 07:01:00 AM,County,RANDOLPH RD,COLIE DR,,N/A,PEDESTRIAN,OTHER,CLEAR,DRY,N/A,OTHER,N/A,N/A,D707230B-B6D4-4A31-9589-5F8ABCE6755D,PEDESTRIAN,Cross/Enter at Intersection,NO IMPROPER ACTIONS,ON ROADWAY AT CROSSWALK,No,POSSIBLE INJURY,N/A,39.05750968,-77.08004686,"    (39.05750968, -77.08004686)"
MCP3196002K,210043008,Montgomery County Police,Injury Crash,10/25/2021 03:30:00 PM,,,,"12922 MIDDLEBROOK ROAD, GERMANTOWN, MD 20874 (DSW) PARKING LOT AREA",,OTHER,HEAD ON LEFT TURN,CLEAR,,N/A,TRAFFIC SIGNAL,N/A,N/A,B76346F8-4A5B-443F-A330-25B746EC0EF2,OTHER,N/A,OTHER,ON ROADWAY NOT AT CROSSWALK,Yes,SUSPECTED MINOR INJURY,N/A,39.17992133,-77.26920583,"    (39.17992133, -77.26920583)"
MCP3161003C,210042969,Montgomery County Police,Injury Crash,10/25/2021 03:03:00 PM,Maryland (State),ROCKVILLE PIKE,CEDAR LA,,N/A,PEDESTRIAN,SINGLE VEHICLE,CLEAR,DRY,DAYLIGHT,NO CONTROLS,NONE DETECTED,NONE DETECTED,8B35DAE4-7417-4A97-8807-1DE8C94C9404,PEDESTRIAN,Cross/Enter not at Intersection,IN ROADWAY IMPROPERLY,ON ROADWAY NOT AT CROSSWALK,Yes,SUSPECTED SERIOUS INJURY,NONE,38.99746667,-77.10965833,"    (38.99746667, -77.10965833)"
MCP2260002M,210042933,Montgomery County Police,Property Damage Crash,10/25/2021 01:00:00 PM,,,,PARKING LOT OF GIANT AT 3860 INTERNATIONAL DRIVE,,PEDESTRIAN,OTHER,N/A,,DAYLIGHT,N/A,N/A,N/A,EEC9ECFF-8B6E-45FE-B672-2D276169E20A,PEDESTRIAN,Other,NO IMPROPER ACTIONS,OTHER,No,NO APPARENT INJURY,N/A,39.10162167,-77.07585333,"    (39.10162167, -77.07585333)"
HA2393000C,21002051,Maryland-National Capital,Injury Crash,10/24/2021 05:15:00 PM,County,SHOREFIELD RD,PARK ROAD WHEATON REGIONAL PARK,,N/A,PEDESTRIAN,N/A,CLEAR,DRY,DAYLIGHT,NO CONTROLS,UNKNOWN,N/A,E42D7C81-CE58-48B2-9962-B034848C515B,PEDESTRIAN,Cross/Enter at Intersection,NO IMPROPER ACTIONS,ON ROADWAY AT CROSSWALK,Unknown,POSSIBLE INJURY,NONE,39.05310777,-77.04469202,"    (39.05310777, -77.04469202)"
MCP2927003Z,210042678,Montgomery County Police,Injury Crash,10/23/2021 12:00:00 PM,,,,PARKING LOT OF 104 SCHUYLER ROAD,,PEDESTRIAN,OTHER,N/A,,DAYLIGHT,NO CONTROLS,UNKNOWN,NONE DETECTED,50D3FB8F-4CF5-464D-8B41-8DBC6C3F5830,PEDESTRIAN,Cross/Enter at Intersection,UNKNOWN,AT INTERSECTION BUT NO CROSSWALK,Unknown,SUSPECTED MINOR INJURY,N/A,39.00277261,-77.01248136,"    (39.00277261, -77.01248136)"