Report Number,Local Case Number,Agency Name,ACRS Report Type,Crash Date/Time,Route Type,Road Name,Cross-Street Name,Off-Road Description,Municipality,Related Non-Motorist,Collision Type,Weather,Surface Condition,Light,Traffic Control,Driver Substance Abuse,Non-Motorist Substance Abuse,Person ID,Pedestrian Type,Pedestrian Movement,Pedestrian Actions,Pedestrian Location,At Fault,Injury Severity,Safety Equipment,Latitude,Longitude,Location
MCP3209002H,210009226,Montgomery County Police,Injury Crash,03/11/2021 19:57,Maryland (State),GEORGIA AVE,DAYTON ST,,N/A,PEDESTRIAN,OTHER,CLEAR,DRY,DARK NO LIGHTS,NO CONTROLS,NONE DETECTED,NONE DETECTED,AB9FD99C-714C-4CB1-AC0E-46071A257F3C,PEDESTRIAN,Walking/Cycling on Sidewalk,NO IMPROPER ACTIONS,SIDEWALK,No,SUSPECTED MINOR INJURY,NONE,39.02838333,-77.046875,"    (39.02838333, -77.046875)"
EJ7889000J,210008835,Gaithersburg Police Depar,Property Damage Crash,03/09/2021 8:15,,,,"15740 SHADY GROVE ROAD, GAITHERSBURG, MD 20877 IN THE HOME DEPOT PAKING LOT.",,PEDESTRIAN,SINGLE VEHICLE,N/A,,DAYLIGHT,NO CONTROLS,NONE DETECTED,NONE DETECTED,F8B96DE6-A0AD-49C2-8C83-5D96E616518A,PEDESTRIAN,Standing,N/A,OUTSIDE RIGHT OF WAY,No,NO APPARENT INJURY,NONE,39.11484788,-77.18680825,"    (39.11484788, -77.18680825)"
MCP3274000H,210008468,Montgomery County Police,Injury Crash,03/06/2021 13:30,Municipality,N PARK AVE,SHOEMAKER FARM LA,,FRIENDSHIP HEIGHTS,PEDESTRIAN,SAME DIR REAR END,CLEAR,DRY,DAYLIGHT,NO CONTROLS,NONE DETECTED,NONE DETECTED,9D055FDE-D440-44E5-B9AD-D0DC9F932F92,PEDESTRIAN,Standing,NO IMPROPER ACTIONS,OTHER,No,SUSPECTED MINOR INJURY,NONE,38.96343567,-77.09180917,"    (38.96343567, -77.09180917)"
EJ78510067,210008384,Gaithersburg Police Depar,Injury Crash,03/05/2021 17:53,,,,BEHIND 422 MARKET STREET (PARKING LOT),,PEDESTRIAN,OTHER,CLEAR,,DAYLIGHT,NO CONTROLS,UNKNOWN,NONE DETECTED,81D5F8AD-E529-4618-BD83-6F70465A4E5A,PEDESTRIAN,Other,INATTENTIVE,OTHER,No,SUSPECTED MINOR INJURY,NONE,39.12174383,-77.23678555,"    (39.12174383, -77.23678555)"
MCP3253000T,210008110,Montgomery County Police,Injury Crash,03/03/2021 23:14,County,SHADOW OAK DR,SHADOW OAK CT,,N/A,PEDESTRIAN,SINGLE VEHICLE,CLEAR,DRY,DARK LIGHTS ON,N/A,NONE DETECTED,NONE DETECTED,4AC174E1-2FA6-48A7-9350-93E0EDE1A303,PEDESTRIAN,Standing,IN ROADWAY IMPROPERLY,ON ROADWAY NOT AT CROSSWALK,No,POSSIBLE INJURY,NONE,39.1908499,-77.1992302,"    (39.1908499, -77.1992302)"
MCP3195001Y,21000093,Montgomery County Police,Injury Crash,03/03/2021 20:16,County,PLUM ORCHARD DR,CHERRY HILL RD,,N/A,PEDESTRIAN,STRAIGHT MOVEMENT ANGLE,N/A,DRY,DARK LIGHTS ON,TRAFFIC SIGNAL,NONE DETECTED,NONE DETECTED,7AAF61D1-E83C-4A16-9525-5E214AE01EBB,PEDESTRIAN,Cross/Enter at Intersection,NO IMPROPER ACTIONS,ON ROADWAY AT CROSSWALK,No,POSSIBLE INJURY,NONE,39.0525918,-76.95317796,"    (39.0525918, -76.95317796)"
MCP209400H3,210007963,Montgomery County Police,Injury Crash,03/03/2021 6:59,County,MACARTHUR BLVD,CLARA BARTON PKWY,,N/A,BICYCLIST,OTHER,CLEAR,DRY,DAYLIGHT,NO CONTROLS,NONE DETECTED,NONE DETECTED,DFAA19E2-B9FC-4E77-AF11-DFE05C15F137,BICYCLIST,Walking/Riding w/Traffic,NO IMPROPER ACTIONS,ON ROADWAY NOT AT CROSSWALK,No,SUSPECTED SERIOUS INJURY,MC/BIKE HELMET,38.97863667,-77.20802833,"    (38.97863667, -77.20802833)"
MCP3156001J,210007829,Montgomery County Police,Injury Crash,03/02/2021 7:56,County,CEDAR ST,WAYNE AVE,,N/A,PEDESTRIAN,OTHER,N/A,N/A,DAYLIGHT,TRAFFIC SIGNAL,NONE DETECTED,NONE DETECTED,2F6043FE-4B47-45D7-B84B-5B64EB51D155,PEDESTRIAN,Cross/Enter at Intersection,NOT VISIBLE,ON ROADWAY AT CROSSWALK,No,SUSPECTED MINOR INJURY,NONE,38.9971621,-77.02161685,"    (38.9971621, -77.02161685)"
MCP31640044,210007828,Montgomery County Police,Injury Crash,03/02/2021 7:50,Maryland (State),GEORGIA AVE,RANDOLPH RD,,N/A,PEDESTRIAN,SINGLE VEHICLE,CLEAR,DRY,DAYLIGHT,TRAFFIC SIGNAL,NONE DETECTED,NONE DETECTED,C720A46A-A27B-4944-ABE1-C264238746EC,PEDESTRIAN,Cross/Enter at Intersection,UNKNOWN,ON ROADWAY AT CROSSWALK,Unknown,POSSIBLE INJURY,NONE,39.05779333,-77.04981667,"    (39.05779333, -77.04981667)"
MCP3276000H,210007539,Montgomery County Police,Injury Crash,02/27/2021 05:30:00 PM,US (State),GEORGIA AVE,SLIGO AVE,,N/A,BICYCLIST,SINGLE VEHICLE,CLEAR,DRY,DARK LIGHTS ON,TRAFFIC SIGNAL,UNKNOWN,NONE DETECTED,F8A235CB-FE99-46C8-8392-556807CCDDC5,BICYCLIST,Cross/Enter at Intersection,UNKNOWN,ON ROADWAY AT CROSSWALK,Unknown,SUSPECTED MINOR INJURY,UNKNOWN,38.99020956,-77.0266066,"    (38.99020956, -77.0266066)"
MCP32250018,210007430,Montgomery County Police,Injury Crash,02/26/2021 09:13:00 PM,,,,PARKING LOT OF 2571 ENNALS AVE,,PEDESTRIAN,STRAIGHT MOVEMENT ANGLE,RAINING,,DARK LIGHTS ON,NO CONTROLS,NONE DETECTED,NONE DETECTED,2FF5F64C-7DB6-4982-A0E4-6E88191CEFB7,PEDESTRIAN,Walking/Cycling on Sidewalk,NO IMPROPER ACTIONS,SIDEWALK,No,POSSIBLE INJURY,NONE,39.03969418,-77.05452095,"    (39.03969418, -77.05452095)"
MCP271700TQ,210007143,Montgomery County Police,Injury Crash,02/24/2021 05:50:00 PM,Municipality,DORSET AVE,LITTLE FALLS PKWY,,N/A,BICYCLIST,OTHER,CLEAR,DRY,DARK LIGHTS ON,STOP SIGN,NONE DETECTED,NONE DETECTED,001E9B06-8BC9-4488-A8F2-A21AFC9EFA05,BICYCLIST,Cross/Enter at Intersection,NO IMPROPER ACTIONS,ON ROADWAY AT CROSSWALK,No,SUSPECTED MINOR INJURY,MC/BIKE HELMET,38.96878033,-77.10200367,"    (38.96878033, -77.10200367)"
MCP229800VR,210007256,Montgomery County Police,Property Damage Crash,02/23/2021 11:51:00 AM,County,CONNECTICUT AVE,GRAND PRE RD,,N/A,PEDESTRIAN,SINGLE VEHICLE,CLEAR,SLUSH,DAYLIGHT,NO CONTROLS,NONE DETECTED,NONE DETECTED,89ADE460-CA93-4BCD-B113-37C5E4F99E33,PEDESTRIAN,Other,DART DASH,OTHER,No,NO APPARENT INJURY,N/A,39.09191456,-77.07032261,"    (39.09191456, -77.07032261)"
DD56370028,210006695,Rockville Police Departme,Injury Crash,02/21/2021 04:23:00 PM,,,,PARKING GARAGE OF 1628 E JEFFERSON ST,,PEDESTRIAN,OTHER,CLEAR,,N/A,NO CONTROLS,NONE DETECTED,NONE DETECTED,558878A4-6EEE-49CE-A6FC-7CC240648B1C,PEDESTRIAN,Cross/Enter not at Intersection,DART DASH,OTHER,Yes,SUSPECTED MINOR INJURY,NONE,39.06067784,-77.1270258,"    (39.06067784, -77.1270258)"
MCP3209002B,210005989,Montgomery County Police,Injury Crash,02/15/2021 08:20:00 PM,County,WAYNE AVE,GEORGIA AVE,,N/A,PEDESTRIAN,OTHER,RAINING,WET,DUSK,TRAFFIC SIGNAL,NONE DETECTED,ALCOHOL PRESENT,186CB1CD-B18F-4B07-A331-4A4392A30DF2,PEDESTRIAN,Cross/Enter at Intersection,FAILURE TO OBEY TRAFFIC SIGNS SIGNALS OR OFFICER,ON ROADWAY AT CROSSWALK,Yes,POSSIBLE INJURY,NONE,38.99448139,-77.02661747,"    (38.99448139, -77.02661747)"
MCP3274000F,210005911,Montgomery County Police,Injury Crash,02/15/2021 10:49:00 AM,County,BROAD ST,GREENLAWN DR,,N/A,PEDESTRIAN,OTHER,N/A,DRY,DAYLIGHT,NO CONTROLS,NONE DETECTED,NONE DETECTED,9099907D-E62F-401B-B84F-E9E7574A92AA,PEDESTRIAN,Standing,N/A,ON ROADWAY NOT AT CROSSWALK,No,SUSPECTED MINOR INJURY,REFLECTIVE CLOTHING,39.02163833,-77.115855,"    (39.02163833, -77.115855)"
MCP229800VL,210005324,Montgomery County Police,Injury Crash,02/10/2021 15:16,County,FATHER HURLEY BLVD,WISTERIA DR,,N/A,BICYCLIST,STRAIGHT MOVEMENT ANGLE,CLOUDY,DRY,DAYLIGHT,TRAFFIC SIGNAL,NONE DETECTED,NONE DETECTED,570B7068-FF0E-4EE6-985D-1EE7E50C5424,BICYCLIST,Walking/Riding against Traffic,IN ROADWAY IMPROPERLY,AT INTERSECTION MARKED CROSSWALK,Yes,POSSIBLE INJURY,NONE,39.18147606,-77.27625213,"    (39.18147606, -77.27625213)"
MCP3289000G,210005250,Montgomery County Police,Injury Crash,02/10/2021 6:35,Maryland (State),UNIVERSITY BLVD E,WILLIAMSBURG DR,,N/A,PEDESTRIAN,SINGLE VEHICLE,CLOUDY,DRY,DARK LIGHTS ON,TRAFFIC SIGNAL,UNKNOWN,NONE DETECTED,D6D0F8E6-E6DA-46A2-B9E7-396806BDAEBA,PEDESTRIAN,Cross/Enter at Intersection,NO IMPROPER ACTIONS,ON ROADWAY AT CROSSWALK,No,SUSPECTED SERIOUS INJURY,NONE,39.01797675,-77.00688918,"    (39.01797675, -77.00688918)"
MCP2844004R,210005188,Montgomery County Police,Injury Crash,02/09/2021 16:45,County,N BELGRADE RD,LAMBERTON DR,,N/A,BICYCLIST,OTHER,CLEAR,DRY,DAYLIGHT,STOP SIGN,NONE DETECTED,NONE DETECTED,174BB254-B5AF-4354-AB5F-631EDD06CD8D,BICYCLIST,Cross/Enter at Intersection,NO IMPROPER ACTIONS,ON ROADWAY AT CROSSWALK,No,POSSIBLE INJURY,NONE,39.04217473,-77.02722498,"    (39.04217473, -77.02722498)"
MCP242500GL,210005127,Montgomery County Police,Injury Crash,02/09/2021 10:50,Maryland (State),GEORGIA AVE,COLESVILLE RD,,N/A,PEDESTRIAN,OTHER,N/A,DRY,DAYLIGHT,TRAFFIC SIGNAL,NONE DETECTED,NONE DETECTED,BC8BD9F9-4378-4788-B8C3-FA23F779CD54,PEDESTRIAN,Cross/Enter at Intersection,NO IMPROPER ACTIONS,ON ROADWAY AT CROSSWALK,No,SUSPECTED MINOR INJURY,NONE,38.99574167,-77.02811167,"    (38.99574167, -77.02811167)"
MCP137800WG,210005062,Montgomery County Police,Injury Crash,02/08/2021 18:58,County,CONTOUR RD,ODENDHAL AVE,,N/A,PEDESTRIAN,SINGLE VEHICLE,CLOUDY,DRY,DARK LIGHTS ON,TRAFFIC SIGNAL,UNKNOWN,NONE DETECTED,13591EB5-8BD6-480C-AD13-20EAC453C7D9,PEDESTRIAN,Cross/Enter at Intersection,NO IMPROPER ACTIONS,ON ROADWAY AT CROSSWALK,No,SUSPECTED MINOR INJURY,NONE,39.15243628,-77.19602164,"    (39.15243628, -77.19602164)"
MCP2974003J,210004511,Montgomery County Police,Injury Crash,02/04/2021 16:31,,,,"PARKING LOT OF 13807 OUTLET DR, SILVER SPRING, MARYLAND",,MACHINE OPERATOR/RIDER,OTHER,CLEAR,,DAYLIGHT,NO CONTROLS,NONE DETECTED,NONE DETECTED,5624267B-C0F4-4CD0-86F4-8F09B0EB1CF2,MACHINE OPERATOR/RIDER,Cross/Enter at Intersection,N/A,ON ROADWAY AT CROSSWALK,No,POSSIBLE INJURY,NONE,39.08211833,-76.946325,"    (39.08211833, -76.946325)"
MCP2016005L,210004492,Montgomery County Police,Injury Crash,02/04/2021 14:32,Maryland (State),ROCKVILLE PIKE,BOU AVE,,N/A,BICYCLIST,OTHER,CLEAR,DRY,DAYLIGHT,TRAFFIC SIGNAL,NONE DETECTED,NONE DETECTED,24AF8946-9ABB-4AD7-8417-B06E7F4B83DB,BICYCLIST,Walking/Riding against Traffic,WRONG WAY RIDING OR WALKING,ON ROADWAY AT CROSSWALK,Yes,SUSPECTED MINOR INJURY,NONE,39.05617167,-77.11937167,"    (39.05617167, -77.11937167)"
MCP3211001Z,210003853,Montgomery County Police,Injury Crash,01/30/2021 11:39:00 AM,County,TUCKERMAN LA,GROSVENOR PL,,N/A,BICYCLIST,SINGLE VEHICLE,CLEAR,DRY,DAYLIGHT,NO CONTROLS,NONE DETECTED,NONE DETECTED,4FD128EC-4791-481B-B8AB-B76C2221A1B2,BICYCLIST,Cross/Enter at Intersection,NO IMPROPER ACTIONS,ON ROADWAY NOT AT CROSSWALK,No,POSSIBLE INJURY,MC/BIKE HELMET,39.02759634,-77.10739224,"    (39.02759634, -77.10739224)"
MCP3171001G,210003908,Montgomery County Police,Injury Crash,01/29/2021 11:00:00 PM,Maryland (State),GREAT SENECA HWY,MIDDLEBROOK RD,,N/A,PEDESTRIAN,STRAIGHT MOVEMENT ANGLE,CLEAR,DRY,DARK LIGHTS ON,NO CONTROLS,N/A,NONE DETECTED,0F45C163-3011-4509-8B3E-ADC00057B124,PEDESTRIAN,Walking/Riding against Traffic,IN ROADWAY IMPROPERLY,ON ROADWAY NOT AT CROSSWALK,Yes,SUSPECTED SERIOUS INJURY,NONE,39.17390833,-77.26152833,"    (39.17390833, -77.26152833)"
MCP09420033,210003657,Montgomery County Police,Injury Crash,01/29/2021 07:30:00 AM,Maryland (State),OLD GEORGETOWN RD,FAIRMONT AVE,,N/A,BICYCLIST,STRAIGHT MOVEMENT ANGLE,CLEAR,DRY,DAYLIGHT,NO CONTROLS,NONE DETECTED,NONE DETECTED,A2E84624-E3D7-4286-9988-12DE97B2ECCE,BICYCLIST,Cross/Enter at Intersection,NO IMPROPER ACTIONS,SIDEWALK,No,SUSPECTED MINOR INJURY,MC/BIKE HELMET,38.98660671,-77.09718937,"    (38.98660671, -77.09718937)"
DD5633004Z,210003552,Rockville Police Departme,Injury Crash,01/28/2021 01:30:00 PM,Municipality,TWINBROOK PKWY,ROSANNE LA,,ROCKVILLE,PEDESTRIAN,SINGLE VEHICLE,CLEAR,DRY,DAYLIGHT,N/A,NONE DETECTED,NONE DETECTED,BD86643D-37DA-4C6A-8552-DB5874AE405D,PEDESTRIAN,Cross/Enter not at Intersection,DART DASH,ON ROADWAY NOT AT CROSSWALK,Yes,POSSIBLE INJURY,N/A,39.07627399,-77.11149187,"    (39.07627399, -77.11149187)"
MCP271700TC,210003454,Montgomery County Police,Injury Crash,01/27/2021 06:20:00 PM,Maryland (State),OLD GEORGETOWN RD,BATTERY LA,,N/A,PEDESTRIAN,SINGLE VEHICLE,CLEAR,DRY,DARK LIGHTS ON,TRAFFIC SIGNAL,NONE DETECTED,NONE DETECTED,88EED60E-F554-46A8-A176-AAC356CE0539,PEDESTRIAN,Cross/Enter at Intersection,NO IMPROPER ACTIONS,ON ROADWAY AT CROSSWALK,No,SUSPECTED MINOR INJURY,NONE,38.99041517,-77.10339017,"    (38.99041517, -77.10339017)"
MCP24550045,210003421,Montgomery County Police,Injury Crash,01/27/2021 03:12:00 PM,,,,PARKING LOT OF 12305 VILLAGE SQUARE TER,,PEDESTRIAN,OTHER,CLOUDY,,DAYLIGHT,N/A,NONE DETECTED,NONE DETECTED,964BFAEE-AA60-43DC-8861-0C8BCFEFD8AF,PEDESTRIAN,Unknown,UNKNOWN,OTHER,Yes,SUSPECTED MINOR INJURY,N/A,39.05945721,-77.10910044,"    (39.05945721, -77.10910044)"
MCP3289000D,210003353,Montgomery County Police,Injury Crash,01/27/2021 09:20:00 AM,County,CANNON RD,KARA LA,,N/A,PEDESTRIAN,SINGLE VEHICLE,CLOUDY,DRY,DAYLIGHT,NO CONTROLS,NONE DETECTED,NONE DETECTED,B009D9AE-F0C0-402A-97F0-D00212835755,PEDESTRIAN,Cross/Enter at Intersection,NO IMPROPER ACTIONS,ON ROADWAY AT CROSSWALK,No,SUSPECTED MINOR INJURY,N/A,39.0702475,-77.0019805,"    (39.0702475, -77.0019805)"
MCP2846006J,210003305,Montgomery County Police,Injury Crash,01/26/2021 06:10:00 PM,County,NEWPORT MILL RD,MAPLE VIEW DR,,N/A,PEDESTRIAN,SINGLE VEHICLE,RAINING,WET,DARK -- UNKNOWN LIGHTING,NO CONTROLS,NONE DETECTED,NONE DETECTED,84010F7D-A8F0-4FE3-8C46-3FD70741C3C5,PEDESTRIAN,Other,NO IMPROPER ACTIONS,SHOULDER,No,POSSIBLE INJURY,NONE,39.04281843,-77.06896988,"    (39.04281843, -77.06896988)"
MCP3069003N,210003298,Montgomery County Police,Injury Crash,01/26/2021 05:17:00 PM,County,WILLARD AVE,N PARK AVE,,FRIENDSHIP HEIGHTS,PEDESTRIAN,OTHER,RAINING,WET,DUSK,NO CONTROLS,NONE DETECTED,NONE DETECTED,E51CAF0E-2CA3-4814-846D-E6E904C87A2C,PEDESTRIAN,Cross/Enter at Intersection,NO IMPROPER ACTIONS,ON ROADWAY AT CROSSWALK,No,POSSIBLE INJURY,NONE,38.96281636,-77.09330852,"    (38.96281636, -77.09330852)"
EJ78520048,210002669,Gaithersburg Police Depar,Injury Crash,01/21/2021 08:00:00 PM,Other Public Roadway,WHISPERING WIND CT,FALLBROOK ST,,GAITHERSBURG,PEDESTRIAN,N/A,N/A,DRY,DARK LIGHTS ON,STOP SIGN,UNKNOWN,NONE DETECTED,1DFB0020-B8B0-4118-88B1-26835E692122,PEDESTRIAN,Cross/Enter at Intersection,NO IMPROPER ACTIONS,ON ROADWAY AT CROSSWALK,No,SUSPECTED MINOR INJURY,N/A,39.144393,-77.18506955,"    (39.144393, -77.18506955)"
MCP3198002B,210002649,Montgomery County Police,Injury Crash,01/21/2021 06:30:00 PM,County,RANDOLPH RD,BUSHEY DR,,N/A,BICYCLIST,OTHER,CLEAR,DRY,DARK LIGHTS ON,STOP SIGN,NONE DETECTED,NONE DETECTED,5BEFBA69-3D4E-4E8F-A666-E37218052CF7,BICYCLIST,Cross/Enter at Intersection,UNKNOWN,ON ROADWAY AT CROSSWALK,No,POSSIBLE INJURY,NONE,39.057505,-77.07764667,"    (39.057505, -77.07764667)"
MCP271700TB,210002365,Montgomery County Police,Injury Crash,01/19/2021 03:31:00 PM,Maryland (State),CONNECTICUT AVE,ROSEMARY ST #2,,CHEVY CHASE #4,BICYCLIST,OTHER,CLEAR,DRY,DAYLIGHT,TRAFFIC SIGNAL,NONE DETECTED,NONE DETECTED,44A86B54-5448-4946-A2DA-D7D98E757D8E,BICYCLIST,Cross/Enter at Intersection,NO IMPROPER ACTIONS,ON ROADWAY AT CROSSWALK,No,SUSPECTED MINOR INJURY,MC/BIKE HELMET,38.97779433,-77.07710317,"    (38.97779433, -77.07710317)"
MCP1301001J,210001908,Montgomery County Police,Fatal Crash,01/15/2021 08:16:00 PM,Maryland (State),NEW HAMPSHIRE AVE,POWDER MILL RD,,N/A,PEDESTRIAN,SINGLE VEHICLE,RAINING,WET,DARK LIGHTS ON,NO CONTROLS,UNKNOWN,NONE DETECTED,0552458D-A0AF-4930-BBA6-A6C2BA2C63CF,PEDESTRIAN,Cross/Enter not at Intersection,UNKNOWN,ON ROADWAY NOT AT CROSSWALK,Unknown,FATAL INJURY,REFLECTIVE CLOTHING,39.02128333,-76.97695,"    (39.02128333, -76.97695)"
MCP2512005H,210001897,Montgomery County Police,Injury Crash,01/15/2021 06:44:00 PM,Municipality,KENTLANDS BLVD,MARKET ST,,GAITHERSBURG,PEDESTRIAN,STRAIGHT MOVEMENT ANGLE,RAINING,WET,DARK LIGHTS ON,OTHER,NONE DETECTED,NONE DETECTED,38E2DD61-E1C6-449F-910C-C610AAA3DC85,PEDESTRIAN,Cross/Enter not at Intersection,NO IMPROPER ACTIONS,ON ROADWAY AT CROSSWALK,No,SUSPECTED MINOR INJURY,NONE,39.12321833,-77.23512833,"    (39.12321833, -77.23512833)"
EJ7884001J,210001898,Gaithersburg Police Depar,Injury Crash,01/15/2021 06:26:00 PM,Municipality,E DIAMOND AVE,GIRARD ST,,GAITHERSBURG,PEDESTRIAN,OTHER,RAINING,WET,DARK NO LIGHTS,NO CONTROLS,N/A,N/A,16DEB8F7-303B-4AD5-A1F0-60ACDE8FD3D6,PEDESTRIAN,Unknown,NO IMPROPER ACTIONS,ON ROADWAY NOT AT CROSSWALK,Yes,SUSPECTED SERIOUS INJURY,N/A,39.1420083,-77.18803328,"    (39.1420083, -77.18803328)"
MCP28570037,210001882,Montgomery County Police,Injury Crash,01/15/2021 04:26:00 PM,,,,"PARKING LOT OF 18625 MOONEY DRIVE, GAITHERSBURG, MD 20879",,PEDESTRIAN,SINGLE VEHICLE,CLOUDY,,DAYLIGHT,N/A,NONE DETECTED,NONE DETECTED,9828D9BA-5524-448C-9987-0A272669F3EB,PEDESTRIAN,Other Working,UNKNOWN,N/A,No,SUSPECTED MINOR INJURY,N/A,39.16289373,-77.16414513,"    (39.16289373, -77.16414513)"
MCP2981003M,210001872,Montgomery County Police,Property Damage Crash,01/15/2021 04:03:00 PM,County,PARKER AVE,JUDSON RD,,N/A,PEDESTRIAN,SINGLE VEHICLE,CLEAR,DRY,DAYLIGHT,NO CONTROLS,NONE DETECTED,NONE DETECTED,2211FADC-2C18-49A6-BF5C-ACB3FCE61E55,PEDESTRIAN,Walking/Cycling on Sidewalk,NO IMPROPER ACTIONS,SIDEWALK,No,NO APPARENT INJURY,NONE,39.0488811,-77.0592769,"    (39.0488811, -77.0592769)"
MCP1233003R,210001754,Montgomery County Police,Injury Crash,01/14/2021 03:28:00 PM,Maryland (State),UNIVERSITY BLVD W,HOBSON ST,,N/A,PEDESTRIAN,STRAIGHT MOVEMENT ANGLE,CLEAR,DRY,DAYLIGHT,TRAFFIC SIGNAL,NONE DETECTED,NONE DETECTED,BA600D47-CB18-4010-83E4-7EF4EB546284,PEDESTRIAN,Other,NO IMPROPER ACTIONS,N/A,No,SUSPECTED SERIOUS INJURY,NONE,39.03581667,-77.064925,"    (39.03581667, -77.064925)"
MCP2767008V,210001648,Montgomery County Police,Injury Crash,01/13/2021 05:40:00 PM,County,RANDOLPH RD,HEURICH RD,,N/A,BICYCLIST,SINGLE VEHICLE,CLEAR,DRY,DUSK,NO CONTROLS,UNKNOWN,NONE DETECTED,5BC95A45-7042-4825-9138-8FA5D048F7C9,BICYCLIST,Cross/Enter at Intersection,NO IMPROPER ACTIONS,ON ROADWAY NOT AT CROSSWALK,No,POSSIBLE INJURY,NONE,39.06225291,-77.04188665,"    (39.06225291, -77.04188665)"
DD5604003S,210001474,Rockville Police Departme,Injury Crash,01/12/2021 13:57,Municipality,E JEFFERSON ST,CONGRESSIONAL LA,,ROCKVILLE,PEDESTRIAN,OTHER,CLEAR,DRY,DAYLIGHT,STOP SIGN,NONE DETECTED,NONE DETECTED,EDE7021D-95D9-4371-A242-2F2CF6C0F6AC,PEDESTRIAN,Cross/Enter at Intersection,NO IMPROPER ACTIONS,AT INTERSECTION MARKED CROSSWALK,No,SUSPECTED MINOR INJURY,NONE,39.06208217,-77.12915567,"    (39.06208217, -77.12915567)"
MCP2902004T,210001472,Montgomery County Police,Injury Crash,01/12/2021 13:31,Other Public Roadway,HILLCREST DR,FREDERICK RD,,N/A,PEDESTRIAN,OTHER,CLEAR,DRY,DAYLIGHT,STOP SIGN,N/A,N/A,741AB4EA-E3A2-4A95-9373-E76C4D18C69D,PEDESTRIAN,Cross/Enter at Intersection,NO IMPROPER ACTIONS,AT INTERSECTION BUT NO CROSSWALK,No,SUSPECTED MINOR INJURY,NONE,39.17666333,-77.238335,"    (39.17666333, -77.238335)"
MCP3125002L,210001108,Montgomery County Police,Injury Crash,01/09/2021 15:20,County,MARY CASSATT DR,SEVEN LOCKS RD,,N/A,PEDESTRIAN,SINGLE VEHICLE,CLEAR,DRY,DAYLIGHT,NO CONTROLS,NONE DETECTED,NONE DETECTED,66B67C25-C4F1-4E40-B9A9-C166F3D62AB7,PEDESTRIAN,Cross/Enter at Intersection,NO IMPROPER ACTIONS,AT INTERSECTION BUT NO CROSSWALK,No,SUSPECTED MINOR INJURY,NONE,39.04669833,-77.16098167,"    (39.04669833, -77.16098167)"
MCP91130070,210001100,Montgomery County Police,Property Damage Crash,01/09/2021 13:56,County,ATHERTON DR,GREENLY ST,,N/A,OTHER,STRAIGHT MOVEMENT ANGLE,CLEAR,DRY,DAYLIGHT,STOP SIGN,NONE DETECTED,NONE DETECTED,521BF898-D328-47A7-8EAA-F0F3CBA8AD4E,OTHER,Other,OTHER,OTHER,No,NO APPARENT INJURY,NONE,39.06148,-77.07553167,"    (39.06148, -77.07553167)"
DD5633004V,210001084,Rockville Police Departme,Injury Crash,01/09/2021 13:00,Municipality,BROADWOOD DR,VEIRS MILL RD,,N/A,PEDESTRIAN,OTHER,CLEAR,DRY,DAYLIGHT,TRAFFIC SIGNAL,NONE DETECTED,NONE DETECTED,8E471E0F-353B-4DFF-8770-490355BD921F,PEDESTRIAN,Cross/Enter at Intersection,NO IMPROPER ACTIONS,ON ROADWAY AT CROSSWALK,No,POSSIBLE INJURY,NONE,39.07720979,-77.12379602,"    (39.07720979, -77.12379602)"
MCP3071001W,210000758,Montgomery County Police,Injury Crash,01/06/2021 22:23,Maryland (State),FREDERICK RD,GUNNERS BRANCH RD,,N/A,PEDESTRIAN,SINGLE VEHICLE,CLEAR,DRY,DARK LIGHTS ON,PERSON,NONE DETECTED,ALCOHOL CONTRIBUTED,38336BA3-4C9F-42E3-8C46-92C58C9236DC,PEDESTRIAN,Cross/Enter not at Intersection,DART DASH,AT INTERSECTION BUT NO CROSSWALK,Yes,POSSIBLE INJURY,NONE,39.179145,-77.23843,"    (39.179145, -77.23843)"
MCP9134001T,210000760,Montgomery County Police,Injury Crash,01/06/2021 22:12,County,FAIRLAND RD,OLD COLUMBIA PIKE,,N/A,PEDESTRIAN,OTHER,CLOUDY,DRY,DARK LIGHTS ON,TRAFFIC SIGNAL,NONE DETECTED,NONE DETECTED,8BA363AA-939C-4B6F-A8DD-EC1570AF9259,PEDESTRIAN,Standing,OTHER,ON ROADWAY NOT AT CROSSWALK,No,SUSPECTED SERIOUS INJURY,NONE,39.07663,-76.957725,"    (39.07663, -76.957725)"
MCP28920093,210000732,Montgomery County Police,Injury Crash,01/06/2021 17:17,Maryland (State),GEORGIA AVE,FOREST GLEN RD,,N/A,PEDESTRIAN,SINGLE VEHICLE,CLEAR,DRY,DARK LIGHTS ON,TRAFFIC SIGNAL,NONE DETECTED,NONE DETECTED,5563C982-1DD6-4E00-BDB6-30B31E4A20BB,PEDESTRIAN,Cross/Enter not at Intersection,DART DASH,ON ROADWAY NOT AT CROSSWALK,Yes,POSSIBLE INJURY,NONE,39.01551847,-77.04255305,"    (39.01551847, -77.04255305)"
MCP2859009P,210000363,Montgomery County Police,Injury Crash,01/04/2021 10:52,,,,"PARKING LOT OF 9901 MEDICAL CENTER DR, GAITHERSBURG, MD 20878",,PEDESTRIAN,OTHER,CLOUDY,,DAYLIGHT,NO CONTROLS,NONE DETECTED,NONE DETECTED,667318EC-2F33-4469-B2A9-75ED1384C033,PEDESTRIAN,Other,NO IMPROPER ACTIONS,OTHER,No,POSSIBLE INJURY,NONE,39.09766438,-77.19954882,"    (39.09766438, -77.19954882)"
MCP3249001F,210000286,Montgomery County Police,Injury Crash,01/03/2021 17:29,Maryland (State),NEW HAMPSHIRE AVE,DILSTON RD,,N/A,PEDESTRIAN,OTHER,RAINING,WET,DARK LIGHTS ON,TRAFFIC SIGNAL,NONE DETECTED,ALCOHOL CONTRIBUTED,26C7482F-80F6-4F92-9393-F692D23F828A,PEDESTRIAN,Cross/Enter at Intersection,DART DASH,AT INTERSECTION MARKED CROSSWALK,Yes,SUSPECTED SERIOUS INJURY,NONE,39.011195,-76.97908167,"    (39.011195, -76.97908167)"
MCP26830053,210000271,Montgomery County Police,Injury Crash,01/03/2021 15:08,County,ODENDHAL AVE,LOST KNIFE RD,,N/A,PEDESTRIAN,OTHER,RAINING,WET,DAYLIGHT,TRAFFIC SIGNAL,NONE DETECTED,NONE DETECTED,53B8B3A0-6BF9-4E86-BD75-EBFB60BC0207,PEDESTRIAN,Cross/Enter at Intersection,NO IMPROPER ACTIONS,AT INTERSECTION MARKED CROSSWALK,No,POSSIBLE INJURY,NONE,39.15242833,-77.19883,"    (39.15242833, -77.19883)"