Report Number,Local Case Number,Agency Name,ACRS Report Type,Crash Date/Time,Route Type,Road Name,Cross-Street Name,Off-Road Description,Municipality,Related Non-Motorist,Collision Type,Weather,Surface Condition,Light,Traffic Control,Driver Substance Abuse,Non-Motorist Substance Abuse,Person ID,Pedestrian Type,Pedestrian Movement,Pedestrian Actions,Pedestrian Location,At Fault,Injury Severity,Safety Equipment,Latitude,Longitude,Location
MCP3268000K,200040192,Montgomery County Police,Injury Crash,10/12/2020 17:00,Maryland (State),COLESVILLE RD,EAST WEST HWY,,N/A,OTHER,STRAIGHT MOVEMENT ANGLE,CLEAR,DRY,DAYLIGHT,STOP SIGN,N/A,N/A,70839808-DDEC-4427-924C-E3D42ED6B47B,OTHER,Cross/Enter at Intersection,NO IMPROPER ACTIONS,ON ROADWAY AT CROSSWALK,No,SUSPECTED MINOR INJURY,N/A,38.9935873,-77.03225235,"    (38.9935873, -77.03225235)"
EJ7870002W,200040056,Gaithersburg Police Depar,Injury Crash,10/11/2020 17:29,,,,"PARKING LOT, 316 KENTLANDS BLVD",,PEDESTRIAN,SINGLE VEHICLE,RAINING,,DAYLIGHT,NO CONTROLS,UNKNOWN,NONE DETECTED,8B8F78D6-7AA4-4337-A841-70C17FAAE534,PEDESTRIAN,Other,NO IMPROPER ACTIONS,OTHER,No,POSSIBLE INJURY,NONE,39.12272129,-77.2374274,"    (39.12272129, -77.2374274)"
MCP2231005P,200040024,Montgomery County Police,Injury Crash,10/11/2020 12:39,Municipality,MAIN ST,DARNESTOWN RD,,N/A,BICYCLIST,SINGLE VEHICLE,CLOUDY,DRY,DAYLIGHT,TRAFFIC SIGNAL,NONE DETECTED,NONE DETECTED,59DAD8CF-D49A-40A2-B39C-6CD438F3FDC8,BICYCLIST,Cross/Enter at Intersection,NO IMPROPER ACTIONS,ON ROADWAY AT CROSSWALK,No,SUSPECTED MINOR INJURY,MC/BIKE HELMET,39.11239333,-77.24042667,"    (39.11239333, -77.24042667)"
MCP3121003M,200039969,Montgomery County Police,Property Damage Crash,10/10/2020 20:00,,,,IFO 19508 BURLINGAME WAY MONTGOMERY VILLAGE MD 20886,,PEDESTRIAN,HEAD ON,CLEAR,,DARK LIGHTS ON,NO CONTROLS,UNKNOWN,NONE DETECTED,4756E6B8-026E-48CF-8150-587F905CE5D0,PEDESTRIAN,Standing,NO IMPROPER ACTIONS,OTHER,No,NO APPARENT INJURY,NONE,39.17551415,-77.21163542,"    (39.17551415, -77.21163542)"
MCP3121003M,200039969,Montgomery County Police,Property Damage Crash,10/10/2020 20:00,,,,IFO 19508 BURLINGAME WAY MONTGOMERY VILLAGE MD 20886,,PEDESTRIAN,HEAD ON,CLEAR,,DARK LIGHTS ON,NO CONTROLS,UNKNOWN,NONE DETECTED,EF6D5B66-CC0D-4EC2-B874-4F99FC547351,PEDESTRIAN,Standing,NO IMPROPER ACTIONS,OTHER,No,NO APPARENT INJURY,NONE,39.17551415,-77.21163542,"    (39.17551415, -77.21163542)"
DD5637001X,200039940,Rockville Police Departme,Property Damage Crash,10/10/2020 16:00,,,,PARKING LOT OF 1701 ROCKVILLE PIKE,,PEDESTRIAN,OTHER,CLOUDY,,DAYLIGHT,N/A,NONE DETECTED,NONE DETECTED,8A2B547F-1FE4-4144-9E86-14F5826E39A9,PEDESTRIAN,Standing,NO IMPROPER ACTIONS,OTHER,No,NO APPARENT INJURY,NONE,39.061456,-77.12415,"    (39.061456, -77.12415)"
MCP2001001D,200039859,Montgomery County Police,Fatal Crash,10/09/2020 21:44,,SNOUFFER SCHOOL ROAD,SWEET AUTUMN DRIVE,,N/A,BICYCLIST,SINGLE VEHICLE,CLEAR,DRY,DARK NO LIGHTS,NO CONTROLS,UNKNOWN,ALCOHOL PRESENT,A1C6AEDB-1F16-472F-A217-E183E38AD107,BICYCLIST,Cross/Enter not at Intersection,FAILURE TO YIELD RIGHT OF WAY,ON ROADWAY NOT AT CROSSWALK,Yes,FATAL INJURY,NONE,39.16093726,-77.16345338,"    (39.16093726, -77.16345338)"
MCP30050058,200039793,Montgomery County Police,Injury Crash,10/09/2020 14:40,,,,REAR PARKING LOT OF 3000 MCCOMAS AVE,,OTHER CONVEYANCE,SINGLE VEHICLE,CLEAR,,DAYLIGHT,NO CONTROLS,NONE DETECTED,NONE DETECTED,14A27C0D-694A-4E9D-A892-F60CE293844C,OTHER CONVEYANCE,Other,NO IMPROPER ACTIONS,OTHER,No,POSSIBLE INJURY,N/A,39.03172167,-77.06211167,"    (39.03172167, -77.06211167)"
MCP2445001W,200039777,Montgomery County Police,Injury Crash,10/09/2020 12:36,County,GERMANTOWN RD,SCENERY DR,,N/A,PEDESTRIAN,SINGLE VEHICLE,CLEAR,DRY,DAYLIGHT,TRAFFIC SIGNAL,NONE DETECTED,NONE DETECTED,A1B0B838-C5E0-4CA9-B3E3-635F8F6BD7F4,PEDESTRIAN,Cross/Enter at Intersection,NO IMPROPER ACTIONS,ON ROADWAY AT CROSSWALK,No,SUSPECTED MINOR INJURY,NONE,39.19226433,-77.23377617,"    (39.19226433, -77.23377617)"
MCP3165002G,200039752,Montgomery County Police,Injury Crash,10/09/2020 9:30,County,MCKNEW RD,SANDY SPRING RD,,N/A,PEDESTRIAN,SAME DIR REAR END,CLEAR,DRY,DAYLIGHT,N/A,NONE DETECTED,NONE DETECTED,BE3131D8-88B4-4473-95CD-023996A26891,PEDESTRIAN,Walking/Riding w/Traffic,NO IMPROPER ACTIONS,SHOULDER,No,POSSIBLE INJURY,NONE,39.10522,-76.91962833,"    (39.10522, -76.91962833)"
EJ7884000Q,200039679,Gaithersburg Police Depar,Injury Crash,10/08/2020 17:40,County,MUDDY BRANCH RD,DIAMONDBACK DR,,N/A,PEDESTRIAN,N/A,CLEAR,DRY,DAYLIGHT,TRAFFIC SIGNAL,NONE DETECTED,NONE DETECTED,75A2642B-2EA3-4E11-BB1E-AA9A3E51EF76,PEDESTRIAN,Cross/Enter at Intersection,UNKNOWN,ON ROADWAY AT CROSSWALK,No,SUSPECTED MINOR INJURY,N/A,39.11511135,-77.21595598,"    (39.11511135, -77.21595598)"
MCP30390052,200039668,Montgomery County Police,Injury Crash,10/08/2020 17:15,County,FENTON ST,SLIGO AVE,,N/A,PEDESTRIAN,OTHER,CLEAR,DRY,DAYLIGHT,TRAFFIC SIGNAL,NONE DETECTED,NONE DETECTED,68DD22B0-EF67-4DBA-B9C8-0A4EF1F9A7C1,PEDESTRIAN,Cross/Enter at Intersection,NO IMPROPER ACTIONS,ON ROADWAY AT CROSSWALK,No,SUSPECTED MINOR INJURY,NONE,38.99015233,-77.0236765,"    (38.99015233, -77.0236765)"
MCP30930030,200039653,Montgomery County Police,Injury Crash,10/08/2020 15:02,Maryland (State),EAST WEST HWY,MEADOWBROOK LA,,N/A,BICYCLIST,N/A,N/A,DRY,DAYLIGHT,TRAFFIC SIGNAL,N/A,N/A,CFBEDCF8-BB9C-4086-A037-159328614F11,BICYCLIST,Cross/Enter at Intersection,INATTENTIVE,ON ROADWAY AT CROSSWALK,Yes,SUSPECTED MINOR INJURY,MC/BIKE HELMET,38.99254051,-77.06065823,"    (38.99254051, -77.06065823)"
MCP3112004V,200039555,Montgomery County Police,Injury Crash,10/07/2020 19:00,,,,"PARKING LOT IN FRONT OF 5077 BRADLEY BLVD, CHEVY CHASE, MD",,PEDESTRIAN,OTHER,CLEAR,,DARK NO LIGHTS,N/A,NONE DETECTED,NONE DETECTED,19E023A9-F7A7-4ED3-BCD4-E67A63233AAD,PEDESTRIAN,Cross/Enter not at Intersection,NO IMPROPER ACTIONS,OTHER,No,SUSPECTED MINOR INJURY,N/A,38.9785653,-77.09983529,"    (38.9785653, -77.09983529)"
MCP3136003W,200039508,Montgomery County Police,Injury Crash,10/07/2020 14:46,US (State),GEORGIA AVE,WAYNE AVE,,N/A,OTHER CONVEYANCE,N/A,CLEAR,DRY,DAYLIGHT,TRAFFIC SIGNAL,NONE DETECTED,NONE DETECTED,CEC8ED66-B42F-41AC-BB6D-3B01832B0864,OTHER CONVEYANCE,Walking/Riding w/Traffic,NO IMPROPER ACTIONS,IN BIKEWAY,No,SUSPECTED MINOR INJURY,N/A,38.99453757,-77.02685276,"    (38.99453757, -77.02685276)"
MCP3009002V,200039493,Montgomery County Police,Injury Crash,10/07/2020 13:00,County,APPLEDOWRE WAY,FREDERICK RD,,N/A,BICYCLIST,N/A,CLEAR,DRY,DAYLIGHT,STOP SIGN,N/A,N/A,11A694C3-77C1-4E10-92CE-77D4BA599650,BICYCLIST,Cross/Enter at Intersection,NO IMPROPER ACTIONS,ON ROADWAY AT CROSSWALK,No,SUSPECTED MINOR INJURY,UNKNOWN,39.185635,-77.23936167,"    (39.185635, -77.23936167)"
MCP2192003N,200039452,Montgomery County Police,Injury Crash,10/07/2020 9:21,Maryland (State),NEW HAMPSHIRE AVE,MIDLAND RD,,N/A,PEDESTRIAN,OTHER,CLEAR,DRY,DAYLIGHT,TRAFFIC SIGNAL,NONE DETECTED,NONE DETECTED,1EF952B4-A2AE-4399-9596-D5318B1BA455,PEDESTRIAN,Other Working,NO IMPROPER ACTIONS,ON ROADWAY NOT AT CROSSWALK,No,SUSPECTED MINOR INJURY,REFLECTIVE CLOTHING,39.07765333,-77.001465,"    (39.07765333, -77.001465)"
MCP9386007P,200039447,Montgomery County Police,Injury Crash,10/07/2020 8:30,County,MICHAELS DR,FERNWOOD RD,,N/A,PEDESTRIAN,OTHER,CLEAR,DRY,DAYLIGHT,NO CONTROLS,NONE DETECTED,NONE DETECTED,B27BE46E-E672-4334-B359-930700679E80,PEDESTRIAN,Getting off/on Vehicle,DART DASH,ON ROADWAY NOT AT CROSSWALK,Yes,SUSPECTED MINOR INJURY,N/A,39.01041167,-77.13343833,"    (39.01041167, -77.13343833)"
DD56280039,200039334,Rockville Police Departme,Injury Crash,10/06/2020 13:12,Municipality,BALTIMORE RD,S STONESTREET AVE,,ROCKVILLE,BICYCLIST,STRAIGHT MOVEMENT ANGLE,CLEAR,DRY,DAYLIGHT,STOP SIGN,NONE DETECTED,NONE DETECTED,38E94A31-9539-402C-B0F8-80CAAB78F645,BICYCLIST,Cross/Enter at Intersection,NO IMPROPER ACTIONS,AT INTERSECTION MARKED CROSSWALK,No,SUSPECTED MINOR INJURY,MC/BIKE HELMET,39.08293725,-77.14348365,"    (39.08293725, -77.14348365)"
MCP2639009T,200039284,Montgomery County Police,Injury Crash,10/06/2020 7:30,Maryland (State),LAYHILL RD,BRIGGS RD,,N/A,PEDESTRIAN,STRAIGHT MOVEMENT ANGLE,CLEAR,DRY,DAYLIGHT,TRAFFIC SIGNAL,NONE DETECTED,NONE DETECTED,E3E61B0E-2248-4358-8D5C-27193EB97CC6,PEDESTRIAN,Cross/Enter at Intersection,NO IMPROPER ACTIONS,SIDEWALK,No,POSSIBLE INJURY,NONE,39.06889333,-77.045155,"    (39.06889333, -77.045155)"
MCP3058003V,200039210,Montgomery County Police,Injury Crash,10/05/2020 17:00,County,OUTPOST DR,LAKE WINDS WAY,,N/A,BICYCLIST,HEAD ON LEFT TURN,CLEAR,DRY,DAYLIGHT,NO CONTROLS,NONE DETECTED,NONE DETECTED,64D853F9-881A-47C1-8067-EE9ED8B7A743,BICYCLIST,Walking/Riding against Traffic,IN ROADWAY IMPROPERLY,AT INTERSECTION BUT NO CROSSWALK,Yes,SUSPECTED MINOR INJURY,N/A,39.08815802,-77.22665616,"    (39.08815802, -77.22665616)"
MCP3270000J,200039204,Montgomery County Police,Injury Crash,10/05/2020 16:22,,,,PARKING LOT 3661 TURBRIDGE DRIVE,,PEDESTRIAN,SINGLE VEHICLE,CLEAR,,DAYLIGHT,N/A,,N/A,78E38193-A853-43AB-A026-AB5AB25A4620,PEDESTRIAN,Getting off/on Vehicle,ENTERING EXITING PARKED STANDING VEHICLE,OTHER,Yes,SUSPECTED MINOR INJURY,NONE,39.0912075,-76.931871,"    (39.0912075, -76.931871)"
MCP2639009S,200039102,Montgomery County Police,Injury Crash,10/05/2020 6:49,Maryland (State),UNIVERSITY BLVD W,AMHERST AVE,,N/A,PEDESTRIAN,STRAIGHT MOVEMENT ANGLE,RAINING,WET,DARK LIGHTS ON,NO CONTROLS,NONE DETECTED,NONE DETECTED,9119BC50-44B1-4DC7-852E-6ECCBBB6E424,PEDESTRIAN,Cross/Enter not at Intersection,DART DASH,ON ROADWAY NOT AT CROSSWALK,Yes,POSSIBLE INJURY,NONE,39.04047,-77.04836,"    (39.04047, -77.04836)"
MCP2783003N,200038852,Montgomery County Police,Injury Crash,10/02/2020 18:49,Maryland (State),GEORGIA AVE,WINDHAM LA,,N/A,PEDESTRIAN,N/A,CLEAR,DRY,DARK NO LIGHTS,TRAFFIC SIGNAL,NONE DETECTED,N/A,9A50D8C6-B840-43A0-895A-742C4C80343C,PEDESTRIAN,Cross/Enter not at Intersection,IN ROADWAY IMPROPERLY,ON ROADWAY NOT AT CROSSWALK,Yes,SUSPECTED MINOR INJURY,N/A,39.03258121,-77.04861901,"    (39.03258121, -77.04861901)"
MCP94420020,200038819,Montgomery County Police,Injury Crash,10/02/2020 12:00,,,,PARKING LOT OF 19200 MONTGOMERY VILLAGE AVE,,PEDESTRIAN,OTHER,CLEAR,,DAYLIGHT,N/A,NONE DETECTED,NONE DETECTED,F7C469E8-B43D-4073-BF8D-DB5593E32564,PEDESTRIAN,Other,NO IMPROPER ACTIONS,OTHER,No,SUSPECTED MINOR INJURY,N/A,39.17182833,-77.20483833,"    (39.17182833, -77.20483833)"
EJ7866008S,200038773,Gaithersburg Police Depar,Injury Crash,10/02/2020 10:30,,,,211 N FREDERICK AVE,,PEDESTRIAN,SINGLE VEHICLE,CLEAR,,DAYLIGHT,NO CONTROLS,NONE DETECTED,NONE DETECTED,BCC490AD-BC22-4E2E-85AD-89AD8D1153C8,PEDESTRIAN,Walking/Cycling on Sidewalk,N/A,SIDEWALK,No,POSSIBLE INJURY,N/A,39.14459353,-77.20184705,"    (39.14459353, -77.20184705)"
MCP2989001P,200038713,Montgomery County Police,Injury Crash,10/01/2020 23:37,US (State),COLUMBIA PIKE,HILLWOOD DR,,N/A,PEDESTRIAN,OTHER,RAINING,WET,DARK LIGHTS ON,NO CONTROLS,N/A,ALCOHOL PRESENT,6F1A19D6-55A3-4C0F-BA8C-BB908090DCD0,PEDESTRIAN,Cross/Enter at Intersection,FAILURE TO YIELD RIGHT OF WAY,AT INTERSECTION BUT NO CROSSWALK,Yes,SUSPECTED MINOR INJURY,NONE,39.03373083,-77.00130483,"    (39.03373083, -77.00130483)"
MCP2693003D,200038653,Montgomery County Police,Injury Crash,10/01/2020 16:12,Maryland (State),GEORGIA AVE,BEL PRE RD,,N/A,PEDESTRIAN,OTHER,CLEAR,DRY,DAYLIGHT,TRAFFIC SIGNAL,NONE DETECTED,NONE DETECTED,9DEB0109-3E66-4BCC-8261-F511F15F4F9C,PEDESTRIAN,Cross/Enter at Intersection,NO IMPROPER ACTIONS,ON ROADWAY AT CROSSWALK,No,POSSIBLE INJURY,N/A,39.0930412,-77.07972456,"    (39.0930412, -77.07972456)"
MCP3016002S,200038469,Montgomery County Police,Injury Crash,09/30/2020 02:13:00 PM,County,WISTERIA DR,CIRCLE GATE DR,,N/A,BICYCLIST,OTHER,CLEAR,DRY,DAYLIGHT,STOP SIGN,N/A,N/A,28AA1CF9-8186-424F-BC53-64F04F954BC5,BICYCLIST,Playing,INATTENTIVE,OTHER,Unknown,POSSIBLE INJURY,NONE,39.17311009,-77.26558872,"    (39.17311009, -77.26558872)"
MCP158000D4,200038226,Montgomery County Police,Injury Crash,09/29/2020 07:24:00 AM,County,MUDDY BRANCH RD,HARMONY HALL RD,,N/A,BICYCLIST,SINGLE VEHICLE,CLOUDY,DRY,DAYLIGHT,NO CONTROLS,NONE DETECTED,NONE DETECTED,D4C93812-2834-4666-B46C-9AFBD80AD857,BICYCLIST,Cross/Enter at Intersection,FAILURE TO OBEY TRAFFIC SIGNS SIGNALS OR OFFICER,ON ROADWAY AT CROSSWALK,Yes,SUSPECTED MINOR INJURY,NONE,39.136965,-77.20557167,"    (39.136965, -77.20557167)"
MCP9386007N,200038221,Montgomery County Police,Injury Crash,09/29/2020 06:00:00 AM,County,CEDAR LA,BEACH DR,,N/A,BICYCLIST,STRAIGHT MOVEMENT ANGLE,CLOUDY,DRY,DARK LIGHTS ON,TRAFFIC SIGNAL,NONE DETECTED,NONE DETECTED,A8E8C181-E59B-42E1-9D45-100A474A9D74,BICYCLIST,Walking/Riding w/Traffic,N/A,ON ROADWAY NOT AT CROSSWALK,No,POSSIBLE INJURY,REFLECTIVE CLOTHING,39.01189,-77.09098167,"    (39.01189, -77.09098167)"
MCP2892008R,200038145,Montgomery County Police,Injury Crash,09/28/2020 02:41:00 PM,Other Public Roadway,PEBBLE RUN DR,UNIVERSITY BLVD W,,N/A,OTHER CONVEYANCE,OTHER,CLEAR,DRY,DAYLIGHT,NO CONTROLS,NONE DETECTED,NONE DETECTED,7A806691-6CAE-47E7-952A-DF6273265E9F,OTHER CONVEYANCE,Cross/Enter at Intersection,NO IMPROPER ACTIONS,ON ROADWAY AT CROSSWALK,No,POSSIBLE INJURY,NONE,39.03609551,-77.03480199,"    (39.03609551, -77.03480199)"
MCP115100C5,200038122,Montgomery County Police,Injury Crash,09/28/2020 01:03:00 PM,,,,PARKING LOT OF 12835 LOCBURY CIRCLE,,PEDESTRIAN,OTHER,CLEAR,,DAYLIGHT,N/A,UNKNOWN,NONE DETECTED,ABB42588-AB9D-421F-8E58-E2AB3B967040,PEDESTRIAN,Other,NO IMPROPER ACTIONS,OTHER,No,POSSIBLE INJURY,N/A,39.18606233,-77.26458917,"    (39.18606233, -77.26458917)"
MCP2637003T,200038008,Montgomery County Police,Injury Crash,09/27/2020 02:29:00 PM,County,TRAILRIDGE DR,WINTERSET TERR,,N/A,PEDESTRIAN,OTHER,CLEAR,DRY,DAYLIGHT,STOP SIGN,NONE DETECTED,NONE DETECTED,8E3AC0BF-B1B8-45BA-827A-DB1D9282D754,PEDESTRIAN,Walking/Riding w/Traffic,UNKNOWN,ON ROADWAY NOT AT CROSSWALK,No,POSSIBLE INJURY,N/A,39.05231395,-77.19480654,"    (39.05231395, -77.19480654)"
MCP3090004M,200037995,Montgomery County Police,Injury Crash,09/27/2020 11:00:00 AM,,,,PARKING LOT OF 700 HUNGERFORD DR. ROCKVILLE MD,,PEDESTRIAN,SINGLE VEHICLE,CLEAR,,DAYLIGHT,STOP SIGN,UNKNOWN,N/A,9BBD7334-6C13-4235-B5D3-3158AFDB03B7,PEDESTRIAN,Cross/Enter at Intersection,NO IMPROPER ACTIONS,ON ROADWAY AT CROSSWALK,No,POSSIBLE INJURY,NONE,39.09318511,-77.15361778,"    (39.09318511, -77.15361778)"
MCP2637003S,200037858,Montgomery County Police,Injury Crash,09/26/2020 01:04:00 PM,County,DUFIEF MILL RD,AMBERLEA FARM DR,,N/A,BICYCLIST,OTHER,CLOUDY,DRY,DAYLIGHT,STOP SIGN,NONE DETECTED,N/A,EE011378-8F0F-46A0-8B13-4CDCFC6A568F,BICYCLIST,Cross/Enter at Intersection,FAILURE TO YIELD RIGHT OF WAY,AT INTERSECTION BUT NO CROSSWALK,Yes,POSSIBLE INJURY,NONE,39.08889585,-77.23580151,"    (39.08889585, -77.23580151)"
MCP3264000P,200037473,Montgomery County Police,Injury Crash,09/24/2020 07:17:00 AM,County,BLAIR MILL RD,ENT TO BUSINESS,,N/A,BICYCLIST,SAME DIRECTION RIGHT TURN,CLEAR,DRY,DAWN,NO CONTROLS,NONE DETECTED,NONE DETECTED,474A96BF-EA47-4E2F-8BB4-7F0020A93345,BICYCLIST,Walking/Riding w/Traffic,NO IMPROPER ACTIONS,AT INTERSECTION BUT NO CROSSWALK,No,SUSPECTED MINOR INJURY,NONE,38.99047667,-77.03066333,"    (38.99047667, -77.03066333)"
MCP003600DD,200037413,Montgomery County Police,Injury Crash,09/23/2020 05:09:00 PM,Maryland (State),DAMASCUS RD,HOWARD CHAPEL RD,,N/A,BICYCLIST,SINGLE VEHICLE,CLEAR,DRY,DAYLIGHT,NO CONTROLS,UNKNOWN,NONE DETECTED,2ACF78EA-77DE-44B1-BDFF-AA38EDA4EA30,BICYCLIST,Walking/Riding w/Traffic,NO IMPROPER ACTIONS,ON ROADWAY NOT AT CROSSWALK,No,SUSPECTED SERIOUS INJURY,MC/BIKE HELMET,39.22840514,-77.08029682,"    (39.22840514, -77.08029682)"
MCP229800S2,200037373,Montgomery County Police,Property Damage Crash,09/23/2020 01:18:00 PM,County,SKYLARK RD,YELLOWWOOD DR,,N/A,BICYCLIST,SINGLE VEHICLE,CLEAR,DRY,DAYLIGHT,NO CONTROLS,NONE DETECTED,NONE DETECTED,D68E79AA-4FB4-453C-A2CA-C593E040D9C9,BICYCLIST,Cross/Enter not at Intersection,DART DASH,OTHER,Yes,NO APPARENT INJURY,NONE,39.23359833,-77.239755,"    (39.23359833, -77.239755)"
MCP913000B3,200037029,Montgomery County Police,Injury Crash,09/21/2020 01:54:00 PM,US (State),COLUMBIA PIKE,HILLWOOD DR,,N/A,PEDESTRIAN,STRAIGHT MOVEMENT ANGLE,CLEAR,DRY,DAYLIGHT,NO CONTROLS,NONE DETECTED,NONE DETECTED,F76BBA9D-3B7F-450E-84CF-EE481ECD5DAD,PEDESTRIAN,Cross/Enter not at Intersection,FAILURE TO YIELD RIGHT OF WAY,ON ROADWAY NOT AT CROSSWALK,Yes,POSSIBLE INJURY,NONE,39.03246833,-77.003675,"    (39.03246833, -77.003675)"
DD5595008Z,200037063,Rockville Police Departme,Injury Crash,09/20/2020 07:15:00 PM,Municipality,FLEET ST,MONROE ST,,ROCKVILLE,PEDESTRIAN,SINGLE VEHICLE,CLEAR,DRY,DARK LIGHTS ON,TRAFFIC SIGNAL,UNKNOWN,N/A,BC45B69F-9A7A-4C3F-BE61-B0B86CAEEFBC,PEDESTRIAN,Cross/Enter not at Intersection,NO IMPROPER ACTIONS,ON ROADWAY AT CROSSWALK,No,SUSPECTED MINOR INJURY,N/A,39.07908603,-77.15081067,"    (39.07908603, -77.15081067)"
DD5637001T,200036919,Rockville Police Departme,Injury Crash,09/20/2020 06:10:00 PM,Municipality,REDLAND BLVD,THOMPSON DAIRY WAY,,ROCKVILLE,OTHER,OTHER,CLEAR,DRY,DAYLIGHT,TRAFFIC SIGNAL,,NONE DETECTED,793705A1-ABC4-4E23-8564-D7ACC3E3A122,OTHER,Cross/Enter at Intersection,UNKNOWN,ON ROADWAY AT CROSSWALK,Yes,SUSPECTED MINOR INJURY,MC/BIKE HELMET,39.1129475,-77.17159717,"    (39.1129475, -77.17159717)"
MCP1301001F,200036830,Montgomery County Police,Fatal Crash,09/20/2020 12:49:00 AM,County,CARROLL AVE,PINEY BRANCH RD,,N/A,PEDESTRIAN,SINGLE VEHICLE,CLEAR,DRY,DARK LIGHTS ON,NO CONTROLS,UNKNOWN,ALCOHOL PRESENT,EAA7F008-5731-434E-82DE-5E6CBC4C825E,PEDESTRIAN,Unknown,UNKNOWN,ON ROADWAY NOT AT CROSSWALK,Unknown,FATAL INJURY,NONE,38.998765,-76.99098833,"    (38.998765, -76.99098833)"
MCP3209001N,200036775,Montgomery County Police,Injury Crash,09/19/2020 05:58:00 PM,US (State),GEORGIA AVE,BONIFANT ST,,N/A,MACHINE OPERATOR/RIDER,OTHER,CLEAR,DRY,DAYLIGHT,TRAFFIC SIGNAL,NONE DETECTED,NONE DETECTED,63D83084-BA21-42FD-8F83-4BC89EF9EB32,MACHINE OPERATOR/RIDER,Cross/Enter not at Intersection,IN ROADWAY IMPROPERLY,ON ROADWAY NOT AT CROSSWALK,Yes,POSSIBLE INJURY,NONE,38.995595,-77.02453,"    (38.995595, -77.02453)"
MCP29920030,200036769,Montgomery County Police,Injury Crash,09/19/2020 04:45:00 PM,County,BEL PRE RD,ENT TO APARTMENTS,,N/A,BICYCLIST,OTHER,CLEAR,DRY,DAYLIGHT,NO CONTROLS,N/A,N/A,885F94EE-1F46-49A9-B52E-FFA9711F97D6,BICYCLIST,Walking/Cycling on Sidewalk,NO IMPROPER ACTIONS,ON ROADWAY AT CROSSWALK,No,SUSPECTED MINOR INJURY,MC/BIKE HELMET,39.09117667,-77.066665,"    (39.09117667, -77.066665)"
MCP3125002H,200036759,Montgomery County Police,Injury Crash,09/19/2020 03:15:00 PM,Maryland (State),DARNESTOWN RD,BLACKBERRY DR,,N/A,BICYCLIST,STRAIGHT MOVEMENT ANGLE,CLEAR,DRY,DAYLIGHT,NO CONTROLS,NONE DETECTED,NONE DETECTED,5D7F39E3-3309-4BC3-B19C-B2B6281EB9D7,BICYCLIST,Walking/Cycling on Sidewalk,INATTENTIVE,SIDEWALK,Yes,POSSIBLE INJURY,MC/BIKE HELMET,39.11688,-77.25004833,"    (39.11688, -77.25004833)"
MCP271700SK,200036675,Montgomery County Police,Injury Crash,09/18/2020 08:10:00 PM,Ramp,RAMP 2 FR DEMOCRACY BLVD TO IS 270Y NB,DEMOCRACY BLVD,,N/A,PEDESTRIAN,OTHER,CLEAR,DRY,DARK LIGHTS ON,NO CONTROLS,UNKNOWN,NONE DETECTED,39170AD6-A938-4829-9396-8DE6B8C99774,PEDESTRIAN,Cross/Enter at Intersection,NO IMPROPER ACTIONS,ON ROADWAY AT CROSSWALK,No,SUSPECTED MINOR INJURY,NONE,39.02155533,-77.13798733,"    (39.02155533, -77.13798733)"
MCP3121003L,200036654,Montgomery County Police,Injury Crash,09/18/2020 06:07:00 PM,,,,PARKING LOT IFO 19218 MONTGOMERY VILLAGE AVE,,PEDESTRIAN,OTHER,CLEAR,,DAYLIGHT,NO CONTROLS,NONE DETECTED,NONE DETECTED,77E948A8-45CB-49E2-A7D1-F2BFF3C1C7A4,PEDESTRIAN,Standing,NO IMPROPER ACTIONS,OTHER,No,POSSIBLE INJURY,NONE,39.172195,-77.204985,"    (39.172195, -77.204985)"
MCP3121003L,200036654,Montgomery County Police,Injury Crash,09/18/2020 06:07:00 PM,,,,PARKING LOT IFO 19218 MONTGOMERY VILLAGE AVE,,PEDESTRIAN,OTHER,CLEAR,,DAYLIGHT,NO CONTROLS,NONE DETECTED,NONE DETECTED,1431735F-024A-4272-B7EF-DAB0B9AFC531,PEDESTRIAN,Standing,NO IMPROPER ACTIONS,OTHER,No,POSSIBLE INJURY,NONE,39.172195,-77.204985,"    (39.172195, -77.204985)"
MCP2635006F,200036642,Montgomery County Police,Injury Crash,09/18/2020 04:40:00 PM,County,BROOKEVILLE RD,ZION RD,,N/A,BICYCLIST,STRAIGHT MOVEMENT ANGLE,CLEAR,DRY,DAYLIGHT,STOP SIGN,N/A,N/A,207482C3-3A54-4593-9508-80065812DCF8,BICYCLIST,Cross/Enter at Intersection,FAILURE TO OBEY TRAFFIC SIGNS SIGNALS OR OFFICER,AT INTERSECTION BUT NO CROSSWALK,Yes,SUSPECTED MINOR INJURY,MC/BIKE HELMET,39.1849163,-77.1008186,"    (39.1849163, -77.1008186)"
MCP2805003Y,200036605,Montgomery County Police,Property Damage Crash,09/18/2020 11:30:00 AM,,,,"PL OF 880 RUSSELL AVE, GAITHERSBURG, MD",,PEDESTRIAN,SINGLE VEHICLE,CLOUDY,,DAYLIGHT,N/A,NONE DETECTED,NONE DETECTED,0F083A32-378B-4C2E-A6B2-DD2C5B25F7B0,PEDESTRIAN,Standing,NO IMPROPER ACTIONS,ON ROADWAY NOT AT CROSSWALK,Unknown,NO APPARENT INJURY,NONE,39.1560965,-77.2127805,"    (39.1560965, -77.2127805)"
MCP27260054,200036436,Montgomery County Police,Injury Crash,09/17/2020 12:09:00 PM,Maryland (State),ROCKVILLE PIKE,HUBBARD DR,,N/A,BICYCLIST,OTHER,CLEAR,DRY,DAYLIGHT,TRAFFIC SIGNAL,NONE DETECTED,NONE DETECTED,873A68EE-2493-4F0D-847F-5FEB1135008C,BICYCLIST,Cross/Enter at Intersection,NO IMPROPER ACTIONS,SIDEWALK,No,SUSPECTED MINOR INJURY,MC/BIKE HELMET,39.05494107,-77.11835683,"    (39.05494107, -77.11835683)"
MCP3268000F,200036194,Montgomery County Police,Injury Crash,09/15/2020 04:43:00 PM,Maryland (State),GEORGIA AVE,AUGUST DR,,N/A,PEDESTRIAN,N/A,CLEAR,DRY,DAYLIGHT,N/A,NONE DETECTED,N/A,7A8B4ECF-9866-4143-A007-508A50EE08C8,PEDESTRIAN,Cross/Enter not at Intersection,DART DASH,MEDIAN,Yes,SUSPECTED SERIOUS INJURY,N/A,39.02182648,-77.04473542,"    (39.02182648, -77.04473542)"
MCP30050055,200036016,Montgomery County Police,Injury Crash,09/14/2020 02:30:00 PM,County,ARCOLA AVE,KENBROOK DR,,N/A,MACHINE OPERATOR/RIDER,SINGLE VEHICLE,N/A,DRY,DAYLIGHT,STOP SIGN,NONE DETECTED,NONE DETECTED,3E7F388C-5CE8-4632-90B2-9B75BA84E568,MACHINE OPERATOR/RIDER,Cross/Enter at Intersection,N/A,AT INTERSECTION MARKED CROSSWALK,No,SUSPECTED MINOR INJURY,NONE,39.03915333,-77.027725,"    (39.03915333, -77.027725)"