Report Number,Local Case Number,Agency Name,ACRS Report Type,Crash Date/Time,Route Type,Road Name,Cross-Street Name,Off-Road Description,Municipality,Related Non-Motorist,Collision Type,Weather,Surface Condition,Light,Traffic Control,Driver Substance Abuse,Non-Motorist Substance Abuse,Person ID,Pedestrian Type,Pedestrian Movement,Pedestrian Actions,Pedestrian Location,At Fault,Injury Severity,Safety Equipment,Latitude,Longitude,Location
MCP30050055,200036016,Montgomery County Police,Injury Crash,09/14/2020 02:30:00 PM,County,ARCOLA AVE,KENBROOK DR,,N/A,MACHINE OPERATOR/RIDER,SINGLE VEHICLE,N/A,DRY,DAYLIGHT,STOP SIGN,NONE DETECTED,NONE DETECTED,8F35EC6B-3415-4650-9613-8CE54C76AE56,MACHINE OPERATOR/RIDER,Cross/Enter at Intersection,NO IMPROPER ACTIONS,AT INTERSECTION MARKED CROSSWALK,No,POSSIBLE INJURY,NONE,39.03915333,-77.027725,"    (39.03915333, -77.027725)"
MCP0613001W,20035972,Montgomery County Police,Injury Crash,09/14/2020 08:42:00 AM,County,BATCHELLORS FOREST RD,GEORGIA AVE,,N/A,BICYCLIST,SINGLE VEHICLE,CLOUDY,DRY,DAYLIGHT,STOP SIGN,NONE DETECTED,NONE DETECTED,C46C66C9-6039-41DC-A5FA-02913DB1F880,BICYCLIST,Walking/Cycling on Sidewalk,NO IMPROPER ACTIONS,AT INTERSECTION MARKED CROSSWALK,No,SUSPECTED MINOR INJURY,MC/BIKE HELMET,39.12372811,-77.0725345,"    (39.12372811, -77.0725345)"
MCP20080083,200035799,Montgomery County Police,Injury Crash,09/12/2020 17:15,County,DEMOCRACY BLVD,SEVEN LOCKS RD,,N/A,BICYCLIST,HEAD ON LEFT TURN,CLOUDY,DRY,DAYLIGHT,TRAFFIC SIGNAL,NONE DETECTED,NONE DETECTED,39D2454B-638B-45D9-BE3D-3D2F11F90C5B,BICYCLIST,Cross/Enter at Intersection,FAILURE TO OBEY TRAFFIC SIGNS SIGNALS OR OFFICER,ON ROADWAY NOT AT CROSSWALK,Yes,SUSPECTED MINOR INJURY,MC/BIKE HELMET,39.02323,-77.16216,"    (39.02323, -77.16216)"
MCP32400015,200035785,Montgomery County Police,Injury Crash,09/12/2020 15:30,,,,PARKING LOT OF HOME DEPOT 21010 FREDERICK RD,,PEDESTRIAN,OTHER,N/A,,DAYLIGHT,NO CONTROLS,N/A,N/A,01C6FD6A-9A38-4C9C-8630-F50220BAB394,PEDESTRIAN,Push/Work on Vehicle,NO IMPROPER ACTIONS,OTHER,No,POSSIBLE INJURY,N/A,39.20145504,-77.2485474,"    (39.20145504, -77.2485474)"
MCP91060029,200035754,Montgomery County Police,Property Damage Crash,09/12/2020 11:51,County,BOWMAN MILL RD,GERMANTOWN RD,,N/A,BICYCLIST,OTHER,CLOUDY,DRY,DAYLIGHT,TRAFFIC SIGNAL,NONE DETECTED,NONE DETECTED,8C98F35F-BE00-4E75-BA02-71670853CFBB,BICYCLIST,Cross/Enter at Intersection,NO IMPROPER ACTIONS,ON ROADWAY AT CROSSWALK,No,NO APPARENT INJURY,NONE,39.17514833,-77.27127167,"    (39.17514833, -77.27127167)"
MCP2931004J,200035664,Montgomery County Police,Injury Crash,09/11/2020 16:07,County,RANDOLPH RD,PARKLAWN DR,,N/A,BICYCLIST,OTHER,CLEAR,DRY,DAYLIGHT,OTHER,NONE DETECTED,NONE DETECTED,31716A19-5843-44C7-8107-4029696CDFD7,BICYCLIST,Cross/Enter at Intersection,N/A,ON ROADWAY AT CROSSWALK,No,SUSPECTED MINOR INJURY,NONE,39.05386333,-77.10594167,"    (39.05386333, -77.10594167)"
MCP3257000S,200035612,Montgomery County Police,Injury Crash,09/11/2020 8:50,County,ROCK SPRING DR,OLD GEORGETOWN RD,,N/A,BICYCLIST,OTHER,CLEAR,DRY,DAYLIGHT,STOP SIGN,N/A,N/A,9CABB090-DFB4-4244-93A9-0A9B8EAE326D,BICYCLIST,Walking/Riding against Traffic,IN ROADWAY IMPROPERLY,ON ROADWAY NOT AT CROSSWALK,Yes,SUSPECTED MINOR INJURY,NONE,39.02669833,-77.12793,"    (39.02669833, -77.12793)"
MCP3249000H,200035420,Montgomery County Police,Injury Crash,09/09/2020 21:20,County,DENNIS AVE,UNIVERSITY BLVD W,,N/A,PEDESTRIAN,OTHER,RAINING,WET,DARK LIGHTS ON,TRAFFIC SIGNAL,NONE DETECTED,NONE DETECTED,E37B48A4-D042-4338-922A-41C148DF6913,PEDESTRIAN,Cross/Enter at Intersection,N/A,AT INTERSECTION MARKED CROSSWALK,No,SUSPECTED MINOR INJURY,NONE,39.02661129,-77.02008882,"    (39.02661129, -77.02008882)"
MCP003600DB,200035356,Montgomery County Police,Injury Crash,09/09/2020 14:10,County,DIXIE RIDGE TERR,ROLLING FORK WAY,,N/A,BICYCLIST,SINGLE VEHICLE,CLOUDY,DRY,DAYLIGHT,NO CONTROLS,NONE DETECTED,NONE DETECTED,9F04B0F6-12B2-473E-A370-E83ABAE3561D,BICYCLIST,Cross/Enter not at Intersection,FAILURE TO YIELD RIGHT OF WAY,SHARED USE PATH OR TRAILS,Yes,SUSPECTED SERIOUS INJURY,NONE,39.24751433,-77.20027017,"    (39.24751433, -77.20027017)"
MCP3257000R,200035349,Montgomery County Police,Injury Crash,09/09/2020 14:01,,,,PARKING LOT OF LEDOS PIZZA 5245 RIVER RD,,PEDESTRIAN,OTHER,CLEAR,,DAYLIGHT,NO CONTROLS,UNKNOWN,N/A,C766C177-36C4-4AA1-87C9-D06FC903C9DE,PEDESTRIAN,Standing,N/A,OTHER,No,SUSPECTED MINOR INJURY,NONE,38.96603276,-77.10452051,"    (38.96603276, -77.10452051)"
MCP27230052,200035305,Montgomery County Police,Injury Crash,09/09/2020 9:45,,,,18100 VILLAGE CENTER DRIVE,,PEDESTRIAN,SINGLE VEHICLE,CLOUDY,,DAYLIGHT,NO CONTROLS,NONE DETECTED,NONE DETECTED,D36AD02D-1B06-4F31-9E4E-4F100C7187D5,PEDESTRIAN,Standing,NO IMPROPER ACTIONS,SIDEWALK,No,SUSPECTED MINOR INJURY,N/A,39.15281833,-77.06443167,"    (39.15281833, -77.06443167)"
MCP271700SG,200035252,Montgomery County Police,Injury Crash,09/08/2020 19:10,,,,5000 BRADLEY BLVD (PARKING LOT EXIT OF SAFEWAY GROCERY),,BICYCLIST,OTHER,CLEAR,,DARK LIGHTS ON,NO CONTROLS,UNKNOWN,NONE DETECTED,DC5DB57C-7A8B-4DCB-90AD-4D99ECCDF163,BICYCLIST,Cross/Enter at Intersection,NO IMPROPER ACTIONS,ON ROADWAY AT CROSSWALK,No,SUSPECTED MINOR INJURY,MC/BIKE HELMET,38.949512,-77.11782383,"    (38.949512, -77.11782383)"
MCP2866006J,200035248,Montgomery County Police,Injury Crash,09/08/2020 18:40,Maryland (State),WISCONSIN AVE,W VIRGINIA AVE,,N/A,BICYCLIST,SINGLE VEHICLE,CLEAR,DRY,DAYLIGHT,NO CONTROLS,NONE DETECTED,NONE DETECTED,92365F76-B19B-4602-9618-89439AF9D871,BICYCLIST,Walking/Cycling on Sidewalk,WRONG WAY RIDING OR WALKING,SIDEWALK,Yes,SUSPECTED MINOR INJURY,UNKNOWN,38.99043315,-77.09525553,"    (38.99043315, -77.09525553)"
MCP3197001K,200035078,Montgomery County Police,Injury Crash,09/07/2020 19:19,,,,3592 GLENEAGLES DRIVE,,BICYCLIST,SAME DIRECTION SIDESWIPE,CLEAR,,DUSK,NO CONTROLS,NONE DETECTED,NONE DETECTED,64E79372-7BCC-4713-842A-6BE532CFB01C,BICYCLIST,Walking/Riding w/Traffic,NO IMPROPER ACTIONS,ON ROADWAY NOT AT CROSSWALK,No,SUSPECTED MINOR INJURY,MC/BIKE HELMET,39.10025817,-77.0722135,"    (39.10025817, -77.0722135)"
MCP2348005W,200034859,Montgomery County Police,Fatal Crash,09/05/2020 22:37,Maryland (State),UNIVERSITY BLVD E,LANGLEY DR,,N/A,PEDESTRIAN,SINGLE VEHICLE,CLEAR,DRY,DARK LIGHTS ON,NO CONTROLS,NONE DETECTED,ALCOHOL PRESENT,1BD42259-0FCC-4BD4-9443-17400A675E51,PEDESTRIAN,Cross/Enter not at Intersection,DART DASH,ON ROADWAY NOT AT CROSSWALK,Yes,FATAL INJURY,N/A,39.00158406,-76.99549353,"    (39.00158406, -76.99549353)"
EJ7875001H,200034838,Gaithersburg Police Depar,Injury Crash,09/05/2020 19:51,County,MUDDY BRANCH RD,WEST SIDE DR,,GAITHERSBURG,BICYCLIST,OTHER,CLEAR,DRY,OTHER,TRAFFIC SIGNAL,N/A,N/A,2361FF6C-BF3D-4B9F-B6DD-AAD05B8CF1D4,BICYCLIST,Walking/Cycling on Sidewalk,NO IMPROPER ACTIONS,ON ROADWAY AT CROSSWALK,No,POSSIBLE INJURY,NONE,39.12924667,-77.20770327,"    (39.12924667, -77.20770327)"
MCP3230001H,200034830,Montgomery County Police,Injury Crash,09/05/2020 18:40,,,,REAR PARKING LOT OF 13625 GEORGIA AVE,,PEDESTRIAN,SINGLE VEHICLE,CLEAR,,DAYLIGHT,NO CONTROLS,NONE DETECTED,NONE DETECTED,EE77B261-1CEE-4B69-8C5F-8A14A482B3B0,PEDESTRIAN,Other,INATTENTIVE,OTHER,No,SUSPECTED MINOR INJURY,N/A,39.08032256,-77.07115942,"    (39.08032256, -77.07115942)"
MCP32000021,200034798,Montgomery County Police,Injury Crash,09/05/2020 14:12,Maryland (State),METROPOLITAN AVE,N KENSINGTON PKWY,,KENSINGTON,BICYCLIST,OTHER,CLEAR,DRY,DAYLIGHT,NO CONTROLS,UNKNOWN,NONE DETECTED,A49D4EE7-06EF-43E6-9D7D-7031B00AAEA3,BICYCLIST,Cross/Enter at Intersection,NO IMPROPER ACTIONS,ON ROADWAY AT CROSSWALK,No,SUSPECTED MINOR INJURY,MC/BIKE HELMET,39.02620496,-77.06980941,"    (39.02620496, -77.06980941)"
MCP2192003M,200034762,Montgomery County Police,Injury Crash,09/05/2020 6:15,Maryland (State),GEORGIA AVE,OLNEY SANDY SPRING RD,,N/A,PEDESTRIAN,OTHER,N/A,DRY,DARK LIGHTS ON,N/A,UNKNOWN,N/A,494C65FD-7CA3-4707-AC14-84795D07DAEA,PEDESTRIAN,Cross/Enter not at Intersection,NO IMPROPER ACTIONS,ON ROADWAY NOT AT CROSSWALK,No,SUSPECTED MINOR INJURY,N/A,39.1536124,-77.06752065,"    (39.1536124, -77.06752065)"
MCP9432002S,200034713,Montgomery County Police,Injury Crash,09/04/2020 19:00,,GODWIT STREET,MERLIN AVENUE,,N/A,BICYCLIST,STRAIGHT MOVEMENT ANGLE,CLEAR,DRY,DUSK,NO CONTROLS,UNKNOWN,NONE DETECTED,B35B0E44-5B7D-468B-88B9-F2647DC5DE27,BICYCLIST,Cross/Enter at Intersection,NO IMPROPER ACTIONS,ON ROADWAY NOT AT CROSSWALK,No,SUSPECTED MINOR INJURY,MC/BIKE HELMET,39.21974833,-77.29039,"    (39.21974833, -77.29039)"
MCP2615003R,200034623,Montgomery County Police,Injury Crash,09/04/2020 11:05,,,,"DASH IN (PARKING LOT)
11150 NEW HAMPSHIRE AVE 
SILVER SPRING, MD 20904",,PEDESTRIAN,OTHER,CLEAR,,DAYLIGHT,NO CONTROLS,NONE DETECTED,NONE DETECTED,9B955731-9C0E-4CB5-9E2A-B455BE3A8BC3,PEDESTRIAN,Other,NO IMPROPER ACTIONS,OTHER,No,POSSIBLE INJURY,N/A,39.03922465,-76.99075028,"    (39.03922465, -76.99075028)"
MCP271700SD,200034582,Montgomery County Police,Injury Crash,09/03/2020 20:30,Maryland (State),UNIVERSITY BLVD W,ST PAUL ST,,N/A,PEDESTRIAN,OTHER,CLOUDY,WET,DARK LIGHTS ON,NO CONTROLS,NONE DETECTED,NONE DETECTED,E7B4F333-12BA-44B3-87AC-33D7A9F301EE,PEDESTRIAN,Cross/Enter at Intersection,NO IMPROPER ACTIONS,ON ROADWAY AT CROSSWALK,No,SUSPECTED SERIOUS INJURY,NONE,38.99764383,-77.10979817,"    (38.99764383, -77.10979817)"
MCP271700SD,200034582,Montgomery County Police,Injury Crash,09/03/2020 20:30,Maryland (State),UNIVERSITY BLVD W,ST PAUL ST,,N/A,PEDESTRIAN,OTHER,CLOUDY,WET,DARK LIGHTS ON,NO CONTROLS,NONE DETECTED,NONE DETECTED,AB9C199A-21B0-4919-97C4-99FC5E83E4EF,PEDESTRIAN,Cross/Enter at Intersection,NO IMPROPER ACTIONS,ON ROADWAY AT CROSSWALK,No,SUSPECTED MINOR INJURY,NONE,38.99764383,-77.10979817,"    (38.99764383, -77.10979817)"
MCP2809004F,20034574,Montgomery County Police,Injury Crash,09/03/2020 20:20,Maryland (State),UNIVERSITY BLVD E,PINEY BRANCH RD,,N/A,PEDESTRIAN,OTHER,RAINING,WET,DARK LIGHTS ON,TRAFFIC SIGNAL,N/A,N/A,F1397E41-2A21-49C1-B815-AA372749E713,PEDESTRIAN,Cross/Enter at Intersection,NO IMPROPER ACTIONS,AT INTERSECTION MARKED CROSSWALK,No,SUSPECTED SERIOUS INJURY,N/A,38.99963667,-76.99598333,"    (38.99963667, -76.99598333)"
MCP2396003L,200034356,Montgomery County Police,Property Damage Crash,09/02/2020 15:51,County,CEDAR ST,ELLSWORTH DR,,N/A,PEDESTRIAN,OTHER,CLEAR,DRY,DAYLIGHT,N/A,N/A,N/A,2987A2FF-7244-4A1C-80D0-68B3794CB1E7,PEDESTRIAN,Cross/Enter at Intersection,NO IMPROPER ACTIONS,ON ROADWAY AT CROSSWALK,No,NO APPARENT INJURY,NONE,38.99901713,-77.02443783,"    (38.99901713, -77.02443783)"
MCP3257000P,200034335,Montgomery County Police,Property Damage Crash,09/02/2020 13:50,Municipality,FRIENDSHIP BLVD,N PARK AVE,,FRIENDSHIP HEIGHTS,PEDESTRIAN,OTHER,CLEAR,DRY,DAYLIGHT,STOP SIGN,NONE DETECTED,NONE DETECTED,98716E78-8C3D-490A-9747-3BE9A2916FF3,PEDESTRIAN,Cross/Enter at Intersection,NO IMPROPER ACTIONS,AT INTERSECTION MARKED CROSSWALK,No,NO APPARENT INJURY,NONE,38.9636837,-77.08938367,"    (38.9636837, -77.08938367)"
MCP2496001R,200034185,Montgomery County Police,Injury Crash,09/02/2020 12:00,County,DALE DR,HARTFORD AVE,,N/A,OTHER PEDALCYCLIST,SINGLE VEHICLE,CLEAR,DRY,DAYLIGHT,OTHER,UNKNOWN,NONE DETECTED,56DDE091-A248-4002-B6E7-1FC2CE444FFA,OTHER PEDALCYCLIST,Cross/Enter at Intersection,NO IMPROPER ACTIONS,AT INTERSECTION MARKED CROSSWALK,No,POSSIBLE INJURY,NONE,38.9959156,-77.00994258,"    (38.9959156, -77.00994258)"
MCP3255000H,200034151,Montgomery County Police,Injury Crash,09/01/2020 10:30,,,,PARKING LOT OF MCDONALDS AT 19388 MONTGOMERY VILLAGE AVE,,BICYCLIST,SINGLE VEHICLE,CLOUDY,,DAYLIGHT,NO CONTROLS,NONE DETECTED,NONE DETECTED,86A3D50B-DF58-44F3-9066-23CDB76F6B81,BICYCLIST,Walking/Cycling on Sidewalk,NO IMPROPER ACTIONS,OTHER,No,SUSPECTED MINOR INJURY,NONE,39.17381667,-77.20373833,"    (39.17381667, -77.20373833)"
MCP9321003D,200034149,Montgomery County Police,Injury Crash,09/01/2020 10:25,,,,PARKING LOT OF 12039 GEORGIA AVE,,PEDESTRIAN,SINGLE VEHICLE,CLOUDY,,DAYLIGHT,NO CONTROLS,NONE DETECTED,NONE DETECTED,30A66D57-41D9-4E8D-A87A-4D77B0EBB275,PEDESTRIAN,Walking/Cycling on Sidewalk,NO IMPROPER ACTIONS,SIDEWALK,No,POSSIBLE INJURY,NONE,39.05299545,-77.04997412,"    (39.05299545, -77.04997412)"
MCP3238000T,200033959,Montgomery County Police,Injury Crash,08/30/2020 10:07:00 PM,Maryland (State),UNIVERSITY BLVD E,LEXINGTON DR,,N/A,BICYCLIST,SAME DIR REAR END,CLEAR,DRY,DARK LIGHTS ON,NO CONTROLS,UNKNOWN,NONE DETECTED,17454B80-6B72-46AD-B344-93B8F35E678D,BICYCLIST,Walking/Riding w/Traffic,NO IMPROPER ACTIONS,ON ROADWAY NOT AT CROSSWALK,No,SUSPECTED SERIOUS INJURY,LIGHTING,39.01932888,-77.01003382,"    (39.01932888, -77.01003382)"
EJ7860002P,200033826,Gaithersburg Police Depar,Property Damage Crash,08/29/2020 08:03:00 PM,Municipality,MEEM AVE,CHESTNUT ST,,GAITHERSBURG,PEDESTRIAN,OTHER,CLEAR,DRY,DARK LIGHTS ON,STOP SIGN,NONE DETECTED,NONE DETECTED,33741E51-6FB2-41E7-B88E-609C5BCC2693,PEDESTRIAN,Cross/Enter at Intersection,UNKNOWN,AT INTERSECTION MARKED CROSSWALK,Unknown,NO APPARENT INJURY,NONE,39.14161835,-77.20369181,"    (39.14161835, -77.20369181)"
MCP32500009,200033537,Montgomery County Police,Injury Crash,08/27/2020 03:12:00 PM,Maryland (State),GEORGIA AVE,HEWITT AVE,,N/A,BICYCLIST,STRAIGHT MOVEMENT ANGLE,CLOUDY,DRY,DAYLIGHT,TRAFFIC SIGNAL,NONE DETECTED,NONE DETECTED,7497ABFD-51CD-4A10-94C4-483799889A70,BICYCLIST,Cross/Enter at Intersection,NO IMPROPER ACTIONS,AT INTERSECTION MARKED CROSSWALK,No,POSSIBLE INJURY,NONE,39.077662,-77.070716,"    (39.077662, -77.070716)"
MCP3270000B,200033405,Montgomery County Police,Injury Crash,08/26/2020 08:28:00 PM,County,HAWKESBURY LA,RANDOLPH RD,,N/A,PEDESTRIAN,OTHER,CLEAR,DRY,DARK LIGHTS ON,N/A,NONE DETECTED,NONE DETECTED,2B1181F9-D4E8-47F7-8E53-C616272F43CB,PEDESTRIAN,Cross/Enter not at Intersection,IN ROADWAY IMPROPERLY,ON ROADWAY NOT AT CROSSWALK,Yes,SUSPECTED MINOR INJURY,NONE,39.06686167,-77.01981467,"    (39.06686167, -77.01981467)"
HA24770003,20002031,Maryland-National Capital,Injury Crash,08/25/2020 07:53:00 AM,Government,BEACH DR,WEXFORD DR,,N/A,BICYCLIST,ANGLE MEETS RIGHT TURN,CLEAR,DRY,DAYLIGHT,STOP SIGN,NONE DETECTED,NONE DETECTED,A850809D-4628-439A-943F-F6D9A8BA2202,BICYCLIST,Walking/Riding w/Traffic,NO IMPROPER ACTIONS,AT INTERSECTION BUT NO CROSSWALK,No,POSSIBLE INJURY,MC/BIKE HELMET,39.03618719,-77.08453341,"    (39.03618719, -77.08453341)"
MCP2832005W,200033029,Montgomery County Police,Injury Crash,08/24/2020 11:52:00 AM,Maryland (State),ROCKVILLE PIKE,LOCUST HILL RD,,N/A,BICYCLIST,SAME DIRECTION SIDESWIPE,CLEAR,DRY,DAYLIGHT,NO CONTROLS,UNKNOWN,NONE DETECTED,562E6F34-1269-479A-925F-2D6F3F61A41D,BICYCLIST,Walking/Riding w/Traffic,NO IMPROPER ACTIONS,ON ROADWAY NOT AT CROSSWALK,No,SUSPECTED MINOR INJURY,MC/BIKE HELMET,39.009205,-77.09755833,"    (39.009205, -77.09755833)"
MCP3232001D,200032852,Montgomery County Police,Property Damage Crash,08/22/2020 06:40:00 PM,County,CASHELL RD,BOWIE MILL RD,,N/A,PEDESTRIAN,OTHER,CLEAR,DRY,DAYLIGHT,N/A,NONE DETECTED,NONE DETECTED,B5273266-CDE9-430A-BA77-9F9B62F5D5D5,PEDESTRIAN,Standing,IN ROADWAY IMPROPERLY,ON ROADWAY NOT AT CROSSWALK,Yes,NO APPARENT INJURY,N/A,39.15479088,-77.09495999,"    (39.15479088, -77.09495999)"
MCP3243000C,200032846,Montgomery County Police,Injury Crash,08/22/2020 05:17:00 PM,County,ROCKLEDGE DR,ROCK SPRING DR,,N/A,BICYCLIST,STRAIGHT MOVEMENT ANGLE,CLEAR,DRY,DAYLIGHT,TRAFFIC SIGNAL,NONE DETECTED,NONE DETECTED,53442B68-0BC2-45DB-BC92-1230D88DEB02,BICYCLIST,Cross/Enter at Intersection,FAILURE TO OBEY TRAFFIC SIGNS SIGNALS OR OFFICER,ON ROADWAY AT CROSSWALK,Yes,SUSPECTED MINOR INJURY,NONE,39.02691291,-77.13229168,"    (39.02691291, -77.13229168)"
MCP26250011,200032810,Montgomery County Police,Injury Crash,08/22/2020 12:23:00 PM,County,LELAND ST,BRADLEY BLVD,,N/A,PEDESTRIAN,N/A,CLEAR,DRY,DAYLIGHT,TRAFFIC SIGNAL,NONE DETECTED,NONE DETECTED,FFD757B9-9253-4007-B403-369FCFC19C36,PEDESTRIAN,Cross/Enter not at Intersection,UNKNOWN,ON ROADWAY NOT AT CROSSWALK,Yes,SUSPECTED MINOR INJURY,N/A,38.9782613,-77.09705684,"    (38.9782613, -77.09705684)"
MCP2040001M,200032799,Montgomery County Police,Injury Crash,08/22/2020 10:30:00 AM,Maryland (State),WHITES FERRY RD,SPATES HILL RD,,POOLESVILLE,BICYCLIST,SAME DIRECTION RIGHT TURN,CLOUDY,DRY,DAYLIGHT,NO CONTROLS,NONE DETECTED,NONE DETECTED,FB8C0EC5-CA6C-49E4-BC7E-B1FCC9EF5B87,BICYCLIST,Cross/Enter at Intersection,UNKNOWN,SHOULDER,No,POSSIBLE INJURY,MC/BIKE HELMET,39.134165,-77.40199667,"    (39.134165, -77.40199667)"
MCP3117002N,200032718,Montgomery County Police,Property Damage Crash,08/21/2020 06:43:00 PM,,,,PARKING LOT OF HILTON HOTEL AT 1750 ROCKVILLE PIKE,,PEDESTRIAN,OTHER,CLEAR,,DAYLIGHT,NO CONTROLS,NONE DETECTED,NONE DETECTED,9F96F2C6-8878-401B-941A-0E87E5C349A9,PEDESTRIAN,Walking/Cycling on Sidewalk,IMPROPER PASSING,SIDEWALK,No,NO APPARENT INJURY,NONE,39.06135819,-77.12347747,"    (39.06135819, -77.12347747)"
MCP2921003V,200032703,Montgomery County Police,Injury Crash,08/21/2020 05:09:00 PM,County,MIDDLEBROOK RD,FREDERICK RD,,N/A,PEDESTRIAN,SINGLE VEHICLE,CLEAR,DRY,DAYLIGHT,YIELD SIGN,N/A,ILLEGAL DRUG CONTRIBUTED,2CE6BEE3-CFB6-4200-98C3-C79641367A62,PEDESTRIAN,Cross/Enter at Intersection,NO IMPROPER ACTIONS,AT INTERSECTION MARKED CROSSWALK,No,POSSIBLE INJURY,NONE,39.18061667,-77.23878833,"    (39.18061667, -77.23878833)"
MCP3122003G,200032514,Montgomery County Police,Injury Crash,08/20/2020 11:25:00 AM,Maryland (State),GEORGIA AVE,SHOREFIELD RD,,N/A,PEDESTRIAN,SINGLE VEHICLE,CLEAR,DRY,DAYLIGHT,TRAFFIC SIGNAL,NONE DETECTED,NONE DETECTED,5433E641-5713-4DA0-BDE0-705E3D3C3A46,PEDESTRIAN,Cross/Enter at Intersection,NO IMPROPER ACTIONS,AT INTERSECTION MARKED CROSSWALK,No,SUSPECTED MINOR INJURY,N/A,39.05288667,-77.05112,"    (39.05288667, -77.05112)"
DD5645000B,200032499,Rockville Police Departme,Injury Crash,08/20/2020 10:06:00 AM,Municipality,E GUDE DR,TAFT ST,,ROCKVILLE,PEDESTRIAN,SINGLE VEHICLE,CLEAR,DRY,DAYLIGHT,OTHER,NONE DETECTED,NONE DETECTED,8AF7DBF0-301F-494A-A59A-DC778F61EF0C,PEDESTRIAN,Cross/Enter at Intersection,NO IMPROPER ACTIONS,AT INTERSECTION MARKED CROSSWALK,No,SUSPECTED MINOR INJURY,NONE,39.094218,-77.132624,"    (39.094218, -77.132624)"
MCP2991004J,200032494,Montgomery County Police,Injury Crash,08/20/2020 09:00:00 AM,,OLD BALTIMORE ROAD,WINTER MORNING WAY,,N/A,PEDESTRIAN,SINGLE VEHICLE,N/A,DRY,DAYLIGHT,NO CONTROLS,NONE DETECTED,NONE DETECTED,090BA119-7EE3-41AD-80DD-DC71673C8034,PEDESTRIAN,Cross/Enter at Intersection,NO IMPROPER ACTIONS,ON ROADWAY AT CROSSWALK,No,POSSIBLE INJURY,N/A,39.1422915,-77.05742067,"    (39.1422915, -77.05742067)"
MCP30370039,200032121,Montgomery County Police,Injury Crash,08/17/2020 04:10:00 PM,,,,PARKING LOT OF 19777 FREDERICK RD,,BICYCLIST,SINGLE VEHICLE,CLEAR,,DAYLIGHT,STOP SIGN,NONE DETECTED,NONE DETECTED,3E8E02F7-F7FA-4343-85A1-E5F797C68296,BICYCLIST,Cross/Enter at Intersection,DART DASH,OTHER,Yes,SUSPECTED MINOR INJURY,NONE,39.17869758,-77.23813421,"    (39.17869758, -77.23813421)"
MCP2177004H,20032118,Montgomery County Police,Injury Crash,08/17/2020 02:45:00 PM,,,,PAVED DRIVEWAY OF 14031 GEORGIA AVENUE,,BICYCLIST,STRAIGHT MOVEMENT ANGLE,CLOUDY,,DAYLIGHT,NO CONTROLS,N/A,N/A,C3442C57-C500-476F-BAB2-C9A1499AD424,BICYCLIST,Walking/Cycling on Sidewalk,WRONG WAY RIDING OR WALKING,OTHER,Yes,SUSPECTED MINOR INJURY,NONE,39.08497348,-77.07818107,"    (39.08497348, -77.07818107)"
MCP23720035,200032047,Montgomery County Police,Injury Crash,08/17/2020 07:00:00 AM,Maryland (State),OLD GEORGETOWN RD,CEDAR LA,,N/A,OTHER,STRAIGHT MOVEMENT ANGLE,CLEAR,DRY,DAYLIGHT,TRAFFIC SIGNAL,NONE DETECTED,NONE DETECTED,E6BD807F-7D85-486C-8AF8-2D432B05C502,OTHER,Cross/Enter at Intersection,NO IMPROPER ACTIONS,AT INTERSECTION MARKED CROSSWALK,No,SUSPECTED MINOR INJURY,MC/BIKE HELMET,39.00459917,-77.110397,"    (39.00459917, -77.110397)"
DM8479000J,200031997,Takoma Park Police Depart,Injury Crash,08/16/2020 06:01:00 PM,Maryland (State),NEW HAMPSHIRE AVE,UNIVERSITY BLVD,,N/A,PEDESTRIAN,OTHER,CLOUDY,DRY,DAYLIGHT,TRAFFIC SIGNAL,NONE DETECTED,NONE DETECTED,9740B3A7-4477-408D-A0BD-EAD0AB63330E,PEDESTRIAN,Cross/Enter at Intersection,NO IMPROPER ACTIONS,ON ROADWAY AT CROSSWALK,No,SUSPECTED MINOR INJURY,N/A,38.98794582,-76.98641554,"    (38.98794582, -76.98641554)"
MCP2402000N,200031856,Montgomery County Police,Injury Crash,08/15/2020 04:00:00 PM,County,OMEGA DR,KEY WEST AVE,,N/A,BICYCLIST,STRAIGHT MOVEMENT ANGLE,CLEAR,DRY,DAYLIGHT,TRAFFIC SIGNAL,N/A,N/A,270C349D-458D-41AA-95A1-724EF1D0D19C,BICYCLIST,Cross/Enter at Intersection,NO IMPROPER ACTIONS,AT INTERSECTION MARKED CROSSWALK,No,SUSPECTED MINOR INJURY,MC/BIKE HELMET,39.10562833,-77.19711833,"    (39.10562833, -77.19711833)"
MCP3121003H,200031763,Montgomery County Police,Injury Crash,08/14/2020 08:18:00 PM,County,WATKINS MILL RD,CLUB LAKE RD,,N/A,PEDESTRIAN,SINGLE VEHICLE,RAINING,WET,DARK NO LIGHTS,OTHER,NONE DETECTED,NONE DETECTED,F93633C4-BA27-4056-81A3-DFC039CEC073,PEDESTRIAN,Other,NO IMPROPER ACTIONS,ON ROADWAY AT CROSSWALK,No,SUSPECTED SERIOUS INJURY,NONE,39.17667994,-77.21006808,"    (39.17667994, -77.21006808)"
MCP20720042,200031699,Montgomery County Police,Injury Crash,08/14/2020 01:29:00 PM,Maryland (State),GREAT SENECA HWY,CLOPPER RD,,N/A,PEDESTRIAN,OTHER,CLEAR,DRY,DAYLIGHT,TRAFFIC SIGNAL,NONE DETECTED,ALCOHOL PRESENT,3248AC7D-C726-462C-A5BA-0398D349C265,PEDESTRIAN,Other,NOT VISIBLE,ON ROADWAY NOT AT CROSSWALK,Yes,POSSIBLE INJURY,NONE,39.15781333,-77.27580333,"    (39.15781333, -77.27580333)"
MCP1174004J,200031668,Montgomery County Police,Injury Crash,08/14/2020 11:11:00 AM,,,,PARKING LOT OF 2015 EAST WEST HWY.,,PEDESTRIAN,SINGLE VEHICLE,CLEAR,,DAYLIGHT,N/A,,NONE DETECTED,8519E1A8-E780-47C0-9B49-C03CC83E73B5,PEDESTRIAN,Getting off/on Vehicle,ENTERING EXITING PARKED STANDING VEHICLE,OTHER,Yes,SUSPECTED MINOR INJURY,N/A,38.99509287,-77.04511842,"    (38.99509287, -77.04511842)"