Report Number,Local Case Number,Agency Name,ACRS Report Type,Crash Date/Time,Route Type,Road Name,Cross-Street Name,Off-Road Description,Municipality,Related Non-Motorist,Collision Type,Weather,Surface Condition,Light,Traffic Control,Driver Substance Abuse,Non-Motorist Substance Abuse,Person ID,Pedestrian Type,Pedestrian Movement,Pedestrian Actions,Pedestrian Location,At Fault,Injury Severity,Safety Equipment,Latitude,Longitude,Location
MCP2394003P,200031677,Montgomery County Police,Property Damage Crash,08/14/2020 10:08:00 AM,County,BEL PRE RD,ENT TO APARTMENTS,,N/A,MACHINE OPERATOR/RIDER,OTHER,CLEAR,DRY,DAYLIGHT,STOP SIGN,UNKNOWN,NONE DETECTED,0AA192B6-FE61-4321-A1D9-14EC5E4F344D,MACHINE OPERATOR/RIDER,Cross/Enter at Intersection,NO IMPROPER ACTIONS,ON ROADWAY AT CROSSWALK,No,NO APPARENT INJURY,NONE,39.09124955,-77.0665708,"    (39.09124955, -77.0665708)"
MCP3226000R,200031559,Montgomery County Police,Property Damage Crash,08/13/2020 04:33:00 PM,County,EDNOR RD,HAW LA,,N/A,OTHER,SINGLE VEHICLE,CLEAR,DRY,DAYLIGHT,NO CONTROLS,NONE DETECTED,UNKNOWN,23B2A962-E62B-4CA3-A14D-05B51BE946B5,OTHER,Unknown,UNKNOWN,OTHER,No,NO APPARENT INJURY,N/A,39.13754267,-76.980728,"    (39.13754267, -76.980728)"
MCP3226000R,200031559,Montgomery County Police,Property Damage Crash,08/13/2020 04:33:00 PM,County,EDNOR RD,HAW LA,,N/A,OTHER,SINGLE VEHICLE,CLEAR,DRY,DAYLIGHT,NO CONTROLS,NONE DETECTED,UNKNOWN,7DF41EA2-86B5-470B-A706-8BD8AAEFC6C8,OTHER,Unknown,UNKNOWN,UNKNOWN,No,NO APPARENT INJURY,N/A,39.13754267,-76.980728,"    (39.13754267, -76.980728)"
MCP3170001H,200031418,Montgomery County Police,Property Damage Crash,08/12/2020 18:04,,,,PARKING LOT IN FRONT OF 12807 SAGE TER,,BICYCLIST,OTHER,CLOUDY,,DAYLIGHT,NO CONTROLS,NONE DETECTED,NONE DETECTED,3133DE36-2CAB-415B-A376-C2F9A3FDCE79,BICYCLIST,Cross/Enter not at Intersection,DART DASH,OTHER,Yes,NO APPARENT INJURY,NONE,39.16072223,-77.26600841,"    (39.16072223, -77.26600841)"
MCP3012006Y,200031220,Montgomery County Police,Fatal Crash,08/11/2020 10:09,County,BEL PRE RD,LONDON LA,,N/A,PEDESTRIAN,SINGLE VEHICLE,CLEAR,DRY,DAYLIGHT,NO CONTROLS,UNKNOWN,N/A,200A8E58-E5FA-4BA9-B7DC-D4F49531776B,PEDESTRIAN,Standing,ENTERING EXITING PARKED STANDING VEHICLE,OTHER,No,FATAL INJURY,N/A,39.092935,-77.08049333,"    (39.092935, -77.08049333)"
MCP2361001Q,200031152,Montgomery County Police,Injury Crash,08/10/2020 21:58,County,MONTGOMERY VILLAGE AVE,MIDCOUNTY HWY,,N/A,PEDESTRIAN,STRAIGHT MOVEMENT ANGLE,CLEAR,DRY,DARK LIGHTS ON,NO CONTROLS,NONE DETECTED,ALCOHOL PRESENT,630209D8-2005-4182-A5EB-EF3FE70E4403,PEDESTRIAN,Cross/Enter not at Intersection,IN ROADWAY IMPROPERLY,ON ROADWAY NOT AT CROSSWALK,Yes,SUSPECTED MINOR INJURY,NONE,39.158395,-77.203735,"    (39.158395, -77.203735)"
MCP2358007R,200031136,Montgomery County Police,Property Damage Crash,08/10/2020 19:00,County,DORSET AVE,KENNEDY DR,,N/A,BICYCLIST,STRAIGHT MOVEMENT ANGLE,CLEAR,DRY,DUSK,STOP SIGN,UNKNOWN,NONE DETECTED,BE7CB23C-9646-41FC-AF01-8C5C49498019,BICYCLIST,Cross/Enter at Intersection,FAILURE TO OBEY TRAFFIC SIGNS SIGNALS OR OFFICER,ON ROADWAY AT CROSSWALK,Yes,NO APPARENT INJURY,UNKNOWN,38.96887993,-77.10293722,"    (38.96887993, -77.10293722)"
MCP9419002P,200030826,Montgomery County Police,Injury Crash,08/08/2020 13:53,County,BRIARDALE RD,SHADY GROVE RD,,N/A,BICYCLIST,SINGLE VEHICLE,CLOUDY,DRY,DAYLIGHT,TRAFFIC SIGNAL,NONE DETECTED,NONE DETECTED,D2C977C4-FE1B-4D3F-AF10-FFF9558FFE71,BICYCLIST,Walking/Cycling on Sidewalk,NO IMPROPER ACTIONS,AT INTERSECTION MARKED CROSSWALK,No,SUSPECTED MINOR INJURY,NONE,39.133515,-77.15805833,"    (39.133515, -77.15805833)"
MCP2588007P,200030814,Montgomery County Police,Injury Crash,08/08/2020 12:54,Maryland (State),GEORGIA AVE,HENDERSON AVE,,N/A,PEDESTRIAN,OTHER,CLEAR,DRY,DAYLIGHT,NO CONTROLS,NONE DETECTED,NONE DETECTED,5CEAC53D-AC8F-4068-87DA-FCC1A53BCB06,PEDESTRIAN,Cross/Enter at Intersection,NO IMPROPER ACTIONS,ON ROADWAY AT CROSSWALK,No,POSSIBLE INJURY,N/A,39.05064097,-77.05166819,"    (39.05064097, -77.05166819)"
MCP23720033,200030807,Montgomery County Police,Injury Crash,08/08/2020 11:08,County,MACARTHUR BLVD,BEGIN BRIDGE,,N/A,BICYCLIST,SAME DIR REAR END,CLEAR,DRY,DAYLIGHT,NO CONTROLS,NONE DETECTED,NONE DETECTED,1673091D-E553-410D-B2E8-C1B0472DD625,BICYCLIST,Walking/Riding w/Traffic,NO IMPROPER ACTIONS,ON ROADWAY NOT AT CROSSWALK,No,SUSPECTED MINOR INJURY,MC/BIKE HELMET,38.97277283,-77.14873267,"    (38.97277283, -77.14873267)"
MCP2936003X,200030698,Montgomery County Police,Injury Crash,08/07/2020 16:22,,,,"SIDEWALK/PARKING LOT OF 11790 PARKLAWN DR ROCKVILLE, MD 20852",,PEDESTRIAN,OTHER,N/A,,DAYLIGHT,NO CONTROLS,NONE DETECTED,NONE DETECTED,32E886BE-97E7-445B-82CD-BAA099CDA45A,PEDESTRIAN,Walking/Cycling on Sidewalk,NO IMPROPER ACTIONS,SIDEWALK,No,SUSPECTED MINOR INJURY,N/A,39.04858,-77.0993,"    (39.04858, -77.0993)"
MCP243600B6,200030650,Montgomery County Police,Injury Crash,08/07/2020 10:15,County,HARTWELL RD,BRADFORD RD,,N/A,PEDESTRIAN,SINGLE VEHICLE,CLEAR,DRY,DAYLIGHT,STOP SIGN,UNKNOWN,UNKNOWN,922B2AC7-99B0-475A-9AE9-E48BBF580FD1,PEDESTRIAN,Walking/Riding w/Traffic,UNKNOWN,ON ROADWAY NOT AT CROSSWALK,Yes,SUSPECTED SERIOUS INJURY,NONE,39.00013798,-77.00635538,"    (39.00013798, -77.00635538)"
MCP2239001N,200030242,Montgomery County Police,Injury Crash,08/04/2020 13:24,County,SEVEN LOCKS RD,CODDLE HARBOR LA,,N/A,BICYCLIST,OTHER,CLEAR,DRY,DAYLIGHT,STOP SIGN,NONE DETECTED,N/A,750BA249-B77B-4C90-A58B-8AD8199D5189,BICYCLIST,Cross/Enter at Intersection,OTHER,ON ROADWAY NOT AT CROSSWALK,No,SUSPECTED MINOR INJURY,MC/BIKE HELMET,39.04253167,-77.15936333,"    (39.04253167, -77.15936333)"
MCP2239001N,200030242,Montgomery County Police,Injury Crash,08/04/2020 13:24,County,SEVEN LOCKS RD,CODDLE HARBOR LA,,N/A,BICYCLIST,OTHER,CLEAR,DRY,DAYLIGHT,STOP SIGN,NONE DETECTED,N/A,6A572A27-F83F-42F8-AD27-D88CC94E14F2,BICYCLIST,Cross/Enter at Intersection,NO IMPROPER ACTIONS,ON ROADWAY NOT AT CROSSWALK,No,NO APPARENT INJURY,MC/BIKE HELMET,39.04253167,-77.15936333,"    (39.04253167, -77.15936333)"
EJ78580056,200030177,Gaithersburg Police Depar,Injury Crash,08/04/2020 5:45,Municipality,ODENDHAL AVE,RUSSELL AVE,,GAITHERSBURG,BICYCLIST,OTHER,RAINING,WET,DARK LIGHTS ON,NO CONTROLS,NONE DETECTED,NONE DETECTED,7919C82E-1F17-46FE-A7C1-49C34416A175,BICYCLIST,Cross/Enter not at Intersection,IN ROADWAY IMPROPERLY,ON ROADWAY NOT AT CROSSWALK,Yes,SUSPECTED MINOR INJURY,NONE,39.15013928,-77.20455055,"    (39.15013928, -77.20455055)"
MCP9419002N,200030096,Montgomery County Police,Injury Crash,08/03/2020 13:49,,,,PARKING LOT OF 12409 BRAXFIELD CT.,,PEDESTRIAN,OTHER,CLOUDY,,DAYLIGHT,NO CONTROLS,NONE DETECTED,NONE DETECTED,38464FA5-1EAE-4209-B0A6-139F2C434B6D,PEDESTRIAN,Other,N/A,OTHER,No,SUSPECTED MINOR INJURY,NONE,39.05966701,-77.10486404,"    (39.05966701, -77.10486404)"
MCP291400B2,200030027,Montgomery County Police,Injury Crash,08/02/2020 16:00,Maryland (State),GEORGIA AVE,FENWICK LA,,N/A,PEDESTRIAN,OTHER,CLEAR,N/A,DAYLIGHT,STOP SIGN,N/A,N/A,1501DDE7-8F02-498E-9B00-D8DC9AE93D9D,PEDESTRIAN,Cross/Enter at Intersection,NO IMPROPER ACTIONS,AT INTERSECTION MARKED CROSSWALK,No,POSSIBLE INJURY,N/A,38.99823059,-77.0307129,"    (38.99823059, -77.0307129)"
MCP3205001R,200029969,Montgomery County Police,Injury Crash,08/02/2020 12:58,County,FERRARA DR,SELFRIDGE RD,,N/A,PEDESTRIAN,OTHER,N/A,DRY,DAYLIGHT,NO CONTROLS,UNKNOWN,NONE DETECTED,4D433D04-EE57-4AA8-98EE-1F294CC74312,PEDESTRIAN,Standing,N/A,SHOULDER,No,SUSPECTED MINOR INJURY,N/A,39.05245217,-77.08170517,"    (39.05245217, -77.08170517)"
MCP32400012,200029768,Montgomery County Police,Injury Crash,07/31/2020 09:00:00 PM,County,PINNACLE DR,CENTURY BLVD,,N/A,PEDESTRIAN,OTHER,CLEAR,WET,DARK LIGHTS ON,NO CONTROLS,UNKNOWN,N/A,28801FCD-C06E-49BE-82EA-E988639DE11C,PEDESTRIAN,Standing,ENTERING EXITING PARKED STANDING VEHICLE,ON ROADWAY NOT AT CROSSWALK,No,SUSPECTED MINOR INJURY,N/A,39.18319358,-77.26644101,"    (39.18319358, -77.26644101)"
EJ7878001N,200029758,Gaithersburg Police Depar,Injury Crash,07/31/2020 07:00:00 PM,Municipality,CHESTNUT ST,E DIAMOND AVE,,GAITHERSBURG,PEDESTRIAN,SAME DIR REAR END,CLEAR,DRY,DAYLIGHT,RAILWAY CROSSING DEVICE,N/A,N/A,17594BD1-665A-4C85-B685-D9D22B6481D1,PEDESTRIAN,Other,OTHER,ON ROADWAY NOT AT CROSSWALK,Yes,POSSIBLE INJURY,N/A,39.142222,-77.20310799,"    (39.142222, -77.20310799)"
MCP2420003V,200029614,Montgomery County Police,Injury Crash,07/30/2020 05:53:00 PM,County,EMORY LA,JILRICK ST,,N/A,BICYCLIST,SAME DIR REAR END,N/A,DRY,DAYLIGHT,NO CONTROLS,N/A,NONE DETECTED,F2F07AB9-C65E-457C-907F-1E9CE0441696,BICYCLIST,Walking/Riding w/Traffic,UNKNOWN,OTHER,Unknown,POSSIBLE INJURY,MC/BIKE HELMET,39.126365,-77.08620333,"    (39.126365, -77.08620333)"
MCP2782003C,200029591,Montgomery County Police,Injury Crash,07/30/2020 03:48:00 PM,County,BEL PRE RD,PARKER FARM WAY,,N/A,PEDESTRIAN,STRAIGHT MOVEMENT ANGLE,CLEAR,DRY,DAYLIGHT,TRAFFIC SIGNAL,NONE DETECTED,NONE DETECTED,2C2A2188-31C1-4886-A8B8-E01E31908AE1,PEDESTRIAN,Cross/Enter at Intersection,NO IMPROPER ACTIONS,AT INTERSECTION MARKED CROSSWALK,No,SUSPECTED MINOR INJURY,NONE,39.09079,-77.04799533,"    (39.09079, -77.04799533)"
DD5604003L,200029558,Rockville Police Departme,Injury Crash,07/30/2020 11:37:00 AM,Municipality,WOOTTON PKWY,TOWER OAKS BLVD,,ROCKVILLE,PEDESTRIAN,OTHER,CLEAR,DRY,DAYLIGHT,TRAFFIC SIGNAL,NONE DETECTED,NONE DETECTED,2B0CC152-44D7-42ED-851A-71C310DBE788,PEDESTRIAN,Standing,OTHER,AT INTERSECTION MARKED CROSSWALK,No,POSSIBLE INJURY,REFLECTIVE CLOTHING,39.0662585,-77.15408483,"    (39.0662585, -77.15408483)"
MCP9113006B,200029550,Montgomery County Police,Injury Crash,07/30/2020 10:31:00 AM,County,WENDY LA,LOYOLA ST,,N/A,OTHER,OTHER,CLEAR,DRY,DAYLIGHT,NO CONTROLS,NONE DETECTED,NONE DETECTED,1F84FA47-FAA2-41D5-9D09-DF4ADA21D62F,OTHER,Getting off/on Vehicle,NO IMPROPER ACTIONS,CURB,No,SUSPECTED SERIOUS INJURY,N/A,39.079145,-77.074525,"    (39.079145, -77.074525)"
DD5604003K,200029470,Rockville Police Departme,Injury Crash,07/29/2020 04:41:00 PM,Municipality,EDMONSTON DR,VEIRS MILL SERV RD,,ROCKVILLE,BICYCLIST,STRAIGHT MOVEMENT ANGLE,CLEAR,DRY,DAYLIGHT,STOP SIGN,NONE DETECTED,NONE DETECTED,4B48EDD0-1673-45E3-B932-BF4C2A25AF77,BICYCLIST,Walking/Riding w/Traffic,FAILURE TO OBEY TRAFFIC SIGNS SIGNALS OR OFFICER,ON ROADWAY NOT AT CROSSWALK,Yes,SUSPECTED MINOR INJURY,NONE,39.078304,-77.13051683,"    (39.078304, -77.13051683)"
MCP31650026,200029443,Montgomery County Police,Property Damage Crash,07/29/2020 01:40:00 PM,County,CASTLE BLVD,BRIGGS CHANEY RD,,N/A,BICYCLIST,STRAIGHT MOVEMENT ANGLE,CLEAR,DRY,DAYLIGHT,TRAFFIC SIGNAL,NONE DETECTED,NONE DETECTED,E0582C0B-57B0-4767-B4C2-D2A7B051F74D,BICYCLIST,Cross/Enter at Intersection,NO IMPROPER ACTIONS,ON ROADWAY AT CROSSWALK,No,NO APPARENT INJURY,NONE,39.08163167,-76.94646667,"    (39.08163167, -76.94646667)"
MCP29910049,200029417,Montgomery County Police,Injury Crash,07/29/2020 10:45:00 AM,Maryland (State),NEW HAMPSHIRE AVE,MILLGROVE PL,,N/A,BICYCLIST,SINGLE VEHICLE,CLEAR,DRY,DAYLIGHT,NO CONTROLS,NONE DETECTED,NONE DETECTED,390771D3-FE01-42F2-B9EA-4E577A148D12,BICYCLIST,N/A,IMPROPER TURN MERGE,OTHER,Yes,POSSIBLE INJURY,N/A,39.14924967,-77.06642983,"    (39.14924967, -77.06642983)"
MCP2356001R,200029346,Montgomery County Police,Injury Crash,07/28/2020 05:35:00 PM,Maryland (State),FREDERICK RD,REDLAND BLVD,,ROCKVILLE,PEDESTRIAN,SINGLE VEHICLE,N/A,DRY,DAYLIGHT,TRAFFIC SIGNAL,NONE DETECTED,NONE DETECTED,70635A87-93F9-4F5B-BCFB-EBCF116FFF57,PEDESTRIAN,Standing,NO IMPROPER ACTIONS,SIDEWALK,No,SUSPECTED SERIOUS INJURY,N/A,39.11570361,-77.16614143,"    (39.11570361, -77.16614143)"
MCP29730056,200029057,Montgomery County Police,Injury Crash,07/27/2020 02:09:00 AM,Maryland (State),GEORGIA AVE,HENDERSON AVE,,N/A,PEDESTRIAN,OTHER,CLEAR,DRY,DARK LIGHTS ON,NO CONTROLS,"ALCOHOL CONTRIBUTED, NONE DETECTED",NONE DETECTED,38D62503-736D-43B3-BD88-ECC9274AF996,PEDESTRIAN,Walking/Riding against Traffic,NO IMPROPER ACTIONS,SIDEWALK,No,SUSPECTED SERIOUS INJURY,N/A,39.05016403,-77.05163365,"    (39.05016403, -77.05163365)"
MCP28460064,200028872,Montgomery County Police,Injury Crash,07/25/2020 12:24:00 PM,,,,12041 GEORGIA AVE (M&T BANK PARKING LOT),,BICYCLIST,SINGLE VEHICLE,CLEAR,,DAYLIGHT,NO CONTROLS,UNKNOWN,NONE DETECTED,15A645A6-516A-48F4-A27E-468D122B72C1,BICYCLIST,Walking/Cycling on Sidewalk,NO IMPROPER ACTIONS,SIDEWALK,No,SUSPECTED MINOR INJURY,NONE,39.05258193,-77.05031596,"    (39.05258193, -77.05031596)"
MCP28210022,200028843,Montgomery County Police,Injury Crash,07/25/2020 05:38:00 AM,Maryland (State),WOODFIELD RD,BRENISH DR,,N/A,PEDESTRIAN,OTHER,CLEAR,DRY,DAWN,STOP SIGN,NONE DETECTED,NONE DETECTED,383E82DD-56C8-49D4-A53B-A8999E96C3FE,PEDESTRIAN,Cross/Enter at Intersection,UNKNOWN,UNKNOWN,Unknown,POSSIBLE INJURY,N/A,39.17833833,-77.150825,"    (39.17833833, -77.150825)"
MCP3050004Q,200028775,Montgomery County Police,Injury Crash,07/24/2020 05:56:00 PM,,,,"PARKING LOT IN FRONT OF CHINA KING 3827 ASPEN HILL RD SILVER SPRING, MD 20906",,PEDESTRIAN,OTHER,CLEAR,,DAYLIGHT,STOP SIGN,NONE DETECTED,NONE DETECTED,54835D56-34A0-4B14-AE00-9C63A98FC826,PEDESTRIAN,Cross/Enter not at Intersection,INATTENTIVE,ON ROADWAY NOT AT CROSSWALK,No,SUSPECTED MINOR INJURY,N/A,39.08129,-77.07759333,"    (39.08129, -77.07759333)"
MCP2376000V,200028698,Montgomery County Police,Injury Crash,07/24/2020 05:33:00 AM,County,MONTGOMERY LA,WOODMONT AVE,,N/A,PEDESTRIAN,OTHER,RAINING,WET,DARK LIGHTS ON,FLASHING TRAFFIC SIGNAL,NONE DETECTED,NONE DETECTED,776E719C-9C07-4207-9AB4-728065B8E65B,PEDESTRIAN,Cross/Enter at Intersection,NO IMPROPER ACTIONS,ON ROADWAY AT CROSSWALK,No,SUSPECTED MINOR INJURY,N/A,38.99755667,-77.10954,"    (38.99755667, -77.10954)"
DD5603008C,200028613,Rockville Police Departme,Injury Crash,07/23/2020 02:15:00 PM,Maryland (State),ROCKVILLE PIKE,HALPINE RD,,ROCKVILLE,PEDESTRIAN,OTHER,CLEAR,DRY,DAYLIGHT,TRAFFIC SIGNAL,NONE DETECTED,NONE DETECTED,22AC67AE-17F4-45CF-A6BB-D0304FF6D7AC,PEDESTRIAN,Cross/Enter at Intersection,NO IMPROPER ACTIONS,AT INTERSECTION MARKED CROSSWALK,No,SUSPECTED MINOR INJURY,NONE,39.06163528,-77.124226,"    (39.06163528, -77.124226)"
MCP28590095,200028549,Montgomery County Police,Injury Crash,07/23/2020 08:10:00 AM,,,,"LEVEL 1 PARKING GARAGE OF 15740 SHADY GROVE RD, GAITHERSBURG, MD",,PEDESTRIAN,OTHER,CLEAR,,DAYLIGHT,NO CONTROLS,NONE DETECTED,NONE DETECTED,ED782BF5-8BC0-49F6-BB1E-7FDF3DCDBFB3,PEDESTRIAN,Other Working,NO IMPROPER ACTIONS,OTHER,No,POSSIBLE INJURY,NONE,39.11529,-77.186415,"    (39.11529, -77.186415)"
MCP2853007J,200028316,Montgomery County Police,Injury Crash,07/21/2020 03:14:00 PM,US (State),COLUMBIA PIKE,ENT TO BURNT MILLS SHOPPING CENTER,,N/A,PEDESTRIAN,OTHER,CLEAR,DRY,DAYLIGHT,TRAFFIC SIGNAL,N/A,N/A,B74284FA-8960-49FD-978E-A6BCD6B736AE,PEDESTRIAN,Cross/Enter at Intersection,NO IMPROPER ACTIONS,AT INTERSECTION MARKED CROSSWALK,No,SUSPECTED MINOR INJURY,N/A,39.03138833,-77.00444,"    (39.03138833, -77.00444)"
MCP3016002P,200028248,Montgomery County Police,Injury Crash,07/21/2020 09:26:00 AM,,,,"CROSSWALK IN FRONT OF SHOPPING CENTER LOCATED AT 12825 WISTERIA DR., GERMANTOWN, MD.",,BICYCLIST,OTHER,CLEAR,,DAYLIGHT,STOP SIGN,N/A,N/A,70DBE2E1-B62D-498D-8884-C0A62BEE72E2,BICYCLIST,Walking/Cycling on Sidewalk,NO IMPROPER ACTIONS,MIDBLOCK MARKED CROSSWALK,No,POSSIBLE INJURY,NONE,39.17667966,-77.26957737,"    (39.17667966, -77.26957737)"
MCP1148003G,200028247,Montgomery County Police,Injury Crash,07/21/2020 09:10:00 AM,Maryland (State),OLD GEORGETOWN RD,WILSON LA,,N/A,BICYCLIST,SINGLE VEHICLE,CLEAR,DRY,DAYLIGHT,TRAFFIC SIGNAL,NONE DETECTED,NONE DETECTED,7C306150-270A-4758-A5A8-EAC198E7EF97,BICYCLIST,Walking/Riding w/Traffic,FAILURE TO YIELD RIGHT OF WAY,ON ROADWAY NOT AT CROSSWALK,Yes,SUSPECTED MINOR INJURY,NONE,38.987645,-77.09919833,"    (38.987645, -77.09919833)"
MCP2496001M,200028264,Montgomery County Police,Injury Crash,07/20/2020 06:30:00 PM,Maryland (State),GEORGIA AVE,RAMP 4 FR MD 97 NB TO IS 495 EB,,N/A,BICYCLIST,SINGLE VEHICLE,CLEAR,DRY,DUSK,NO CONTROLS,UNKNOWN,N/A,FC2777CE-9249-4B27-80FC-EACA788661E9,BICYCLIST,Cross/Enter at Intersection,NO IMPROPER ACTIONS,ON ROADWAY AT CROSSWALK,No,POSSIBLE INJURY,NONE,39.00069167,-77.02761833,"    (39.00069167, -77.02761833)"
MCP3022003C,200028913,Montgomery County Police,Injury Crash,07/20/2020 05:09:00 PM,County,HUNTMASTER RD,FOXLAIR RD,,N/A,BICYCLIST,SAME DIRECTION SIDESWIPE,CLEAR,DRY,DAYLIGHT,STOP SIGN,UNKNOWN,NONE DETECTED,4A16CB72-7153-4682-9C08-8CF25AF1E9E6,BICYCLIST,Walking/Riding w/Traffic,NO IMPROPER ACTIONS,SHOULDER,No,SUSPECTED MINOR INJURY,UNKNOWN,39.21527,-77.19485167,"    (39.21527, -77.19485167)"
MCP3145002M,200028183,Montgomery County Police,Injury Crash,07/20/2020 04:00:00 PM,County,E RANDOLPH RD,CLIFTON RD,,N/A,BICYCLIST,OTHER,CLEAR,DRY,DAYLIGHT,YIELD SIGN,NONE DETECTED,NONE DETECTED,234F1788-CCD3-41E7-ACF0-5CA77CA0ECC5,BICYCLIST,Cross/Enter at Intersection,NO IMPROPER ACTIONS,AT INTERSECTION BUT NO CROSSWALK,No,SUSPECTED MINOR INJURY,NONE,39.075855,-76.998485,"    (39.075855, -76.998485)"
MCP29070028,200028086,Montgomery County Police,Injury Crash,07/20/2020 02:46:00 AM,Maryland (State),WISCONSIN AVE,EAST WEST HWY (W/B COUPLET),,N/A,PEDESTRIAN,OTHER,CLEAR,DRY,DARK LIGHTS ON,TRAFFIC SIGNAL,NONE DETECTED,NONE DETECTED,285A6363-0D73-4869-A9AB-AF88C63DB7F6,PEDESTRIAN,Standing,IN ROADWAY IMPROPERLY,MEDIAN,Yes,SUSPECTED SERIOUS INJURY,N/A,38.98449,-77.095,"    (38.98449, -77.095)"
MCP2940004W,200028003,Montgomery County Police,Injury Crash,07/19/2020 10:50:00 AM,County,MACARTHUR BLVD,STABLE LA,,N/A,BICYCLIST,OTHER,CLEAR,DRY,DAYLIGHT,NO CONTROLS,NONE DETECTED,NONE DETECTED,B53B9F21-B4F7-447B-9945-04AB34CDF468,BICYCLIST,Walking/Riding w/Traffic,NO IMPROPER ACTIONS,ON ROADWAY NOT AT CROSSWALK,No,POSSIBLE INJURY,MC/BIKE HELMET,38.9821385,-77.22582,"    (38.9821385, -77.22582)"
MCP2877008D,200027890,Montgomery County Police,Injury Crash,07/18/2020 11:11:00 AM,Municipality,PRINCETON AVE,MACARTHUR BLVD,,N/A,BICYCLIST,OTHER,CLEAR,DRY,DAYLIGHT,STOP SIGN,NONE DETECTED,NONE DETECTED,9ED5D003-AED8-45A9-856A-A1CC854EF3B1,BICYCLIST,Cross/Enter at Intersection,NO IMPROPER ACTIONS,SIDEWALK,No,POSSIBLE INJURY,MC/BIKE HELMET,38.96927855,-77.14065418,"    (38.96927855, -77.14065418)"
MCP28460063,200027826,Montgomery County Police,Injury Crash,07/17/2020 08:15:00 PM,County,ELNORA ST,BLUERIDGE AVE,,N/A,PEDESTRIAN,SINGLE VEHICLE,CLEAR,DRY,DAYLIGHT,STOP SIGN,NONE DETECTED,NONE DETECTED,818D2142-3F2F-44A7-A253-5E52ED6B8D28,PEDESTRIAN,Cross/Enter not at Intersection,IN ROADWAY IMPROPERLY,ON ROADWAY NOT AT CROSSWALK,Yes,SUSPECTED MINOR INJURY,NONE,39.04508833,-77.057435,"    (39.04508833, -77.057435)"
EJ7880000S,200027825,Gaithersburg Police Depar,Injury Crash,07/17/2020 07:57:00 PM,,,,VEHICLE STRUCK PED IN PARKING LOT AND FLED,,PEDESTRIAN,SINGLE VEHICLE,CLEAR,,DAYLIGHT,NO CONTROLS,UNKNOWN,NONE DETECTED,D1BB3C8A-FD70-4EAB-AC29-F472CF1D0EAB,PEDESTRIAN,Standing,NO IMPROPER ACTIONS,OTHER,No,SUSPECTED MINOR INJURY,N/A,39.14407711,-77.19320816,"    (39.14407711, -77.19320816)"
MCP1305004B,200027821,Montgomery County Police,Injury Crash,07/17/2020 06:01:00 PM,Maryland (State),WOODFIELD RD,ENT TO SHOPPING CENTER,,N/A,BICYCLIST,STRAIGHT MOVEMENT ANGLE,CLEAR,DRY,DAYLIGHT,STOP SIGN,NONE DETECTED,NONE DETECTED,A2462571-FF8A-480D-AE5D-C2606F67205D,BICYCLIST,Walking/Cycling on Sidewalk,FAILURE TO YIELD RIGHT OF WAY,AT INTERSECTION MARKED CROSSWALK,Yes,SUSPECTED MINOR INJURY,NONE,39.15736573,-77.16321573,"    (39.15736573, -77.16321573)"
MCP0942002Z,200027774,Montgomery County Police,Injury Crash,07/17/2020 12:25:00 PM,Maryland (State),OLD GEORGETOWN RD,FAIRMONT AVE,,N/A,BICYCLIST,SINGLE VEHICLE,CLEAR,DRY,DAYLIGHT,NO CONTROLS,NONE DETECTED,NONE DETECTED,075DED8C-9D1A-4ABD-9B2F-C1ECF92B44D7,BICYCLIST,Cross/Enter at Intersection,NO IMPROPER ACTIONS,AT INTERSECTION MARKED CROSSWALK,No,POSSIBLE INJURY,MC/BIKE HELMET,38.98703151,-77.0979798,"    (38.98703151, -77.0979798)"
MCP1291002X,200027688,Montgomery County Police,Injury Crash,07/16/2020 06:30:00 PM,,,,PARKINGLOT OF 404 RIDGEPOINTLA,,PEDESTRIAN,OTHER,CLEAR,,DAYLIGHT,NO CONTROLS,NONE DETECTED,NONE DETECTED,2CCF3647-84F9-4A88-A987-293828CCFC6F,PEDESTRIAN,Other,NO IMPROPER ACTIONS,OTHER,Unknown,POSSIBLE INJURY,NONE,39.12335833,-77.24761333,"    (39.12335833, -77.24761333)"
MCP2008007X,200027535,Montgomery County Police,Injury Crash,07/15/2020 07:04:00 PM,County,FRANKLIN ST,PARKWOOD DR,,N/A,"BICYCLIST, PEDESTRIAN",OTHER,CLEAR,DRY,DAYLIGHT,STOP SIGN,NONE DETECTED,NONE DETECTED,38334CFC-EA02-4636-B402-28278CFB89A0,PEDESTRIAN,Cross/Enter at Intersection,NO IMPROPER ACTIONS,AT INTERSECTION MARKED CROSSWALK,No,SUSPECTED MINOR INJURY,NONE,39.01972667,-77.09671,"    (39.01972667, -77.09671)"
MCP2008007X,200027535,Montgomery County Police,Injury Crash,07/15/2020 07:04:00 PM,County,FRANKLIN ST,PARKWOOD DR,,N/A,"BICYCLIST, PEDESTRIAN",OTHER,CLEAR,DRY,DAYLIGHT,STOP SIGN,NONE DETECTED,NONE DETECTED,A0593E34-0D78-4108-BCAA-6F1FE0B66FE6,BICYCLIST,Cross/Enter at Intersection,NO IMPROPER ACTIONS,AT INTERSECTION MARKED CROSSWALK,No,SUSPECTED MINOR INJURY,MC/BIKE HELMET,39.01972667,-77.09671,"    (39.01972667, -77.09671)"
MCP3233000X,200027461,Montgomery County Police,Injury Crash,07/15/2020 12:29:00 PM,County,FENTON ST,SLIGO AVE,,N/A,PEDESTRIAN,OTHER,CLEAR,DRY,DAYLIGHT,NO CONTROLS,NONE DETECTED,NONE DETECTED,C1DF79E4-2651-407A-BD68-C245507074AA,PEDESTRIAN,Other Working,OTHER,CURB,No,SUSPECTED MINOR INJURY,NONE,38.9974805,-77.109644,"    (38.9974805, -77.109644)"
MCP31430029,200027271,Montgomery County Police,Injury Crash,07/14/2020 06:30:00 AM,County,MARINELLI RD,ROCKVILLE PIKE,,N/A,PEDESTRIAN,OTHER,CLEAR,DRY,DAYLIGHT,TRAFFIC SIGNAL,NONE DETECTED,NONE DETECTED,741A060D-E358-4268-9F6A-A7B7FC70DDB4,PEDESTRIAN,Cross/Enter at Intersection,NO IMPROPER ACTIONS,ON ROADWAY AT CROSSWALK,Unknown,POSSIBLE INJURY,NONE,39.04735167,-77.11233833,"    (39.04735167, -77.11233833)"
MCP291400B3,200030582,Montgomery County Police,Injury Crash,07/12/2020 3:40,US (State),GEORGIA AVE,CROSSOVER,,N/A,PEDESTRIAN,OTHER,CLEAR,N/A,DARK LIGHTS ON,NO CONTROLS,N/A,N/A,0CB16293-85C5-4909-A8B1-6341DA452CC1,PEDESTRIAN,Standing,IN ROADWAY IMPROPERLY,N/A,Yes,POSSIBLE INJURY,NONE,38.99105471,-77.02640648,"    (38.99105471, -77.02640648)"