Report Number,Local Case Number,Agency Name,ACRS Report Type,Crash Date/Time,Route Type,Road Name,Cross-Street Name,Off-Road Description,Municipality,Related Non-Motorist,Collision Type,Weather,Surface Condition,Light,Traffic Control,Driver Substance Abuse,Non-Motorist Substance Abuse,Person ID,Pedestrian Type,Pedestrian Movement,Pedestrian Actions,Pedestrian Location,At Fault,Injury Severity,Safety Equipment,Latitude,Longitude,Location
MCP31990021,200026750,Montgomery County Police,Injury Crash,07/10/2020 6:23,Maryland (State),VEIRS MILL RD,BUSHEY DR,,N/A,OTHER CONVEYANCE,SAME DIR REAR END,CLEAR,DRY,DAYLIGHT,NO CONTROLS,NONE DETECTED,NONE DETECTED,AAB0A796-AA4A-436D-AEC2-97724B8C71F8,OTHER CONVEYANCE,Other,INATTENTIVE,OTHER,Yes,SUSPECTED MINOR INJURY,MC/BIKE HELMET,39.05463833,-77.07975333,"    (39.05463833, -77.07975333)"
MCP2358007K,200026724,Montgomery County Police,Property Damage Crash,07/09/2020 20:30,Maryland (State),MASSACHUSETTS AVE,CROMWELL DR,,N/A,BICYCLIST,STRAIGHT MOVEMENT ANGLE,CLEAR,DRY,DARK NO LIGHTS,TRAFFIC SIGNAL,UNKNOWN,NONE DETECTED,AE2D784A-6BB5-46B9-B39B-94DC527C13CB,BICYCLIST,Cross/Enter at Intersection,FAILURE TO OBEY TRAFFIC SIGNS SIGNALS OR OFFICER,OTHER,Unknown,NO APPARENT INJURY,UNKNOWN,38.96098,-77.1162,"    (38.96098, -77.1162)"
MCP2048002Z,200026557,Montgomery County Police,Injury Crash,07/08/2020 19:15,Maryland (State),PINEY BRANCH RD,BARRON ST,,N/A,PEDESTRIAN,OTHER,CLEAR,DRY,DAYLIGHT,TRAFFIC SIGNAL,NONE DETECTED,NONE DETECTED,E5793417-4498-4515-9F77-4241CC138637,PEDESTRIAN,Cross/Enter at Intersection,NO IMPROPER ACTIONS,AT INTERSECTION MARKED CROSSWALK,No,SUSPECTED MINOR INJURY,N/A,38.999145,-76.99770833,"    (38.999145, -76.99770833)"
MCP3093002W,200026554,Montgomery County Police,Injury Crash,07/08/2020 18:45,County,GRUBB RD,WASH DC LINE,,N/A,BICYCLIST,N/A,N/A,DRY,DAYLIGHT,N/A,N/A,N/A,E4942679-9114-4109-A921-5AAC69410E31,BICYCLIST,Other,IMPROPER PASSING,N/A,Unknown,POSSIBLE INJURY,MC/BIKE HELMET,38.99148833,-77.04744833,"    (38.99148833, -77.04744833)"
MCP1210004M,200026547,Montgomery County Police,Injury Crash,07/08/2020 17:23,Maryland (State),S FREDERICK RD,E DEER PARK DR,,GAITHERSBURG,BICYCLIST,OTHER,CLEAR,DRY,DAYLIGHT,TRAFFIC SIGNAL,NONE DETECTED,NONE DETECTED,3FA737A2-B04F-46A8-87FE-FF239A7B3B49,BICYCLIST,Cross/Enter at Intersection,NO IMPROPER ACTIONS,AT INTERSECTION MARKED CROSSWALK,No,SUSPECTED MINOR INJURY,NONE,39.132455,-77.18863333,"    (39.132455, -77.18863333)"
MCP2203004Q,200026353,Montgomery County Police,Injury Crash,07/07/2020 13:40,Maryland (State),GEORGIA AVE,SHOREFIELD RD,,N/A,PEDESTRIAN,OTHER,CLEAR,DRY,DAYLIGHT,TRAFFIC SIGNAL,UNKNOWN,N/A,C33961B6-CC24-42E4-A1A1-707E3A6D3A6C,PEDESTRIAN,Cross/Enter at Intersection,UNKNOWN,AT INTERSECTION MARKED CROSSWALK,Unknown,POSSIBLE INJURY,N/A,39.05309083,-77.05111867,"    (39.05309083, -77.05111867)"
MCP31290022,200026231,Montgomery County Police,Injury Crash,07/06/2020 15:47,County,SPARTAN RD,GEORGIA AVE,,N/A,OTHER CONVEYANCE,SINGLE VEHICLE,CLEAR,DRY,DAYLIGHT,NO CONTROLS,NONE DETECTED,NONE DETECTED,F77D3000-E430-4400-B86A-4557820455D0,OTHER CONVEYANCE,Cross/Enter at Intersection,IN ROADWAY IMPROPERLY,OUTSIDE RIGHT OF WAY,Yes,SUSPECTED SERIOUS INJURY,NONE,39.15007064,-77.06526871,"    (39.15007064, -77.06526871)"
MCP2052001Z,200026018,Montgomery County Police,Injury Crash,07/05/2020 1:33,Municipality,QUINCE ORCHARD BLVD,SOLITAIRE CT,,GAITHERSBURG,PEDESTRIAN,SINGLE VEHICLE,CLEAR,DRY,DARK LIGHTS ON,N/A,NONE DETECTED,N/A,A0A2BB33-DD47-4D3A-9477-EF3A67121E79,PEDESTRIAN,Cross/Enter not at Intersection,DART DASH,ON ROADWAY NOT AT CROSSWALK,Yes,SUSPECTED SERIOUS INJURY,NONE,39.1384,-77.229615,"    (39.1384, -77.229615)"
MCP3262000F,200025953,Montgomery County Police,Injury Crash,07/04/2020 11:54,,E WAYNE AVENUE,MANCHESTER ROAD,,N/A,PEDESTRIAN,SINGLE VEHICLE,CLEAR,DRY,DAYLIGHT,NO CONTROLS,N/A,N/A,0B6E3D50-E340-4A1F-96CF-CC9907D98CB6,PEDESTRIAN,Standing,IN ROADWAY IMPROPERLY,ON ROADWAY NOT AT CROSSWALK,Yes,POSSIBLE INJURY,N/A,38.99979658,-77.00975653,"    (38.99979658, -77.00975653)"
MCP31990020,200025808,Montgomery County Police,Injury Crash,07/03/2020 10:48,Other Public Roadway,GEORGIAN WOODS PL,GEORGIA AVE,,N/A,PEDESTRIAN,OPPOSITE DIRECTION SIDESWIPE,CLEAR,DRY,DAYLIGHT,NO CONTROLS,NONE DETECTED,NONE DETECTED,5183E680-D4C4-458D-B70A-D74F2D3C31CC,PEDESTRIAN,Walking/Cycling on Sidewalk,NO IMPROPER ACTIONS,SIDEWALK,No,SUSPECTED MINOR INJURY,N/A,39.05581306,-77.04831466,"    (39.05581306, -77.04831466)"
MCP3199001Z,200025700,Montgomery County Police,Injury Crash,07/02/2020 11:33,County,RANDOLPH RD,GLENMONT CIR #1,,N/A,OTHER,OTHER,CLEAR,DRY,DAYLIGHT,TRAFFIC SIGNAL,NONE DETECTED,NONE DETECTED,BB17E55B-536C-4794-A2B6-FD8CE90AB7BF,OTHER,Cross/Enter at Intersection,NO IMPROPER ACTIONS,ON ROADWAY AT CROSSWALK,No,SUSPECTED SERIOUS INJURY,NONE,39.05919667,-77.04758833,"    (39.05919667, -77.04758833)"
MCP3074004B,200025473,Montgomery County Police,Injury Crash,06/30/2020 04:17:00 PM,Maryland (State),GEORGIA AVE,SEMINARY RD,,N/A,PEDESTRIAN,SINGLE VEHICLE,CLEAR,DRY,DAYLIGHT,TRAFFIC SIGNAL,UNKNOWN,N/A,1563F05B-77F8-4EB4-8DEA-91580A7C5333,PEDESTRIAN,Cross/Enter not at Intersection,NOT VISIBLE,ON ROADWAY NOT AT CROSSWALK,Unknown,SUSPECTED MINOR INJURY,NONE,39.00956292,-77.04054001,"    (39.00956292, -77.04054001)"
MCP27760039,200025372,Montgomery County Police,Injury Crash,06/29/2020 10:36:00 PM,,,,DRIVEWAY ACCESS OF 13615 GEORGIA AVE,,BICYCLIST,STRAIGHT MOVEMENT ANGLE,CLEAR,,DARK LIGHTS ON,NO CONTROLS,NONE DETECTED,NONE DETECTED,7FFDAD76-8B72-4F03-ABE7-91B9F3144066,BICYCLIST,Walking/Cycling on Sidewalk,N/A,AT INTERSECTION BUT NO CROSSWALK,No,POSSIBLE INJURY,UNKNOWN,39.07898667,-77.07245835,"    (39.07898667, -77.07245835)"
DD5638001N,200025271,Rockville Police Departme,Injury Crash,06/29/2020 12:13:00 PM,Municipality,HALPINE RD,ROCKVILLE PIKE,,N/A,PEDESTRIAN,OTHER,CLEAR,DRY,DAYLIGHT,TRAFFIC SIGNAL,NONE DETECTED,N/A,31791864-0A99-49BF-9971-65F5BB0141C3,PEDESTRIAN,Cross/Enter at Intersection,NO IMPROPER ACTIONS,ON ROADWAY AT CROSSWALK,No,SUSPECTED SERIOUS INJURY,N/A,39.06203667,-77.123875,"    (39.06203667, -77.123875)"
DD5642001G,200025124,Rockville Police Departme,Injury Crash,06/28/2020 08:34:00 AM,Municipality,KERSEY LA,FALLS RD,,N/A,PEDESTRIAN,STRAIGHT MOVEMENT ANGLE,CLEAR,DRY,DAYLIGHT,TRAFFIC SIGNAL,NONE DETECTED,NONE DETECTED,454A2BD4-D3CE-4F17-B5DA-B55260E54969,PEDESTRIAN,Cross/Enter at Intersection,NO IMPROPER ACTIONS,ON ROADWAY AT CROSSWALK,No,POSSIBLE INJURY,N/A,39.06644027,-77.17418554,"    (39.06644027, -77.17418554)"
MCP2866006F,200025047,Montgomery County Police,Injury Crash,06/27/2020 02:15:00 PM,County,JONES BRIDGE RD,LYNBROOK DR,,N/A,BICYCLIST,ANGLE MEETS RIGHT TURN,CLEAR,DRY,DAYLIGHT,STOP SIGN,NONE DETECTED,NONE DETECTED,43F9B5F1-5732-4739-9ADD-78E3CA30016F,BICYCLIST,Walking/Riding w/Traffic,NO IMPROPER ACTIONS,ON ROADWAY NOT AT CROSSWALK,No,SUSPECTED MINOR INJURY,MC/BIKE HELMET,38.99742517,-77.09031083,"    (38.99742517, -77.09031083)"
MCP2187000G,200025035,Montgomery County Police,Injury Crash,06/27/2020 12:06:00 PM,Maryland (State),QUINCE ORCHARD RD,ENT TO PARK & RIDE,,N/A,BICYCLIST,STRAIGHT MOVEMENT ANGLE,CLEAR,DRY,DAYLIGHT,TRAFFIC SIGNAL,NONE DETECTED,NONE DETECTED,97ADC450-E92E-4CDA-BFA2-EC1D90141872,BICYCLIST,Cross/Enter not at Intersection,FAILURE TO OBEY TRAFFIC SIGNS SIGNALS OR OFFICER,ON ROADWAY NOT AT CROSSWALK,Yes,SUSPECTED MINOR INJURY,NONE,39.02994667,-77.12695333,"    (39.02994667, -77.12695333)"
HA24150017,20001500,Maryland-National Capital,Injury Crash,06/26/2020 09:55:00 AM,Government,SLIGO CREEK PKWY,DENNIS AVE,,N/A,BICYCLIST,SAME DIRECTION LEFT TURN,N/A,DRY,DAYLIGHT,NO CONTROLS,N/A,N/A,F0F845FB-B5D0-4E20-BD23-E135245168A3,BICYCLIST,Walking/Riding w/Traffic,INATTENTIVE,ON ROADWAY NOT AT CROSSWALK,Yes,SUSPECTED MINOR INJURY,MC/BIKE HELMET,39.02525944,-77.02924925,"    (39.02525944, -77.02924925)"
MCP29910045,200024885,Montgomery County Police,Injury Crash,06/26/2020 09:30:00 AM,County,HORNELL DR,GADSDEN AVE,,N/A,PEDESTRIAN,SINGLE VEHICLE,CLEAR,DRY,DAYLIGHT,NO CONTROLS,NONE DETECTED,NONE DETECTED,B2CFDB33-47F1-4C57-A2C4-53674583D56C,PEDESTRIAN,Other,IN ROADWAY IMPROPERLY,ON ROADWAY NOT AT CROSSWALK,Yes,POSSIBLE INJURY,N/A,39.14222913,-76.99009657,"    (39.14222913, -76.99009657)"
MCP26030038,200024788,Montgomery County Police,Injury Crash,06/25/2020 11:18:00 AM,Maryland (State),MONTGOMERY VILLAGE AVE,SPUR TO CHRISTOPHER AVE,,N/A,PEDESTRIAN,SINGLE VEHICLE,CLOUDY,DRY,DAYLIGHT,OTHER,N/A,N/A,882B13D1-04B5-446D-9964-4D85BFF987C8,PEDESTRIAN,Cross/Enter at Intersection,NO IMPROPER ACTIONS,ON ROADWAY AT CROSSWALK,No,POSSIBLE INJURY,NONE,39.15834667,-77.204405,"    (39.15834667, -77.204405)"
MCP26030038,200024788,Montgomery County Police,Injury Crash,06/25/2020 11:18:00 AM,Maryland (State),MONTGOMERY VILLAGE AVE,SPUR TO CHRISTOPHER AVE,,N/A,PEDESTRIAN,SINGLE VEHICLE,CLOUDY,DRY,DAYLIGHT,OTHER,N/A,N/A,735CE29E-D4AE-4B18-A944-A7507464C61C,PEDESTRIAN,Cross/Enter at Intersection,NO IMPROPER ACTIONS,ON ROADWAY AT CROSSWALK,No,POSSIBLE INJURY,NONE,39.15834667,-77.204405,"    (39.15834667, -77.204405)"
MCP3205001K,200024689,Montgomery County Police,Injury Crash,06/24/2020 02:10:00 PM,Maryland (State),UNIVERSITY BLVD W,EASECREST DR,,N/A,PEDESTRIAN,SINGLE VEHICLE,N/A,DRY,DAYLIGHT,NO CONTROLS,NONE DETECTED,NONE DETECTED,C213DEB5-97FE-42E1-93AE-C3DDEBBDB6EF,PEDESTRIAN,Cross/Enter not at Intersection,IN ROADWAY IMPROPERLY,OUTSIDE RIGHT OF WAY,Yes,SUSPECTED MINOR INJURY,NONE,39.0379435,-77.04014217,"    (39.0379435, -77.04014217)"
MCP32360012,200024693,Montgomery County Police,Injury Crash,06/24/2020 02:09:00 PM,US (State),COLESVILLE RD,RAMP 4 FR US 29 NB TO IS 495 EB,,N/A,BICYCLIST,STRAIGHT MOVEMENT ANGLE,CLEAR,DRY,DAYLIGHT,NO CONTROLS,NONE DETECTED,NONE DETECTED,411D0123-B5FF-490F-90A7-57996CBABCB9,BICYCLIST,Cross/Enter at Intersection,NO IMPROPER ACTIONS,ON ROADWAY AT CROSSWALK,No,SUSPECTED SERIOUS INJURY,NONE,39.01422151,-77.01663126,"    (39.01422151, -77.01663126)"
MCP2678002C,200024623,Montgomery County Police,Injury Crash,06/24/2020 01:32:00 AM,Other Public Roadway,FIELDSTONE CT,FIELDSTONE RD,,N/A,PEDESTRIAN,SAME DIRECTION SIDESWIPE,CLEAR,DRY,DARK LIGHTS ON,N/A,N/A,ALCOHOL CONTRIBUTED,D0E8E287-62C4-4896-B3CC-434DA2F51910,PEDESTRIAN,Getting off/on Vehicle,WRONG WAY RIDING OR WALKING,OTHER,No,SUSPECTED SERIOUS INJURY,NONE,39.09993781,-77.02188151,"    (39.09993781, -77.02188151)"
MCP3085002G,200024557,Montgomery County Police,Injury Crash,06/23/2020 03:20:00 PM,County,EXECUTIVE BLVD,ENT TO BUSINESS,,N/A,OTHER,HEAD ON LEFT TURN,CLEAR,DRY,DAYLIGHT,TRAFFIC SIGNAL,UNKNOWN,N/A,9493C53D-F994-434F-AF08-EAA315EB3C56,OTHER,Other Working,NO IMPROPER ACTIONS,OTHER,No,SUSPECTED MINOR INJURY,REFLECTIVE CLOTHING,39.04889727,-77.12113679,"    (39.04889727, -77.12113679)"
MCP28970021,200024556,Montgomery County Police,Injury Crash,06/23/2020 03:12:00 PM,,,,PARKING LOT IN FRONT OF 19564 CRYSTAL ROCK DR.,,BICYCLIST,SINGLE VEHICLE,CLEAR,,DAYLIGHT,N/A,NONE DETECTED,NONE DETECTED,AB66906C-BB6E-4046-80A9-FE83CC720429,BICYCLIST,Playing,FAILURE TO YIELD RIGHT OF WAY,OTHER,Yes,SUSPECTED MINOR INJURY,NONE,39.17790667,-77.26241167,"    (39.17790667, -77.26241167)"
MCP3077001L,200024313,Montgomery County Police,Injury Crash,06/21/2020 07:02:00 PM,,,,PARKING LOT OF KITCHEN HOUSE WAY,,PEDESTRIAN,SINGLE VEHICLE,CLEAR,,DAYLIGHT,NO CONTROLS,N/A,N/A,5E0F3BBF-7B9F-436E-B1C0-047E8B6BA8D3,PEDESTRIAN,Playing,NO IMPROPER ACTIONS,CURB,Yes,SUSPECTED MINOR INJURY,N/A,39.15206333,-77.26689667,"    (39.15206333, -77.26689667)"
MCP3078003B,200024075,Montgomery County Police,Injury Crash,06/19/2020 09:00:00 PM,County,BLUHILL RD,CENTERHILL ST,,N/A,BICYCLIST,SAME DIRECTION SIDESWIPE,RAINING,WET,DUSK,STOP SIGN,UNKNOWN,NONE DETECTED,06BEAB1C-C42F-413B-A6AF-FB9CD4D3425E,BICYCLIST,Cross/Enter at Intersection,NO IMPROPER ACTIONS,AT INTERSECTION BUT NO CROSSWALK,No,SUSPECTED MINOR INJURY,NONE,39.05286,-77.069679,"    (39.05286, -77.069679)"
DD56240046,200023294,Rockville Police Departme,Injury Crash,06/18/2020 08:00:00 PM,Maryland (State),VEIRS MILL RD,ATLANTIC AVE,,ROCKVILLE,PEDESTRIAN,OTHER,CLEAR,DRY,DAYLIGHT,TRAFFIC SIGNAL,NONE DETECTED,NONE DETECTED,8A5C5EDC-04C7-42FD-833D-E638F9292A35,PEDESTRIAN,Cross/Enter at Intersection,NO IMPROPER ACTIONS,ON ROADWAY AT CROSSWALK,No,POSSIBLE INJURY,NONE,39.0745207,-77.1156424,"    (39.0745207, -77.1156424)"
MCP3039004Y,200023798,Montgomery County Police,Property Damage Crash,06/17/2020 06:00:00 PM,US (State),GEORGIA AVE,NW EASTERN AVE (DC MAINT),,N/A,PEDESTRIAN,OTHER,RAINING,WET,DAYLIGHT,TRAFFIC SIGNAL,UNKNOWN,NONE DETECTED,B7BD4AA3-489E-4D20-90B6-226F4C70048A,PEDESTRIAN,Cross/Enter at Intersection,NO IMPROPER ACTIONS,AT INTERSECTION BUT NO CROSSWALK,No,NO APPARENT INJURY,N/A,38.99099,-77.028035,"    (38.99099, -77.028035)"
MCP2939004W,200023632,Montgomery County Police,Injury Crash,06/16/2020 05:10:00 PM,,,,GLACIER LILY DR@ DOGWOOD HILLS DR,,BICYCLIST,STRAIGHT MOVEMENT ANGLE,CLEAR,,DAYLIGHT,STOP SIGN,NONE DETECTED,N/A,91FDF3B8-B481-4EFF-94F6-9166590E2111,BICYCLIST,Cross/Enter at Intersection,INATTENTIVE,AT INTERSECTION MARKED CROSSWALK,Yes,SUSPECTED MINOR INJURY,NONE,39.22867167,-77.24095833,"    (39.22867167, -77.24095833)"
MCP3070001H,200023621,Montgomery County Police,Injury Crash,06/16/2020 04:00:00 PM,,,,"4405 EAST WEST HWY BETHESDA, MD 20814",,PEDESTRIAN,OTHER,CLEAR,,DAYLIGHT,N/A,,N/A,80B2EE0C-5907-4BA0-BB94-4170A11DDEC7,PEDESTRIAN,Getting off/on Vehicle,DART DASH,OTHER,Yes,SUSPECTED MINOR INJURY,N/A,38.98585667,-77.09029,"    (38.98585667, -77.09029)"
MCP32270012,200023436,Montgomery County Police,Property Damage Crash,06/15/2020 11:30:00 AM,Maryland (State),PINEY BRANCH RD,NO NAME,,N/A,OTHER,SINGLE VEHICLE,CLEAR,DRY,DAYLIGHT,NO CONTROLS,NONE DETECTED,NONE DETECTED,597089A1-4692-48E9-B56D-227D221CBF8D,OTHER,N/A,NO IMPROPER ACTIONS,INSIDE BUILDING,No,NO APPARENT INJURY,N/A,39.00129294,-76.9853046,"    (39.00129294, -76.9853046)"
MCP003600D7,200023349,Montgomery County Police,Property Damage Crash,06/14/2020 02:13:00 PM,,,,PARKING LOT IN FRONT OF 9821 BETHESDA CHURCH RD,,BICYCLIST,SINGLE VEHICLE,CLEAR,,DAYLIGHT,NO CONTROLS,,NONE DETECTED,99CE466F-C1DF-41FB-B5FD-6CC8D5B8098C,BICYCLIST,Playing,INATTENTIVE,SIDEWALK,Yes,NO APPARENT INJURY,NONE,39.28456717,-77.20466633,"    (39.28456717, -77.20466633)"
MCP2025000N,200023338,Montgomery County Police,Injury Crash,06/14/2020 12:34:00 PM,Maryland (State),ROCKVILLE PIKE,SPUR FR POOKS HILL RD,,N/A,PEDESTRIAN,SINGLE VEHICLE,CLEAR,DRY,DAYLIGHT,N/A,N/A,N/A,689920AC-F757-420F-B25A-74856B4C5D20,PEDESTRIAN,Cross/Enter not at Intersection,DART DASH,ON ROADWAY NOT AT CROSSWALK,Yes,SUSPECTED MINOR INJURY,N/A,39.01433333,-77.099645,"    (39.01433333, -77.099645)"
MCP3119002K,200023226,Montgomery County Police,Injury Crash,06/13/2020 09:10:00 AM,County,RIDGELINE DR,CLUB HOUSE RD,,N/A,BICYCLIST,OTHER,CLEAR,DRY,DAYLIGHT,STOP SIGN,NONE DETECTED,NONE DETECTED,86E5B470-034B-4799-AB90-C46EFF8CB555,BICYCLIST,Cross/Enter at Intersection,NO IMPROPER ACTIONS,SIDEWALK,No,POSSIBLE INJURY,MC/BIKE HELMET,39.17459633,-77.20492883,"    (39.17459633, -77.20492883)"
MCP31640035,200023225,Montgomery County Police,Injury Crash,06/13/2020 08:55:00 AM,Maryland (State),GEORGIA AVE,UNIVERSITY BLVD W,,N/A,PEDESTRIAN,SINGLE VEHICLE,CLEAR,DRY,DAYLIGHT,TRAFFIC SIGNAL,UNKNOWN,NONE DETECTED,179C5F70-CE75-4AC3-8420-0B890038F34E,PEDESTRIAN,Cross/Enter at Intersection,NO IMPROPER ACTIONS,ON ROADWAY AT CROSSWALK,No,SUSPECTED MINOR INJURY,NONE,39.04108876,-77.05137344,"    (39.04108876, -77.05137344)"
DD56360023,200023011,Rockville Police Departme,Injury Crash,06/11/2020 18:05,Municipality,HALPINE RD,ROCKVILLE PIKE,,N/A,OTHER,OTHER,CLEAR,DRY,DAYLIGHT,TRAFFIC SIGNAL,NONE DETECTED,NONE DETECTED,B0C9793E-8260-46D7-B1B4-20E43ED7A9A2,OTHER,Other,NO IMPROPER ACTIONS,ON ROADWAY AT CROSSWALK,No,SUSPECTED MINOR INJURY,NONE,39.0618745,-77.1239235,"    (39.0618745, -77.1239235)"
DD56240044,200022999,Rockville Police Departme,Injury Crash,06/11/2020 17:01,Municipality,TALBOTT ST,ROCKVILLE PIKE,,N/A,BICYCLIST,OTHER,CLEAR,DRY,DAYLIGHT,STOP SIGN,NONE DETECTED,NONE DETECTED,B81B52FE-4B61-438A-97B3-F70278747CFC,BICYCLIST,Walking/Cycling on Sidewalk,NO IMPROPER ACTIONS,ON ROADWAY AT CROSSWALK,No,SUSPECTED MINOR INJURY,NONE,39.07097081,-77.1322223,"    (39.07097081, -77.1322223)"
MCP30640031,200022784,Montgomery County Police,Injury Crash,06/10/2020 11:00,Maryland (State),GEORGIA AVE,BLUERIDGE AVE,,N/A,PEDESTRIAN,OTHER,CLEAR,DRY,DAYLIGHT,TRAFFIC SIGNAL,NONE DETECTED,NONE DETECTED,5DCA2DFF-67D4-466B-85C2-426F41DC10A4,PEDESTRIAN,Cross/Enter at Intersection,UNKNOWN,ON ROADWAY AT CROSSWALK,Unknown,SUSPECTED MINOR INJURY,NONE,39.04310176,-77.05199243,"    (39.04310176, -77.05199243)"
DM8421002K,200022716,Takoma Park Police Depart,Injury Crash,06/09/2020 19:20,Municipality,LINCOLN AVE,JEFFERSON AVE,,TAKOMA PARK,BICYCLIST,SINGLE VEHICLE,N/A,DRY,DAYLIGHT,N/A,N/A,N/A,3275896D-FF6E-4E01-8929-FEA4F184FB23,BICYCLIST,Cross/Enter not at Intersection,IN ROADWAY IMPROPERLY,ON ROADWAY NOT AT CROSSWALK,Yes,POSSIBLE INJURY,NONE,38.98308333,-77.00445667,"    (38.98308333, -77.00445667)"
EJ7881000G,200022711,Gaithersburg Police Depar,Injury Crash,06/09/2020 18:30,County,MUDDY BRANCH RD,ENT TO MUDDY BRANCH SQUARE,,N/A,PEDESTRIAN,SINGLE VEHICLE,CLEAR,DRY,DAYLIGHT,STOP SIGN,NONE DETECTED,NONE DETECTED,E6D0E6E1-B050-4FF5-B383-C80A95461694,PEDESTRIAN,Cross/Enter at Intersection,N/A,ON ROADWAY AT CROSSWALK,No,SUSPECTED MINOR INJURY,NONE,39.11366332,-77.21611437,"    (39.11366332, -77.21611437)"
MCP26860042,200022565,Montgomery County Police,Injury Crash,06/08/2020 15:58,County,BARGENE WAY,WATERS LANDING DR,,N/A,BICYCLIST,STRAIGHT MOVEMENT ANGLE,CLEAR,DRY,DAYLIGHT,STOP SIGN,NONE DETECTED,NONE DETECTED,16547AA0-B086-48F1-B4A2-50456C0FB30B,BICYCLIST,Walking/Cycling on Sidewalk,DART DASH,SIDEWALK,Yes,SUSPECTED MINOR INJURY,NONE,39.19088504,-77.27088048,"    (39.19088504, -77.27088048)"
MCP23530089,200022955,Montgomery County Police,Injury Crash,06/08/2020 12:00,Maryland (State),ROCKVILLE PIKE,GROSVENOR LA,,N/A,BICYCLIST,UNKNOWN,CLEAR,UNKNOWN,DAYLIGHT,UNKNOWN,UNKNOWN,NONE DETECTED,C10FB3EE-87DD-4949-A2F6-D10C771EE7F4,BICYCLIST,Unknown,UNKNOWN,UNKNOWN,Unknown,SUSPECTED SERIOUS INJURY,NONE,39.0258541,-77.1035835,"    (39.0258541, -77.1035835)"
MCP25940069,200022518,Montgomery County Police,Injury Crash,06/08/2020 11:30,Maryland (State),GEORGIA AVE,EMORY LA,,N/A,BICYCLIST,SAME DIR REAR END,CLEAR,DRY,DAYLIGHT,TRAFFIC SIGNAL,NONE DETECTED,NONE DETECTED,A100255C-009E-48F9-968E-514DBADD6BA4,BICYCLIST,Standing,NO IMPROPER ACTIONS,ON ROADWAY NOT AT CROSSWALK,No,SUSPECTED MINOR INJURY,MC/BIKE HELMET,39.12596833,-77.0721995,"    (39.12596833, -77.0721995)"
MCP1453008J,200022504,Montgomery County Police,Injury Crash,06/08/2020 8:54,County,WYNNFIELD DR,FATHER HURLEY BLVD,,N/A,PEDESTRIAN,SINGLE VEHICLE,CLEAR,DRY,DAYLIGHT,TRAFFIC SIGNAL,NONE DETECTED,NONE DETECTED,D5940F54-DAB2-41DB-A385-9801DD910F7A,PEDESTRIAN,Cross/Enter at Intersection,NO IMPROPER ACTIONS,ON ROADWAY AT CROSSWALK,No,SUSPECTED SERIOUS INJURY,NONE,39.18655833,-77.27381,"    (39.18655833, -77.27381)"
MCP1453008J,200022504,Montgomery County Police,Injury Crash,06/08/2020 8:54,County,WYNNFIELD DR,FATHER HURLEY BLVD,,N/A,PEDESTRIAN,SINGLE VEHICLE,CLEAR,DRY,DAYLIGHT,TRAFFIC SIGNAL,NONE DETECTED,NONE DETECTED,8BA7FB64-2C70-47BC-A043-436DF8F39A4E,PEDESTRIAN,Cross/Enter at Intersection,NO IMPROPER ACTIONS,ON ROADWAY AT CROSSWALK,No,SUSPECTED MINOR INJURY,NONE,39.18655833,-77.27381,"    (39.18655833, -77.27381)"
MCP30780038,200022250,Montgomery County Police,Injury Crash,06/06/2020 4:15,,,,SLEISURE WORLD BLVD AND EDELMAR TERRACE,,PEDESTRIAN,OTHER,CLEAR,,DARK LIGHTS ON,NO CONTROLS,UNKNOWN,NONE DETECTED,70357CAA-4036-4C0B-9FA7-78F9773E2E2F,PEDESTRIAN,Walking/Riding w/Traffic,NO IMPROPER ACTIONS,SIDEWALK,No,SUSPECTED MINOR INJURY,NONE,39.09483298,-77.0696517,"    (39.09483298, -77.0696517)"
MCP30170018,200022101,Montgomery County Police,Injury Crash,06/04/2020 22:16,County,GOSHEN RD,BRAMBLE BUSH DR,,N/A,PEDESTRIAN,OTHER,RAINING,WET,DARK -- UNKNOWN LIGHTING,NO CONTROLS,UNKNOWN,NONE DETECTED,8B5FDDF2-7462-42D1-A79F-1D2602168811,PEDESTRIAN,Walking/Riding against Traffic,NOT VISIBLE,SHOULDER,No,SUSPECTED MINOR INJURY,NONE,39.18006667,-77.18925833,"    (39.18006667, -77.18925833)"
MCP209400GD,200022000,Montgomery County Police,Injury Crash,06/04/2020 7:26,,,,"PARKING LOT OF
7272 WISCONCIN AVE",,OTHER,OTHER,CLEAR,,DAYLIGHT,N/A,NONE DETECTED,NONE DETECTED,75D23F57-A018-459A-BAC2-01CD0C974C28,OTHER,Other,OTHER,OTHER,Yes,POSSIBLE INJURY,N/A,38.98191667,-77.093625,"    (38.98191667, -77.093625)"
MCP3118002Y,200021872,Montgomery County Police,Injury Crash,06/03/2020 9:29,Maryland (State),LAYHILL RD,BEL PRE RD,,N/A,BICYCLIST,SAME DIRECTION LEFT TURN,CLEAR,DRY,DAYLIGHT,TRAFFIC SIGNAL,NONE DETECTED,NONE DETECTED,EC1D3A73-82C6-4D49-9317-93C3CC881362,BICYCLIST,Cross/Enter at Intersection,INATTENTIVE,OTHER,Yes,POSSIBLE INJURY,MC/BIKE HELMET,39.09060333,-77.04511,"    (39.09060333, -77.04511)"
MCP20010019,200021694,Montgomery County Police,Fatal Crash,06/01/2020 18:29,Maryland (State),OLD GEORGETOWN RD,EXECUTIVE BLVD,,N/A,OTHER,STRAIGHT MOVEMENT ANGLE,CLEAR,DRY,DAYLIGHT,TRAFFIC SIGNAL,NONE DETECTED,N/A,F56EE281-BC4C-48A9-B35D-B96F48164209,OTHER,Other Working,UNKNOWN,OTHER,No,FATAL INJURY,N/A,39.04816332,-77.11924964,"    (39.04816332, -77.11924964)"
MCP158000CY,200021626,Montgomery County Police,Injury Crash,06/01/2020 12:02,Municipality,KENTLANDS BLVD,GREAT SENECA HWY,,N/A,BICYCLIST,STRAIGHT MOVEMENT ANGLE,CLEAR,DRY,DAYLIGHT,TRAFFIC SIGNAL,NONE DETECTED,NONE DETECTED,5A1C4A25-6376-4B79-A3C7-D9EAD70E4C88,BICYCLIST,Cross/Enter at Intersection,NO IMPROPER ACTIONS,ON ROADWAY AT CROSSWALK,No,SUSPECTED MINOR INJURY,MC/BIKE HELMET,39.123385,-77.23133333,"    (39.123385, -77.23133333)"
MCP3199001X,200021288,Montgomery County Police,Injury Crash,05/29/2020 02:12:00 PM,,,,PARKING LOT AT 2205 GEORGIAN WAY,,PEDESTRIAN,OTHER,CLOUDY,,DAYLIGHT,NO CONTROLS,NONE DETECTED,NONE DETECTED,018C90C2-0C67-4C20-BE6D-55CFB0C7DD52,PEDESTRIAN,Other,NO IMPROPER ACTIONS,OTHER,No,SUSPECTED MINOR INJURY,NONE,39.05454333,-77.04696,"    (39.05454333, -77.04696)"