Report Number,Local Case Number,Agency Name,ACRS Report Type,Crash Date/Time,Route Type,Road Name,Cross-Street Name,Off-Road Description,Municipality,Related Non-Motorist,Collision Type,Weather,Surface Condition,Light,Traffic Control,Driver Substance Abuse,Non-Motorist Substance Abuse,Person ID,Pedestrian Type,Pedestrian Movement,Pedestrian Actions,Pedestrian Location,At Fault,Injury Severity,Safety Equipment,Latitude,Longitude,Location
MCP2899003G,200013272,Montgomery County Police,Fatal Crash,03/19/2020 12:26:00 PM,Maryland (State),NEW HAMPSHIRE AVE,MCCENEY AVE,,N/A,PEDESTRIAN,SINGLE VEHICLE,CLEAR,DRY,DAYLIGHT,NO CONTROLS,NONE DETECTED,UNKNOWN,93E83C00-B575-42DC-9960-B9324E5892C1,PEDESTRIAN,Walking/Cycling on Sidewalk,UNKNOWN,SIDEWALK,No,FATAL INJURY,N/A,39.0359935,-76.98895157,"    (39.0359935, -76.98895157)"
DD56420015,200012727,Rockville Police Departme,Injury Crash,03/15/2020 12:25:00 PM,Maryland (State),ROCKVILLE PIKE,CHURCH ST,,ROCKVILLE,PEDESTRIAN,OTHER,CLEAR,DRY,DAYLIGHT,TRAFFIC SIGNAL,NONE DETECTED,NONE DETECTED,D38DB6E1-B338-4FB6-825C-748701308AAB,PEDESTRIAN,Cross/Enter at Intersection,NO IMPROPER ACTIONS,AT INTERSECTION MARKED CROSSWALK,No,SUSPECTED MINOR INJURY,N/A,39.08348,-77.1466135,"    (39.08348, -77.1466135)"
MCP0942002X,200012705,Montgomery County Police,Injury Crash,03/15/2020 09:55:00 AM,,,,GIANT FOOD LOT-7142 ARLINGTON RD,,PEDESTRIAN,SINGLE VEHICLE,CLOUDY,,DAYLIGHT,N/A,NONE DETECTED,NONE DETECTED,CBD1707A-9E69-43D7-B0A9-DF1E07864A1A,PEDESTRIAN,Other,NO IMPROPER ACTIONS,OTHER,No,SUSPECTED MINOR INJURY,NONE,38.98124935,-77.09873055,"    (38.98124935, -77.09873055)"
MCP2748001K,200012673,Montgomery County Police,Property Damage Crash,03/14/2020 11:35:00 PM,County,SCHUYLKILL RD,WYACONDA RD,,N/A,PEDESTRIAN,SINGLE VEHICLE,RAINING,WET,DARK LIGHTS ON,NO CONTROLS,NONE DETECTED,NONE DETECTED,808ACAB2-311E-416B-BC12-9549542099CB,PEDESTRIAN,Cross/Enter at Intersection,NO IMPROPER ACTIONS,AT INTERSECTION MARKED CROSSWALK,No,NO APPARENT INJURY,N/A,39.0450555,-77.097582,"    (39.0450555, -77.097582)"
MCP28660067,200012623,Montgomery County Police,Injury Crash,03/14/2020 04:55:00 PM,County,MILLER AVE,WOODMONT AVE,,N/A,PEDESTRIAN,SINGLE VEHICLE,CLOUDY,DRY,DAYLIGHT,STOP SIGN,NONE DETECTED,NONE DETECTED,837BBA35-39C6-4C01-BB18-5A17656A5FE5,PEDESTRIAN,Cross/Enter at Intersection,NO IMPROPER ACTIONS,ON ROADWAY AT CROSSWALK,No,SUSPECTED MINOR INJURY,NONE,38.98043217,-77.09411517,"    (38.98043217, -77.09411517)"
EJ7837004Z,20012459,Gaithersburg Police Depar,Injury Crash,03/13/2020 06:30:00 PM,,,,DRIVEWAY OF 302 SUMMIT HALL RD,,PEDESTRIAN,SINGLE VEHICLE,CLEAR,,DUSK,NO CONTROLS,N/A,N/A,E7E95277-1D2A-46BA-9FE7-065C7D828A46,PEDESTRIAN,Walking/Cycling on Sidewalk,N/A,SIDEWALK,No,SUSPECTED MINOR INJURY,NONE,39.12967272,-77.19785541,"    (39.12967272, -77.19785541)"
MCP3039004X,200012439,Montgomery County Police,Injury Crash,03/13/2020 04:30:00 PM,,,,CAR WASH LOCATED AT 9500 GEORGIA AVENUE,,PEDESTRIAN,OTHER,CLEAR,,DAYLIGHT,N/A,NONE DETECTED,NONE DETECTED,D4F5FABE-FD18-4FF5-AA2B-34374C45D2EA,PEDESTRIAN,Push/Work on Vehicle,ENTERING EXITING PARKED STANDING VEHICLE,OTHER,No,SUSPECTED MINOR INJURY,NONE,39.23341833,-77.28181167,"    (39.23341833, -77.28181167)"
MCP28460060,200012271,Montgomery County Police,Injury Crash,03/12/2020 19:11,,,,"12041 GEORGIA AVE, SILVER SPRING MD 20902 (M&T BANK)",,BICYCLIST,OTHER,CLEAR,,DARK LIGHTS ON,NO CONTROLS,NONE DETECTED,NONE DETECTED,19935F86-1FFD-45AC-B67A-013A6D01A020,BICYCLIST,Walking/Cycling on Sidewalk,NO IMPROPER ACTIONS,SIDEWALK,No,POSSIBLE INJURY,NONE,39.05261833,-77.05063667,"    (39.05261833, -77.05063667)"
MCP3080002K,200012073,Montgomery County Police,Injury Crash,03/12/2020 18:31,County,MIDDLEBROOK RD,CRYSTAL ROCK DR,,N/A,BICYCLIST,N/A,CLEAR,DRY,DAYLIGHT,TRAFFIC SIGNAL,NONE DETECTED,N/A,FCCD6E79-8D0A-4FE4-B215-75E1CBA68449,BICYCLIST,Cross/Enter at Intersection,N/A,AT INTERSECTION MARKED CROSSWALK,No,POSSIBLE INJURY,NONE,39.17686072,-77.26440422,"    (39.17686072, -77.26440422)"
MCP3112004F,200012211,Montgomery County Police,Injury Crash,03/12/2020 14:45,County,PEARL ST,MIDDLETON LA,,N/A,PEDESTRIAN,OTHER,CLEAR,DRY,DAYLIGHT,N/A,NONE DETECTED,NONE DETECTED,7F1C1E8E-D8D0-4FE1-A8D8-A8A03D9C71FF,PEDESTRIAN,Cross/Enter at Intersection,DART DASH,ON ROADWAY NOT AT CROSSWALK,Yes,POSSIBLE INJURY,N/A,38.98663917,-77.09141083,"    (38.98663917, -77.09141083)"
MCP31090047,200012150,Montgomery County Police,Injury Crash,03/12/2020 8:52,Other Public Roadway,PERSHING DR,WAYNE AVE,,N/A,PEDESTRIAN,SINGLE VEHICLE,CLEAR,DRY,DAYLIGHT,NO CONTROLS,UNKNOWN,NONE DETECTED,C4165AF2-8BEE-45BD-A0E2-F9092FC1E35D,PEDESTRIAN,Walking/Riding w/Traffic,NO IMPROPER ACTIONS,ON ROADWAY NOT AT CROSSWALK,Unknown,POSSIBLE INJURY,N/A,38.99387884,-77.02615967,"    (38.99387884, -77.02615967)"
MCP1334009Q,200012143,Montgomery County Police,Injury Crash,03/12/2020 6:40,County,WATKINS MILL RD,STEDWICK RD,,N/A,PEDESTRIAN,SINGLE VEHICLE,CLOUDY,DRY,DARK LIGHTS ON,TRAFFIC SIGNAL,NONE DETECTED,NONE DETECTED,354826EB-5C40-4B51-AFD7-2FEB63190568,PEDESTRIAN,Cross/Enter at Intersection,NO IMPROPER ACTIONS,ON ROADWAY AT CROSSWALK,No,SUSPECTED MINOR INJURY,NONE,39.17052237,-77.20891844,"    (39.17052237, -77.20891844)"
MCP3227000L,200011964,Montgomery County Police,Injury Crash,03/11/2020 10:30,Maryland (State),NEW HAMPSHIRE AVE,ELTON RD,,N/A,PEDESTRIAN,OTHER,CLEAR,DRY,DAYLIGHT,N/A,NONE DETECTED,NONE DETECTED,7DC9ABDD-F7F2-431B-A906-A45096365118,PEDESTRIAN,Cross/Enter not at Intersection,DART DASH,ON ROADWAY NOT AT CROSSWALK,Yes,SUSPECTED MINOR INJURY,NONE,39.02117917,-76.976922,"    (39.02117917, -76.976922)"
MCP2937003Q,200011898,Montgomery County Police,Injury Crash,03/10/2020 22:07,County,RIPLEY ST,GEORGIA AVE,,N/A,PEDESTRIAN,SINGLE VEHICLE,CLEAR,DRY,DARK LIGHTS ON,NO CONTROLS,NONE DETECTED,NONE DETECTED,BDF5FC7D-2921-41E4-BDAD-05019F4264F5,PEDESTRIAN,Cross/Enter at Intersection,NO IMPROPER ACTIONS,ON ROADWAY AT CROSSWALK,No,POSSIBLE INJURY,N/A,38.99248381,-77.0268105,"    (38.99248381, -77.0268105)"
MCP3232000J,200011852,Montgomery County Police,Injury Crash,03/10/2020 18:29,,,,DRIVE WAY ACCESS TO 2305 SHORFIELD RD.,,OTHER PEDALCYCLIST,STRAIGHT MOVEMENT ANGLE,N/A,,DAYLIGHT,N/A,NONE DETECTED,NONE DETECTED,2D628B5C-0719-45D2-8C5F-242B5D6837EC,OTHER PEDALCYCLIST,N/A,N/A,SIDEWALK,No,SUSPECTED MINOR INJURY,N/A,39.05302332,-77.0501063,"    (39.05302332, -77.0501063)"
MCP209400G7,200011663,Montgomery County Police,Injury Crash,03/09/2020 17:54,County,DECATUR AVE,CONNECTICUT AVE,,N/A,BICYCLIST,OTHER,CLEAR,DRY,DAYLIGHT,STOP SIGN,NONE DETECTED,NONE DETECTED,57C43C20-F27E-4179-A61C-0C5DB5A596A1,BICYCLIST,Cross/Enter at Intersection,NO IMPROPER ACTIONS,ON ROADWAY AT CROSSWALK,No,SUSPECTED MINOR INJURY,MC/BIKE HELMET,39.03390667,-77.07517167,"    (39.03390667, -77.07517167)"
MCP27670080,200011863,Montgomery County Police,Injury Crash,03/09/2020 14:00,,,,"DRIVEWAY TO RANDOLPH ROAD FROM PARKING LOT OF 17 RANDOLPH ROAD, SILVER SPRING MD 20904",,PEDESTRIAN,SINGLE VEHICLE,CLEAR,,DAYLIGHT,NO CONTROLS,UNKNOWN,UNKNOWN,928B3D98-FC73-4EE2-B2DC-9D8FCC8C47A0,PEDESTRIAN,Cross/Enter at Intersection,NO IMPROPER ACTIONS,DRIVEWAY ACCESS MARKED CROSSWALK,No,SUSPECTED MINOR INJURY,NONE,39.07585768,-77.00238284,"    (39.07585768, -77.00238284)"
MCP106400B0,200011578,Montgomery County Police,Injury Crash,03/09/2020 11:23,Maryland (State),UNIVERSITY BLVD E,PINEY BRANCH RD,,N/A,PEDESTRIAN,OTHER,CLEAR,DRY,DAYLIGHT,N/A,N/A,N/A,FB0A720F-B2C5-4550-A79C-16EA748AA212,PEDESTRIAN,Standing,NO IMPROPER ACTIONS,SIDEWALK,No,SUSPECTED SERIOUS INJURY,N/A,39.00060833,-76.99547833,"    (39.00060833, -76.99547833)"
EJ7777002B,200011450,Gaithersburg Police Depar,Injury Crash,03/08/2020 15:22,,,,PARKING LOT OF 880 RUSSELL AVE,,PEDESTRIAN,OTHER,CLEAR,,DAYLIGHT,N/A,NONE DETECTED,NONE DETECTED,A50A9363-1E07-4812-8028-257B345CE32B,PEDESTRIAN,Other Working,N/A,OTHER,No,POSSIBLE INJURY,N/A,39.15644596,-77.21360108,"    (39.15644596, -77.21360108)"
MCP1002000Y,200011326,Montgomery County Police,Injury Crash,03/07/2020 17:00,,,,PARKING LOT IN FRONT OF 516 N FREDERICK RD,,PEDESTRIAN,SINGLE VEHICLE,CLEAR,,DAYLIGHT,NO CONTROLS,NONE DETECTED,NONE DETECTED,F0DEDF6A-418A-4A51-86B5-F9463E3722E9,PEDESTRIAN,Cross/Enter at Intersection,N/A,AT INTERSECTION MARKED CROSSWALK,No,NO APPARENT INJURY,NONE,39.14788,-77.2091,"    (39.14788, -77.2091)"
MCP1002000Y,200011326,Montgomery County Police,Injury Crash,03/07/2020 17:00,,,,PARKING LOT IN FRONT OF 516 N FREDERICK RD,,PEDESTRIAN,SINGLE VEHICLE,CLEAR,,DAYLIGHT,NO CONTROLS,NONE DETECTED,NONE DETECTED,B98C6BC0-67E3-44D6-BC39-05CA5EE766C7,PEDESTRIAN,Cross/Enter at Intersection,NO IMPROPER ACTIONS,AT INTERSECTION MARKED CROSSWALK,No,POSSIBLE INJURY,NONE,39.14788,-77.2091,"    (39.14788, -77.2091)"
MCP31430025,200011071,Montgomery County Police,Injury Crash,03/06/2020 9:10,Maryland (State),ROCKVILLE PIKE,MARINELLI RD,,N/A,PEDESTRIAN,SINGLE VEHICLE,CLEAR,DRY,DAYLIGHT,TRAFFIC SIGNAL,NONE DETECTED,NONE DETECTED,3C909705-698A-4586-B904-837E6A7ABA38,PEDESTRIAN,Cross/Enter at Intersection,NO IMPROPER ACTIONS,ON ROADWAY AT CROSSWALK,No,POSSIBLE INJURY,NONE,39.04674,-77.11301333,"    (39.04674, -77.11301333)"
DM8477000M,200010750,Takoma Park Police Depart,Injury Crash,03/04/2020 10:59,,,,PARKING LOT OF 7-11 LOCATED @ 900 MERRIMAC DRIVE TAKOMA PARK MD 20912,,PEDESTRIAN,OTHER,CLEAR,,DAYLIGHT,N/A,NONE DETECTED,NONE DETECTED,221C4D27-9A45-44AF-B456-1CF9BC5B2C16,PEDESTRIAN,Other,NOT VISIBLE,OTHER,Unknown,POSSIBLE INJURY,N/A,38.992468,-76.992599,"    (38.992468, -76.992599)"
MCP3206001Q,200010739,Montgomery County Police,Injury Crash,03/04/2020 8:05,Maryland (State),PINEY BRANCH RD,POTOMAC AVE,,N/A,PEDESTRIAN,SINGLE VEHICLE,CLEAR,DRY,DAYLIGHT,OTHER,UNKNOWN,N/A,735F95E1-F824-4BE1-801D-33BB7C1613B6,PEDESTRIAN,Walking to/from school,N/A,ON ROADWAY AT CROSSWALK,No,POSSIBLE INJURY,N/A,38.98662524,-77.01347558,"    (38.98662524, -77.01347558)"
MCP229800R2,200010640,Montgomery County Police,Injury Crash,03/03/2020 18:36,,,,"19707 GERMANTOWN ROAD, DRIVE WAY AREA OF BANK OF AMERICA",,PEDESTRIAN,SINGLE VEHICLE,RAINING,,DARK LIGHTS ON,STOP SIGN,NONE DETECTED,NONE DETECTED,5F244E14-0E37-4807-923F-DAC403CB535A,PEDESTRIAN,Other,UNKNOWN,OTHER,Unknown,POSSIBLE INJURY,NONE,39.17858393,-77.26645455,"    (39.17858393, -77.26645455)"
MCP3217000F,200010643,Montgomery County Police,Injury Crash,03/03/2020 18:30,,,,"ONE WAY PRIVATE ALLEY BEHIND 12940 MIDDLEBROOK ROAD, GERMANTOWN, MD 20874",,PEDESTRIAN,HEAD ON LEFT TURN,CLEAR,,DUSK,NO CONTROLS,UNKNOWN,NONE DETECTED,C1B6767E-70AA-4D5F-8430-6DA6EE453EAD,PEDESTRIAN,Other,IN ROADWAY IMPROPERLY,ON ROADWAY NOT AT CROSSWALK,No,SUSPECTED MINOR INJURY,NONE,39.17955,-77.27135333,"    (39.17955, -77.27135333)"
MCP31090045,200010517,Montgomery County Police,Injury Crash,03/03/2020 8:05,Maryland (State),EAST WEST HWY,NOAA BUILDING 1,,N/A,BICYCLIST,STRAIGHT MOVEMENT ANGLE,CLEAR,DRY,DAYLIGHT,NO CONTROLS,NONE DETECTED,NONE DETECTED,E476A92E-C922-47AB-B530-3496FEC05C62,BICYCLIST,Walking/Riding w/Traffic,NO IMPROPER ACTIONS,SHOULDER,No,POSSIBLE INJURY,MC/BIKE HELMET,38.9920205,-77.03062467,"    (38.9920205, -77.03062467)"
MCP2971005F,200010438,Montgomery County Police,Property Damage Crash,03/02/2020 16:00,,,,"PARKING LOT IN FRONT OF 18418 STONE HOLLOW DRIVE, GERMANTOWN, MD 20874",,PEDESTRIAN,SAME DIRECTION SIDESWIPE,CLOUDY,,DAYLIGHT,NO CONTROLS,ALCOHOL PRESENT,NONE DETECTED,B576D6FE-4571-4370-BB6D-185FA92EFD31,PEDESTRIAN,Standing,ENTERING EXITING PARKED STANDING VEHICLE,OTHER,No,NO APPARENT INJURY,NONE,39.15820167,-77.2683,"    (39.15820167, -77.2683)"
MCP2475004W,200010420,Montgomery County Police,Injury Crash,03/02/2020 15:15,County,DENNIS AVE,SLIGO CREEK PKWY,,N/A,BICYCLIST,OTHER,N/A,DRY,DAYLIGHT,N/A,NONE DETECTED,NONE DETECTED,243093DA-E172-4BBD-A166-3E850333A5A2,BICYCLIST,Cross/Enter not at Intersection,NO IMPROPER ACTIONS,ON ROADWAY AT CROSSWALK,No,SUSPECTED MINOR INJURY,MC/BIKE HELMET,39.02432,-77.03063667,"    (39.02432, -77.03063667)"
MCP2466003F,200010139,Montgomery County Police,Injury Crash,02/29/2020 05:00:00 PM,Maryland (State),NEW HAMPSHIRE AVE,E RANDOLPH RD,,N/A,BICYCLIST,STRAIGHT MOVEMENT ANGLE,CLEAR,DRY,DAYLIGHT,NO CONTROLS,NONE DETECTED,NONE DETECTED,37E21522-7F0F-47C2-80A5-7A149CCC1DB4,BICYCLIST,Walking/Riding against Traffic,UNKNOWN,SIDEWALK,Unknown,POSSIBLE INJURY,NONE,39.07640488,-77.00166139,"    (39.07640488, -77.00166139)"
MCP2853007B,200009971,Montgomery County Police,Injury Crash,02/28/2020 06:10:00 PM,County,ELTON RD,NEW HAMPSHIRE AVE,,N/A,PEDESTRIAN,OTHER,CLEAR,DRY,DARK LIGHTS ON,TRAFFIC SIGNAL,N/A,N/A,F058DD44-9F12-4874-AF8A-AA6A57B36DEF,PEDESTRIAN,Cross/Enter at Intersection,NO IMPROPER ACTIONS,AT INTERSECTION MARKED CROSSWALK,No,SUSPECTED MINOR INJURY,N/A,39.021095,-76.976515,"    (39.021095, -76.976515)"
MCP2853007B,200009971,Montgomery County Police,Injury Crash,02/28/2020 06:10:00 PM,County,ELTON RD,NEW HAMPSHIRE AVE,,N/A,PEDESTRIAN,OTHER,CLEAR,DRY,DARK LIGHTS ON,TRAFFIC SIGNAL,N/A,N/A,BEDC1FC8-7D06-4F7D-99B7-A829CF77B0C9,PEDESTRIAN,Cross/Enter at Intersection,NO IMPROPER ACTIONS,AT INTERSECTION MARKED CROSSWALK,No,NO APPARENT INJURY,N/A,39.021095,-76.976515,"    (39.021095, -76.976515)"
MCP3218000F,200009907,Montgomery County Police,Injury Crash,02/28/2020 12:45:00 PM,County,KEMP MILL RD,ARCOLA AVE,,N/A,PEDESTRIAN,SINGLE VEHICLE,CLEAR,DRY,DAYLIGHT,NO CONTROLS,NONE DETECTED,N/A,6F304018-78A5-4E02-8F51-C73915D38462,PEDESTRIAN,Cross/Enter not at Intersection,IN ROADWAY IMPROPERLY,ON ROADWAY NOT AT CROSSWALK,Yes,SUSPECTED MINOR INJURY,NONE,39.04683667,-77.03076667,"    (39.04683667, -77.03076667)"
MCP31090044,200009869,Montgomery County Police,Injury Crash,02/28/2020 07:15:00 AM,County,BLAIR RD,JUNIPER ST,,N/A,BICYCLIST,SAME DIRECTION SIDESWIPE,CLEAR,DRY,DAWN,NO CONTROLS,UNKNOWN,NONE DETECTED,4315D9D7-5094-469B-9FBC-CAF50B8486A3,BICYCLIST,Walking/Riding w/Traffic,NO IMPROPER ACTIONS,ON ROADWAY NOT AT CROSSWALK,No,SUSPECTED MINOR INJURY,MC/BIKE HELMET,38.98270633,-77.02251933,"    (38.98270633, -77.02251933)"
HA24750004,20000530,Maryland-National Capital,Property Damage Crash,02/27/2020 07:45:00 AM,County,PINEHURST PKWY,BEACH DR,,N/A,BICYCLIST,OTHER,N/A,DRY,DAYLIGHT,OTHER,UNKNOWN,NONE DETECTED,018BFCB2-A55D-4B4F-ACBE-34B99D6CC18A,BICYCLIST,Cross/Enter at Intersection,UNKNOWN,AT INTERSECTION MARKED CROSSWALK,Unknown,NO APPARENT INJURY,UNKNOWN,38.98509008,-77.05971297,"    (38.98509008, -77.05971297)"
MCP3232000F,200009619,Montgomery County Police,Property Damage Crash,02/26/2020 06:49:00 PM,County,BUSHEY DR,RANDOLPH RD,,N/A,PEDESTRIAN,OTHER,RAINING,WET,DARK LIGHTS ON,N/A,N/A,N/A,7B2061AB-6513-4FB9-82F2-2BD4F0DD2A04,PEDESTRIAN,Cross/Enter at Intersection,NO IMPROPER ACTIONS,AT INTERSECTION MARKED CROSSWALK,No,NO APPARENT INJURY,N/A,39.05764833,-77.077665,"    (39.05764833, -77.077665)"
MCP271700RV,200009595,Montgomery County Police,Injury Crash,02/26/2020 04:22:00 PM,County,WILLARD AVE,SHOEMAKER FARM LA,,FRIENDSHIP HEIGHTS,PEDESTRIAN,OTHER,CLEAR,DRY,DAYLIGHT,OTHER,NONE DETECTED,NONE DETECTED,8834AC6A-2AB8-42A4-9C81-26D4ED83249E,PEDESTRIAN,Cross/Enter at Intersection,NO IMPROPER ACTIONS,ON ROADWAY AT CROSSWALK,No,SUSPECTED SERIOUS INJURY,NONE,38.96250683,-77.09145617,"    (38.96250683, -77.09145617)"
DD5643000F,200009484,Rockville Police Departme,Injury Crash,02/26/2020 06:30:00 AM,Municipality,N STONESTREET AVE,WOODLAND RD,,ROCKVILLE,PEDESTRIAN,SAME DIRECTION LEFT TURN,RAINING,WET,DARK NO LIGHTS,NO CONTROLS,NONE DETECTED,NONE DETECTED,032525B6-3762-4EB7-BE44-CFE285EAFA24,PEDESTRIAN,Other,N/A,ON ROADWAY NOT AT CROSSWALK,No,POSSIBLE INJURY,NONE,39.08740547,-77.14781177,"    (39.08740547, -77.14781177)"
MCP2446004Y,200009410,Montgomery County Police,Injury Crash,02/25/2020 06:16:00 PM,Maryland (State),WOODFIELD RD,ROLLING FORK DR,,N/A,PEDESTRIAN,OTHER,FOGGY,WET,DARK LIGHTS ON,NO CONTROLS,NONE DETECTED,NONE DETECTED,C577C33A-F811-4249-9F55-CD17805278A5,PEDESTRIAN,Cross/Enter at Intersection,NOT VISIBLE,ON ROADWAY NOT AT CROSSWALK,Yes,POSSIBLE INJURY,NONE,39.25043585,-77.19462441,"    (39.25043585, -77.19462441)"
MCP2992002T,200009229,Montgomery County Police,Injury Crash,02/24/2020 06:35:00 PM,,,,DRIVEWAY OF 13625 NORTH GATE DR,,PEDESTRIAN,OTHER,N/A,,DARK LIGHTS ON,N/A,NONE DETECTED,N/A,29BB7FCB-8831-4BD3-9E3D-95C50ABC40FE,PEDESTRIAN,Other,NO IMPROPER ACTIONS,OTHER,No,SUSPECTED MINOR INJURY,N/A,39.082715,-77.048455,"    (39.082715, -77.048455)"
MCP9311002T,200009112,Montgomery County Police,Injury Crash,02/24/2020 09:02:00 AM,County,BRICKYARD RD,RIVER FALLS DR,,N/A,PEDESTRIAN,STRAIGHT MOVEMENT ANGLE,CLEAR,N/A,DAYLIGHT,STOP SIGN,NONE DETECTED,NONE DETECTED,22B0FF85-3C50-4B1B-932D-B36D14ABD4E9,PEDESTRIAN,Getting off/on Vehicle,NO IMPROPER ACTIONS,OTHER,Yes,SUSPECTED MINOR INJURY,NONE,38.99385667,-77.21483333,"    (38.99385667, -77.21483333)"
MCP1491001V,200009003,Montgomery County Police,Injury Crash,02/23/2020 12:04:00 PM,County,SEVEN LOCKS RD,GOYA DR,,N/A,BICYCLIST,SINGLE VEHICLE,CLEAR,DRY,DAYLIGHT,NO CONTROLS,NONE DETECTED,NONE DETECTED,068FF380-B367-4964-A2D5-C85B88A92498,BICYCLIST,Walking/Riding w/Traffic,NO IMPROPER ACTIONS,ON ROADWAY NOT AT CROSSWALK,No,SUSPECTED SERIOUS INJURY,MC/BIKE HELMET,39.05562168,-77.16217279,"    (39.05562168, -77.16217279)"
MCP2937003N,200008940,Montgomery County Police,Injury Crash,02/22/2020 11:21:00 PM,County,MAYOR LA,THAYER AVE,,N/A,PEDESTRIAN,SINGLE VEHICLE,CLEAR,DRY,DARK LIGHTS ON,NO CONTROLS,NONE DETECTED,NONE DETECTED,633C7111-1012-4D20-B835-345DAC5A7920,PEDESTRIAN,Other Working,NO IMPROPER ACTIONS,ON ROADWAY NOT AT CROSSWALK,No,SUSPECTED MINOR INJURY,NONE,38.99279534,-77.0259186,"    (38.99279534, -77.0259186)"
MCP2492001B,200008927,Montgomery County Police,Fatal Crash,02/22/2020 09:11:00 PM,Maryland (State),NEW HAMPSHIRE AVE,CROSSOVER,,N/A,PEDESTRIAN,OTHER,CLEAR,DRY,DARK LIGHTS ON,NO CONTROLS,NONE DETECTED,ALCOHOL PRESENT,D20A06AD-B931-4588-BEFB-F9C8E8A40E23,PEDESTRIAN,Cross/Enter not at Intersection,UNKNOWN,ON ROADWAY NOT AT CROSSWALK,Yes,FATAL INJURY,NONE,39.03869167,-76.99011833,"    (39.03869167, -76.99011833)"
MCP2714001L,200008878,Montgomery County Police,Injury Crash,02/22/2020 03:20:00 PM,,,,PARKING LOT IN FRONT OF 12214 VEIRS MILL RD,,PEDESTRIAN,HEAD ON LEFT TURN,CLEAR,,DAYLIGHT,N/A,UNKNOWN,N/A,7E3B5855-D973-4416-8C39-B57518704F3E,PEDESTRIAN,Push/Work on Vehicle,INATTENTIVE,SIDEWALK,No,POSSIBLE INJURY,NONE,39.05647487,-77.08386766,"    (39.05647487, -77.08386766)"
MCP2348005T,200008795,Montgomery County Police,Fatal Crash,02/21/2020 09:19:00 PM,Maryland (State),S FREDERICK RD,N WESTLAND DR,,N/A,PEDESTRIAN,SINGLE VEHICLE,CLEAR,DRY,DARK LIGHTS ON,NO CONTROLS,NONE DETECTED,ALCOHOL PRESENT,27B4B48F-719B-4CED-8E5E-6C2DD31C84EE,PEDESTRIAN,Cross/Enter not at Intersection,UNKNOWN,ON ROADWAY NOT AT CROSSWALK,Yes,FATAL INJURY,N/A,39.12962169,-77.18693125,"    (39.12962169, -77.18693125)"
MCP2361001L,200008760,Montgomery County Police,Injury Crash,02/21/2020 07:24:00 PM,County,CONTOUR RD,TUNSTALL DR,,N/A,PEDESTRIAN,OTHER,CLEAR,DRY,DARK LIGHTS ON,OTHER,NONE DETECTED,NONE DETECTED,E880E5B0-AE5F-4D08-9563-1C32D9BDD312,PEDESTRIAN,Cross/Enter at Intersection,NO IMPROPER ACTIONS,AT INTERSECTION MARKED CROSSWALK,No,SUSPECTED MINOR INJURY,NONE,39.15419667,-77.196725,"    (39.15419667, -77.196725)"
MCP30910026,200008695,Montgomery County Police,Injury Crash,02/21/2020 01:17:00 PM,County,TRAVILAH RD,MCCROSSIN LA,,N/A,BICYCLIST,SAME DIRECTION LEFT TURN,CLEAR,DRY,DAYLIGHT,OTHER,N/A,N/A,06B58B1C-16BC-418B-A4D1-C3C8C8F191FA,BICYCLIST,Cross/Enter at Intersection,FAILURE TO YIELD RIGHT OF WAY,ON ROADWAY NOT AT CROSSWALK,Yes,SUSPECTED MINOR INJURY,MC/BIKE HELMET,39.0753615,-77.25885167,"    (39.0753615, -77.25885167)"
MCP2639008Z,200008439,Montgomery County Police,Injury Crash,02/20/2020 07:57:00 AM,County,ARCOLA AVE,LAMBERTON DR,,N/A,BICYCLIST,HEAD ON LEFT TURN,CLOUDY,DRY,DAYLIGHT,NO CONTROLS,NONE DETECTED,NONE DETECTED,8A8F995B-92D6-4640-AE8E-9524B35A12D6,BICYCLIST,Walking/Riding w/Traffic,IMPROPER PASSING,SHOULDER,Yes,POSSIBLE INJURY,MC/BIKE HELMET,39.04224,-77.02996333,"    (39.04224, -77.02996333)"
MCP28920083,200008379,Montgomery County Police,Property Damage Crash,02/19/2020 08:31:00 PM,Maryland (State),16TH ST,EAST WEST HWY,,N/A,PEDESTRIAN,HEAD ON LEFT TURN,CLEAR,DRY,DARK LIGHTS ON,TRAFFIC SIGNAL,NONE DETECTED,NONE DETECTED,E5165965-7461-44F9-91FB-6E2762D01162,PEDESTRIAN,Cross/Enter at Intersection,NO IMPROPER ACTIONS,ON ROADWAY AT CROSSWALK,No,NO APPARENT INJURY,NONE,38.99472167,-77.036325,"    (38.99472167, -77.036325)"
MCP2861004L,200008191,Montgomery County Police,Injury Crash,02/18/2020 08:17:00 PM,County,WESTLAKE DR,LAKEVIEW DR,,N/A,PEDESTRIAN,SINGLE VEHICLE,CLEAR,DRY,DARK LIGHTS ON,NO CONTROLS,NONE DETECTED,ALCOHOL PRESENT,EF6CC8C4-E78E-4AFA-8377-83968BA1F2DA,PEDESTRIAN,Cross/Enter not at Intersection,IN ROADWAY IMPROPERLY,ON ROADWAY NOT AT CROSSWALK,Yes,SUSPECTED SERIOUS INJURY,NONE,39.025945,-77.14833667,"    (39.025945, -77.14833667)"
MCP28920081,200008163,Montgomery County Police,Injury Crash,02/18/2020 06:32:00 PM,Maryland (State),COLESVILLE RD,SECOND AVE,,N/A,PEDESTRIAN,SINGLE VEHICLE,N/A,DRY,DARK LIGHTS ON,TRAFFIC SIGNAL,NONE DETECTED,NONE DETECTED,3A80F036-C235-44C4-8EE7-F81D02BF3AFF,PEDESTRIAN,Cross/Enter at Intersection,IN ROADWAY IMPROPERLY,ON ROADWAY AT CROSSWALK,Yes,POSSIBLE INJURY,NONE,38.99484564,-77.03025644,"    (38.99484564, -77.03025644)"
MCP2436009N,200008109,Montgomery County Police,Injury Crash,02/18/2020 01:40:00 PM,Maryland (State),PINEY BRANCH RD,KODIAK DR,,N/A,PEDESTRIAN,SINGLE VEHICLE,CLEAR,DRY,DAYLIGHT,NO CONTROLS,NONE DETECTED,NONE DETECTED,99E36A32-6FE7-4B53-B12F-6BD21CB66301,PEDESTRIAN,Cross/Enter at Intersection,DART DASH,ON ROADWAY NOT AT CROSSWALK,Yes,SUSPECTED MINOR INJURY,N/A,38.99978841,-76.99156582,"    (38.99978841, -76.99156582)"
DD5605007R,200008087,Rockville Police Departme,Property Damage Crash,02/18/2020 12:00:00 PM,Municipality,E GUDE DR,ROTHGEB DR,,ROCKVILLE,PEDESTRIAN,OTHER,CLEAR,DRY,DAYLIGHT,TRAFFIC SIGNAL,NONE DETECTED,NONE DETECTED,4C2D7F9B-06C0-4CD0-A1C7-1F97CD8F7BA1,PEDESTRIAN,Cross/Enter at Intersection,NO IMPROPER ACTIONS,ON ROADWAY AT CROSSWALK,No,NO APPARENT INJURY,N/A,39.09601283,-77.13369633,"    (39.09601283, -77.13369633)"