Report Number,Local Case Number,Agency Name,ACRS Report Type,Crash Date/Time,Route Type,Road Name,Cross-Street Name,Off-Road Description,Municipality,Related Non-Motorist,Collision Type,Weather,Surface Condition,Light,Traffic Control,Driver Substance Abuse,Non-Motorist Substance Abuse,Person ID,Pedestrian Type,Pedestrian Movement,Pedestrian Actions,Pedestrian Location,At Fault,Injury Severity,Safety Equipment,Latitude,Longitude,Location
DM83360036,200008082,Takoma Park Police Depart,Injury Crash,02/18/2020 09:29:00 AM,Municipality,RITCHIE AVE,OSWEGO AVE,,TAKOMA PARK,PEDESTRIAN,OTHER,CLEAR,DRY,DAYLIGHT,NO CONTROLS,,N/A,6297A942-DEE2-49E5-A541-6C20E2A1E31E,PEDESTRIAN,Other,OTHER,N/A,Yes,SUSPECTED MINOR INJURY,N/A,38.98614597,-77.00901046,"    (38.98614597, -77.00901046)"
MCP30120068,200008062,Montgomery County Police,Injury Crash,02/18/2020 08:52:00 AM,,BATCHELLORS FOREST RD,SEABISCUT DR,,N/A,BICYCLIST,OTHER,CLEAR,DRY,DAYLIGHT,NO CONTROLS,NONE DETECTED,NONE DETECTED,A82EFB5D-A393-4639-9CB5-9D84B9F51437,BICYCLIST,Walking/Riding w/Traffic,NO IMPROPER ACTIONS,ON ROADWAY NOT AT CROSSWALK,No,POSSIBLE INJURY,MC/BIKE HELMET,39.12615833,-77.05691833,"    (39.12615833, -77.05691833)"
MCP158000CM,200008049,Montgomery County Police,Injury Crash,02/18/2020 06:11:00 AM,County,MONTGOMERY VILLAGE AVE,CLUB HOUSE RD,,N/A,PEDESTRIAN,SINGLE VEHICLE,CLOUDY,DRY,DARK LIGHTS ON,TRAFFIC SIGNAL,NONE DETECTED,NONE DETECTED,8EC4F423-145E-419B-9D56-5D61B3760FB7,PEDESTRIAN,Cross/Enter at Intersection,NO IMPROPER ACTIONS,AT INTERSECTION MARKED CROSSWALK,No,SUSPECTED MINOR INJURY,N/A,39.174405,-77.20391833,"    (39.174405, -77.20391833)"
MCP2714001K,200007572,Montgomery County Police,Injury Crash,02/16/2020 05:10:00 PM,,,,THE PARKING LOT CROSSWALK OF 12207 VEIRS MILL RD,,PEDESTRIAN,OTHER,CLEAR,,DAYLIGHT,NO CONTROLS,N/A,N/A,97FDB327-7C7A-40E4-9F16-3E2307152BC1,PEDESTRIAN,Standing,NO IMPROPER ACTIONS,DRIVEWAY ACCESS MARKED CROSSWALK,No,POSSIBLE INJURY,NONE,39.05697181,-77.08218147,"    (39.05697181, -77.08218147)"
MCP30570027,20007797,Montgomery County Police,Property Damage Crash,02/16/2020 09:21:00 AM,County,CENTURY BLVD,CENTURY BLVD (BACK),,N/A,PEDESTRIAN,OTHER,CLOUDY,DRY,DAYLIGHT,N/A,NONE DETECTED,NONE DETECTED,8F0031B0-CF78-4D91-8C1A-A7AFC56330ED,PEDESTRIAN,Cross/Enter at Intersection,INATTENTIVE,AT INTERSECTION BUT NO CROSSWALK,No,NO APPARENT INJURY,N/A,39.18456052,-77.25964105,"    (39.18456052, -77.25964105)"
MCP31380025,200007705,Montgomery County Police,Injury Crash,02/15/2020 03:56:00 PM,,,,DRIVEWAY OF 16227 BATCHELLORS FOREST RD,,PEDESTRIAN,SINGLE VEHICLE,CLEAR,,DAYLIGHT,N/A,,N/A,06356F8E-6254-4D6A-BF1D-9C80D75B7C03,PEDESTRIAN,Getting off/on Vehicle,NO IMPROPER ACTIONS,CURB,Unknown,SUSPECTED MINOR INJURY,NONE,39.12212911,-77.06900082,"    (39.12212911, -77.06900082)"
MCP32010015,200007676,Montgomery County Police,Injury Crash,02/15/2020 07:55:00 AM,,,,ON A SERVICE ROAD IN BETWEEN POST OFFICE AND PARKING LOT OF POST OFFICE LOCATED AT 10079 STEDWICK RD,,PEDESTRIAN,SINGLE VEHICLE,CLEAR,,DAYLIGHT,N/A,N/A,N/A,D30CF38F-FD3D-4B4A-AF2E-E0A340C092D0,PEDESTRIAN,Cross/Enter not at Intersection,NO IMPROPER ACTIONS,OTHER,No,SUSPECTED MINOR INJURY,NONE,39.1710561,-77.20813914,"    (39.1710561, -77.20813914)"
MCP2291004G,200007548,Montgomery County Police,Injury Crash,02/14/2020 02:30:00 PM,County,WILLARD AVE,FRIENDSHIP BLVD,,FRIENDSHIP HEIGHTS,PEDESTRIAN,SINGLE VEHICLE,CLEAR,DRY,DAYLIGHT,NO CONTROLS,UNKNOWN,NONE DETECTED,195A20B6-760F-4667-9B53-0BA8DCF3C8D1,PEDESTRIAN,Cross/Enter not at Intersection,IN ROADWAY IMPROPERLY,ON ROADWAY NOT AT CROSSWALK,Yes,SUSPECTED SERIOUS INJURY,N/A,38.9620898,-77.0888077,"    (38.9620898, -77.0888077)"
MCP3174001S,20007404,Montgomery County Police,Injury Crash,02/13/2020 06:27:00 PM,County,SNOUFFERS SCHOOL RD,FLOWER HILL WAY,,N/A,PEDESTRIAN,SINGLE VEHICLE,CLEAR,DRY,DARK LIGHTS ON,NO CONTROLS,NONE DETECTED,NONE DETECTED,9C59DA74-4BAE-4938-9372-93C7FBAC7DE2,PEDESTRIAN,Cross/Enter not at Intersection,FAILURE TO YIELD RIGHT OF WAY,ON ROADWAY NOT AT CROSSWALK,Yes,SUSPECTED SERIOUS INJURY,NONE,39.16728541,-77.17316182,"    (39.16728541, -77.17316182)"
EJ7870002F,200007376,Gaithersburg Police Depar,Injury Crash,02/13/2020 04:38:00 PM,Maryland (State),FREDERICK RD,BROOKS AVE,,GAITHERSBURG,PEDESTRIAN,SINGLE VEHICLE,CLOUDY,WET,DAYLIGHT,NO CONTROLS,NONE DETECTED,NONE DETECTED,F09BC689-2F71-4DB4-83E3-357082466BF2,PEDESTRIAN,Cross/Enter not at Intersection,DART DASH,ON ROADWAY NOT AT CROSSWALK,Yes,POSSIBLE INJURY,NONE,39.14320358,-77.2005593,"    (39.14320358, -77.2005593)"
MCP2891008Y,200007244,Montgomery County Police,Injury Crash,02/13/2020 06:06:00 AM,County,DENNIS AVE,GEORGIA AVE,,N/A,PEDESTRIAN,SINGLE VEHICLE,RAINING,WET,DARK LIGHTS ON,TRAFFIC SIGNAL,NONE DETECTED,NONE DETECTED,8C1876F4-F07E-4AF7-B854-FC90A4EDAB2D,PEDESTRIAN,Cross/Enter at Intersection,NO IMPROPER ACTIONS,ON ROADWAY AT CROSSWALK,No,SUSPECTED MINOR INJURY,N/A,39.02510167,-77.04468333,"    (39.02510167, -77.04468333)"
MCP93120017,200007232,Montgomery County Police,Injury Crash,02/12/2020 20:30,Maryland (State),HUNGERFORD DR,ENT TO PARK & RIDE,,N/A,PEDESTRIAN,SINGLE VEHICLE,CLEAR,WET,DARK LIGHTS ON,TRAFFIC SIGNAL,NONE DETECTED,NONE DETECTED,77A3BD25-413E-4485-A831-43CB0D800F7D,PEDESTRIAN,Cross/Enter at Intersection,NO IMPROPER ACTIONS,AT INTERSECTION MARKED CROSSWALK,No,POSSIBLE INJURY,N/A,39.083535,-77.14691141,"    (39.083535, -77.14691141)"
MCP12270013,200007223,Montgomery County Police,Fatal Crash,02/12/2020 19:05,Maryland (State),MIDCOUNTY HWY,PIER POINT PL,,N/A,PEDESTRIAN,SINGLE VEHICLE,RAINING,WET,DARK LIGHTS ON,NO CONTROLS,NONE DETECTED,ALCOHOL CONTRIBUTED,CAA22B2B-9962-49BA-B144-2C6BD1724E13,PEDESTRIAN,Cross/Enter at Intersection,FAILURE TO YIELD RIGHT OF WAY,AT INTERSECTION BUT NO CROSSWALK,Yes,FATAL INJURY,NONE,39.15924546,-77.19848265,"    (39.15924546, -77.19848265)"
MCP2723004X,200007089,Montgomery County Police,Injury Crash,02/12/2020 12:10,Maryland (State),OLNEY SANDY SPRING RD,GEORGIA AVE,,N/A,PEDESTRIAN,SINGLE VEHICLE,CLEAR,DRY,DAYLIGHT,TRAFFIC SIGNAL,NONE DETECTED,NONE DETECTED,91CE6B2E-A4DA-4E64-B4C8-7B4D64981853,PEDESTRIAN,Cross/Enter at Intersection,NO IMPROPER ACTIONS,AT INTERSECTION MARKED CROSSWALK,No,SUSPECTED MINOR INJURY,N/A,39.15296,-77.06694167,"    (39.15296, -77.06694167)"
MCP209400G4,200006910,Montgomery County Police,Injury Crash,02/11/2020 11:06,County,NEBEL ST,MARINELLI RD,,N/A,PEDESTRIAN,OTHER,RAINING,WET,DAYLIGHT,STOP SIGN,NONE DETECTED,NONE DETECTED,63ED7A4A-C86F-4049-896F-B7F1A6EAD2DD,PEDESTRIAN,Cross/Enter at Intersection,NO IMPROPER ACTIONS,ON ROADWAY AT CROSSWALK,No,SUSPECTED SERIOUS INJURY,NONE,39.047995,-77.10563167,"    (39.047995, -77.10563167)"
MCP3200001F,200006881,Montgomery County Police,Property Damage Crash,02/11/2020 7:36,Maryland (State),ROCKVILLE PIKE,MARINELLI RD,,N/A,PEDESTRIAN,OTHER,RAINING,WET,DAWN,NO CONTROLS,NONE DETECTED,NONE DETECTED,41185652-81EC-4A3F-939A-6C7E4865D542,PEDESTRIAN,Walking/Cycling on Sidewalk,NO IMPROPER ACTIONS,SIDEWALK,No,NO APPARENT INJURY,NONE,39.04611433,-77.11285967,"    (39.04611433, -77.11285967)"
MCP2952009P,200006872,Montgomery County Police,Injury Crash,02/11/2020 5:54,Maryland (State),GEORGIA AVE,COLESVILLE RD,,N/A,PEDESTRIAN,SINGLE VEHICLE,RAINING,WET,DARK LIGHTS ON,TRAFFIC SIGNAL,NONE DETECTED,NONE DETECTED,9861A590-5980-47A7-ADB2-C4CF06A23C32,PEDESTRIAN,Cross/Enter at Intersection,NO IMPROPER ACTIONS,ON ROADWAY AT CROSSWALK,No,POSSIBLE INJURY,NONE,38.99589428,-77.02813661,"    (38.99589428, -77.02813661)"
MCP2372002V,200006789,Montgomery County Police,Injury Crash,02/10/2020 14:37,County,LOCUST AVE,CEDAR LA,,N/A,BICYCLIST,STRAIGHT MOVEMENT ANGLE,RAINING,WET,DAYLIGHT,TRAFFIC SIGNAL,NONE DETECTED,NONE DETECTED,092524CD-80E8-4F06-A4B9-6AC97CFFB69F,BICYCLIST,Cross/Enter at Intersection,FAILURE TO OBEY TRAFFIC SIGNS SIGNALS OR OFFICER,OTHER,Yes,SUSPECTED MINOR INJURY,MC/BIKE HELMET,39.00535717,-77.10445467,"    (39.00535717, -77.10445467)"
MCP24960013,200007811,Montgomery County Police,Injury Crash,02/10/2020 11:00,,,,"PARKING LOT OF 1400 FORESST GLEN RD, SILVER SPRING, MD, 20910",,PEDESTRIAN,SINGLE VEHICLE,N/A,,DAYLIGHT,NO CONTROLS,UNKNOWN,NONE DETECTED,2630AE04-1E20-4DCD-AD88-5808991854FA,PEDESTRIAN,Other,UNKNOWN,OTHER,Unknown,POSSIBLE INJURY,NONE,39.01525056,-77.03437571,"    (39.01525056, -77.03437571)"
MCP24960011,200006722,Montgomery County Police,Injury Crash,02/10/2020 8:30,County,ARCOLA AVE,OREBAUGH AVE,,N/A,PEDESTRIAN,SINGLE VEHICLE,RAINING,WET,DAYLIGHT,NO CONTROLS,NONE DETECTED,NONE DETECTED,3ED6AE77-1549-4EFE-B331-34959FC3733A,PEDESTRIAN,Cross/Enter at Intersection,NO IMPROPER ACTIONS,ON ROADWAY AT CROSSWALK,No,SUSPECTED MINOR INJURY,NONE,39.04700702,-77.03655548,"    (39.04700702, -77.03655548)"
MCP0685005D,200006712,Montgomery County Police,Injury Crash,02/10/2020 6:41,County,SHADY GROVE RD,CRABBS BRANCH WAY,,N/A,PEDESTRIAN,SINGLE VEHICLE,RAINING,WET,DARK LIGHTS ON,TRAFFIC SIGNAL,NONE DETECTED,NONE DETECTED,DE093DAD-8B8E-4114-B632-0EDB16D8162A,PEDESTRIAN,Cross/Enter at Intersection,N/A,ON ROADWAY AT CROSSWALK,No,POSSIBLE INJURY,N/A,39.12878014,-77.16754976,"    (39.12878014, -77.16754976)"
MCP3197001B,200006682,Montgomery County Police,Injury Crash,02/09/2020 21:07,Maryland (State),VEIRS MILL RD,CLARIDGE RD,,N/A,PEDESTRIAN,OTHER,CLEAR,DRY,DARK LIGHTS ON,TRAFFIC SIGNAL,NONE DETECTED,NONE DETECTED,99940A9A-8E21-49B1-8ACA-6A306B186D27,PEDESTRIAN,Cross/Enter at Intersection,NO IMPROPER ACTIONS,ON ROADWAY AT CROSSWALK,No,SUSPECTED MINOR INJURY,NONE,39.04881333,-77.06892383,"    (39.04881333, -77.06892383)"
MCP1305003Z,200006511,Montgomery County Police,Property Damage Crash,02/08/2020 14:52,,,,PARKING LOT AT 22 TINDALL SRPINGS CT,,OTHER,OTHER,CLEAR,,DAYLIGHT,NO CONTROLS,NONE DETECTED,N/A,C29B8ED9-C74D-4F71-8804-6A0CE6219D80,OTHER,N/A,NO IMPROPER ACTIONS,INSIDE BUILDING,No,NO APPARENT INJURY,N/A,39.18515167,-77.17692833,"    (39.18515167, -77.17692833)"
MCP1305003Z,200006511,Montgomery County Police,Property Damage Crash,02/08/2020 14:52,,,,PARKING LOT AT 22 TINDALL SRPINGS CT,,OTHER,OTHER,CLEAR,,DAYLIGHT,NO CONTROLS,NONE DETECTED,N/A,1047418A-2B9B-4FBB-854C-C411F1445B52,OTHER,N/A,NO IMPROPER ACTIONS,INSIDE BUILDING,No,NO APPARENT INJURY,N/A,39.18515167,-77.17692833,"    (39.18515167, -77.17692833)"
EJ78760021,200006389,Gaithersburg Police Depar,Injury Crash,02/07/2020 18:45,,,,323 COPLEY PL. PARKING LOT,,PEDESTRIAN,OTHER,CLEAR,,DARK LIGHTS ON,NO CONTROLS,NONE DETECTED,NONE DETECTED,7A1FA551-C781-460D-BC91-B193CD18ADB4,PEDESTRIAN,Cross/Enter not at Intersection,NOT VISIBLE,ON ROADWAY NOT AT CROSSWALK,Unknown,POSSIBLE INJURY,NONE,39.11559167,-77.20670833,"    (39.11559167, -77.20670833)"
MCP9379002X,200006303,Montgomery County Police,Injury Crash,02/07/2020 11:30,,,,PARKING LOT OF 903 W EDMONSTON DR,,PEDESTRIAN,STRAIGHT MOVEMENT ANGLE,CLEAR,,DAYLIGHT,NO CONTROLS,NONE DETECTED,NONE DETECTED,58808274-094F-434D-A0D2-679192DBA9AE,PEDESTRIAN,Walking/Riding against Traffic,NO IMPROPER ACTIONS,SIDEWALK,No,SUSPECTED MINOR INJURY,N/A,39.07406667,-77.13548167,"    (39.07406667, -77.13548167)"
MCP2952009N,200006280,Montgomery County Police,Injury Crash,02/07/2020 8:55,US (State),GEORGIA AVE,SILVER SPRING AVE,,N/A,PEDESTRIAN,SINGLE VEHICLE,RAINING,WET,DAYLIGHT,TRAFFIC SIGNAL,NONE DETECTED,NONE DETECTED,4D2C9C34-A8D5-4727-9181-73B93F9970A0,PEDESTRIAN,Cross/Enter at Intersection,NO IMPROPER ACTIONS,AT INTERSECTION MARKED CROSSWALK,No,POSSIBLE INJURY,N/A,38.99152275,-77.02669976,"    (38.99152275, -77.02669976)"
MCP27390034,200006250,Montgomery County Police,Injury Crash,02/06/2020 22:02,Maryland (State),UNIVERSITY BLVD W,SUTHERLAND RD,,N/A,PEDESTRIAN,SINGLE VEHICLE,RAINING,WET,DARK LIGHTS ON,N/A,NONE DETECTED,ALCOHOL CONTRIBUTED,161D89ED-46F9-4EFB-BC29-17B9C933FEDE,PEDESTRIAN,Cross/Enter not at Intersection,IN ROADWAY IMPROPERLY,ON ROADWAY NOT AT CROSSWALK,Yes,POSSIBLE INJURY,NONE,39.02032667,-77.014,"    (39.02032667, -77.014)"
MCP3126001W,200006220,Montgomery County Police,Injury Crash,02/06/2020 18:30,Maryland (State),RIDGE RD,OAK DR,,N/A,PEDESTRIAN,OTHER,RAINING,WET,DARK LIGHTS ON,TRAFFIC SIGNAL,NONE DETECTED,NONE DETECTED,0F87E570-9F0D-48B8-BF32-E436ED4FA1D2,PEDESTRIAN,Cross/Enter at Intersection,NO IMPROPER ACTIONS,ON ROADWAY AT CROSSWALK,Yes,SUSPECTED SERIOUS INJURY,NONE,39.27527333,-77.21474,"    (39.27527333, -77.21474)"
MCP3198001H,200006211,Montgomery County Police,Injury Crash,02/06/2020 18:10,County,LUND CT,LUND PL,,N/A,PEDESTRIAN,OTHER,RAINING,WET,DARK NO LIGHTS,N/A,NONE DETECTED,NONE DETECTED,BEDA0A2D-E11C-455D-9198-7759324F052D,PEDESTRIAN,Cross/Enter at Intersection,NO IMPROPER ACTIONS,ON ROADWAY AT CROSSWALK,No,SUSPECTED MINOR INJURY,NONE,39.04133866,-77.07194293,"    (39.04133866, -77.07194293)"
MCP2513001X,200005932,Montgomery County Police,Injury Crash,02/05/2020 7:15,County,CALVERTON BLVD,SHANANDALE DR,,N/A,PEDESTRIAN,OTHER,CLEAR,DRY,DAWN,NO CONTROLS,N/A,NONE DETECTED,23C5B533-9AA8-4F37-AF19-855AF0FE6B83,PEDESTRIAN,Cross/Enter at Intersection,NO IMPROPER ACTIONS,ON ROADWAY AT CROSSWALK,No,POSSIBLE INJURY,N/A,39.05682402,-76.94832537,"    (39.05682402, -76.94832537)"
MCP2801002N,200005898,Montgomery County Police,Injury Crash,02/04/2020 23:50,Maryland (State),NEW HAMPSHIRE AVE,RAMP 4 FR MD 650 NB TO IS 495 EB,,N/A,PEDESTRIAN,STRAIGHT MOVEMENT ANGLE,RAINING,WET,DARK LIGHTS ON,N/A,UNKNOWN,N/A,BAC69C35-134A-4C57-8112-DA0CEEB23C44,PEDESTRIAN,Cross/Enter at Intersection,NO IMPROPER ACTIONS,ON ROADWAY AT CROSSWALK,No,SUSPECTED MINOR INJURY,NONE,39.01597923,-76.97748942,"    (39.01597923, -76.97748942)"
MCP3114001T,200005694,Montgomery County Police,Injury Crash,02/03/2020 18:45,,,,1220 TECH ROAD/DRIVEWAY ENTRANCE OF WESTECH VILLAGE CENTER,,PEDESTRIAN,OTHER,CLEAR,,DARK LIGHTS ON,NO CONTROLS,NONE DETECTED,NONE DETECTED,1BC4042D-40F6-4F24-A953-C2E2DC8C747C,PEDESTRIAN,Cross/Enter at Intersection,NO IMPROPER ACTIONS,DRIVEWAY ACCESS MARKED CROSSWALK,No,SUSPECTED SERIOUS INJURY,NONE,39.05643922,-76.96700331,"    (39.05643922, -76.96700331)"
MCP14650050,200005554,Montgomery County Police,Injury Crash,02/03/2020 8:49,Maryland (State),RIVER RD,SPRINGRIDGE RD,,N/A,PEDESTRIAN,SAME DIR REAR END,CLEAR,DRY,DAYLIGHT,NO CONTROLS,NONE DETECTED,NONE DETECTED,E70CC12A-C171-4A71-993E-BA7A9ED5E5A7,PEDESTRIAN,Push/Work on Vehicle,DISABLED VEHICLE RELATED,SHOULDER,No,SUSPECTED MINOR INJURY,N/A,39.04788667,-77.26563667,"    (39.04788667, -77.26563667)"
MCP3090003V,200005455,Montgomery County Police,Injury Crash,02/02/2020 11:15,County,OLD STAGE RD,OLD BRIDGE RD,,N/A,PEDESTRIAN,SINGLE VEHICLE,CLEAR,DRY,DAYLIGHT,STOP SIGN,N/A,N/A,54E8D089-5D28-427A-A40F-191AC6D17463,PEDESTRIAN,Cross/Enter at Intersection,NO IMPROPER ACTIONS,ON ROADWAY AT CROSSWALK,No,POSSIBLE INJURY,NONE,39.05181675,-77.1456672,"    (39.05181675, -77.1456672)"
MCP31250024,200005379,Montgomery County Police,Injury Crash,02/01/2020 19:20,Municipality,N WASHINGTON ST,BEALL AVE #2,,ROCKVILLE,PEDESTRIAN,SINGLE VEHICLE,RAINING,WET,DARK LIGHTS ON,TRAFFIC SIGNAL,NONE DETECTED,NONE DETECTED,C432B282-2454-4986-9FFD-38B85532E723,PEDESTRIAN,Cross/Enter at Intersection,NO IMPROPER ACTIONS,ON ROADWAY AT CROSSWALK,No,POSSIBLE INJURY,NONE,39.08684167,-77.15327,"    (39.08684167, -77.15327)"
MCP2420003T,200005339,Montgomery County Police,Injury Crash,02/01/2020 16:30,,,,ENTRANCE TO PARKING LOT OF 3410 OLNEY LAYTONSVILLE RD.,,MACHINE OPERATOR/RIDER,OTHER,CLEAR,,DAYLIGHT,NO CONTROLS,N/A,N/A,CC0BAC44-5779-4C6B-9F89-C03BCFBF31CB,MACHINE OPERATOR/RIDER,N/A,OTHER,OTHER,No,POSSIBLE INJURY,UNKNOWN,39.15288167,-77.06694833,"    (39.15288167, -77.06694833)"
MCP13690007,200005221,Montgomery County Police,Injury Crash,01/31/2020 08:30:00 PM,,,,PARKING LOT 20908 FREDERICK RD,,PEDESTRIAN,SINGLE VEHICLE,CLEAR,,DARK LIGHTS ON,NO CONTROLS,NONE DETECTED,NONE DETECTED,1927168B-4846-4228-8473-B57C4FFD535C,PEDESTRIAN,Other Working,OTHER,OTHER,No,POSSIBLE INJURY,N/A,39.19895667,-77.249115,"    (39.19895667, -77.249115)"
MCP2936003M,200005204,Montgomery County Police,Injury Crash,01/31/2020 06:55:00 PM,County,TUCKERMAN LA,EXT FR SUBWAY,,N/A,PEDESTRIAN,OTHER,CLEAR,DRY,DARK LIGHTS ON,STOP SIGN,NONE DETECTED,NONE DETECTED,96C3AEED-A2B5-4718-B1A7-D2DD84D93C71,PEDESTRIAN,Cross/Enter at Intersection,NO IMPROPER ACTIONS,ON ROADWAY AT CROSSWALK,No,SUSPECTED SERIOUS INJURY,NONE,39.02751333,-77.10128333,"    (39.02751333, -77.10128333)"
MCP3121002Z,200005027,Montgomery County Police,Injury Crash,01/30/2020 07:11:00 PM,County,LOST KNIFE RD,CONTOUR RD,,N/A,PEDESTRIAN,SINGLE VEHICLE,CLEAR,DRY,DARK LIGHTS ON,NO CONTROLS,NONE DETECTED,NONE DETECTED,64A4004C-0F45-4845-9BA3-3E4C4B4EC0C4,PEDESTRIAN,Other,IN ROADWAY IMPROPERLY,ON ROADWAY NOT AT CROSSWALK,Yes,POSSIBLE INJURY,NONE,39.15397575,-77.19992704,"    (39.15397575, -77.19992704)"
MCP30190031,200005007,Montgomery County Police,Injury Crash,01/30/2020 05:20:00 PM,Maryland (State),OLD GEORGETOWN RD,CORDELL AVE,,N/A,PEDESTRIAN,OTHER,CLEAR,DRY,DAYLIGHT,STOP SIGN,N/A,N/A,5560A491-C0C3-42A9-8CAA-45BF1020CD96,PEDESTRIAN,Cross/Enter at Intersection,INATTENTIVE,ON ROADWAY AT CROSSWALK,No,POSSIBLE INJURY,NONE,38.98795019,-77.09948262,"    (38.98795019, -77.09948262)"
MCP2043001T,200004897,Montgomery County Police,Injury Crash,01/29/2020 11:05:00 PM,County,INDUSTRIAL DR,GAITHER RD,,N/A,PEDESTRIAN,OTHER,CLEAR,N/A,DARK LIGHTS ON,STOP SIGN,NONE DETECTED,NONE DETECTED,D6421E80-7020-4F69-89A4-C82E71932651,PEDESTRIAN,Cross/Enter at Intersection,NO IMPROPER ACTIONS,AT INTERSECTION MARKED CROSSWALK,No,SUSPECTED MINOR INJURY,NONE,39.11771333,-77.18986167,"    (39.11771333, -77.18986167)"
DD55270031,200004842,Rockville Police Departme,Injury Crash,01/29/2020 06:20:00 PM,Municipality,E GUDE DR,TAFT CT,,ROCKVILLE,PEDESTRIAN,OTHER,CLEAR,DRY,DARK LIGHTS ON,TRAFFIC SIGNAL,NONE DETECTED,NONE DETECTED,B2FF3259-9888-406E-8CA1-DBB42F758D2B,PEDESTRIAN,Cross/Enter not at Intersection,FAILURE TO YIELD RIGHT OF WAY,ON ROADWAY NOT AT CROSSWALK,Yes,SUSPECTED MINOR INJURY,NONE,39.09489167,-77.12065,"    (39.09489167, -77.12065)"
DM8388003C,200004793,Takoma Park Police Depart,Injury Crash,01/29/2020 02:12:00 PM,,,,PARKING LOT BEHIND 7600 FLOWER AVE.,,PEDESTRIAN,OTHER,N/A,,DAYLIGHT,NO CONTROLS,NONE DETECTED,NONE DETECTED,CAA14BD0-47DF-474F-BFBE-4AC8E7A44F44,PEDESTRIAN,Walking to/from school,NO IMPROPER ACTIONS,OTHER,No,SUSPECTED MINOR INJURY,NONE,38.985739,-76.9983205,"    (38.985739, -76.9983205)"
MCP2475004M,200004704,Montgomery County Police,Injury Crash,01/28/2020 07:59:00 PM,Maryland (State),UNIVERSITY BLVD W,LORAIN AVE,,N/A,PEDESTRIAN,OTHER,N/A,DRY,DARK LIGHTS ON,NO CONTROLS,NONE DETECTED,UNKNOWN,EB85315A-6B31-4D36-9500-0A9EF471C249,PEDESTRIAN,Cross/Enter not at Intersection,DART DASH,OUTSIDE RIGHT OF WAY,Yes,SUSPECTED SERIOUS INJURY,NONE,39.02145367,-77.01444832,"    (39.02145367, -77.01444832)"
MCP2966005K,200004681,Montgomery County Police,Injury Crash,01/28/2020 06:00:00 PM,County,WISTERIA DR,WARING STATION RD,,N/A,PEDESTRIAN,OTHER,CLEAR,N/A,DUSK,NO CONTROLS,NONE DETECTED,N/A,A3624EFC-6250-4153-AE04-1AB871F971BC,PEDESTRIAN,Standing,INATTENTIVE,CURB,Unknown,POSSIBLE INJURY,NONE,39.16219554,-77.2508941,"    (39.16219554, -77.2508941)"
MCP003600CW,200004646,Montgomery County Police,Injury Crash,01/28/2020 03:10:00 PM,,,,PARKING LOT/BUS PICKUP KINGSVIEW MIDDLE SCHOOL 18909 KINGSVIEW RD,,PEDESTRIAN,SINGLE VEHICLE,CLOUDY,,DAYLIGHT,N/A,NONE DETECTED,NONE DETECTED,D37BE65D-0BAA-457C-A556-27FD256CA0BE,PEDESTRIAN,Standing,INATTENTIVE,CURB,No,POSSIBLE INJURY,NONE,39.16660067,-77.28542633,"    (39.16660067, -77.28542633)"
MCP28770084,200004579,Montgomery County Police,Injury Crash,01/28/2020 08:54:00 AM,County,DARCY FOREST DR,FOREST GLEN RD,,N/A,PEDESTRIAN,OTHER,CLEAR,DRY,DAYLIGHT,STOP SIGN,NONE DETECTED,NONE DETECTED,ED953D28-34E9-4CF0-8F4D-6D8764BA8BC2,PEDESTRIAN,Cross/Enter at Intersection,NO IMPROPER ACTIONS,ON ROADWAY AT CROSSWALK,No,POSSIBLE INJURY,N/A,39.01540327,-77.04728511,"    (39.01540327, -77.04728511)"
MCP2671002D,20004484,Montgomery County Police,Property Damage Crash,01/27/2020 04:50:00 PM,Maryland (State),EAST WEST HWY,COLESVILLE RD,,N/A,PEDESTRIAN,SAME DIR REAR END,N/A,DRY,DAYLIGHT,NO CONTROLS,NONE DETECTED,NONE DETECTED,8DDD9188-4EE5-487D-98ED-F85B5B73B74E,PEDESTRIAN,Playing,DART DASH,SIDEWALK,Yes,NO APPARENT INJURY,NONE,39.11418,-77.19300667,"    (39.11418, -77.19300667)"
MCP31300026,200004280,Montgomery County Police,Property Damage Crash,01/26/2020 11:15:00 AM,,,,"14030 CONNECTICUT AVE SILVER SPRING MD 20906
US POST OFFICE",,OTHER,SINGLE VEHICLE,CLOUDY,,DAYLIGHT,NO CONTROLS,NONE DETECTED,N/A,3FD0BA78-3CEF-4E01-9714-C77929064AF1,OTHER,N/A,N/A,OTHER,No,NO APPARENT INJURY,N/A,39.08646667,-77.07441167,"    (39.08646667, -77.07441167)"
MCP31130029,200004260,Montgomery County Police,Injury Crash,01/26/2020 06:50:00 AM,,,,"PARKING LOT OF 11812 NEW HAMPSHIRE AVE, OUR LADY OF VIETNAM CHURCH",,PEDESTRIAN,OTHER,N/A,,DAWN,N/A,N/A,N/A,F95F3372-352F-4C05-8579-0A01B70B61F3,PEDESTRIAN,Cross/Enter not at Intersection,NO IMPROPER ACTIONS,ON ROADWAY NOT AT CROSSWALK,No,SUSPECTED MINOR INJURY,NONE,39.05465031,-76.99516725,"    (39.05465031, -76.99516725)"
MCP3039004M,200004175,Montgomery County Police,Injury Crash,01/25/2020 03:30:00 PM,Maryland (State),PINEY BRANCH RD,RITCHIE AVE,,N/A,PEDESTRIAN,OTHER,CLEAR,DRY,DAYLIGHT,NO CONTROLS,NONE DETECTED,NONE DETECTED,2A3BDBED-3A59-49CD-9B8C-EC62BB3EA770,PEDESTRIAN,Cross/Enter at Intersection,NO IMPROPER ACTIONS,ON ROADWAY AT CROSSWALK,No,SUSPECTED MINOR INJURY,NONE,38.98837167,-77.01235,"    (38.98837167, -77.01235)"
MCP2198007G,200004032,Montgomery County Police,Injury Crash,01/24/2020 05:49:00 PM,Maryland (State),S FREDERICK RD,FULKS CORNER AVE,,GAITHERSBURG,BICYCLIST,OPPOSITE DIRECTION SIDESWIPE,CLEAR,DRY,DARK LIGHTS ON,STOP SIGN,N/A,N/A,37CFDCBA-44D2-4906-BB9C-5C6C736BE4B1,BICYCLIST,Cross/Enter at Intersection,DART DASH,AT INTERSECTION BUT NO CROSSWALK,Yes,POSSIBLE INJURY,NONE,39.149585,-77.23332,"    (39.149585, -77.23332)"