Report Number,Local Case Number,Agency Name,ACRS Report Type,Crash Date/Time,Route Type,Road Name,Cross-Street Name,Off-Road Description,Municipality,Related Non-Motorist,Collision Type,Weather,Surface Condition,Light,Traffic Control,Driver Substance Abuse,Non-Motorist Substance Abuse,Person ID,Pedestrian Type,Pedestrian Movement,Pedestrian Actions,Pedestrian Location,At Fault,Injury Severity,Safety Equipment,Latitude,Longitude,Location
MCP271700R8,190058101,Montgomery County Police,Injury Crash,12/02/2019 17:50,County,PARKLAWN DR,BOILING BROOK PKWY,,N/A,PEDESTRIAN,SINGLE VEHICLE,RAINING,WET,DARK LIGHTS ON,NO CONTROLS,NONE DETECTED,NONE DETECTED,516C9671-0C18-4B39-92CC-31FA999C7B61,PEDESTRIAN,Cross/Enter not at Intersection,DART DASH,ON ROADWAY NOT AT CROSSWALK,Yes,SUSPECTED MINOR INJURY,NONE,39.051108,-77.10514633,"    (39.051108, -77.10514633)"
MCP2682001Z,190057928,Montgomery County Police,Injury Crash,12/02/2019 7:31,County,CLUB HOUSE RD,MONTGOMERY VILLAGE AVE,,N/A,PEDESTRIAN,OTHER,CLEAR,DRY,DAYLIGHT,OTHER,UNKNOWN,NONE DETECTED,16362AD6-427C-45DB-AEC7-A92C06D730F2,PEDESTRIAN,Cross/Enter at Intersection,NO IMPROPER ACTIONS,AT INTERSECTION MARKED CROSSWALK,No,POSSIBLE INJURY,NONE,39.17452285,-77.20372112,"    (39.17452285, -77.20372112)"
MCP2848008V,190057926,Montgomery County Police,Injury Crash,12/02/2019 7:04,County,CEDAR LA,ELMHIRST PKWY,,N/A,BICYCLIST,OTHER,CLOUDY,DRY,DAWN,TRAFFIC SIGNAL,NONE DETECTED,NONE DETECTED,BAD7BCCF-7461-436A-80BC-A7C87D092B6D,BICYCLIST,Cross/Enter at Intersection,NO IMPROPER ACTIONS,ON ROADWAY AT CROSSWALK,No,SUSPECTED MINOR INJURY,MC/BIKE HELMET,39.00710667,-77.09415833,"    (39.00710667, -77.09415833)"
MCP3212000Y,190057885,Montgomery County Police,Injury Crash,12/01/2019 21:09,Maryland (State),NEW HAMPSHIRE AVE,OAKVIEW DR,,N/A,PEDESTRIAN,N/A,OTHER,WET,DARK LIGHTS ON,TRAFFIC SIGNAL,NONE DETECTED,NONE DETECTED,28565E9C-0ACF-4596-AD6C-76A3F9D43672,PEDESTRIAN,Cross/Enter at Intersection,NO IMPROPER ACTIONS,ON ROADWAY AT CROSSWALK,No,SUSPECTED MINOR INJURY,NONE,39.01531982,-76.97760212,"    (39.01531982, -76.97760212)"
MCP1491001J,190057831,Montgomery County Police,Injury Crash,12/01/2019 13:35,,,,DRIVEWAY ACCESS AT 16101 FREDERICK RD,,OTHER,OTHER,RAINING,,DAYLIGHT,N/A,NONE DETECTED,NONE DETECTED,1451841B-20DF-48D5-AC41-6BE9D3FADC64,OTHER,Other,OTHER,OTHER,Yes,SUSPECTED MINOR INJURY,N/A,39.12232706,-77.172312,"    (39.12232706, -77.172312)"
MCP2738003G,190057740,Montgomery County Police,Injury Crash,11/30/2019 09:05:00 PM,Maryland (State),NEW HAMPSHIRE AVE,LOCKWOOD DR,,N/A,PEDESTRIAN,OTHER,N/A,DRY,DARK LIGHTS ON,TRAFFIC SIGNAL,N/A,N/A,4B0A3368-C2F7-484C-9A2B-FD2043134A3B,PEDESTRIAN,Cross/Enter at Intersection,UNKNOWN,ON ROADWAY AT CROSSWALK,Unknown,SUSPECTED MINOR INJURY,N/A,39.03976667,-76.9909,"    (39.03976667, -76.9909)"
MCP31130020,190057732,Montgomery County Police,Injury Crash,11/30/2019 07:40:00 PM,County,BRIGGS CHANEY RD,RAMP 5 FR US 29 SB TO BRIGGS CHANEY RD,,N/A,PEDESTRIAN,OTHER,CLEAR,N/A,DARK LIGHTS ON,NO CONTROLS,N/A,N/A,672EB827-C663-44BA-811E-B34DC5E10C47,PEDESTRIAN,Cross/Enter not at Intersection,FAILURE TO YIELD RIGHT OF WAY,ON ROADWAY NOT AT CROSSWALK,Yes,SUSPECTED SERIOUS INJURY,NONE,39.08299833,-76.94840806,"    (39.08299833, -76.94840806)"
MCP3122002L,190057491,Montgomery County Police,Injury Crash,11/28/2019 11:25:00 PM,,,,PARKING LOT OF 2304 BLUERIDGE AVE,,PEDESTRIAN,SINGLE VEHICLE,CLEAR,,DARK LIGHTS ON,N/A,ALCOHOL PRESENT,N/A,0A14531C-8E7A-4313-8A34-7685CA5D4CF4,PEDESTRIAN,Other,NO IMPROPER ACTIONS,OTHER,No,SUSPECTED MINOR INJURY,N/A,39.04272545,-77.04853504,"    (39.04272545, -77.04853504)"
MCP3122002L,190057491,Montgomery County Police,Injury Crash,11/28/2019 11:25:00 PM,,,,PARKING LOT OF 2304 BLUERIDGE AVE,,PEDESTRIAN,SINGLE VEHICLE,CLEAR,,DARK LIGHTS ON,N/A,ALCOHOL PRESENT,NONE DETECTED,CAD6BF0E-61C2-4939-AAD3-53C9076A6EF9,PEDESTRIAN,Other,NO IMPROPER ACTIONS,OTHER,No,SUSPECTED SERIOUS INJURY,N/A,39.04272545,-77.04853504,"    (39.04272545, -77.04853504)"
MCP3097001G,190057391,Montgomery County Police,Injury Crash,11/28/2019 01:19:00 AM,County,CHERRY HILL RD,PLUM ORCHARD DR,,N/A,PEDESTRIAN,SINGLE VEHICLE,N/A,DRY,DARK LIGHTS ON,FLASHING TRAFFIC SIGNAL,NONE DETECTED,UNKNOWN,01C4D0C9-C80E-41E2-B882-9DCF0D190906,PEDESTRIAN,Cross/Enter not at Intersection,IN ROADWAY IMPROPERLY,ON ROADWAY NOT AT CROSSWALK,Yes,SUSPECTED SERIOUS INJURY,N/A,39.05316833,-76.95329167,"    (39.05316833, -76.95329167)"
MCP3242000P,190057343,Montgomery County Police,Injury Crash,11/27/2019 05:53:00 PM,Maryland (State),NEW HAMPSHIRE AVE,NORTHAMPTON DR,,N/A,PEDESTRIAN,STRAIGHT MOVEMENT ANGLE,CLEAR,DRY,DUSK,TRAFFIC SIGNAL,NONE DETECTED,NONE DETECTED,F3922533-7075-482C-B902-713DE35D3CDB,PEDESTRIAN,Cross/Enter not at Intersection,DART DASH,MEDIAN,Yes,SUSPECTED SERIOUS INJURY,NONE,39.00703333,-76.980155,"    (39.00703333, -76.980155)"
MCP2198006P,190056969,Montgomery County Police,Injury Crash,11/25/2019 05:54:00 PM,Municipality,PERRY PKWY,STRUC OV CSX R/R,,N/A,PEDESTRIAN,SINGLE VEHICLE,CLEAR,DRY,DARK LIGHTS ON,NO CONTROLS,N/A,N/A,8DE9918C-4AB2-49CB-AA4D-EE687ADAC673,PEDESTRIAN,Cross/Enter not at Intersection,DART DASH,ON ROADWAY NOT AT CROSSWALK,Yes,SUSPECTED SERIOUS INJURY,NONE,39.14672667,-77.21423667,"    (39.14672667, -77.21423667)"
MCP2689006G,190056912,Montgomery County Police,Injury Crash,11/25/2019 01:58:00 PM,,,,PARKING LOT OF 14921 SHADY GROVE RD,,PEDESTRIAN,SINGLE VEHICLE,CLEAR,,DAYLIGHT,NO CONTROLS,NONE DETECTED,NONE DETECTED,E75E2FF6-5524-49EF-AB17-E52A1E20833F,PEDESTRIAN,Other,NO IMPROPER ACTIONS,OTHER,No,NO APPARENT INJURY,NONE,39.09691989,-77.19311992,"    (39.09691989, -77.19311992)"
MCP2689006G,190056912,Montgomery County Police,Injury Crash,11/25/2019 01:58:00 PM,,,,PARKING LOT OF 14921 SHADY GROVE RD,,PEDESTRIAN,SINGLE VEHICLE,CLEAR,,DAYLIGHT,NO CONTROLS,NONE DETECTED,NONE DETECTED,A4BF9AAF-342A-47B8-9E2E-5D5DC3AF2047,PEDESTRIAN,Other,NO IMPROPER ACTIONS,OTHER,No,SUSPECTED MINOR INJURY,NONE,39.09691989,-77.19311992,"    (39.09691989, -77.19311992)"
MCP3020004G,190056885,Montgomery County Police,Property Damage Crash,11/25/2019 10:52:00 AM,,,,PARKING LOT IN FRONT OF 3860 INTERNATIONAL DR,,PEDESTRIAN,SINGLE VEHICLE,CLEAR,,DAYLIGHT,NO CONTROLS,NONE DETECTED,NONE DETECTED,92BE3C8B-4C96-479E-9F4D-CBA1B3D324CA,PEDESTRIAN,Walking/Riding w/Traffic,NO IMPROPER ACTIONS,OTHER,No,NO APPARENT INJURY,NONE,39.10195718,-77.07546937,"    (39.10195718, -77.07546937)"
MCP3109003N,190056268,Montgomery County Police,Injury Crash,11/21/2019 02:40:00 PM,County,BONIFANT ST,FENTON ST,,N/A,PEDESTRIAN,SINGLE VEHICLE,CLEAR,DRY,DAYLIGHT,NO CONTROLS,NONE DETECTED,NONE DETECTED,BB729713-C17A-4D74-83C7-18A654627A75,PEDESTRIAN,Walking/Cycling on Sidewalk,NO IMPROPER ACTIONS,SIDEWALK,No,POSSIBLE INJURY,N/A,38.9944485,-77.02392217,"    (38.9944485, -77.02392217)"
DD56150083,190056256,Rockville Police Departme,Injury Crash,11/21/2019 01:45:00 PM,Municipality,RITCHIE PKWY,E JEFFERSON ST,,ROCKVILLE,PEDESTRIAN,OTHER,CLEAR,DRY,DAYLIGHT,STOP SIGN,NONE DETECTED,NONE DETECTED,B11AD8FA-B1BA-4C39-8BE7-51587D84AC85,PEDESTRIAN,Cross/Enter at Intersection,NO IMPROPER ACTIONS,AT INTERSECTION MARKED CROSSWALK,No,POSSIBLE INJURY,NONE,39.075845,-77.141785,"    (39.075845, -77.141785)"
MCP2969007R,190056238,Montgomery County Police,Injury Crash,11/21/2019 12:05:00 PM,Maryland (State),LAYHILL RD,SULLIVAN LA,,N/A,PEDESTRIAN,OTHER,CLEAR,DRY,DAYLIGHT,STOP SIGN,NONE DETECTED,NONE DETECTED,50CB6663-A5F1-4FB1-AF2F-FAA92CE88D60,PEDESTRIAN,Cross/Enter at Intersection,NO IMPROPER ACTIONS,ON ROADWAY AT CROSSWALK,No,POSSIBLE INJURY,NONE,39.08509833,-77.04577833,"    (39.08509833, -77.04577833)"
MCP0942002P,190056218,Montgomery County Police,Injury Crash,11/21/2019 10:11:00 AM,,,,"PARKING LOT-7400 ARLINGTON RD
BETHESDA LIBRARY",,PEDESTRIAN,SINGLE VEHICLE,CLEAR,,DAYLIGHT,NO CONTROLS,NONE DETECTED,NONE DETECTED,FDC19774-407F-4EAB-8B26-6005E0C707EF,PEDESTRIAN,Other,NO IMPROPER ACTIONS,OTHER,No,SUSPECTED MINOR INJURY,NONE,38.98435298,-77.09900493,"    (38.98435298, -77.09900493)"
MCP3107001D,190056156,Montgomery County Police,Injury Crash,11/20/2019 11:38:00 PM,Maryland (State),FREDERICK RD,ENT TO SHADY GROVE METRO STATION,,N/A,PEDESTRIAN,OTHER,CLEAR,DRY,DARK LIGHTS ON,TRAFFIC SIGNAL,NONE DETECTED,NONE DETECTED,5F4A9E2C-9063-430A-8C7C-144E6C4532C4,PEDESTRIAN,Cross/Enter at Intersection,NO IMPROPER ACTIONS,ON ROADWAY AT CROSSWALK,No,SUSPECTED MINOR INJURY,N/A,39.11736108,-77.16884318,"    (39.11736108, -77.16884318)"
MCP2987005R,190055724,Montgomery County Police,Injury Crash,11/18/2019 07:20:00 PM,US (State),COLUMBIA PIKE,NEW HAMPSHIRE AVE,,N/A,PEDESTRIAN,SAME DIR REAR END,RAINING,WET,DARK -- UNKNOWN LIGHTING,NO CONTROLS,NONE DETECTED,NONE DETECTED,03071D45-8E4F-4658-9BE8-BE9A5F62ED0E,PEDESTRIAN,Push/Work on Vehicle,DISABLED VEHICLE RELATED,MEDIAN,No,SUSPECTED MINOR INJURY,NONE,39.04276,-76.99282167,"    (39.04276, -76.99282167)"
MCP2820003R,190055640,Montgomery County Police,Injury Crash,11/18/2019 01:24:00 PM,County,CONNECTICUT AVE,GRAND PRE RD,,N/A,BICYCLIST,STRAIGHT MOVEMENT ANGLE,CLOUDY,DRY,DAYLIGHT,OTHER,NONE DETECTED,NONE DETECTED,6A9BE211-C987-4BB1-BF87-B77674A418BC,BICYCLIST,Cross/Enter at Intersection,NO IMPROPER ACTIONS,ON ROADWAY AT CROSSWALK,No,POSSIBLE INJURY,NONE,39.08694667,-77.074185,"    (39.08694667, -77.074185)"
MCP30700015,190055317,Montgomery County Police,Injury Crash,11/16/2019 01:10:00 PM,County,BATTERY LA,OLD GEORGETOWN RD,,N/A,PEDESTRIAN,SINGLE VEHICLE,CLEAR,DRY,DAYLIGHT,TRAFFIC SIGNAL,N/A,N/A,6BFDD7FE-00F3-4D3D-BE61-3EF6ADAA4395,PEDESTRIAN,Cross/Enter at Intersection,NO IMPROPER ACTIONS,AT INTERSECTION MARKED CROSSWALK,No,SUSPECTED MINOR INJURY,N/A,38.99080167,-77.10278167,"    (38.99080167, -77.10278167)"
DD5628002R,190055308,Rockville Police Departme,Injury Crash,11/16/2019 12:25:00 PM,Municipality,BEALL AVE #2,N WASHINGTON ST,,ROCKVILLE,PEDESTRIAN,OTHER,CLEAR,DRY,DAYLIGHT,TRAFFIC SIGNAL,NONE DETECTED,NONE DETECTED,EA70521F-2038-4C9E-B027-8F1CF6664520,PEDESTRIAN,Cross/Enter at Intersection,IN ROADWAY IMPROPERLY,OUTSIDE RIGHT OF WAY,Yes,SUSPECTED MINOR INJURY,N/A,39.08684397,-77.1530733,"    (39.08684397, -77.1530733)"
DD5630002D,190055176,Rockville Police Departme,Property Damage Crash,11/15/2019 06:40:00 PM,Municipality,TEMPLETON PL,ROCKVILLE PIKE,,N/A,PEDESTRIAN,OTHER,CLEAR,DRY,DARK LIGHTS ON,TRAFFIC SIGNAL,NONE DETECTED,NONE DETECTED,01AEE9D0-64F7-4B93-8AA2-EFFB706991E2,PEDESTRIAN,Cross/Enter at Intersection,NO IMPROPER ACTIONS,ON ROADWAY AT CROSSWALK,No,NO APPARENT INJURY,NONE,39.06675,-77.12824,"    (39.06675, -77.12824)"
DM8336002Y,190055154,Takoma Park Police Depart,Property Damage Crash,11/15/2019 03:40:00 PM,Maryland (State),CARROLL AVE,ETHAN ALLEN AVE,,N/A,OTHER,OTHER,CLOUDY,DRY,DAYLIGHT,N/A,N/A,N/A,A3E8B331-4DE5-401A-967F-A3B07FF61C87,OTHER,N/A,NO IMPROPER ACTIONS,N/A,No,NO APPARENT INJURY,N/A,38.977835,-77.00701833,"    (38.977835, -77.00701833)"
MCP2588006P,190055048,Montgomery County Police,Injury Crash,11/15/2019 08:10:00 AM,County,GRENOBLE DR,KEATING ST,,N/A,OTHER,SAME DIRECTION SIDESWIPE,CLEAR,DRY,DAYLIGHT,NO CONTROLS,NONE DETECTED,NONE DETECTED,2F0A1CE5-DD1B-46C8-B6F9-8B5236F43A3A,OTHER,Other Working,NO IMPROPER ACTIONS,OTHER,No,POSSIBLE INJURY,REFLECTIVE CLOTHING,39.07689793,-77.09058001,"    (39.07689793, -77.09058001)"
MCP271700R4,190054987,Montgomery County Police,Injury Crash,11/14/2019 06:15:00 PM,County,WOODHAVEN BLVD,POE RD,,N/A,PEDESTRIAN,OTHER,CLEAR,DRY,DARK LIGHTS ON,NO CONTROLS,UNKNOWN,NONE DETECTED,8E1B9DF4-A26F-4AA4-B10D-114B150FA416,PEDESTRIAN,Walking/Riding against Traffic,NO IMPROPER ACTIONS,SHOULDER,No,SUSPECTED MINOR INJURY,N/A,38.99310167,-77.131288,"    (38.99310167, -77.131288)"
MCP3213000M,190054600,Montgomery County Police,Injury Crash,11/13/2019 07:30:00 PM,County,SHOREFIELD RD,GEORGIA AVE,,N/A,PEDESTRIAN,OTHER,N/A,DRY,DARK LIGHTS ON,TRAFFIC SIGNAL,NONE DETECTED,NONE DETECTED,46451EA7-1C71-491A-AB17-4C482451A5E3,PEDESTRIAN,Cross/Enter at Intersection,DART DASH,ON ROADWAY AT CROSSWALK,Yes,SUSPECTED MINOR INJURY,N/A,39.05295131,-77.05087668,"    (39.05295131, -77.05087668)"
MCP3182000S,190054614,Montgomery County Police,Injury Crash,11/12/2019 22:13,County,THAYER AVE,GEORGIA AVE,,N/A,PEDESTRIAN,HEAD ON LEFT TURN,CLEAR,DRY,DARK LIGHTS ON,TRAFFIC SIGNAL,NONE DETECTED,NONE DETECTED,ECBF0CB5-CD55-4B39-9188-244755A89A70,PEDESTRIAN,Cross/Enter at Intersection,UNKNOWN,AT INTERSECTION MARKED CROSSWALK,Unknown,POSSIBLE INJURY,NONE,38.99296797,-77.02653037,"    (38.99296797, -77.02653037)"
MCP3089002V,190054565,Montgomery County Police,Injury Crash,11/12/2019 17:02,US (State),COLESVILLE RD,FENTON ST,,N/A,PEDESTRIAN,SINGLE VEHICLE,CLEAR,DRY,DARK LIGHTS ON,TRAFFIC SIGNAL,N/A,N/A,495D0632-A611-4CAD-BF0B-36184F12A3F1,PEDESTRIAN,Cross/Enter at Intersection,N/A,AT INTERSECTION MARKED CROSSWALK,No,SUSPECTED MINOR INJURY,N/A,39.004695,-77.02445833,"    (39.004695, -77.02445833)"
MCP3242000K,190054461,Montgomery County Police,Injury Crash,11/12/2019 6:58,County,OAKVIEW DR,MT PISGAH RD,,N/A,PEDESTRIAN,HEAD ON LEFT TURN,RAINING,WET,DAYLIGHT,STOP SIGN,NONE DETECTED,NONE DETECTED,1F3EEC1F-5B89-489C-A4DA-F13E24A9BC70,PEDESTRIAN,Cross/Enter at Intersection,NO IMPROPER ACTIONS,AT INTERSECTION MARKED CROSSWALK,No,SUSPECTED MINOR INJURY,NONE,39.015115,-76.97665,"    (39.015115, -76.97665)"
MCP2512004Q,190054414,Montgomery County Police,Injury Crash,11/11/2019 19:11,County,WASHINGTON GROVE LA,TOWNE CREST DR,,N/A,PEDESTRIAN,STRAIGHT MOVEMENT ANGLE,CLEAR,DRY,DARK LIGHTS ON,OTHER,NONE DETECTED,ALCOHOL PRESENT,8701791A-A4E5-4FE9-8D68-CEC8473D52EF,PEDESTRIAN,Other,INATTENTIVE,OTHER,Yes,POSSIBLE INJURY,NONE,39.14385789,-77.17320853,"    (39.14385789, -77.17320853)"
MCP30700014,190054389,Montgomery County Police,Injury Crash,11/11/2019 17:10,,,,"CVS - 7809 WISCONSIN AVE BETHESDA, MD 20814",,PEDESTRIAN,SINGLE VEHICLE,CLEAR,,DARK LIGHTS ON,NO CONTROLS,N/A,N/A,3B4F5A81-5D3B-479A-BA9F-7051D1A06A93,PEDESTRIAN,Walking/Cycling on Sidewalk,NO IMPROPER ACTIONS,SIDEWALK,No,SUSPECTED MINOR INJURY,NONE,38.98884167,-77.09509333,"    (38.98884167, -77.09509333)"
MCP3086003D,190054343,Montgomery County Police,Injury Crash,11/11/2019 13:45,County,MIDCOUNTY HWY,WASHINGTON GROVE LA,,N/A,BICYCLIST,OTHER,CLEAR,DRY,DAYLIGHT,TRAFFIC SIGNAL,NONE DETECTED,NONE DETECTED,7E2A8F49-8608-4D81-8ACE-F9F075CFD743,BICYCLIST,Cross/Enter at Intersection,NO IMPROPER ACTIONS,AT INTERSECTION MARKED CROSSWALK,No,SUSPECTED MINOR INJURY,NONE,39.14750167,-77.16900817,"    (39.14750167, -77.16900817)"
MCP3149001J,190054339,Montgomery County Police,Injury Crash,11/11/2019 13:23,Maryland (State),UNIVERSITY BLVD E,WILLIAMSBURG DR,,N/A,PEDESTRIAN,SINGLE VEHICLE,CLEAR,DRY,DAYLIGHT,TRAFFIC SIGNAL,N/A,N/A,05C715F5-52E1-4706-96C4-B60477528FC0,PEDESTRIAN,Cross/Enter at Intersection,UNKNOWN,AT INTERSECTION MARKED CROSSWALK,No,SUSPECTED MINOR INJURY,N/A,39.01794833,-77.006905,"    (39.01794833, -77.006905)"
MCP93010030,190054180,Montgomery County Police,Injury Crash,11/10/2019 12:15,,,,PARKING LOT OF 544 N. FREDERICK AVE,,PEDESTRIAN,SINGLE VEHICLE,CLEAR,,DAYLIGHT,N/A,N/A,N/A,A5408C5D-61E8-452D-B365-6E837F727939,PEDESTRIAN,Other,N/A,ON ROADWAY NOT AT CROSSWALK,Unknown,POSSIBLE INJURY,N/A,39.14826333,-77.20930167,"    (39.14826333, -77.20930167)"
DD56170024,190054253,Rockville Police Departme,Injury Crash,11/09/2019 23:00,Municipality,PARK RD,HUNGERFORD DR,,N/A,PEDESTRIAN,OTHER,CLEAR,N/A,DARK LIGHTS ON,TRAFFIC SIGNAL,UNKNOWN,UNKNOWN,04BAE178-E0DA-4243-B3E3-97659BAA8E60,PEDESTRIAN,Cross/Enter at Intersection,UNKNOWN,AT INTERSECTION MARKED CROSSWALK,Unknown,SUSPECTED MINOR INJURY,NONE,39.08526596,-77.14809588,"    (39.08526596, -77.14809588)"
MCP1170002J,190054027,Montgomery County Police,Injury Crash,11/09/2019 12:59,County,GREENCASTLE RD,BROWNSTONE DR,,N/A,PEDESTRIAN,SINGLE VEHICLE,CLEAR,DRY,DAYLIGHT,N/A,NONE DETECTED,N/A,1724C550-4B69-4C7C-9B92-95718739E804,PEDESTRIAN,Other,OTHER,OTHER,Yes,SUSPECTED SERIOUS INJURY,NONE,39.11322833,-76.93093333,"    (39.11322833, -76.93093333)"
MCP3195000Q,190053930,Montgomery County Police,Injury Crash,11/08/2019 18:40,US (State),COLUMBIA PIKE,INDUSTRIAL PKWY,,N/A,PEDESTRIAN,STRAIGHT MOVEMENT ANGLE,CLEAR,DRY,DARK LIGHTS ON,TRAFFIC SIGNAL,N/A,NONE DETECTED,3B8C5C72-9AC7-4E13-B77B-F5ABE182368F,PEDESTRIAN,Cross/Enter at Intersection,DART DASH,ON ROADWAY NOT AT CROSSWALK,Yes,SUSPECTED SERIOUS INJURY,NONE,39.0563,-76.97162333,"    (39.0563, -76.97162333)"
MCP24920018,190053921,Montgomery County Police,Injury Crash,11/08/2019 17:45,Ramp,RAMP 5 FR MD 187 SB TO RAMP 4 (TO IS495),OLD GEORGETOWN RD,,N/A,BICYCLIST,OTHER,CLEAR,DRY,DARK LIGHTS ON,TRAFFIC SIGNAL,NONE DETECTED,NONE DETECTED,A96301C6-8293-4CDD-9E7E-BC3587392B9A,BICYCLIST,Cross/Enter at Intersection,UNKNOWN,ON ROADWAY AT CROSSWALK,Yes,SUSPECTED SERIOUS INJURY,NONE,39.01519376,-77.11870394,"    (39.01519376, -77.11870394)"
MCP3213000L,190053730,Montgomery County Police,Injury Crash,11/07/2019 18:04,US (State),GEORGIA AVE,WAYNE AVE,,N/A,PEDESTRIAN,N/A,RAINING,WET,DARK LIGHTS ON,OTHER,NONE DETECTED,NONE DETECTED,5211DDBE-7304-4BA8-BAD9-73E87CDD9538,PEDESTRIAN,Cross/Enter at Intersection,IMPROPER PASSING,AT INTERSECTION MARKED CROSSWALK,Yes,SUSPECTED MINOR INJURY,N/A,38.99446974,-77.02669992,"    (38.99446974, -77.02669992)"
DD5628002M,190052934,Rockville Police Departme,Injury Crash,11/07/2019 10:20,Municipality,PICCARD DR,REDLAND BLVD,,ROCKVILLE,PEDESTRIAN,OTHER,CLEAR,OTHER,DAYLIGHT,OTHER,NONE DETECTED,NONE DETECTED,EECECE2E-DD11-4576-87BC-F31BC2EA8579,PEDESTRIAN,Other Working,WRONG WAY RIDING OR WALKING,ON ROADWAY NOT AT CROSSWALK,Yes,SUSPECTED MINOR INJURY,REFLECTIVE CLOTHING,39.113975,-77.17959258,"    (39.113975, -77.17959258)"
MCP1119007V,190053603,Montgomery County Police,Injury Crash,11/07/2019 8:00,County,AMHERST AVE,WINDHAM LA,,N/A,BICYCLIST,OTHER,CLOUDY,DRY,DAYLIGHT,STOP SIGN,NONE DETECTED,NONE DETECTED,97F9444A-272C-4063-84C8-16C9996B5E81,BICYCLIST,Walking/Cycling on Sidewalk,DART DASH,AT INTERSECTION MARKED CROSSWALK,Yes,POSSIBLE INJURY,NONE,39.03197418,-77.04711387,"    (39.03197418, -77.04711387)"
DD5598003F,190053600,Rockville Police Departme,Injury Crash,11/07/2019 7:40,Municipality,MARYLAND AVE,S WASHINGTON ST,,ROCKVILLE,PEDESTRIAN,OTHER,CLOUDY,DRY,DAYLIGHT,OTHER,N/A,N/A,AE7B7B88-0DE2-410A-96F7-1C9E36935A78,PEDESTRIAN,Cross/Enter at Intersection,NO IMPROPER ACTIONS,ON ROADWAY AT CROSSWALK,No,POSSIBLE INJURY,N/A,39.08040683,-77.15259717,"    (39.08040683, -77.15259717)"
MCP3114001N,190053512,Montgomery County Police,Injury Crash,11/06/2019 17:22,Other Public Roadway,CALVERTON BLVD,CHERRY HILL RD,,N/A,PEDESTRIAN,SINGLE VEHICLE,CLEAR,DRY,DARK LIGHTS ON,NO CONTROLS,NONE DETECTED,NONE DETECTED,33666EB0-36AC-4CC4-B610-28A572FFBDE5,PEDESTRIAN,Cross/Enter at Intersection,NO IMPROPER ACTIONS,ON ROADWAY AT CROSSWALK,No,SUSPECTED MINOR INJURY,NONE,39.056385,-76.95302833,"    (39.056385, -76.95302833)"
MCP3085001W,190053496,Montgomery County Police,Injury Crash,11/06/2019 16:09,County,MACARTHUR BLVD,81ST ST,,N/A,BICYCLIST,HEAD ON LEFT TURN,CLEAR,DRY,DAYLIGHT,NO CONTROLS,NONE DETECTED,NONE DETECTED,1FAAF9B7-C38B-4969-A9A9-17DDB9AE3B53,BICYCLIST,Walking/Cycling on Sidewalk,NO IMPROPER ACTIONS,SIDEWALK,Yes,SUSPECTED MINOR INJURY,MC/BIKE HELMET,38.97459833,-77.16567333,"    (38.97459833, -77.16567333)"
MCP3109003G,190053471,Montgomery County Police,Property Damage Crash,11/06/2019 13:30,,,,DRIVEWAY AT 8120 GEORGIA AVE,,MACHINE OPERATOR/RIDER,STRAIGHT MOVEMENT ANGLE,CLEAR,,DAYLIGHT,NO CONTROLS,NONE DETECTED,NONE DETECTED,A9E7C80C-C0F0-4EC5-9600-47E117B9A6B4,MACHINE OPERATOR/RIDER,Walking/Cycling on Sidewalk,NO IMPROPER ACTIONS,SIDEWALK,No,NO APPARENT INJURY,NONE,38.99114467,-77.02677867,"    (38.99114467, -77.02677867)"
MCP20010015,190053398,Montgomery County Police,Fatal Crash,11/06/2019 7:27,Municipality,MCAULIFFE DR,LINTHICUM ST,,ROCKVILLE,PEDESTRIAN,SINGLE VEHICLE,CLEAR,DRY,DAYLIGHT,NO CONTROLS,NONE DETECTED,NONE DETECTED,3BDF0544-8063-4831-8DAC-6E1807B94326,PEDESTRIAN,Cross/Enter not at Intersection,UNKNOWN,OUTSIDE RIGHT OF WAY,Yes,FATAL INJURY,NONE,39.07656774,-77.11651066,"    (39.07656774, -77.11651066)"
MCP1500001R,190053468,Montgomery County Police,Injury Crash,11/05/2019 21:00,,,,"PARKING LOT OF 2509 UNIVERSITY BLVD WEST, SILVER SPRING, MD 20902",,PEDESTRIAN,SAME DIR REAR END,UNKNOWN,,DARK -- UNKNOWN LIGHTING,NO CONTROLS,UNKNOWN,UNKNOWN,CA629DA1-3F0C-4BF9-AE5F-F43ED4FEBB2A,PEDESTRIAN,Standing,NO IMPROPER ACTIONS,OTHER,No,SUSPECTED MINOR INJURY,N/A,39.04164357,-77.05209187,"    (39.04164357, -77.05209187)"
EJ78370049,190053304,Gaithersburg Police Depar,Injury Crash,11/05/2019 15:45,Municipality,RUSSELL AVE,WATKINS MILL RD,,GAITHERSBURG,PEDESTRIAN,SINGLE VEHICLE,CLEAR,DRY,DAYLIGHT,NO CONTROLS,N/A,N/A,54463128-11C7-4A4C-AE9C-077075026DDE,PEDESTRIAN,Cross/Enter at Intersection,NO IMPROPER ACTIONS,AT INTERSECTION BUT NO CROSSWALK,Unknown,POSSIBLE INJURY,NONE,39.15925833,-77.21559,"    (39.15925833, -77.21559)"
MCP2969007J,190053293,Montgomery County Police,Injury Crash,11/05/2019 14:39,,,,PARKING LOT OF 3305 NORTH LEISURE WORLD BLVD,,PEDESTRIAN,SINGLE VEHICLE,CLEAR,,DAYLIGHT,NO CONTROLS,NONE DETECTED,NONE DETECTED,E09132AA-3049-4B33-B44B-1D188B386816,PEDESTRIAN,Other,NO IMPROPER ACTIONS,OTHER,No,SUSPECTED MINOR INJURY,LIGHTING,39.10942167,-77.06457833,"    (39.10942167, -77.06457833)"
MCP26170087,190053280,Montgomery County Police,Injury Crash,11/05/2019 14:05,County,ARCOLA AVE,KERSEY RD,,N/A,PEDESTRIAN,OTHER,CLEAR,DRY,DAYLIGHT,NO CONTROLS,NONE DETECTED,NONE DETECTED,50CA2A68-AEBD-4B66-9B5A-9FFAE047FCD2,PEDESTRIAN,Cross/Enter at Intersection,N/A,AT INTERSECTION MARKED CROSSWALK,No,POSSIBLE INJURY,NONE,39.043475,-77.03062167,"    (39.043475, -77.03062167)"
MCP26170087,190053280,Montgomery County Police,Injury Crash,11/05/2019 14:05,County,ARCOLA AVE,KERSEY RD,,N/A,PEDESTRIAN,OTHER,CLEAR,DRY,DAYLIGHT,NO CONTROLS,NONE DETECTED,NONE DETECTED,DB39F010-09B7-4111-8921-4814E44A1621,PEDESTRIAN,Cross/Enter at Intersection,N/A,AT INTERSECTION MARKED CROSSWALK,No,NO APPARENT INJURY,NONE,39.043475,-77.03062167,"    (39.043475, -77.03062167)"