Report Number,Local Case Number,Agency Name,ACRS Report Type,Crash Date/Time,Route Type,Road Name,Cross-Street Name,Off-Road Description,Municipality,Related Non-Motorist,Collision Type,Weather,Surface Condition,Light,Traffic Control,Driver Substance Abuse,Non-Motorist Substance Abuse,Person ID,Pedestrian Type,Pedestrian Movement,Pedestrian Actions,Pedestrian Location,At Fault,Injury Severity,Safety Equipment,Latitude,Longitude,Location
MCP3112003J,190049350,Montgomery County Police,Injury Crash,10/14/2019 07:38:00 PM,,,,"REAR ENTRANCE TO 7620 OLD GEORGETOWN ROAD, BETHESDA MD-- ENTRANCE ON WOODMONT AVE",,PEDESTRIAN,SINGLE VEHICLE,CLEAR,,DARK NO LIGHTS,N/A,NONE DETECTED,NONE DETECTED,8ACD8093-00B1-4017-937D-4F8E7B0729EF,PEDESTRIAN,Walking/Cycling on Sidewalk,NO IMPROPER ACTIONS,SIDEWALK,No,POSSIBLE INJURY,N/A,38.98563933,-77.09691383,"    (38.98563933, -77.09691383)"
DD56050073,190049295,Rockville Police Departme,Injury Crash,10/14/2019 02:00:00 PM,Maryland (State),ROCKVILLE PIKE,EDMONSTON DR,,ROCKVILLE,PEDESTRIAN,STRAIGHT MOVEMENT ANGLE,CLEAR,DRY,DAYLIGHT,TRAFFIC SIGNAL,NONE DETECTED,NONE DETECTED,13DF6548-8ACA-48EA-8075-35A1F3D056B2,PEDESTRIAN,Standing,NO IMPROPER ACTIONS,SIDEWALK,No,SUSPECTED SERIOUS INJURY,N/A,39.07450917,-77.13577483,"    (39.07450917, -77.13577483)"
MCP24920017,190049226,Montgomery County Police,Fatal Crash,10/13/2019 07:40:00 PM,Maryland (State),UNIVERSITY BLVD E,SEEK LA,,N/A,PEDESTRIAN,OTHER,CLEAR,DRY,DARK LIGHTS ON,NO CONTROLS,"COMBINED SUBSTANCE PRESENT, NONE DETECTED",ALCOHOL PRESENT,0546D6C8-ADB1-4234-A0BE-03E925DF03D1,PEDESTRIAN,Cross/Enter not at Intersection,UNKNOWN,N/A,No,FATAL INJURY,NONE,38.99723,-76.99353667,"    (38.99723, -76.99353667)"
MCP2450002X,190049073,Montgomery County Police,Injury Crash,10/12/2019 17:49,US (State),GEORGIA AVE,13TH ST,,N/A,PEDESTRIAN,OTHER,N/A,N/A,DAYLIGHT,OTHER,NONE DETECTED,NONE DETECTED,3C03F820-6078-41AA-9F35-5CA3B2B52AA3,PEDESTRIAN,Getting off/on Vehicle,NO IMPROPER ACTIONS,SIDEWALK,No,POSSIBLE INJURY,N/A,38.98692833,-77.02664,"    (38.98692833, -77.02664)"
MCP1389002J,190049063,Montgomery County Police,Injury Crash,10/12/2019 16:30,County,LOST KNIFE RD,ODENDHAL AVE,,N/A,OTHER CONVEYANCE,STRAIGHT MOVEMENT ANGLE,CLEAR,DRY,DAYLIGHT,OTHER,NONE DETECTED,NONE DETECTED,14B5B731-26B4-4E57-800C-50E3D84E4131,OTHER CONVEYANCE,Other,NO IMPROPER ACTIONS,MIDBLOCK MARKED CROSSWALK,No,SUSPECTED SERIOUS INJURY,N/A,39.15281153,-77.1985404,"    (39.15281153, -77.1985404)"
MCP31560011,190048989,Montgomery County Police,Injury Crash,10/12/2019 1:03,Maryland (State),16TH ST,EAST WEST HWY,,N/A,PEDESTRIAN,SINGLE VEHICLE,CLEAR,DRY,DARK LIGHTS ON,TRAFFIC SIGNAL,UNKNOWN,NONE DETECTED,40BDAFA1-6BFD-481E-AD3F-19D51C03673E,PEDESTRIAN,Cross/Enter at Intersection,IN ROADWAY IMPROPERLY,ON ROADWAY AT CROSSWALK,Yes,NO APPARENT INJURY,N/A,38.99460544,-77.03637746,"    (38.99460544, -77.03637746)"
MCP31560011,190048989,Montgomery County Police,Injury Crash,10/12/2019 1:03,Maryland (State),16TH ST,EAST WEST HWY,,N/A,PEDESTRIAN,SINGLE VEHICLE,CLEAR,DRY,DARK LIGHTS ON,TRAFFIC SIGNAL,UNKNOWN,NONE DETECTED,2BA8C315-B7A3-49EE-8C45-FA01C96C839F,PEDESTRIAN,Cross/Enter at Intersection,FAILURE TO OBEY TRAFFIC SIGNS SIGNALS OR OFFICER,ON ROADWAY AT CROSSWALK,Yes,SUSPECTED MINOR INJURY,NONE,38.99460544,-77.03637746,"    (38.99460544, -77.03637746)"
MCP3121002G,190048939,Montgomery County Police,Property Damage Crash,10/11/2019 19:50,County,WALKERS CHOICE RD,LAKE LANDING RD,,N/A,PEDESTRIAN,SINGLE VEHICLE,CLEAR,DRY,DARK LIGHTS ON,TRAFFIC SIGNAL,UNKNOWN,NONE DETECTED,1AE34311-0563-4631-A417-BA827EDBD59A,PEDESTRIAN,Cross/Enter at Intersection,NO IMPROPER ACTIONS,ON ROADWAY AT CROSSWALK,No,NO APPARENT INJURY,NONE,39.16144578,-77.20209489,"    (39.16144578, -77.20209489)"
DM8374002K,190048900,Takoma Park Police Depart,Injury Crash,10/11/2019 15:09,,,,PARKING LOT 1159 UNIVERSITY BLVD,,PEDESTRIAN,OTHER,CLEAR,,DAYLIGHT,N/A,N/A,N/A,2B08D966-0BAA-4EF0-AEB1-CBF36734F82D,PEDESTRIAN,Other,IN ROADWAY IMPROPERLY,ON ROADWAY NOT AT CROSSWALK,Yes,POSSIBLE INJURY,NONE,38.98876,-76.98915833,"    (38.98876, -76.98915833)"
MCP12330039,190048743,Montgomery County Police,Injury Crash,10/10/2019 19:26,,,,10526 CONNECTICUT AVE. (PARKING LOT) KENSINGTON,,PEDESTRIAN,HEAD ON LEFT TURN,CLEAR,,DARK NO LIGHTS,NO CONTROLS,NONE DETECTED,NONE DETECTED,5A8F3038-3484-44BD-BC2E-D6734078D5BE,PEDESTRIAN,Other,NO IMPROPER ACTIONS,OTHER,No,SUSPECTED MINOR INJURY,N/A,39.02790167,-77.07686167,"    (39.02790167, -77.07686167)"
MCP31810015,190048656,Montgomery County Police,Injury Crash,10/10/2019 12:18,County,ARCOLA AVE,CHANNING DR,,N/A,BICYCLIST,STRAIGHT MOVEMENT ANGLE,CLEAR,DRY,DAYLIGHT,OTHER,N/A,N/A,9AC9E812-E25C-4CDC-A670-67EA2C4E0C3E,BICYCLIST,Cross/Enter at Intersection,NO IMPROPER ACTIONS,ON ROADWAY AT CROSSWALK,No,SUSPECTED MINOR INJURY,MC/BIKE HELMET,39.04758833,-77.040925,"    (39.04758833, -77.040925)"
MCP3105002M,190048654,Montgomery County Police,Injury Crash,10/10/2019 11:56,,,,PARKING LOT OF 19945 CENTURY BLVD (CHICK FIL A),,PEDESTRIAN,SINGLE VEHICLE,CLEAR,,DAYLIGHT,N/A,UNKNOWN,NONE DETECTED,68C3AE05-4B66-4B62-87E3-98D422E3E26B,PEDESTRIAN,Other,UNKNOWN,OTHER,No,POSSIBLE INJURY,N/A,39.18241917,-77.261541,"    (39.18241917, -77.261541)"
MCP2667006J,190048595,Montgomery County Police,Injury Crash,10/10/2019 5:30,County,OAKMONT AVE,RAILROAD ST,,N/A,PEDESTRIAN,OTHER,CLEAR,DRY,DARK NO LIGHTS,N/A,NONE DETECTED,NONE DETECTED,0A39FED6-93C6-4BED-BE1F-33D8E18D9C0C,PEDESTRIAN,Standing,IN ROADWAY IMPROPERLY,ON ROADWAY NOT AT CROSSWALK,Yes,SUSPECTED SERIOUS INJURY,NONE,39.13180626,-77.17504441,"    (39.13180626, -77.17504441)"
MCP2722003D,190048511,Montgomery County Police,Injury Crash,10/09/2019 16:18,,N LEISURE WORLD BLV,ROSSMOOR BLV,,N/A,PEDESTRIAN,SINGLE VEHICLE,CLEAR,DRY,DAYLIGHT,STOP SIGN,NONE DETECTED,NONE DETECTED,DE091680-ED7E-47F6-BC3A-A3A09B3D563E,PEDESTRIAN,Cross/Enter at Intersection,IN ROADWAY IMPROPERLY,ON ROADWAY NOT AT CROSSWALK,Yes,SUSPECTED MINOR INJURY,NONE,39.10100167,-77.07414667,"    (39.10100167, -77.07414667)"
MCP2513001S,190048430,Montgomery County Police,Injury Crash,10/09/2019 8:36,County,ADELPHI RD,NEW HAMPSHIRE AVE,,N/A,PEDESTRIAN,OTHER,CLEAR,DRY,DAYLIGHT,TRAFFIC SIGNAL,NONE DETECTED,NONE DETECTED,56EE9F67-3317-4A5B-91C4-E56EFE074622,PEDESTRIAN,Cross/Enter at Intersection,UNKNOWN,AT INTERSECTION MARKED CROSSWALK,Unknown,SUSPECTED SERIOUS INJURY,N/A,39.01142465,-76.97904552,"    (39.01142465, -76.97904552)"
MCP2845005M,190048420,Montgomery County Police,Injury Crash,10/09/2019 6:45,County,DENNIS AVE,UNIVERSITY BLVD W,,N/A,BICYCLIST,SINGLE VEHICLE,CLEAR,WET,DARK LIGHTS ON,TRAFFIC SIGNAL,NONE DETECTED,NONE DETECTED,A7BBBAF5-0DFE-4272-BCE1-B9DFAE7E39B4,BICYCLIST,Cross/Enter at Intersection,NO IMPROPER ACTIONS,AT INTERSECTION MARKED CROSSWALK,No,POSSIBLE INJURY,NONE,39.02594927,-77.02031117,"    (39.02594927, -77.02031117)"
MCP3111001P,190048267,Montgomery County Police,Property Damage Crash,10/08/2019 10:11,Maryland (State),ROCKVILLE PIKE,CENTER DR,,N/A,PEDESTRIAN,SAME DIR REAR END,CLEAR,DRY,DAYLIGHT,TRAFFIC SIGNAL,NONE DETECTED,NONE DETECTED,1562C393-14B9-44AA-BB7B-6C8309B641FB,PEDESTRIAN,Cross/Enter at Intersection,NO IMPROPER ACTIONS,AT INTERSECTION MARKED CROSSWALK,No,NO APPARENT INJURY,NONE,38.99693893,-77.09671783,"    (38.99693893, -77.09671783)"
MCP3004003C,190048190,Montgomery County Police,Injury Crash,10/07/2019 20:00,County,COLSTON DR,GRUBB RD,,N/A,PEDESTRIAN,OTHER,CLEAR,DRY,DARK LIGHTS ON,N/A,NONE DETECTED,NONE DETECTED,80B4F5E8-86E3-4159-A902-A37E02E9865C,PEDESTRIAN,Cross/Enter at Intersection,NO IMPROPER ACTIONS,OTHER,No,POSSIBLE INJURY,NONE,38.99326167,-77.05107167,"    (38.99326167, -77.05107167)"
MCP137800SJ,190048178,Montgomery County Police,Injury Crash,10/07/2019 18:51,County,SNOUFFERS SCHOOL RD,WOODFIELD RD,,N/A,PEDESTRIAN,SINGLE VEHICLE,CLOUDY,DRY,DARK LIGHTS ON,WARNING SIGN,NONE DETECTED,ALCOHOL PRESENT,A571EEEA-6D0C-4E05-9971-F9CCFE06EE58,PEDESTRIAN,Cross/Enter not at Intersection,DART DASH,ISLAND,Yes,SUSPECTED SERIOUS INJURY,NONE,39.16084,-77.16312333,"    (39.16084, -77.16312333)"
MCP3161001S,190048151,Montgomery County Police,Injury Crash,10/07/2019 15:39,Maryland (State),UNIVERSITY BLVD W,PERRY AVE,,KENSINGTON,PEDESTRIAN,SAME DIR REAR END,CLEAR,DRY,DAYLIGHT,N/A,NONE DETECTED,NONE DETECTED,EBEEDCC1-4C2C-4A6A-B12E-126804D64FFC,PEDESTRIAN,Cross/Enter at Intersection,UNKNOWN,ON ROADWAY AT CROSSWALK,No,POSSIBLE INJURY,NONE,39.03274833,-77.07378833,"    (39.03274833, -77.07378833)"
MCP3161001S,190048151,Montgomery County Police,Injury Crash,10/07/2019 15:39,Maryland (State),UNIVERSITY BLVD W,PERRY AVE,,KENSINGTON,PEDESTRIAN,SAME DIR REAR END,CLEAR,DRY,DAYLIGHT,N/A,NONE DETECTED,NONE DETECTED,10E8645F-28F0-47A3-9F86-1967E2B03C01,PEDESTRIAN,Cross/Enter at Intersection,UNKNOWN,ON ROADWAY AT CROSSWALK,No,POSSIBLE INJURY,NONE,39.03274833,-77.07378833,"    (39.03274833, -77.07378833)"
MCP3161001S,190048151,Montgomery County Police,Injury Crash,10/07/2019 15:39,Maryland (State),UNIVERSITY BLVD W,PERRY AVE,,KENSINGTON,PEDESTRIAN,SAME DIR REAR END,CLEAR,DRY,DAYLIGHT,N/A,NONE DETECTED,NONE DETECTED,7B8D538E-C5E5-4982-8B40-5AD24E079F91,PEDESTRIAN,Cross/Enter at Intersection,UNKNOWN,ON ROADWAY AT CROSSWALK,No,NO APPARENT INJURY,NONE,39.03274833,-77.07378833,"    (39.03274833, -77.07378833)"
DD56300026,190049187,Rockville Police Departme,Property Damage Crash,10/07/2019 7:55,Municipality,MARYLAND AVE,NEW MARK ESPLANADE,,ROCKVILLE,BICYCLIST,OTHER,CLEAR,DRY,DAYLIGHT,NO CONTROLS,UNKNOWN,NONE DETECTED,33E91FB8-8469-44E0-ADC4-67F645112AB3,BICYCLIST,Other,NO IMPROPER ACTIONS,ON ROADWAY AT CROSSWALK,No,NO APPARENT INJURY,NONE,39.08654,-77.13022,"    (39.08654, -77.13022)"
MCP1575009K,190048063,Montgomery County Police,Injury Crash,10/07/2019 7:41,County,CRABBS BRANCH WAY,REDLAND RD,,N/A,BICYCLIST,OTHER,CLOUDY,DRY,DAYLIGHT,TRAFFIC SIGNAL,NONE DETECTED,NONE DETECTED,43E22780-ED05-47D4-8D23-1702A0B9AD8C,BICYCLIST,Cross/Enter at Intersection,IN ROADWAY IMPROPERLY,ON ROADWAY NOT AT CROSSWALK,No,POSSIBLE INJURY,MC/BIKE HELMET,39.12108167,-77.15834833,"    (39.12108167, -77.15834833)"
MCP1433002P,190048012,Montgomery County Police,Injury Crash,10/06/2019 19:30,,,,ENTRANCE TO FEDERAL PLAZA SHOPPING CENTER,,PEDESTRIAN,OTHER,CLOUDY,,DARK LIGHTS ON,TRAFFIC SIGNAL,NONE DETECTED,NONE DETECTED,B3B59870-6E5C-4F19-931F-C313B7AFE458,PEDESTRIAN,Cross/Enter at Intersection,NO IMPROPER ACTIONS,ON ROADWAY AT CROSSWALK,No,POSSIBLE INJURY,NONE,39.05744564,-77.12036467,"    (39.05744564, -77.12036467)"
MCP3050003X,190047996,Montgomery County Police,Injury Crash,10/06/2019 18:17,County,GRENOBLE CT,GRENOBLE DR,,N/A,BICYCLIST,SINGLE VEHICLE,CLEAR,DRY,DAYLIGHT,NO CONTROLS,NONE DETECTED,NONE DETECTED,FE8A870F-390C-485F-99ED-77C3D0B40ED6,BICYCLIST,Other,DART DASH,AT INTERSECTION BUT NO CROSSWALK,No,SUSPECTED MINOR INJURY,MC/BIKE HELMET,39.07023734,-77.08879965,"    (39.07023734, -77.08879965)"
EJ7851004R,190047966,Gaithersburg Police Depar,Injury Crash,10/06/2019 14:51,Maryland (State),FREDERICK RD,MARYLAND AVE,,GAITHERSBURG,PEDESTRIAN,SINGLE VEHICLE,CLOUDY,DRY,DAYLIGHT,NO CONTROLS,NONE DETECTED,NONE DETECTED,257DF127-10F0-4697-B21E-2CE00D0F737D,PEDESTRIAN,Standing,N/A,ON ROADWAY NOT AT CROSSWALK,Yes,POSSIBLE INJURY,NONE,39.14538076,-77.20329128,"    (39.14538076, -77.20329128)"
DD56420002,190047941,Rockville Police Departme,Injury Crash,10/06/2019 11:52,,,,PARKING LOT OF 344 MARTINS LN.,,PEDESTRIAN,OTHER,CLEAR,,DAYLIGHT,NO CONTROLS,NONE DETECTED,N/A,506213E0-BF1D-4FF9-89CD-872860B4D3BE,PEDESTRIAN,N/A,NO IMPROPER ACTIONS,OTHER,No,SUSPECTED MINOR INJURY,N/A,39.09104914,-77.16127881,"    (39.09104914, -77.16127881)"
DD56420002,190047941,Rockville Police Departme,Injury Crash,10/06/2019 11:52,,,,PARKING LOT OF 344 MARTINS LN.,,PEDESTRIAN,OTHER,CLEAR,,DAYLIGHT,NO CONTROLS,NONE DETECTED,N/A,D57D2673-A95D-4E3F-BC3E-880E0478096B,PEDESTRIAN,N/A,NO IMPROPER ACTIONS,OTHER,No,SUSPECTED MINOR INJURY,N/A,39.09104914,-77.16127881,"    (39.09104914, -77.16127881)"
MCP3201000F,190047924,Montgomery County Police,Injury Crash,10/06/2019 9:17,,,,PARKING LOT OF 13114 BRIARCLIFF TERRACE.,,PEDESTRIAN,OTHER,CLOUDY,,DAYLIGHT,NO CONTROLS,N/A,N/A,6DE63A68-117D-49A8-9BEC-1DE40C9DDC69,PEDESTRIAN,Playing,IN ROADWAY IMPROPERLY,OTHER,Yes,SUSPECTED SERIOUS INJURY,NONE,39.18211656,-77.27417256,"    (39.18211656, -77.27417256)"
MCP26150037,190047703,Montgomery County Police,Property Damage Crash,10/04/2019 18:38,,,,"13855 OUTLET DRIVE,
SILVER SPRING, MD, 20904",,PEDESTRIAN,OTHER,CLEAR,,DAYLIGHT,NO CONTROLS,UNKNOWN,NONE DETECTED,383B9F92-7FE7-4BAE-AAD2-84450AC7095A,PEDESTRIAN,Standing,N/A,OTHER,No,NO APPARENT INJURY,N/A,39.08240609,-76.94673901,"    (39.08240609, -76.94673901)"
MCP3141001C,190047569,Montgomery County Police,Injury Crash,10/04/2019 8:11,,,,"12289 TECH ROAD, SILVER SPRING, MONTGOMERY COUNTY MD.",,PEDESTRIAN,SINGLE VEHICLE,N/A,,DAYLIGHT,NO CONTROLS,UNKNOWN,NONE DETECTED,A5387573-2B50-4DAB-A4D2-5A871CACD313,PEDESTRIAN,Cross/Enter at Intersection,NO IMPROPER ACTIONS,ON ROADWAY AT CROSSWALK,No,POSSIBLE INJURY,NONE,39.05628324,-76.96821265,"    (39.05628324, -76.96821265)"
MCP29950055,190047077,Montgomery County Police,Injury Crash,10/02/2019 16:35,,,,"PARKING LOT OF 4101 RANDOLPH RD. SILVER SPRING, MD 20906. (SHELL GAS STATION)",,PEDESTRIAN,N/A,CLEAR,,DAYLIGHT,NO CONTROLS,NONE DETECTED,NONE DETECTED,3ACB19FD-9E19-4DE0-9820-391345037DA0,PEDESTRIAN,Standing,OTHER,OTHER,No,POSSIBLE INJURY,N/A,39.09205,-77.06954167,"    (39.09205, -77.06954167)"
MCP2869003W,190047272,Montgomery County Police,Injury Crash,10/02/2019 14:40,County,KERWIN RD,UNIVERSITY BLVD W,,N/A,BICYCLIST,OTHER,N/A,DRY,DAYLIGHT,STOP SIGN,UNKNOWN,NONE DETECTED,FFEC9862-6481-4B52-A6AD-31537C818010,BICYCLIST,Cross/Enter at Intersection,NO IMPROPER ACTIONS,AT INTERSECTION BUT NO CROSSWALK,No,SUSPECTED MINOR INJURY,MC/BIKE HELMET,39.02979358,-77.02100592,"    (39.02979358, -77.02100592)"
MCP2917005K,190047266,Montgomery County Police,Injury Crash,10/02/2019 14:34,Maryland (State),NEW HAMPSHIRE AVE,BRIGHTON DAM RD,,N/A,BICYCLIST,SAME DIR REAR END,CLEAR,DRY,DAYLIGHT,NO CONTROLS,NONE DETECTED,NONE DETECTED,23BE9A5F-3A32-4A9B-B987-31CD58DECAFC,BICYCLIST,Walking/Riding w/Traffic,IN ROADWAY IMPROPERLY,SHOULDER,Unknown,SUSPECTED MINOR INJURY,NONE,39.19523661,-77.02560639,"    (39.19523661, -77.02560639)"
MCP30030047,190047192,Montgomery County Police,Injury Crash,10/02/2019 8:26,Maryland (State),WISCONSIN AVE,BRADLEY LA,,N/A,BICYCLIST,OTHER,CLEAR,DRY,DAYLIGHT,TRAFFIC SIGNAL,NONE DETECTED,NONE DETECTED,0F8B5B6F-D2BE-4011-9FFF-F41CDF7C99D2,BICYCLIST,Cross/Enter at Intersection,UNKNOWN,ON ROADWAY AT CROSSWALK,Unknown,SUSPECTED MINOR INJURY,MC/BIKE HELMET,38.97714917,-77.0908033,"    (38.97714917, -77.0908033)"
MCP31090039,190046689,Montgomery County Police,Injury Crash,09/29/2019 02:50:00 PM,County,FENTON ST,SILVER SPRING AVE,,N/A,BICYCLIST,SAME DIRECTION LEFT TURN,CLEAR,DRY,DAYLIGHT,NO CONTROLS,NONE DETECTED,NONE DETECTED,73BB0070-8867-478B-A1FC-3CF519878D27,BICYCLIST,Walking/Riding w/Traffic,OTHER,ON ROADWAY NOT AT CROSSWALK,Unknown,SUSPECTED MINOR INJURY,MC/BIKE HELMET,38.99094767,-77.02418567,"    (38.99094767, -77.02418567)"
MCP2039005P,190046658,Montgomery County Police,Injury Crash,09/29/2019 10:45:00 AM,Maryland (State),CONNECTICUT AVE,ASPEN HILL RD,,N/A,BICYCLIST,HEAD ON LEFT TURN,CLEAR,DRY,DAYLIGHT,TRAFFIC SIGNAL,N/A,N/A,3BC7DC7E-F6FB-4AB2-99DE-2EB1B9C35E57,BICYCLIST,Other,UNKNOWN,ON ROADWAY NOT AT CROSSWALK,Unknown,SUSPECTED MINOR INJURY,N/A,39.08048,-77.08027833,"    (39.08048, -77.08027833)"
MCP3057001W,190049143,Montgomery County Police,Injury Crash,09/29/2019 02:30:00 AM,,,,PARKING LOT OF SENECA VALLEY H.S. 19401 CRYSTAL ROCK DR,,PEDESTRIAN,OTHER,CLEAR,,N/A,N/A,,NONE DETECTED,6F572B7F-C122-4DD3-8386-818CC414C1AE,PEDESTRIAN,Push/Work on Vehicle,UNKNOWN,OTHER,Unknown,POSSIBLE INJURY,N/A,39.17633667,-77.26390167,"    (39.17633667, -77.26390167)"
MCP30630020,190046416,Montgomery County Police,Injury Crash,09/27/2019 06:51:00 PM,County,HOLLYWOOD AVE,NEW HAMPSHIRE AVE,,N/A,BICYCLIST,N/A,CLEAR,DRY,DAYLIGHT,N/A,N/A,N/A,899B3E60-58D1-4E3B-87D4-4061520D4804,BICYCLIST,Playing,INATTENTIVE,OTHER,Yes,POSSIBLE INJURY,NONE,39.06412222,-76.99740345,"    (39.06412222, -76.99740345)"
MCP137800S9,190046402,Montgomery County Police,Injury Crash,09/27/2019 05:31:00 PM,Municipality,ODENDHAL AVE,FREDERICK RD,,N/A,PEDESTRIAN,SINGLE VEHICLE,CLEAR,DRY,DAYLIGHT,NO CONTROLS,NONE DETECTED,NONE DETECTED,7A588CBC-E0F0-4103-BA5B-A612F4C7D9C9,PEDESTRIAN,Cross/Enter at Intersection,NO IMPROPER ACTIONS,SIDEWALK,No,POSSIBLE INJURY,N/A,39.14905667,-77.20646333,"    (39.14905667, -77.20646333)"
DD5631002S,190046191,Rockville Police Departme,Property Damage Crash,09/26/2019 03:26:00 PM,Municipality,FALLSGROVE DR,OAK KNOLL DR,,ROCKVILLE,BICYCLIST,OTHER,CLEAR,DRY,DAYLIGHT,STOP SIGN,NONE DETECTED,NONE DETECTED,FED53CBD-78E8-4BE4-A765-31D0BA8E3DAC,BICYCLIST,Cross/Enter at Intersection,NO IMPROPER ACTIONS,N/A,No,NO APPARENT INJURY,NONE,39.09560167,-77.19220333,"    (39.09560167, -77.19220333)"
MCP242500FG,190046147,Montgomery County Police,Injury Crash,09/26/2019 11:34:00 AM,Maryland (State),COLESVILLE RD,SECOND AVE,,N/A,PEDESTRIAN,SINGLE VEHICLE,N/A,DRY,DAYLIGHT,TRAFFIC SIGNAL,NONE DETECTED,NONE DETECTED,3A26A2EE-2B62-488E-8BF2-A6AD83C4A6C9,PEDESTRIAN,Cross/Enter at Intersection,NO IMPROPER ACTIONS,AT INTERSECTION MARKED CROSSWALK,No,SUSPECTED MINOR INJURY,NONE,38.99455167,-77.03069833,"    (38.99455167, -77.03069833)"
MCP102200D3,190046149,Montgomery County Police,Injury Crash,09/26/2019 11:33:00 AM,Other Public Roadway,HILLCREST DR,FREDERICK RD,,N/A,PEDESTRIAN,SINGLE VEHICLE,CLOUDY,DRY,DAYLIGHT,NO CONTROLS,NONE DETECTED,NONE DETECTED,6336FB31-6329-4765-8F1D-10DAAEF8ADB8,PEDESTRIAN,Cross/Enter not at Intersection,NO IMPROPER ACTIONS,ON ROADWAY NOT AT CROSSWALK,No,SUSPECTED SERIOUS INJURY,NONE,39.17669667,-77.23792167,"    (39.17669667, -77.23792167)"
DD5636000H,190046115,Rockville Police Departme,Injury Crash,09/26/2019 08:10:00 AM,Municipality,PICCARD DR,W GUDE DR,,ROCKVILLE,BICYCLIST,OTHER,CLEAR,DRY,DAYLIGHT,NO CONTROLS,NONE DETECTED,NONE DETECTED,5160D481-97A8-478B-90D6-3788C33AC0B5,BICYCLIST,N/A,NO IMPROPER ACTIONS,SIDEWALK,No,SUSPECTED MINOR INJURY,MC/BIKE HELMET,39.10320783,-77.17794864,"    (39.10320783, -77.17794864)"
MCP102200D2,190046106,Montgomery County Police,Injury Crash,09/26/2019 07:04:00 AM,County,STEEPLE RD,HIGHSTREAM DR,,N/A,PEDESTRIAN,SINGLE VEHICLE,CLEAR,DRY,DAWN,NO CONTROLS,NONE DETECTED,NONE DETECTED,0E4F7E30-E915-4419-BE7A-5E20646AC01A,PEDESTRIAN,Cross/Enter at Intersection,NO IMPROPER ACTIONS,AT INTERSECTION BUT NO CROSSWALK,No,SUSPECTED SERIOUS INJURY,NONE,39.17207833,-77.28908833,"    (39.17207833, -77.28908833)"
MCP2720003Y,190046096,Montgomery County Police,Injury Crash,09/26/2019 03:01:00 AM,Maryland (State),GEORGIA AVE,VERONA DR,,N/A,PEDESTRIAN,SINGLE VEHICLE,CLEAR,DRY,DARK -- UNKNOWN LIGHTING,NO CONTROLS,UNKNOWN,ALCOHOL PRESENT,C09EC55D-5D5B-49F1-A804-B1CF0E8EF76D,PEDESTRIAN,Cross/Enter not at Intersection,IN ROADWAY IMPROPERLY,ON ROADWAY NOT AT CROSSWALK,Yes,SUSPECTED SERIOUS INJURY,NONE,39.07491918,-77.06742952,"    (39.07491918, -77.06742952)"
MCP2853006P,190046041,Montgomery County Police,Injury Crash,09/25/2019 06:15:00 PM,Maryland (State),UNIVERSITY BLVD E,COLESVILLE RD,,N/A,BICYCLIST,OTHER,N/A,DRY,DAYLIGHT,TRAFFIC SIGNAL,N/A,N/A,051670A4-779E-4DAB-852B-653FD54BF76A,BICYCLIST,Cross/Enter at Intersection,NO IMPROPER ACTIONS,AT INTERSECTION MARKED CROSSWALK,No,SUSPECTED MINOR INJURY,MC/BIKE HELMET,39.01966077,-77.01314944,"    (39.01966077, -77.01314944)"
MCP3077001C,190046017,Montgomery County Police,Injury Crash,09/25/2019 04:36:00 PM,Maryland (State),GREAT SENECA HWY,MATENY RD,,N/A,BICYCLIST,OTHER,CLEAR,DRY,DAYLIGHT,NO CONTROLS,N/A,N/A,2463397E-4B02-4D31-8863-951E5486BB04,BICYCLIST,Cross/Enter at Intersection,OTHER,ON ROADWAY AT CROSSWALK,Yes,POSSIBLE INJURY,NONE,39.16442333,-77.27305167,"    (39.16442333, -77.27305167)"
MCP3205000B,190045884,Montgomery County Police,Injury Crash,09/24/2019 10:27:00 PM,Other Public Roadway,GEORGIAN WAY,GEORGIAN WOODS PL,,N/A,PEDESTRIAN,OTHER,N/A,DRY,DARK LIGHTS ON,N/A,ALCOHOL PRESENT,NONE DETECTED,26D24FA1-26C6-41D3-AC0F-ABF7CEBDB268,PEDESTRIAN,Other Working,OTHER,OTHER,No,SUSPECTED MINOR INJURY,N/A,39.05460802,-77.04683717,"    (39.05460802, -77.04683717)"
MCP3019002L,190045835,Montgomery County Police,Injury Crash,09/24/2019 06:30:00 PM,County,GROSVENOR LA,FLEMING AVE,,N/A,PEDESTRIAN,SAME DIRECTION SIDESWIPE,CLEAR,DRY,DAYLIGHT,NO CONTROLS,NONE DETECTED,NONE DETECTED,98D48BA2-CABD-41F3-8C88-073F53DDC744,PEDESTRIAN,Getting off/on Vehicle,NO IMPROPER ACTIONS,ON ROADWAY NOT AT CROSSWALK,No,POSSIBLE INJURY,NONE,39.02273833,-77.11221833,"    (39.02273833, -77.11221833)"
MCP29820030,190045820,Montgomery County Police,Injury Crash,09/24/2019 05:40:00 PM,County,FRANKLIN AVE,EVERGREEN ST,,N/A,PEDESTRIAN,OTHER,CLEAR,DRY,DAYLIGHT,NO CONTROLS,NONE DETECTED,NONE DETECTED,7B6CD99E-C69A-4735-BD73-748972275F9E,PEDESTRIAN,Cross/Enter not at Intersection,DART DASH,OTHER,Yes,SUSPECTED MINOR INJURY,N/A,39.01076333,-77.00657667,"    (39.01076333, -77.00657667)"
MCP271700QJ,190045681,Montgomery County Police,Injury Crash,09/24/2019 07:55:00 AM,Maryland (State),ROCKVILLE PIKE,NICHOLSON LA,,N/A,PEDESTRIAN,OTHER,CLEAR,DRY,DAYLIGHT,TRAFFIC SIGNAL,NONE DETECTED,NONE DETECTED,9336540B-2A30-449B-BA97-82238310B209,PEDESTRIAN,Cross/Enter at Intersection,NO IMPROPER ACTIONS,ON ROADWAY AT CROSSWALK,No,SUSPECTED MINOR INJURY,NONE,39.04454217,-77.11185467,"    (39.04454217, -77.11185467)"
EJ78700020,190045638,Gaithersburg Police Depar,Injury Crash,09/23/2019 08:02:00 PM,County,FIELDS RD,RIO BLVD,,GAITHERSBURG,OTHER CONVEYANCE,STRAIGHT MOVEMENT ANGLE,CLEAR,DRY,DARK LIGHTS ON,NO CONTROLS,NONE DETECTED,NONE DETECTED,AFA9DE77-1C2F-4ABE-8055-0046E48913B4,OTHER CONVEYANCE,Cross/Enter not at Intersection,FAILURE TO YIELD RIGHT OF WAY,ON ROADWAY AT CROSSWALK,Yes,POSSIBLE INJURY,NONE,39.11428548,-77.20563496,"    (39.11428548, -77.20563496)"