Report Number,Local Case Number,Agency Name,ACRS Report Type,Crash Date/Time,Route Type,Road Name,Cross-Street Name,Off-Road Description,Municipality,Related Non-Motorist,Collision Type,Weather,Surface Condition,Light,Traffic Control,Driver Substance Abuse,Non-Motorist Substance Abuse,Person ID,Pedestrian Type,Pedestrian Movement,Pedestrian Actions,Pedestrian Location,At Fault,Injury Severity,Safety Equipment,Latitude,Longitude,Location
MCP3039004G,190045636,Montgomery County Police,Injury Crash,09/23/2019 07:30:00 PM,,,,SIDEWALK AT 8100 BLOCK OF GEORGIA AVENUE,,"BICYCLIST, PEDESTRIAN",SAME DIR REAR END,CLEAR,,DARK LIGHTS ON,NO CONTROLS,,UNKNOWN,075977C3-F02E-4A01-84A8-8370C7E5F3CC,BICYCLIST,Walking/Cycling on Sidewalk,INATTENTIVE,SIDEWALK,Yes,NO APPARENT INJURY,NONE,38.99117,-77.02694,"    (38.99117, -77.02694)"
MCP3039004G,190045636,Montgomery County Police,Injury Crash,09/23/2019 07:30:00 PM,,,,SIDEWALK AT 8100 BLOCK OF GEORGIA AVENUE,,"BICYCLIST, PEDESTRIAN",SAME DIR REAR END,CLEAR,,DARK LIGHTS ON,NO CONTROLS,,NONE DETECTED,3D3BE0F3-D1F6-4781-87E9-DC7B4A5C7597,PEDESTRIAN,Walking/Cycling on Sidewalk,NO IMPROPER ACTIONS,SIDEWALK,No,SUSPECTED MINOR INJURY,N/A,38.99117,-77.02694,"    (38.99117, -77.02694)"
HA23050008,19002576,Maryland-National Capital,Property Damage Crash,09/23/2019 03:00:00 PM,,,,18228 MUNCASTER ROAD,,OTHER,SINGLE VEHICLE,CLOUDY,,DAYLIGHT,NO CONTROLS,,NONE DETECTED,CE1DD708-83F1-4FBF-90BC-5FFBB0E57ADE,OTHER,Other,OTHER,OTHER,Yes,NO APPARENT INJURY,NONE,39.15427045,-77.13279312,"    (39.15427045, -77.13279312)"
MCP2559003K,190045569,Montgomery County Police,Injury Crash,09/23/2019 01:41:00 PM,,,,PARKING LOT OF 12197 DARNESTOWN RD,,PEDESTRIAN,OTHER,CLEAR,,DAYLIGHT,N/A,N/A,N/A,7ED8FCA8-B471-435B-9CF0-287EB6CA785B,PEDESTRIAN,Other,NO IMPROPER ACTIONS,OTHER,No,POSSIBLE INJURY,NONE,39.11773333,-77.25130167,"    (39.11773333, -77.25130167)"
MCP26710023,190045440,Montgomery County Police,Property Damage Crash,09/22/2019 03:20:00 PM,County,DEXTER AVE,GEORGIA AVE,,N/A,BICYCLIST,SINGLE VEHICLE,CLEAR,DRY,DAYLIGHT,STOP SIGN,NONE DETECTED,NONE DETECTED,C881FC78-E916-4F09-9245-9D55A61F7EEC,BICYCLIST,Cross/Enter at Intersection,NO IMPROPER ACTIONS,AT INTERSECTION BUT NO CROSSWALK,No,NO APPARENT INJURY,NONE,39.02221348,-77.04513091,"    (39.02221348, -77.04513091)"
MCP1174003T,190045056,Montgomery County Police,Injury Crash,09/20/2019 10:09:00 AM,Maryland (State),WISCONSIN AVE,MIDDLETON LA,,N/A,PEDESTRIAN,SINGLE VEHICLE,CLEAR,DRY,DAYLIGHT,PERSON,UNKNOWN,NONE DETECTED,49FA17D4-6FE9-43F1-AA2E-054D7A78EF04,PEDESTRIAN,Standing,NO IMPROPER ACTIONS,ON ROADWAY NOT AT CROSSWALK,No,POSSIBLE INJURY,REFLECTIVE CLOTHING,38.98695093,-77.09486145,"    (38.98695093, -77.09486145)"
MCP9404002C,190045043,Montgomery County Police,Injury Crash,09/20/2019 09:12:00 AM,Municipality,GIRARD ST,GOSHEN RD,,N/A,PEDESTRIAN,OTHER,N/A,DRY,DAYLIGHT,TRAFFIC SIGNAL,NONE DETECTED,N/A,B6A9695D-20C6-4783-BEAC-ABDC1FC7E852,PEDESTRIAN,Cross/Enter at Intersection,N/A,AT INTERSECTION MARKED CROSSWALK,No,POSSIBLE INJURY,NONE,39.15070167,-77.19223333,"    (39.15070167, -77.19223333)"
MCP1151009Y,190045030,Montgomery County Police,Injury Crash,09/20/2019 06:25:00 AM,County,CLARKSBURG RD,MOXLEY RD,,N/A,PEDESTRIAN,SAME DIRECTION SIDESWIPE,CLEAR,DRY,DARK NO LIGHTS,N/A,UNKNOWN,NONE DETECTED,C909767E-8F52-42CA-9D0A-A157AB00603E,PEDESTRIAN,Walking/Riding w/Traffic,NOT VISIBLE,ON ROADWAY NOT AT CROSSWALK,Yes,SUSPECTED SERIOUS INJURY,N/A,39.31167578,-77.23862919,"    (39.31167578, -77.23862919)"
MCP2931003V,190044970,Montgomery County Police,Injury Crash,09/19/2019 07:39:00 PM,County,E JEFFERSON ST,ENT TO FEDERAL PLAZA SC,,N/A,BICYCLIST,OTHER,CLEAR,N/A,DARK NO LIGHTS,N/A,N/A,N/A,2E3A7F28-83C1-43BF-9CA8-482444F60184,BICYCLIST,Cross/Enter at Intersection,NO IMPROPER ACTIONS,AT INTERSECTION MARKED CROSSWALK,No,POSSIBLE INJURY,MC/BIKE HELMET,39.05649333,-77.12632,"    (39.05649333, -77.12632)"
MCP2728006F,190044758,Montgomery County Police,Injury Crash,09/18/2019 05:47:00 PM,Maryland (State),EAST WEST HWY,BLAIR MILL WAY,,N/A,PEDESTRIAN,OTHER,CLEAR,DRY,DAYLIGHT,STOP SIGN,NONE DETECTED,NONE DETECTED,D47A6140-C340-4FC4-B570-20C7BDC5A07E,PEDESTRIAN,Cross/Enter at Intersection,NO IMPROPER ACTIONS,AT INTERSECTION MARKED CROSSWALK,No,POSSIBLE INJURY,NONE,38.98890167,-77.02780167,"    (38.98890167, -77.02780167)"
MCP3010004F,190044523,Montgomery County Police,Injury Crash,09/17/2019 01:23:00 PM,Maryland (State),ROCKVILLE PIKE,ENT TO WHITE FLINT MALL,,N/A,OTHER CONVEYANCE,OTHER,CLEAR,DRY,DAYLIGHT,YIELD SIGN,N/A,N/A,93BC58B3-7CA2-4056-8584-515B2E15946C,OTHER CONVEYANCE,Cross/Enter at Intersection,NO IMPROPER ACTIONS,AT INTERSECTION BUT NO CROSSWALK,No,SUSPECTED MINOR INJURY,NONE,39.043295,-77.11060167,"    (39.043295, -77.11060167)"
HA24510007,19002496,Maryland-National Capital,Injury Crash,09/15/2019 03:35:00 PM,Government,BEACH DR,WEXFORD DR,,N/A,BICYCLIST,OTHER,CLEAR,DRY,DAYLIGHT,N/A,NONE DETECTED,N/A,2307DF7E-2A41-45D4-B9EE-6C32D0AA1804,BICYCLIST,Walking/Riding w/Traffic,NO IMPROPER ACTIONS,SHOULDER,No,SUSPECTED MINOR INJURY,MC/BIKE HELMET,39.03754636,-77.08591912,"    (39.03754636, -77.08591912)"
MCP3050003P,190044137,Montgomery County Police,Injury Crash,09/15/2019 01:55:00 AM,Maryland (State),CONNECTICUT AVE,CONNECTICUT AVE SERVICE RD,,N/A,PEDESTRIAN,SINGLE VEHICLE,CLEAR,DRY,DARK NO LIGHTS,NO CONTROLS,NONE DETECTED,UNKNOWN,4D11B2ED-1843-4E87-8F94-372BC1AFB707,PEDESTRIAN,Cross/Enter not at Intersection,IN ROADWAY IMPROPERLY,ON ROADWAY NOT AT CROSSWALK,Yes,SUSPECTED SERIOUS INJURY,NONE,39.07078,-77.07627167,"    (39.07078, -77.07627167)"
MCP3059003X,190044082,Montgomery County Police,Injury Crash,09/14/2019 07:26:00 PM,Maryland (State),GEORGIA AVE,ASPEN HILL RD,,N/A,"BICYCLIST, PEDESTRIAN",OTHER,CLEAR,DRY,DARK LIGHTS ON,N/A,NONE DETECTED,UNKNOWN,66C35216-EEFC-4E73-89D4-B93BCF8D546A,PEDESTRIAN,Walking/Cycling on Sidewalk,NO IMPROPER ACTIONS,SIDEWALK,No,NO APPARENT INJURY,UNKNOWN,39.080315,-77.07443833,"    (39.080315, -77.07443833)"
MCP3059003X,190044082,Montgomery County Police,Injury Crash,09/14/2019 07:26:00 PM,Maryland (State),GEORGIA AVE,ASPEN HILL RD,,N/A,"BICYCLIST, PEDESTRIAN",OTHER,CLEAR,DRY,DARK LIGHTS ON,N/A,NONE DETECTED,NONE DETECTED,8FBEFCD7-2747-450B-9F2E-61BC38071B95,BICYCLIST,Walking/Cycling on Sidewalk,IN ROADWAY IMPROPERLY,SIDEWALK,Yes,SUSPECTED MINOR INJURY,NONE,39.080315,-77.07443833,"    (39.080315, -77.07443833)"
MCP0942002C,190044036,Montgomery County Police,Injury Crash,09/14/2019 01:00:00 PM,County,WOODMONT AVE,MILLER AVE,,N/A,PEDESTRIAN,OTHER,CLEAR,DRY,DAYLIGHT,NO CONTROLS,NONE DETECTED,NONE DETECTED,4D1B03B8-E34F-4FD8-969C-06491F449A5B,PEDESTRIAN,Cross/Enter not at Intersection,NO IMPROPER ACTIONS,ON ROADWAY NOT AT CROSSWALK,No,POSSIBLE INJURY,NONE,38.98062167,-77.094625,"    (38.98062167, -77.094625)"
MCP1334008D,190043816,Montgomery County Police,Injury Crash,09/13/2019 06:55:00 AM,County,WIGHTMAN RD,PLEASANT RIDGE DR,,N/A,PEDESTRIAN,SINGLE VEHICLE,CLOUDY,DRY,DAYLIGHT,TRAFFIC SIGNAL,UNKNOWN,NONE DETECTED,DD0CE177-E4B0-44D1-A7B0-256A712173F1,PEDESTRIAN,Cross/Enter at Intersection,IN ROADWAY IMPROPERLY,ON ROADWAY AT CROSSWALK,Yes,SUSPECTED MINOR INJURY,NONE,39.19060996,-77.19192752,"    (39.19060996, -77.19192752)"
MCP31920008,190043756,Montgomery County Police,Injury Crash,09/12/2019 19:22,,,,11277 NEW HAMPSHIRE AVE.AT THE BACK PARKING LOT,,PEDESTRIAN,OTHER,CLEAR,,DARK LIGHTS ON,NO CONTROLS,NONE DETECTED,NONE DETECTED,3D9EF021-ECA0-4347-924F-83AFE4D1A5C9,PEDESTRIAN,Cross/Enter not at Intersection,IN ROADWAY IMPROPERLY,OTHER,Unknown,SUSPECTED MINOR INJURY,NONE,39.04081011,-76.99101255,"    (39.04081011, -76.99101255)"
MCP0685004P,190043686,Montgomery County Police,Injury Crash,09/12/2019 12:07,,,,PARKING LOT 16101 FREDERICK RD,,PEDESTRIAN,OTHER,CLEAR,,DAYLIGHT,NO CONTROLS,NONE DETECTED,NONE DETECTED,98112BBA-6A17-44FA-AE30-870562F6A865,PEDESTRIAN,Push/Work on Vehicle,OTHER,OTHER,No,SUSPECTED MINOR INJURY,N/A,39.122935,-77.17353,"    (39.122935, -77.17353)"
MCP24920016,190043484,Montgomery County Police,Fatal Crash,09/11/2019 10:20,,COPLEY PLACE,ENTRANCE TO HARRIS TEETER PARKING LOT,,N/A,PEDESTRIAN,OTHER,CLEAR,DRY,DAYLIGHT,STOP SIGN,NONE DETECTED,NONE DETECTED,AA12FD97-FA1C-49C9-9713-48179F3DA673,PEDESTRIAN,Cross/Enter at Intersection,IN ROADWAY IMPROPERLY,ON ROADWAY NOT AT CROSSWALK,Yes,FATAL INJURY,N/A,39.11481531,-77.20692953,"    (39.11481531, -77.20692953)"
MCP271700QC,190043472,Montgomery County Police,Injury Crash,09/11/2019 9:30,County,NEBEL ST,MARINELLI RD,,N/A,PEDESTRIAN,SINGLE VEHICLE,CLEAR,DRY,DAYLIGHT,STOP SIGN,NONE DETECTED,NONE DETECTED,00F98930-4730-40C9-AFBE-FF87469D822F,PEDESTRIAN,Cross/Enter at Intersection,NO IMPROPER ACTIONS,ON ROADWAY AT CROSSWALK,No,SUSPECTED MINOR INJURY,N/A,39.04783133,-77.1055885,"    (39.04783133, -77.1055885)"
MCP3153001G,190043200,Montgomery County Police,Injury Crash,09/09/2019 15:56,Maryland (State),VEIRS MILL RD,CLARIDGE RD,,N/A,OTHER,SINGLE VEHICLE,CLOUDY,DRY,DAYLIGHT,TRAFFIC SIGNAL,ALCOHOL CONTRIBUTED,N/A,DB031711-6D0C-424F-8219-299034775A14,OTHER,N/A,NO IMPROPER ACTIONS,INSIDE BUILDING,No,NO APPARENT INJURY,N/A,39.04872,-77.06927,"    (39.04872, -77.06927)"
MCP158000BX,190043197,Montgomery County Police,Injury Crash,09/09/2019 15:45,County,DIAMONDBACK DR,KEY WEST AVE,,N/A,PEDESTRIAN,STRAIGHT MOVEMENT ANGLE,CLOUDY,DRY,DAYLIGHT,TRAFFIC SIGNAL,NONE DETECTED,NONE DETECTED,BD4DDE2F-1195-4CA6-878F-C1537CE618CF,PEDESTRIAN,Cross/Enter at Intersection,NO IMPROPER ACTIONS,ON ROADWAY AT CROSSWALK,No,SUSPECTED MINOR INJURY,OTHER,39.10530833,-77.20160667,"    (39.10530833, -77.20160667)"
MCP1174003S,190043113,Montgomery County Police,Injury Crash,09/09/2019 7:42,,,,THE DRIVEWAY TO 9101 CEDAR LA. THE STONE RIDGE SCHOOL OF THE SACRED HEART.,,PEDESTRIAN,SINGLE VEHICLE,CLEAR,,DAYLIGHT,PERSON,NONE DETECTED,NONE DETECTED,AE3B8D6F-EDF8-4094-8C45-0DD45DAAD190,PEDESTRIAN,Other Working,NO IMPROPER ACTIONS,N/A,No,SUSPECTED MINOR INJURY,REFLECTIVE CLOTHING,39.00662868,-77.09501721,"    (39.00662868, -77.09501721)"
MCP2846005D,190042940,Montgomery County Police,Injury Crash,09/07/2019 17:45,County,ELKIN ST,UNIVERSITY BLVD W,,N/A,BICYCLIST,STRAIGHT MOVEMENT ANGLE,CLEAR,DRY,DAYLIGHT,NO CONTROLS,NONE DETECTED,ALCOHOL PRESENT,B70E668B-1935-4369-A279-44E3CA96E92A,BICYCLIST,Cross/Enter at Intersection,FAILURE TO YIELD RIGHT OF WAY,ON ROADWAY AT CROSSWALK,Yes,POSSIBLE INJURY,NONE,39.041375,-77.05042333,"    (39.041375, -77.05042333)"
MCP31910015,190042816,Montgomery County Police,Injury Crash,09/06/2019 21:00,,,,16041 FREDERICK RD PRIVATE DRIVEWAY/SIDEWALK,,BICYCLIST,SINGLE VEHICLE,CLEAR,,DARK LIGHTS ON,NO CONTROLS,NONE DETECTED,NONE DETECTED,C040F5E4-C1A9-45A2-86D2-6FAA6830CCDC,BICYCLIST,Cross/Enter not at Intersection,NO IMPROPER ACTIONS,SIDEWALK,No,POSSIBLE INJURY,NONE,39.11830333,-77.17052667,"    (39.11830333, -77.17052667)"
MCP2625000D,190042692,Montgomery County Police,Injury Crash,09/06/2019 9:21,Maryland (State),GEORGIA AVE,CAMERON ST,,N/A,PEDESTRIAN,OTHER,CLOUDY,DRY,DAYLIGHT,NO CONTROLS,N/A,NONE DETECTED,6CD03309-48FC-461F-80DE-83C16C2D7E9D,PEDESTRIAN,Cross/Enter not at Intersection,IN ROADWAY IMPROPERLY,ON ROADWAY NOT AT CROSSWALK,Yes,SUSPECTED SERIOUS INJURY,N/A,39.00551333,-77.03712167,"    (39.00551333, -77.03712167)"
DD56230023,190042665,Rockville Police Departme,Injury Crash,09/05/2019 23:35,,,,PARKING LOT OF 888 ROCKVILLE PIKE,,PEDESTRIAN,OTHER,CLEAR,,DARK LIGHTS ON,N/A,UNKNOWN,NONE DETECTED,F9A3DE05-76AE-492E-8C61-62A6981B8BAB,PEDESTRIAN,Standing,NO IMPROPER ACTIONS,OTHER,No,POSSIBLE INJURY,N/A,39.07493983,-77.13598367,"    (39.07493983, -77.13598367)"
MCP2686003P,190042576,Montgomery County Police,Injury Crash,09/05/2019 16:04,County,CINNAMON DR,NUTMEG PL,,N/A,PEDESTRIAN,SINGLE VEHICLE,CLEAR,DRY,DAYLIGHT,NO CONTROLS,N/A,N/A,962B5369-BB2E-4052-9526-564E48890D8B,PEDESTRIAN,Cross/Enter not at Intersection,DART DASH,ON ROADWAY NOT AT CROSSWALK,Yes,SUSPECTED MINOR INJURY,NONE,39.16185667,-77.26421833,"    (39.16185667, -77.26421833)"
MCP30040039,190042919,Montgomery County Police,Injury Crash,09/04/2019 19:00,,,,"PARKING LOT OF 2440 ROSS ROAD SILVER SPRING, MD",,BICYCLIST,UNKNOWN,UNKNOWN,,DUSK,N/A,UNKNOWN,N/A,1F0BE837-BB04-41BA-8E02-ABA95E8457DE,BICYCLIST,Playing,OTHER,OTHER,No,SUSPECTED MINOR INJURY,UNKNOWN,38.99712759,-77.05232795,"    (38.99712759, -77.05232795)"
MCP2008006M,190042212,Montgomery County Police,Injury Crash,09/03/2019 18:20,County,BRICKYARD RD,HACKAMORE DR,,N/A,BICYCLIST,HEAD ON LEFT TURN,CLEAR,DRY,DAYLIGHT,N/A,NONE DETECTED,NONE DETECTED,37F40DEC-268B-4B14-95FE-C934DC179F93,BICYCLIST,Cross/Enter at Intersection,NO IMPROPER ACTIONS,AT INTERSECTION BUT NO CROSSWALK,No,SUSPECTED MINOR INJURY,MC/BIKE HELMET,38.98569667,-77.21285667,"    (38.98569667, -77.21285667)"
MCP2607004J,190042207,Montgomery County Police,Injury Crash,09/03/2019 18:05,Maryland (State),FREDERICK RD,S WESTLAND DR,,GAITHERSBURG,PEDESTRIAN,OTHER,CLEAR,DRY,DAYLIGHT,TRAFFIC SIGNAL,NONE DETECTED,NONE DETECTED,830A2223-A087-4F45-88F8-5B2ECA185E4B,PEDESTRIAN,Cross/Enter at Intersection,NO IMPROPER ACTIONS,AT INTERSECTION MARKED CROSSWALK,No,POSSIBLE INJURY,N/A,39.12633333,-77.18285667,"    (39.12633333, -77.18285667)"
MCP3199000D,190042167,Montgomery County Police,Property Damage Crash,09/03/2019 15:20,County,PEACH ORCHARD RD,BRIGGS CHANEY RD,,N/A,OTHER,STRAIGHT MOVEMENT ANGLE,CLEAR,DRY,DAYLIGHT,STOP SIGN,NONE DETECTED,NONE DETECTED,BCFAD8E1-1F6E-4D34-B010-2D06289659EA,OTHER,Other,NO IMPROPER ACTIONS,INSIDE BUILDING,No,NO APPARENT INJURY,N/A,39.09575167,-76.96978833,"    (39.09575167, -76.96978833)"
MCP2016004J,190042095,Montgomery County Police,Injury Crash,09/03/2019 8:48,Municipality,BLANDFORD ST,CABIN JOHN PKWY,,ROCKVILLE,PEDESTRIAN,SINGLE VEHICLE,CLEAR,DRY,DAYLIGHT,STOP SIGN,NONE DETECTED,N/A,F6EA38D5-456B-4B08-9D6A-55A286F540EC,PEDESTRIAN,Cross/Enter at Intersection,NO IMPROPER ACTIONS,AT INTERSECTION MARKED CROSSWALK,No,SUSPECTED MINOR INJURY,NONE,39.07553667,-77.15192333,"    (39.07553667, -77.15192333)"
MCP3196000F,190041996,Montgomery County Police,Injury Crash,09/02/2019 15:16,County,WALDORF DR,WYNNFIELD DR,,N/A,BICYCLIST,STRAIGHT MOVEMENT ANGLE,CLEAR,DRY,DAYLIGHT,NO CONTROLS,N/A,N/A,B504A6D3-ABA0-46F7-81C3-4DD3068A6C03,BICYCLIST,Walking/Riding w/Traffic,NO IMPROPER ACTIONS,ON ROADWAY NOT AT CROSSWALK,No,SUSPECTED MINOR INJURY,MC/BIKE HELMET,39.18594429,-77.27688125,"    (39.18594429, -77.27688125)"
MCP2351003B,190041966,Montgomery County Police,Injury Crash,09/02/2019 12:26,,,,PKNGLT ENTRANCE 12230 ROCKVILLE PIKE,,PEDESTRIAN,OTHER,CLEAR,,DAYLIGHT,TRAFFIC SIGNAL,NONE DETECTED,NONE DETECTED,96CFC987-AF43-48A0-8E77-82037E307925,PEDESTRIAN,Cross/Enter not at Intersection,UNKNOWN,OTHER,Unknown,SUSPECTED MINOR INJURY,NONE,39.05607167,-77.11936167,"    (39.05607167, -77.11936167)"
MCP31180029,190041955,Montgomery County Police,Injury Crash,09/02/2019 9:55,County,BEL PRE RD,PARKER FARM WAY,,N/A,PEDESTRIAN,SINGLE VEHICLE,CLOUDY,DRY,DAYLIGHT,TRAFFIC SIGNAL,NONE DETECTED,NONE DETECTED,F7F38AFF-4E75-4464-9FCC-C0029C50D232,PEDESTRIAN,Cross/Enter at Intersection,NO IMPROPER ACTIONS,AT INTERSECTION MARKED CROSSWALK,No,SUSPECTED MINOR INJURY,N/A,39.09036833,-77.04774667,"    (39.09036833, -77.04774667)"
MCP32120009,190041582,Montgomery County Police,Injury Crash,08/30/2019 04:51:00 PM,Maryland (State),EAST WEST HWY,COLESVILLE RD,,N/A,PEDESTRIAN,SINGLE VEHICLE,N/A,N/A,DAYLIGHT,TRAFFIC SIGNAL,NONE DETECTED,NONE DETECTED,2323F65E-4083-4DD4-94CE-5386D8AA585C,PEDESTRIAN,Cross/Enter at Intersection,FAILURE TO OBEY TRAFFIC SIGNS SIGNALS OR OFFICER,ON ROADWAY NOT AT CROSSWALK,Yes,SUSPECTED MINOR INJURY,NONE,38.99297393,-77.0317158,"    (38.99297393, -77.0317158)"
DD56040031,190041532,Rockville Police Departme,Injury Crash,08/30/2019 01:30:00 PM,Municipality,REDLAND BLVD,THOMPSON DAIRY WAY,,ROCKVILLE,PEDESTRIAN,OTHER,CLEAR,DRY,DAYLIGHT,TRAFFIC SIGNAL,NONE DETECTED,NONE DETECTED,869BDEDE-0A68-4B33-ACA7-471A7609E753,PEDESTRIAN,Cross/Enter at Intersection,NO IMPROPER ACTIONS,ON ROADWAY AT CROSSWALK,No,SUSPECTED MINOR INJURY,NONE,39.11275167,-77.17153167,"    (39.11275167, -77.17153167)"
MCP3136002G,190041527,Montgomery County Police,Injury Crash,08/30/2019 12:11:00 PM,,,,8523 PINEY BRANCH RD (REAR PARKING LOT),,PEDESTRIAN,OTHER,CLEAR,,DAYLIGHT,N/A,NONE DETECTED,ALCOHOL PRESENT,111FAD56-CBF4-451C-B56E-94FDC05D29F4,PEDESTRIAN,Standing,NOT VISIBLE,OTHER,No,SUSPECTED MINOR INJURY,N/A,38.99774447,-77.00260826,"    (38.99774447, -77.00260826)"
MCP2992002M,190041453,Montgomery County Police,Injury Crash,08/29/2019 09:35:00 PM,Maryland (State),LAYHILL RD,BEL PRE RD,,N/A,PEDESTRIAN,OTHER,N/A,DRY,DARK NO LIGHTS,NO CONTROLS,N/A,ALCOHOL PRESENT,225036BE-DCA0-4732-A692-FB3669F00C31,PEDESTRIAN,Getting off/on Vehicle,DART DASH,OTHER,Yes,SUSPECTED MINOR INJURY,N/A,39.09172333,-77.04509833,"    (39.09172333, -77.04509833)"
MCP15120024,190041410,Montgomery County Police,Injury Crash,08/29/2019 05:36:00 PM,Maryland (State),GREAT SENECA HWY,ENT TO BUSINESS,,N/A,BICYCLIST,STRAIGHT MOVEMENT ANGLE,N/A,DRY,DAYLIGHT,NO CONTROLS,NONE DETECTED,NONE DETECTED,E4CFEE8E-E91C-4834-974B-D997A5D287ED,BICYCLIST,Walking/Cycling on Sidewalk,NO IMPROPER ACTIONS,SIDEWALK,No,SUSPECTED MINOR INJURY,MC/BIKE HELMET,39.12532833,-77.23349167,"    (39.12532833, -77.23349167)"
MCP13010013,190041102,Montgomery County Police,Fatal Crash,08/27/2019 09:09:00 PM,County,RANDOLPH RD,GLENMONT CIR #1,,N/A,PEDESTRIAN,SINGLE VEHICLE,CLEAR,DRY,DARK LIGHTS ON,TRAFFIC SIGNAL,NONE DETECTED,UNKNOWN,658EB77D-26E3-44E3-BA64-503493C79877,PEDESTRIAN,Cross/Enter at Intersection,DART DASH,ON ROADWAY AT CROSSWALK,Yes,FATAL INJURY,NONE,39.05907449,-77.04770804,"    (39.05907449, -77.04770804)"
MCP2991003W,190040989,Montgomery County Police,Injury Crash,08/26/2019 08:20:00 PM,County,HINES RD,WELLFLEET DR,,N/A,PEDESTRIAN,SINGLE VEHICLE,CLEAR,DRY,DARK LIGHTS ON,N/A,N/A,N/A,C404D28E-0035-45B1-A0A7-C8CF71E68B88,PEDESTRIAN,Cross/Enter at Intersection,NO IMPROPER ACTIONS,AT INTERSECTION MARKED CROSSWALK,No,POSSIBLE INJURY,NONE,39.14143267,-77.07796833,"    (39.14143267, -77.07796833)"
MCP2357003V,190040668,Montgomery County Police,Injury Crash,08/25/2019 01:51:00 PM,,,,PARKING LOT OF 8101 FENTON STREET,,PEDESTRIAN,OTHER,CLEAR,,DAYLIGHT,N/A,NONE DETECTED,NONE DETECTED,FF6136C3-8528-4BD3-AC0C-DC3EADF9437B,PEDESTRIAN,Other,NO IMPROPER ACTIONS,OTHER,No,POSSIBLE INJURY,N/A,38.99043667,-77.023645,"    (38.99043667, -77.023645)"
MCP1342002N,190040667,Montgomery County Police,Injury Crash,08/25/2019 01:27:00 PM,County,RIVER RD,SENECA RD,,N/A,BICYCLIST,SAME DIR REAR END,CLEAR,DRY,DAYLIGHT,NO CONTROLS,NONE DETECTED,NONE DETECTED,CEBAFD94-95F3-4537-B164-72EC6B159771,BICYCLIST,Walking/Riding w/Traffic,NO IMPROPER ACTIONS,ON ROADWAY NOT AT CROSSWALK,No,SUSPECTED MINOR INJURY,MC/BIKE HELMET,39.07809333,-77.33474167,"    (39.07809333, -77.33474167)"
DM8386001C,190040588,Takoma Park Police Depart,Injury Crash,08/24/2019 08:30:00 PM,Municipality,ANNE AVE,LOCKNEY AVE,,TAKOMA PARK,PEDESTRIAN,SINGLE VEHICLE,CLEAR,DRY,DARK LIGHTS ON,STOP SIGN,UNKNOWN,NONE DETECTED,9D3BDBCC-A5C7-4F9B-B49C-D7CD903E7308,PEDESTRIAN,Getting off/on Vehicle,ENTERING EXITING PARKED STANDING VEHICLE,AT INTERSECTION BUT NO CROSSWALK,No,SUSPECTED MINOR INJURY,NONE,38.98956326,-76.99189442,"    (38.98956326, -76.99189442)"
MCP24360087,190040357,Montgomery County Police,Injury Crash,08/23/2019 12:50:00 PM,Maryland (State),PINEY BRANCH RD,ARLISS ST,,N/A,PEDESTRIAN,OTHER,RAINING,WET,DAYLIGHT,TRAFFIC SIGNAL,NONE DETECTED,NONE DETECTED,D9B00D3F-CC88-4344-B85C-D319920CDF00,PEDESTRIAN,Cross/Enter at Intersection,NO IMPROPER ACTIONS,ON ROADWAY AT CROSSWALK,No,SUSPECTED MINOR INJURY,N/A,38.99846833,-77.00145667,"    (38.99846833, -77.00145667)"
MCP29140099,190040272,Montgomery County Police,Injury Crash,08/22/2019 09:35:00 PM,Maryland (State),GEORGIA AVE,FENWICK LA,,N/A,PEDESTRIAN,OTHER,CLEAR,N/A,DARK LIGHTS ON,OTHER,N/A,N/A,8B80A15D-907A-4FBC-BA29-330B502C97DA,PEDESTRIAN,Cross/Enter at Intersection,N/A,ON ROADWAY AT CROSSWALK,No,POSSIBLE INJURY,NONE,38.99820543,-77.0305782,"    (38.99820543, -77.0305782)"
MCP1210003W,190040257,Montgomery County Police,Injury Crash,08/22/2019 08:07:00 PM,Maryland (State),MIDCOUNTY HWY,SPUR TO SAYBROOKE OAKS BLVD,,N/A,OTHER,OTHER,RAINING,WET,N/A,NO CONTROLS,"NONE DETECTED, UNKNOWN",NONE DETECTED,2E923A84-7CED-4A47-8D9A-AECE0F6D3291,OTHER,Other,NO IMPROPER ACTIONS,OTHER,No,SUSPECTED SERIOUS INJURY,MC/BIKE HELMET,39.15198,-77.17649,"    (39.15198, -77.17649)"
MCP2683003Y,190040170,Montgomery County Police,Injury Crash,08/22/2019 01:00:00 PM,County,GOSHEN RD,SEVERN RD,,N/A,OTHER,OTHER,CLEAR,DRY,DAYLIGHT,PERSON,UNKNOWN,NONE DETECTED,FAF84F3B-61D2-4FC9-ACE7-3AE15F74A2B8,OTHER,Other,NO IMPROPER ACTIONS,ON ROADWAY NOT AT CROSSWALK,No,SUSPECTED MINOR INJURY,REFLECTIVE CLOTHING,39.16224747,-77.19190177,"    (39.16224747, -77.19190177)"
DM84800008,190040088,Takoma Park Police Depart,Injury Crash,08/21/2019 10:10:00 PM,,,,"ENTRY TO PARKING LOT OF 8604 FLOWER AVENUE, TAKOMA PARK, MD",,PEDESTRIAN,OTHER,CLEAR,,DARK LIGHTS ON,NO CONTROLS,NONE DETECTED,NONE DETECTED,AEFC1D11-B43F-417F-804C-94A3112859B2,PEDESTRIAN,Other,UNKNOWN,OTHER,Unknown,POSSIBLE INJURY,N/A,38.99658667,-77.003225,"    (38.99658667, -77.003225)"
MCP2992002L,190040054,Montgomery County Police,Injury Crash,08/21/2019 06:45:00 PM,,,,3201 ROSSMOOR BLVD PARKING LOT (LEISURE WORLD),,PEDESTRIAN,OTHER,RAINING,,DAYLIGHT,NO CONTROLS,N/A,N/A,0C3313CA-3076-4002-A5A8-411753AE279F,PEDESTRIAN,Other,NOT VISIBLE,OTHER,No,SUSPECTED MINOR INJURY,N/A,39.10079333,-77.07318667,"    (39.10079333, -77.07318667)"
MCP1174003R,190039979,Montgomery County Police,Injury Crash,08/21/2019 01:13:00 PM,,,,PUBLIC PARKING LOT #8 OF 4821 ST. ELMO AVE.,,BICYCLIST,SINGLE VEHICLE,CLEAR,,DAYLIGHT,NO CONTROLS,NONE DETECTED,NONE DETECTED,27002D3C-C508-4874-94C6-1347917E68BC,BICYCLIST,Walking/Cycling on Sidewalk,NO IMPROPER ACTIONS,SIDEWALK,No,SUSPECTED MINOR INJURY,MC/BIKE HELMET,38.98917806,-77.09713215,"    (38.98917806, -77.09713215)"