Report Number,Local Case Number,Agency Name,ACRS Report Type,Crash Date/Time,Route Type,Road Name,Cross-Street Name,Off-Road Description,Municipality,Related Non-Motorist,Collision Type,Weather,Surface Condition,Light,Traffic Control,Driver Substance Abuse,Non-Motorist Substance Abuse,Person ID,Pedestrian Type,Pedestrian Movement,Pedestrian Actions,Pedestrian Location,At Fault,Injury Severity,Safety Equipment,Latitude,Longitude,Location
MCP9301002V,190028026,Montgomery County Police,Injury Crash,06/12/2019 12:18,Municipality,WASHINGTONIAN BLVD,FIELDS RD,,N/A,BICYCLIST,OTHER,CLEAR,DRY,DAYLIGHT,TRAFFIC SIGNAL,N/A,N/A,96E180BF-EBD4-4EBB-981E-2C95045BD35E,BICYCLIST,Walking/Riding against Traffic,WRONG WAY RIDING OR WALKING,ON ROADWAY AT CROSSWALK,Yes,SUSPECTED MINOR INJURY,MC/BIKE HELMET,39.11299333,-77.191215,"    (39.11299333, -77.191215)"
MCP30060049,190028002,Montgomery County Police,Injury Crash,06/12/2019 9:25,Maryland (State),VEIRS MILL RD,CLARIDGE RD,,N/A,PEDESTRIAN,SINGLE VEHICLE,CLEAR,DRY,DAYLIGHT,TRAFFIC SIGNAL,NONE DETECTED,NONE DETECTED,A0A1FAD0-EE78-42D8-AE7A-0E25B5ED24AD,PEDESTRIAN,Cross/Enter at Intersection,NO IMPROPER ACTIONS,ON ROADWAY AT CROSSWALK,No,SUSPECTED MINOR INJURY,N/A,39.04920667,-77.07006,"    (39.04920667, -77.07006)"
MCP3173000K,190025858,Montgomery County Police,Injury Crash,06/12/2019 7:14,County,BRUNETT AVE,UNIVERSITY BLVD W,,N/A,PEDESTRIAN,OTHER,CLEAR,DRY,DAWN,STOP SIGN,NONE DETECTED,NONE DETECTED,02151929-D7B2-42AC-8830-A65C0A35C41E,PEDESTRIAN,Cross/Enter at Intersection,NO IMPROPER ACTIONS,ON ROADWAY AT CROSSWALK,No,NO APPARENT INJURY,N/A,39.0229374,-77.01688638,"    (39.0229374, -77.01688638)"
MCP3173000K,190025858,Montgomery County Police,Injury Crash,06/12/2019 7:14,County,BRUNETT AVE,UNIVERSITY BLVD W,,N/A,PEDESTRIAN,OTHER,CLEAR,DRY,DAWN,STOP SIGN,NONE DETECTED,NONE DETECTED,76D55415-2161-40C9-B09F-7417751F5019,PEDESTRIAN,Cross/Enter at Intersection,NO IMPROPER ACTIONS,ON ROADWAY AT CROSSWALK,No,POSSIBLE INJURY,N/A,39.0229374,-77.01688638,"    (39.0229374, -77.01688638)"
MCP3173000K,190025858,Montgomery County Police,Injury Crash,06/12/2019 7:14,County,BRUNETT AVE,UNIVERSITY BLVD W,,N/A,PEDESTRIAN,OTHER,CLEAR,DRY,DAWN,STOP SIGN,NONE DETECTED,NONE DETECTED,44066F0D-5FAB-4952-83E0-5E469BEFE405,PEDESTRIAN,Cross/Enter at Intersection,NO IMPROPER ACTIONS,ON ROADWAY AT CROSSWALK,No,NO APPARENT INJURY,N/A,39.0229374,-77.01688638,"    (39.0229374, -77.01688638)"
DD56310025,190027912,Rockville Police Departme,Property Damage Crash,06/11/2019 16:35,Other Public Roadway,ELMCROFT BLVD,CORK TREE LA,,N/A,PEDESTRIAN,OTHER,CLEAR,DRY,DAYLIGHT,NO CONTROLS,NONE DETECTED,NONE DETECTED,A6680F48-E360-49CF-BD73-28B9B3623BB6,PEDESTRIAN,Cross/Enter at Intersection,NO IMPROPER ACTIONS,CURB,No,NO APPARENT INJURY,NONE,39.11392333,-77.16615167,"    (39.11392333, -77.16615167)"
MCP2708004Y,190027751,Montgomery County Police,Injury Crash,06/10/2019 19:30,County,NAVAHOE DR,10TH AVE,,N/A,OTHER CONVEYANCE,STRAIGHT MOVEMENT ANGLE,CLEAR,DRY,DAYLIGHT,STOP SIGN,NONE DETECTED,NONE DETECTED,470E3037-D991-4A7D-B245-7CDE10CFC54D,OTHER CONVEYANCE,Cross/Enter at Intersection,FAILURE TO YIELD RIGHT OF WAY,ON ROADWAY NOT AT CROSSWALK,Yes,SUSPECTED MINOR INJURY,NONE,38.99378849,-76.99103481,"    (38.99378849, -76.99103481)"
MCP2411003F,190027727,Montgomery County Police,Injury Crash,06/10/2019 16:08,,,,PARKING LOT OF UNIQUE THRIFT STORE,,PEDESTRIAN,OTHER,CLOUDY,,DAYLIGHT,UNKNOWN,UNKNOWN,ALCOHOL PRESENT,BC47460A-0554-45D8-9425-11F7FFC8FA28,PEDESTRIAN,Unknown,UNKNOWN,UNKNOWN,Unknown,POSSIBLE INJURY,N/A,39.05699503,-77.08239273,"    (39.05699503, -77.08239273)"
MCP2820003K,190027225,Montgomery County Police,Injury Crash,06/07/2019 12:42,,N LEISURE WORLD BLVD,HYDE PARK DR,,N/A,PEDESTRIAN,SINGLE VEHICLE,N/A,N/A,DAYLIGHT,NO CONTROLS,NONE DETECTED,NONE DETECTED,AF6984CF-29D4-4D54-8B1F-1443DF92D74C,PEDESTRIAN,Walking/Riding against Traffic,NO IMPROPER ACTIONS,SIDEWALK,No,POSSIBLE INJURY,N/A,39.10735833,-77.07343167,"    (39.10735833, -77.07343167)"
MCP3008001Y,190027155,Montgomery County Police,Injury Crash,06/06/2019 23:13,County,OAKVIEW DR,BRADDOCK RD,,N/A,BICYCLIST,OTHER,CLEAR,DRY,DARK LIGHTS ON,NO CONTROLS,UNKNOWN,NONE DETECTED,569E88E7-AFF4-4F95-A5FA-3038A0B185CE,BICYCLIST,Unknown,NO IMPROPER ACTIONS,UNKNOWN,No,SUSPECTED SERIOUS INJURY,NONE,39.0152112,-76.9768841,"    (39.0152112, -76.9768841)"
MCP30060048,190027052,Montgomery County Police,Injury Crash,06/06/2019 13:38,Maryland (State),VEIRS MILL RD,ENT TO WHEATON PLAZA,,N/A,PEDESTRIAN,SINGLE VEHICLE,CLEAR,DRY,DAYLIGHT,STOP SIGN,UNKNOWN,NONE DETECTED,7B056FB9-5642-47E4-92EF-E0B804DFD9B5,PEDESTRIAN,Cross/Enter at Intersection,NO IMPROPER ACTIONS,AT INTERSECTION MARKED CROSSWALK,No,SUSPECTED SERIOUS INJURY,N/A,39.03671667,-77.05157167,"    (39.03671667, -77.05157167)"
MCP3162002J,190027023,Montgomery County Police,Injury Crash,06/06/2019 11:10,County,SEMINARY PL,SECOND AVE,,N/A,OTHER,OTHER,CLEAR,DRY,DAYLIGHT,PERSON,NONE DETECTED,NONE DETECTED,12FD9BC9-12D0-438C-8708-839D4CAA19DD,OTHER,Other Working,N/A,N/A,No,POSSIBLE INJURY,REFLECTIVE CLOTHING,39.00928333,-77.04383333,"    (39.00928333, -77.04383333)"
MCP2450002L,190027276,Montgomery County Police,Injury Crash,06/06/2019 8:50,,,,PARKING LOT OF 8720 CARROLL AVE,,PEDESTRIAN,OTHER,UNKNOWN,,DAYLIGHT,NO CONTROLS,N/A,N/A,3843ABC5-0954-46F8-B7E7-0A52E9532133,PEDESTRIAN,Walking to/from school,UNKNOWN,OTHER,No,POSSIBLE INJURY,N/A,38.997,-76.99190833,"    (38.997, -76.99190833)"
MCP158000BJ,190026998,Montgomery County Police,Injury Crash,06/06/2019 7:40,County,CENTER CT,MONTGOMERY VILLAGE AVE,,N/A,BICYCLIST,SINGLE VEHICLE,CLOUDY,WET,DAYLIGHT,STOP SIGN,NONE DETECTED,NONE DETECTED,C4EC57A8-7B17-45DF-9309-5D525F2493ED,BICYCLIST,Cross/Enter at Intersection,NO IMPROPER ACTIONS,ON ROADWAY AT CROSSWALK,No,SUSPECTED MINOR INJURY,NONE,39.16800667,-77.205625,"    (39.16800667, -77.205625)"
MCP3089002H,190026932,Montgomery County Police,Injury Crash,06/05/2019 19:33,County,WAYNE AVE,CEDAR ST,,N/A,PEDESTRIAN,SINGLE VEHICLE,CLEAR,DRY,DAYLIGHT,TRAFFIC SIGNAL,N/A,N/A,20A11CBF-0128-46D2-868C-B93B3CAEC2D2,PEDESTRIAN,Cross/Enter at Intersection,NO IMPROPER ACTIONS,ON ROADWAY AT CROSSWALK,No,POSSIBLE INJURY,N/A,38.99725667,-77.02167667,"    (38.99725667, -77.02167667)"
DD55270029,190026677,Rockville Police Departme,Injury Crash,06/05/2019 14:30,Maryland (State),FREDERICK RD,WATKINS POND BLVD,,ROCKVILLE,PEDESTRIAN,OTHER,CLEAR,DRY,DAYLIGHT,NO CONTROLS,NONE DETECTED,NONE DETECTED,2E9A9B38-A599-46EF-8CB3-61A36B9A5512,PEDESTRIAN,Cross/Enter not at Intersection,FAILURE TO YIELD RIGHT OF WAY,ON ROADWAY NOT AT CROSSWALK,Yes,SUSPECTED SERIOUS INJURY,NONE,39.11215142,-77.16183609,"    (39.11215142, -77.16183609)"
MCP3171000V,190026764,Montgomery County Police,Injury Crash,06/04/2019 21:02,,,,"HOME DEPOT PARKING LOT
 21010 FREDERICK RD GERMANTOWN MD",,PEDESTRIAN,SINGLE VEHICLE,CLEAR,,DARK LIGHTS ON,N/A,NONE DETECTED,NONE DETECTED,DDAA6793-157D-4CB0-BF55-1789966836AC,PEDESTRIAN,Unknown,NO IMPROPER ACTIONS,AT INTERSECTION BUT NO CROSSWALK,No,POSSIBLE INJURY,N/A,39.201165,-77.24834333,"    (39.201165, -77.24834333)"
MCP27770058,190026711,Montgomery County Police,Injury Crash,06/04/2019 17:30,County,HAMPDEN LA,ARLINGTON RD,,N/A,PEDESTRIAN,OTHER,N/A,DRY,DAYLIGHT,STOP SIGN,NONE DETECTED,NONE DETECTED,B3AF41AE-A4B2-4FD3-B575-2833686A1322,PEDESTRIAN,Cross/Enter at Intersection,NO IMPROPER ACTIONS,AT INTERSECTION MARKED CROSSWALK,No,POSSIBLE INJURY,NONE,38.98268667,-77.098305,"    (38.98268667, -77.098305)"
EJ7876000N,190026354,Gaithersburg Police Depar,Injury Crash,06/02/2019 22:10,Maryland (State),MONTGOMERY VILLAGE AVE,SPUR TO LOST KNIFE RD,,N/A,BICYCLIST,STRAIGHT MOVEMENT ANGLE,CLOUDY,WET,DARK LIGHTS ON,TRAFFIC SIGNAL,NONE DETECTED,ALCOHOL PRESENT,4B746786-935A-4761-9328-C30FCC58F9FA,BICYCLIST,Cross/Enter at Intersection,OTHER,ON ROADWAY AT CROSSWALK,Yes,SUSPECTED MINOR INJURY,NONE,39.157775,-77.20400167,"    (39.157775, -77.20400167)"
MCP20160048,190026280,Montgomery County Police,Injury Crash,06/02/2019 12:19,Maryland (State),ROCKVILLE PIKE,ROLLINS AVE,,ROCKVILLE,PEDESTRIAN,SINGLE VEHICLE,CLOUDY,DRY,DAYLIGHT,N/A,NONE DETECTED,N/A,48E25DB8-96FA-4A4B-B209-E1BF0FCAB8F9,PEDESTRIAN,Walking/Cycling on Sidewalk,NO IMPROPER ACTIONS,SIDEWALK,No,SUSPECTED MINOR INJURY,NONE,38.953,-77.338,"    (38.953, -77.338)"
MCP3112002D,190027724,Montgomery County Police,Injury Crash,06/02/2019 11:30,County,DANIEL RD,WYNDALE RD,,N/A,BICYCLIST,OTHER,UNKNOWN,UNKNOWN,DAYLIGHT,STOP SIGN,UNKNOWN,NONE DETECTED,9B542971-DCFF-45FF-A95D-975372620C10,BICYCLIST,Walking/Riding w/Traffic,NO IMPROPER ACTIONS,ON ROADWAY NOT AT CROSSWALK,No,SUSPECTED MINOR INJURY,MC/BIKE HELMET,38.98528268,-77.05698994,"    (38.98528268, -77.05698994)"
MCP3000002N,190026219,Montgomery County Police,Injury Crash,06/01/2019 22:27,County,MIDDLEBROOK RD,WARING STATION RD,,N/A,PEDESTRIAN,SINGLE VEHICLE,CLEAR,DRY,DARK LIGHTS ON,TRAFFIC SIGNAL,NONE DETECTED,NONE DETECTED,12862211-19AD-42F6-B77A-10BA5F788CB0,PEDESTRIAN,Cross/Enter at Intersection,OTHER,AT INTERSECTION MARKED CROSSWALK,No,SUSPECTED MINOR INJURY,N/A,39.17525182,-77.25361113,"    (39.17525182, -77.25361113)"
MCP3158001F,190026188,Montgomery County Police,Injury Crash,06/01/2019 18:52,County,SNOUFFERS SCHOOL RD,WOODFIELD RD,,N/A,PEDESTRIAN,OTHER,CLEAR,DRY,DAYLIGHT,WARNING SIGN,NONE DETECTED,NONE DETECTED,A1885F74-610F-4881-9007-17A7D44A93D1,PEDESTRIAN,Other,NO IMPROPER ACTIONS,ON ROADWAY AT CROSSWALK,No,POSSIBLE INJURY,NONE,39.16084,-77.163385,"    (39.16084, -77.163385)"
MCP27990053,190026189,Montgomery County Police,Injury Crash,06/01/2019 18:35,County,PRINCE PHILIP DR,SPARTAN RD,,N/A,BICYCLIST,STRAIGHT MOVEMENT ANGLE,CLEAR,DRY,DAYLIGHT,NO CONTROLS,NONE DETECTED,NONE DETECTED,90DAD80A-F7B0-4283-854F-032E2A72C2A4,BICYCLIST,Walking/Riding w/Traffic,NO IMPROPER ACTIONS,ON ROADWAY NOT AT CROSSWALK,No,SUSPECTED MINOR INJURY,NONE,39.15452301,-77.05705246,"    (39.15452301, -77.05705246)"
EJ7869002Y,190026072,Gaithersburg Police Depar,Fatal Crash,05/31/2019 09:24:00 PM,Maryland (State),FREDERICK RD,TRAVIS AVE,,GAITHERSBURG,PEDESTRIAN,OTHER,CLEAR,DRY,DARK LIGHTS ON,NO CONTROLS,NONE DETECTED,NONE DETECTED,0888FF5C-5DA3-4547-BC35-BC429A3C64E7,PEDESTRIAN,Cross/Enter not at Intersection,IN ROADWAY IMPROPERLY,ON ROADWAY NOT AT CROSSWALK,Yes,FATAL INJURY,N/A,39.16128577,-77.22282999,"    (39.16128577, -77.22282999)"
DM83880030,190026013,Takoma Park Police Depart,Injury Crash,05/31/2019 04:42:00 PM,,,,PARKING LOT OF 1127 UNIVERSITY BLVD.,,PEDESTRIAN,OTHER,CLEAR,,DAYLIGHT,NO CONTROLS,NONE DETECTED,NONE DETECTED,1FC70D6B-90EB-489A-AFE9-1D8A9791B9A6,PEDESTRIAN,Playing,DART DASH,OTHER,Yes,POSSIBLE INJURY,N/A,38.55400492,-79.18192616,"    (38.55400492, -79.18192616)"
MCP2877006X,190025791,Montgomery County Police,Injury Crash,05/30/2019 02:17:00 PM,County,BLAIR MILL RD,EASTERN DR,,N/A,PEDESTRIAN,OTHER,CLEAR,DRY,DAYLIGHT,NO CONTROLS,NONE DETECTED,NONE DETECTED,338F8E0C-9B5C-401F-A038-A1537DD0BF83,PEDESTRIAN,Cross/Enter not at Intersection,INATTENTIVE,ON ROADWAY NOT AT CROSSWALK,Yes,POSSIBLE INJURY,NONE,38.98972667,-77.030625,"    (38.98972667, -77.030625)"
MCP158000BH,190025744,Montgomery County Police,Injury Crash,05/30/2019 10:22:00 AM,,,,"15740 SHADY GROVE RD,  HOME DEPOT STORE PARKING LOT",,PEDESTRIAN,OTHER,CLEAR,,DAYLIGHT,N/A,NONE DETECTED,NONE DETECTED,413A20BC-D49C-47CD-B5E8-24B483D86EFB,PEDESTRIAN,Other,NO IMPROPER ACTIONS,OTHER,No,SUSPECTED MINOR INJURY,N/A,39.11479667,-77.18677833,"    (39.11479667, -77.18677833)"
MCP3137000T,190025697,Montgomery County Police,Injury Crash,05/29/2019 11:31:00 PM,County,RUATAN ST,QUEBEC ST,,N/A,PEDESTRIAN,HEAD ON,CLEAR,DRY,DARK LIGHTS ON,N/A,NONE DETECTED,NONE DETECTED,5AE0D82F-924C-4BCF-8FE0-8C91C7E31135,PEDESTRIAN,Standing,NO IMPROPER ACTIONS,OTHER,No,POSSIBLE INJURY,N/A,39.00036175,-76.98955953,"    (39.00036175, -76.98955953)"
MCP3137000T,190025697,Montgomery County Police,Injury Crash,05/29/2019 11:31:00 PM,County,RUATAN ST,QUEBEC ST,,N/A,PEDESTRIAN,HEAD ON,CLEAR,DRY,DARK LIGHTS ON,N/A,NONE DETECTED,N/A,4C2FD5B4-CCE4-4BDE-A126-BD5D5AA78F29,PEDESTRIAN,Getting off/on Vehicle,DART DASH,OTHER,No,POSSIBLE INJURY,N/A,39.00036175,-76.98955953,"    (39.00036175, -76.98955953)"
DD5630001F,190025366,Rockville Police Departme,Injury Crash,05/28/2019 03:33:00 PM,Municipality,MT VERNON PL,FLEET ST,,ROCKVILLE,BICYCLIST,OTHER,CLEAR,DRY,DAYLIGHT,STOP SIGN,NONE DETECTED,NONE DETECTED,6C68E36B-D43A-424A-8918-7E6BDB12DC15,BICYCLIST,Cross/Enter at Intersection,NO IMPROPER ACTIONS,ON ROADWAY AT CROSSWALK,No,SUSPECTED MINOR INJURY,NONE,39.07788667,-77.14325167,"    (39.07788667, -77.14325167)"
MCP28710065,190025208,Montgomery County Police,Injury Crash,05/27/2019 04:13:00 PM,County,ROSELAND DR,OLD GEORGETOWN RD,,N/A,OTHER,OTHER,CLEAR,DRY,DAYLIGHT,NO CONTROLS,NONE DETECTED,NONE DETECTED,B1EA0966-7837-4E60-B29A-FD34850A9A55,OTHER,Playing,IN ROADWAY IMPROPERLY,N/A,Yes,SUSPECTED MINOR INJURY,MC/BIKE HELMET,39.04198667,-77.12334833,"    (39.04198667, -77.12334833)"
DM84030007,190025113,Takoma Park Police Depart,Injury Crash,05/26/2019 09:18:00 PM,Maryland (State),PINEY BRANCH RD,PHILADELPHIA AVE,,N/A,BICYCLIST,HEAD ON LEFT TURN,CLEAR,DRY,DARK LIGHTS ON,TRAFFIC SIGNAL,NONE DETECTED,NONE DETECTED,293E1E7E-1B4E-4CD7-B0BB-DA86F434A55A,BICYCLIST,Walking/Riding w/Traffic,NOT VISIBLE,AT INTERSECTION BUT NO CROSSWALK,No,SUSPECTED SERIOUS INJURY,MC/BIKE HELMET,38.9832622,-77.015505,"    (38.9832622, -77.015505)"
MCP2904006Y,190025093,Montgomery County Police,Injury Crash,05/26/2019 06:00:00 PM,County,LANGLEY DR,LINTON ST,,N/A,BICYCLIST,STRAIGHT MOVEMENT ANGLE,CLEAR,DRY,DAYLIGHT,STOP SIGN,NONE DETECTED,NONE DETECTED,FFB094E9-6976-41AC-9C04-6841FD9E68BE,BICYCLIST,Cross/Enter at Intersection,FAILURE TO OBEY TRAFFIC SIGNS SIGNALS OR OFFICER,ON ROADWAY NOT AT CROSSWALK,Yes,POSSIBLE INJURY,NONE,39.00245833,-76.99094833,"    (39.00245833, -76.99094833)"
HA2424000Y,19001241,Maryland-National Capital,Injury Crash,05/25/2019 12:10:00 PM,Government,BEACH DR,EAST WEST HWY,,N/A,BICYCLIST,SAME DIRECTION LEFT TURN,CLEAR,DRY,DAYLIGHT,N/A,N/A,N/A,A186B454-26F3-4ED5-BF08-5F72947F8FBE,BICYCLIST,Other,UNKNOWN,OTHER,Unknown,POSSIBLE INJURY,MC/BIKE HELMET,38.99089456,-77.06352375,"    (38.99089456, -77.06352375)"
MCP102200CD,190024672,Montgomery County Police,Injury Crash,05/24/2019 09:50:00 AM,,,,"SOUTH SIDE PARKING LOT AT GERMANTOWN ASSISTED LIVING  20990 FATHER HURLEY BLVD GERMANTOWN, MD 20874",,PEDESTRIAN,SINGLE VEHICLE,CLEAR,,DAYLIGHT,NO CONTROLS,NONE DETECTED,NONE DETECTED,1CBC5EDB-61D4-418B-BDFA-DF3F99579D2F,PEDESTRIAN,Other,NO IMPROPER ACTIONS,OTHER,No,SUSPECTED MINOR INJURY,N/A,39.190085,-77.27435667,"    (39.190085, -77.27435667)"
MCP3117001Z,190024624,Montgomery County Police,Injury Crash,05/23/2019 09:20:00 PM,Maryland (State),FREDERICK RD,SHADY GROVE RD,,N/A,PEDESTRIAN,OTHER,CLEAR,DRY,DARK LIGHTS ON,TRAFFIC SIGNAL,N/A,NONE DETECTED,BAB38DC3-F007-4D60-B1F4-63607B7440E1,PEDESTRIAN,Cross/Enter not at Intersection,FAILURE TO OBEY TRAFFIC SIGNS SIGNALS OR OFFICER,ON ROADWAY AT CROSSWALK,Yes,SUSPECTED MINOR INJURY,NONE,39.12294833,-77.17762,"    (39.12294833, -77.17762)"
MCP23480052,190024574,Montgomery County Police,Injury Crash,05/23/2019 05:30:00 PM,Maryland (State),GEORGIA AVE,UNIVERSITY BLVD W,,N/A,PEDESTRIAN,OTHER,CLEAR,DRY,DAYLIGHT,TRAFFIC SIGNAL,NONE DETECTED,NONE DETECTED,BA019151-C3B9-4D35-91CE-A52BF1E90460,PEDESTRIAN,Cross/Enter at Intersection,NO IMPROPER ACTIONS,ON ROADWAY AT CROSSWALK,No,SUSPECTED SERIOUS INJURY,N/A,39.04165333,-77.05187667,"    (39.04165333, -77.05187667)"
MCP94320029,190024379,Montgomery County Police,Injury Crash,05/22/2019 06:35:00 PM,Maryland (State),GREAT SENECA HWY,MATENY RD,,N/A,BICYCLIST,ANGLE MEETS RIGHT TURN,CLEAR,DRY,DAYLIGHT,TRAFFIC SIGNAL,NONE DETECTED,NONE DETECTED,F76AF288-930B-4E78-A447-62C853BA8E47,BICYCLIST,Cross/Enter at Intersection,NO IMPROPER ACTIONS,SIDEWALK,No,POSSIBLE INJURY,MC/BIKE HELMET,39.14621167,-77.274265,"    (39.14621167, -77.274265)"
MCP94300004,190024234,Montgomery County Police,Injury Crash,05/22/2019 07:45:00 AM,,,,DRIVEWAY EXITING GIANT AT 10400 OLD GEORGETOWN ROAD ONTO ROCKSPRING DRIVE,,BICYCLIST,STRAIGHT MOVEMENT ANGLE,N/A,,DAYLIGHT,STOP SIGN,NONE DETECTED,NONE DETECTED,8744454F-9220-4952-BAE4-460C1B3E27CC,BICYCLIST,Walking/Cycling on Sidewalk,NO IMPROPER ACTIONS,OTHER,No,SUSPECTED MINOR INJURY,NONE,39.02669789,-77.12765073,"    (39.02669789, -77.12765073)"
MCP0036009Y,190024134,Montgomery County Police,Injury Crash,05/21/2019 05:34:00 PM,County,DAMASCUS BLVD,RIDGE RD,,N/A,PEDESTRIAN,SINGLE VEHICLE,CLOUDY,DRY,DAYLIGHT,NO CONTROLS,NONE DETECTED,NONE DETECTED,F158C80A-86E1-4895-A8D2-06B7C07ABB56,PEDESTRIAN,Other,NO IMPROPER ACTIONS,SIDEWALK,No,SUSPECTED SERIOUS INJURY,N/A,39.28760167,-77.20626833,"    (39.28760167, -77.20626833)"
DD5633001M,190023736,Rockville Police Departme,Injury Crash,05/19/2019 05:49:00 PM,,,,2100 CHAPMAN AVE (FLAGSHIP CARWASH PARKING LOT),,PEDESTRIAN,SAME DIR REAR END,CLEAR,,DAYLIGHT,N/A,NONE DETECTED,NONE DETECTED,20A7C632-83E7-414D-BF5E-BA4C56361706,PEDESTRIAN,Standing,NO IMPROPER ACTIONS,OTHER,No,POSSIBLE INJURY,N/A,39.05721333,-77.11673333,"    (39.05721333, -77.11673333)"
MCP20080062,190023569,Montgomery County Police,Injury Crash,05/18/2019 06:11:00 PM,County,FALLS RD,BURBANK DR,,N/A,BICYCLIST,OPPOSITE DIRECTION SIDESWIPE,N/A,DRY,DAYLIGHT,N/A,NONE DETECTED,NONE DETECTED,ACED7CBE-9E16-4A7C-97B2-426DD996DF14,BICYCLIST,Walking/Riding against Traffic,WRONG WAY RIDING OR WALKING,ON ROADWAY NOT AT CROSSWALK,Yes,SUSPECTED MINOR INJURY,MC/BIKE HELMET,39.01409667,-77.21513667,"    (39.01409667, -77.21513667)"
DD5624002M,190023541,Rockville Police Departme,Injury Crash,05/18/2019 03:11:00 PM,Municipality,BALTIMORE RD,WOODBURN RD,,ROCKVILLE,PEDESTRIAN,OTHER,CLEAR,DRY,DAYLIGHT,NO CONTROLS,UNKNOWN,NONE DETECTED,F639F111-9422-445F-8736-3EB9E9222845,PEDESTRIAN,Unknown,UNKNOWN,ON ROADWAY NOT AT CROSSWALK,Unknown,SUSPECTED MINOR INJURY,N/A,39.08389553,-77.13346669,"    (39.08389553, -77.13346669)"
MCP3188000L,190023386,Montgomery County Police,Injury Crash,05/17/2019 06:12:00 PM,,,,PARKING LOT OF STROSNIDERS HARDWARE,,PEDESTRIAN,STRAIGHT MOVEMENT ANGLE,CLEAR,,DAYLIGHT,TRAFFIC SIGNAL,UNKNOWN,NONE DETECTED,0457BF95-2024-48B3-ACE4-66AB520515CA,PEDESTRIAN,Cross/Enter at Intersection,NO IMPROPER ACTIONS,AT INTERSECTION MARKED CROSSWALK,No,SUSPECTED MINOR INJURY,NONE,38.97939135,-77.09878308,"    (38.97939135, -77.09878308)"
MCP30480056,190023306,Montgomery County Police,Injury Crash,05/17/2019 11:14:00 AM,County,MADISON ST,ANDERSON RD,,N/A,"OTHER, PEDESTRIAN",OTHER,CLOUDY,DRY,DAYLIGHT,NO CONTROLS,N/A,N/A,9A9611F8-832B-419B-87D7-6AD02C5195C7,PEDESTRIAN,Other,NO IMPROPER ACTIONS,ON ROADWAY AT CROSSWALK,No,POSSIBLE INJURY,N/A,39.03666667,-77.07016333,"    (39.03666667, -77.07016333)"
MCP30480056,190023306,Montgomery County Police,Injury Crash,05/17/2019 11:14:00 AM,County,MADISON ST,ANDERSON RD,,N/A,"OTHER, PEDESTRIAN",OTHER,CLOUDY,DRY,DAYLIGHT,NO CONTROLS,N/A,N/A,AA0C6665-C0DA-4C32-A388-547F3C0C8E95,OTHER,Other,N/A,N/A,No,NO APPARENT INJURY,N/A,39.03666667,-77.07016333,"    (39.03666667, -77.07016333)"
MCP91300078,190023094,Montgomery County Police,Injury Crash,05/16/2019 11:33:00 AM,,,,PARKING LOT OF 75 E WAYNE AVE,,OTHER,SINGLE VEHICLE,CLEAR,,DAYLIGHT,NO CONTROLS,,NONE DETECTED,615FB898-1F5F-4698-A94B-6D86A768BFC2,OTHER,Standing,INATTENTIVE,OTHER,Yes,SUSPECTED MINOR INJURY,NONE,39.00083094,-77.00825285,"    (39.00083094, -77.00825285)"
MCP2941003D,190023030,Montgomery County Police,Injury Crash,05/15/2019 11:02:00 PM,Maryland (State),EAST WEST HWY,BLAIR MILL RD,,N/A,PEDESTRIAN,N/A,CLEAR,DRY,DUSK,OTHER,NONE DETECTED,NONE DETECTED,890C0F1D-3E80-4862-B5AD-B1217D49EB30,PEDESTRIAN,Cross/Enter at Intersection,NO IMPROPER ACTIONS,AT INTERSECTION MARKED CROSSWALK,No,POSSIBLE INJURY,NONE,38.98902667,-77.0279,"    (38.98902667, -77.0279)"
DD5630001D,190022958,Rockville Police Departme,Injury Crash,05/15/2019 04:35:00 PM,County,HALPINE RD,PIER DR,,N/A,PEDESTRIAN,OTHER,CLEAR,DRY,DAYLIGHT,NO CONTROLS,NONE DETECTED,NONE DETECTED,7B495280-DE72-491A-A09A-9C81AA2C05D2,PEDESTRIAN,Cross/Enter at Intersection,NO IMPROPER ACTIONS,AT INTERSECTION BUT NO CROSSWALK,No,SUSPECTED MINOR INJURY,NONE,39.0663,-77.11594833,"    (39.0663, -77.11594833)"
MCP27450028,190022858,Montgomery County Police,Injury Crash,05/15/2019 04:49:00 AM,County,WATKINS MILL RD,STEDWICK RD,,N/A,PEDESTRIAN,OTHER,CLEAR,DRY,DARK LIGHTS ON,FLASHING TRAFFIC SIGNAL,NONE DETECTED,N/A,6C6960B6-EF3B-4858-BAF1-54D4FD881133,PEDESTRIAN,Cross/Enter at Intersection,NO IMPROPER ACTIONS,ON ROADWAY AT CROSSWALK,No,POSSIBLE INJURY,N/A,39.17042,-77.20894833,"    (39.17042, -77.20894833)"
MCP2983003R,190022761,Montgomery County Police,Injury Crash,05/14/2019 02:14:00 PM,,,,PARKING LOT OF WHEATON PARK SHOPPING CENTER,,PEDESTRIAN,OTHER,CLEAR,,DAYLIGHT,N/A,NONE DETECTED,NONE DETECTED,E8143F74-10B3-47E7-AFCD-5CF5DB8D30A9,PEDESTRIAN,Cross/Enter at Intersection,NO IMPROPER ACTIONS,ON ROADWAY AT CROSSWALK,No,SUSPECTED MINOR INJURY,NONE,39.05208846,-77.05003182,"    (39.05208846, -77.05003182)"
EJ7826004D,190022707,Gaithersburg Police Depar,Injury Crash,05/14/2019 12:17:00 PM,,ELLINGTON BLVD,FIELDS RD,,N/A,PEDESTRIAN,OTHER,CLOUDY,DRY,DAYLIGHT,N/A,N/A,N/A,004FB443-B5D0-45DA-8F3B-9888F495EC96,PEDESTRIAN,Cross/Enter at Intersection,NO IMPROPER ACTIONS,ON ROADWAY AT CROSSWALK,No,POSSIBLE INJURY,NONE,39.11518833,-77.20483333,"    (39.11518833, -77.20483333)"
MCP29170049,190022554,Montgomery County Police,Injury Crash,05/13/2019 03:14:00 PM,County,IRIS ST,MAGELLAN AVE,,N/A,PEDESTRIAN,OTHER,RAINING,WET,DAYLIGHT,NO CONTROLS,NONE DETECTED,NONE DETECTED,9742EAD3-85E0-493C-ACFF-40EC27533BEA,PEDESTRIAN,Other,DART DASH,ON ROADWAY NOT AT CROSSWALK,No,SUSPECTED MINOR INJURY,NONE,39.07511,-77.09338167,"    (39.07511, -77.09338167)"