Report Number,Local Case Number,Agency Name,ACRS Report Type,Crash Date/Time,Route Type,Road Name,Cross-Street Name,Off-Road Description,Municipality,Related Non-Motorist,Collision Type,Weather,Surface Condition,Light,Traffic Control,Driver Substance Abuse,Non-Motorist Substance Abuse,Person ID,Pedestrian Type,Pedestrian Movement,Pedestrian Actions,Pedestrian Location,At Fault,Injury Severity,Safety Equipment,Latitude,Longitude,Location
DD55830051,190011114,Rockville Police Departme,Injury Crash,03/10/2019 15:50,County,TWINBROOK PKWY,PIER DR,,ROCKVILLE,PEDESTRIAN,SINGLE VEHICLE,CLEAR,DRY,DAYLIGHT,NO CONTROLS,NONE DETECTED,NONE DETECTED,B5DB103A-C7B9-477B-85DA-E996F1D46608,PEDESTRIAN,Cross/Enter at Intersection,NO IMPROPER ACTIONS,ON ROADWAY AT CROSSWALK,No,SUSPECTED SERIOUS INJURY,N/A,39.0690275,-77.11411817,"    (39.0690275, -77.11411817)"
HA2317000C,19000547,Maryland-National Capital,Injury Crash,03/08/2019 18:19,Maryland (State),WISCONSIN AVE,LELAND ST,,N/A,PEDESTRIAN,N/A,SNOW,WET,DARK LIGHTS ON,TRAFFIC SIGNAL,N/A,N/A,F3FB2D96-4004-480E-9EF9-FBA9E3990FBB,PEDESTRIAN,Cross/Enter at Intersection,NO IMPROPER ACTIONS,ON ROADWAY AT CROSSWALK,No,SUSPECTED MINOR INJURY,N/A,38.98012453,-77.09207376,"    (38.98012453, -77.09207376)"
MCP23960036,190010789,Montgomery County Police,Injury Crash,03/08/2019 16:30,Maryland (State),HUNGERFORD DR,BEALL AVE #2,,ROCKVILLE,PEDESTRIAN,STRAIGHT MOVEMENT ANGLE,CLEAR,DRY,DAYLIGHT,TRAFFIC SIGNAL,N/A,N/A,3648A6A3-E25B-4434-8283-0CC6BD53A3FF,PEDESTRIAN,Cross/Enter at Intersection,NO IMPROPER ACTIONS,ON ROADWAY AT CROSSWALK,No,SUSPECTED MINOR INJURY,UNKNOWN,39.08742277,-77.15015525,"    (39.08742277, -77.15015525)"
EJ78330054,190010808,Gaithersburg Police Depar,Injury Crash,03/08/2019 7:50,County,N SUMMIT AVE,GIRARD ST,,GAITHERSBURG,PEDESTRIAN,OTHER,CLEAR,UNKNOWN,DAYLIGHT,NO CONTROLS,UNKNOWN,NONE DETECTED,22ACC3E7-9AA4-4BD5-B210-800DA87A1145,PEDESTRIAN,Cross/Enter at Intersection,NO IMPROPER ACTIONS,ON ROADWAY AT CROSSWALK,Unknown,POSSIBLE INJURY,NONE,39.14923579,-77.19293776,"    (39.14923579, -77.19293776)"
DD5502004Y,190010874,Rockville Police Departme,Injury Crash,03/08/2019 7:26,Municipality,E MIDDLE LA,CROSSOVER,,N/A,PEDESTRIAN,OTHER,SNOW,WET,DUSK,YIELD SIGN,NONE DETECTED,NONE DETECTED,FFD1EA75-592F-47E3-B284-0CDABA679B1B,PEDESTRIAN,Cross/Enter at Intersection,NO IMPROPER ACTIONS,ON ROADWAY AT CROSSWALK,No,SUSPECTED MINOR INJURY,N/A,39.08514158,-77.15002358,"    (39.08514158, -77.15002358)"
DM8434001S,190010565,Takoma Park Police Depart,Injury Crash,03/07/2019 4:13,Maryland (State),PINEY BRANCH RD,PHILADELPHIA AVE,,N/A,OTHER,SINGLE VEHICLE,CLEAR,DRY,DARK LIGHTS ON,PERSON,UNKNOWN,N/A,67E506EE-B483-45E3-B3A6-F36749345583,OTHER,Standing,NO IMPROPER ACTIONS,ON ROADWAY NOT AT CROSSWALK,No,POSSIBLE INJURY,REFLECTIVE CLOTHING,38.98354667,-77.01549167,"    (38.98354667, -77.01549167)"
MCP2767005X,190010497,Montgomery County Police,Injury Crash,03/06/2019 17:33,,,,"PARKING LOT OF 11160 VEIRS MILL ROAD, WHEATON MD",,PEDESTRIAN,SINGLE VEHICLE,CLEAR,,DAYLIGHT,NO CONTROLS,NONE DETECTED,NONE DETECTED,123ACEA3-5B45-4E94-9503-E92C1D9D91B6,PEDESTRIAN,Cross/Enter not at Intersection,DART DASH,OUTSIDE RIGHT OF WAY,Yes,SUSPECTED MINOR INJURY,NONE,39.03570333,-77.05573833,"    (39.03570333, -77.05573833)"
MCP26410016,190010359,Montgomery County Police,Injury Crash,03/05/2019 22:05,County,MIDDLEBROOK RD,FREDERICK RD,,N/A,PEDESTRIAN,SINGLE VEHICLE,CLEAR,DRY,DARK LIGHTS ON,TRAFFIC SIGNAL,NONE DETECTED,ALCOHOL PRESENT,283090F4-2584-4112-B254-C207FB5CAA01,PEDESTRIAN,Cross/Enter at Intersection,INATTENTIVE,UNKNOWN,Unknown,POSSIBLE INJURY,N/A,39.18082667,-77.23877667,"    (39.18082667, -77.23877667)"
DD5604002Q,190010318,Rockville Police Departme,Injury Crash,03/05/2019 7:53,Municipality,N WASHINGTON ST,DAWSON AVE,,ROCKVILLE,PEDESTRIAN,OTHER,CLEAR,DRY,DARK LIGHTS ON,NO CONTROLS,NONE DETECTED,NONE DETECTED,8E4617F9-04EC-4210-B74C-21EC025F5D32,PEDESTRIAN,Cross/Enter not at Intersection,IN ROADWAY IMPROPERLY,ON ROADWAY NOT AT CROSSWALK,Yes,POSSIBLE INJURY,NONE,39.08894833,-77.153605,"    (39.08894833, -77.153605)"
DD5620003Q,190010161,Rockville Police Departme,Injury Crash,03/04/2019 19:30,Municipality,N WASHINGTON ST,BEALL AVE #2,,ROCKVILLE,PEDESTRIAN,OTHER,CLEAR,DRY,DARK LIGHTS ON,TRAFFIC SIGNAL,N/A,NONE DETECTED,6F996E75-121A-4364-AA3A-146C2839AE6A,PEDESTRIAN,Cross/Enter at Intersection,NO IMPROPER ACTIONS,AT INTERSECTION MARKED CROSSWALK,No,POSSIBLE INJURY,NONE,39.08810917,-77.15384,"    (39.08810917, -77.15384)"
MCP30850013,190010007,Montgomery County Police,Injury Crash,03/03/2019 18:50,County,CANDLELIGHT LA,TUCKERMAN LA,,N/A,PEDESTRIAN,SINGLE VEHICLE,RAINING,WET,DARK LIGHTS ON,N/A,UNKNOWN,NONE DETECTED,3C0F4C8D-5FE2-4CA0-BC2F-E87CE9812393,PEDESTRIAN,Cross/Enter at Intersection,NO IMPROPER ACTIONS,AT INTERSECTION BUT NO CROSSWALK,No,POSSIBLE INJURY,N/A,39.04152562,-77.16875628,"    (39.04152562, -77.16875628)"
MCP2977005G,190009951,Montgomery County Police,Injury Crash,03/03/2019 10:42,County,FLOWER AVE,PINEY BRANCH RD,,N/A,BICYCLIST,OTHER,CLOUDY,DRY,DAYLIGHT,NO CONTROLS,N/A,N/A,96629F07-CE3A-4C30-BFD4-F8E270C4FE30,BICYCLIST,Walking/Riding w/Traffic,INATTENTIVE,ON ROADWAY NOT AT CROSSWALK,Yes,POSSIBLE INJURY,MC/BIKE HELMET,38.99888357,-77.00375319,"    (38.99888357, -77.00375319)"
MCP30760022,190009838,Montgomery County Police,Property Damage Crash,03/02/2019 14:10,County,THAYER AVE,DALE DR,,N/A,OTHER,SINGLE VEHICLE,CLEAR,DRY,DAYLIGHT,NO CONTROLS,ALCOHOL PRESENT,NONE DETECTED,B6571D05-F83F-4E46-9BA4-7F3078CD4550,OTHER,Other,NO IMPROPER ACTIONS,INSIDE BUILDING,No,NO APPARENT INJURY,NONE,38.9942915,-77.01051767,"    (38.9942915, -77.01051767)"
MCP24450009,190009816,Montgomery County Police,Injury Crash,03/02/2019 12:19,County,LEAMAN FARM RD,DAVENTRY WAY,,N/A,PEDESTRIAN,SINGLE VEHICLE,CLEAR,DRY,DAYLIGHT,NO CONTROLS,NONE DETECTED,NONE DETECTED,F0D8A486-1269-4FAB-9265-4CF263B385DC,PEDESTRIAN,Cross/Enter not at Intersection,DART DASH,ON ROADWAY NOT AT CROSSWALK,Yes,SUSPECTED MINOR INJURY,NONE,39.1580955,-77.2788765,"    (39.1580955, -77.2788765)"
MCP3134001J,190009493,Montgomery County Police,Injury Crash,02/28/2019 11:07:00 AM,Maryland (State),UNIVERSITY BLVD W,LORAIN AVE,,N/A,PEDESTRIAN,OTHER,CLEAR,DRY,DAYLIGHT,NO CONTROLS,N/A,N/A,21DC5759-448A-4630-AA90-58953EAFA986,PEDESTRIAN,Cross/Enter not at Intersection,N/A,SIDEWALK,No,SUSPECTED MINOR INJURY,NONE,39.02138333,-77.01427833,"    (39.02138333, -77.01427833)"
MCP1334007K,190009468,Montgomery County Police,Injury Crash,02/28/2019 09:01:00 AM,County,FLOWER HILL WAY,TEA ROSE DR,,N/A,PEDESTRIAN,SINGLE VEHICLE,CLEAR,DRY,DAYLIGHT,NO CONTROLS,NONE DETECTED,NONE DETECTED,0A793C60-68FB-41BE-8F68-3637D4153B77,PEDESTRIAN,Cross/Enter at Intersection,NO IMPROPER ACTIONS,ON ROADWAY AT CROSSWALK,No,SUSPECTED MINOR INJURY,REFLECTIVE CLOTHING,39.14982667,-77.23458333,"    (39.14982667, -77.23458333)"
EJ78600020,190009244,Gaithersburg Police Depar,Injury Crash,02/26/2019 10:52:00 PM,County,MUDDY BRANCH RD,HARMONY HALL RD,,N/A,PEDESTRIAN,N/A,CLEAR,DRY,DARK LIGHTS ON,NO CONTROLS,NONE DETECTED,ALCOHOL PRESENT,697667B5-63A8-4EC8-9726-B719C5708FB0,PEDESTRIAN,Cross/Enter not at Intersection,IN ROADWAY IMPROPERLY,ON ROADWAY NOT AT CROSSWALK,Yes,POSSIBLE INJURY,NONE,39.136855,-77.20563167,"    (39.136855, -77.20563167)"
MCP29950048,190009228,Montgomery County Police,Injury Crash,02/26/2019 06:26:00 PM,County,BEL PRE RD,NORTH GATE DR,,N/A,PEDESTRIAN,OTHER,CLEAR,N/A,DARK LIGHTS ON,OTHER,UNKNOWN,NONE DETECTED,E8A46667-1F78-4D82-88BD-1ED2028EEDA5,PEDESTRIAN,Cross/Enter not at Intersection,NO IMPROPER ACTIONS,ON ROADWAY AT CROSSWALK,No,SUSPECTED SERIOUS INJURY,NONE,39.09190667,-77.06920667,"    (39.09190667, -77.06920667)"
MCP3029002H,190009183,Montgomery County Police,Injury Crash,02/26/2019 05:07:00 PM,Maryland (State),NEW HAMPSHIRE AVE,LOCKWOOD DR,,N/A,PEDESTRIAN,OTHER,CLEAR,DRY,DAYLIGHT,TRAFFIC SIGNAL,NONE DETECTED,UNKNOWN,EBAA3061-AA47-4FDE-AD4F-FF4F6BCE6D96,PEDESTRIAN,Cross/Enter at Intersection,DART DASH,AT INTERSECTION MARKED CROSSWALK,Yes,SUSPECTED SERIOUS INJURY,NONE,39.03998,-76.990695,"    (39.03998, -76.990695)"
DD5611005Q,190009051,Rockville Police Departme,Injury Crash,02/25/2019 08:09:00 PM,Municipality,ROLLINS AVE,ROCKVILLE PIKE,,N/A,BICYCLIST,OTHER,CLEAR,DRY,DARK LIGHTS ON,N/A,NONE DETECTED,NONE DETECTED,7720A6BF-C4F0-40F8-B09C-8A716B1A8950,BICYCLIST,Walking/Riding w/Traffic,UNKNOWN,ON ROADWAY NOT AT CROSSWALK,Yes,POSSIBLE INJURY,MC/BIKE HELMET,39.05884833,-77.12208333,"    (39.05884833, -77.12208333)"
MCP3003003C,190008966,Montgomery County Police,Injury Crash,02/25/2019 12:58:00 PM,County,EDSON LA,STRAND DR,,N/A,PEDESTRIAN,SINGLE VEHICLE,CLEAR,DRY,DAYLIGHT,STOP SIGN,NONE DETECTED,NONE DETECTED,C18914F9-82C4-4459-91D2-10B42D1EBF3A,PEDESTRIAN,Cross/Enter at Intersection,UNKNOWN,AT INTERSECTION BUT NO CROSSWALK,No,SUSPECTED MINOR INJURY,N/A,39.04055833,-77.11537333,"    (39.04055833, -77.11537333)"
MCP30760021,190008899,Montgomery County Police,Injury Crash,02/25/2019 06:35:00 AM,Maryland (State),EAST WEST HWY,COLESVILLE RD,,N/A,PEDESTRIAN,STRAIGHT MOVEMENT ANGLE,CLEAR,DRY,DAWN,TRAFFIC SIGNAL,NONE DETECTED,NONE DETECTED,5ECDC9B8-9280-4C34-A384-16932EB9266E,PEDESTRIAN,Cross/Enter at Intersection,NO IMPROPER ACTIONS,ON ROADWAY AT CROSSWALK,No,POSSIBLE INJURY,NONE,38.99202883,-77.0304305,"    (38.99202883, -77.0304305)"
MCP2939003C,190008759,Montgomery County Police,Injury Crash,02/23/2019 11:08:00 PM,County,LITTLE SENECA PKWY,CROSSOVER,,N/A,PEDESTRIAN,OTHER,CLEAR,WET,DARK LIGHTS ON,N/A,N/A,ALCOHOL PRESENT,0415163C-FD4E-47FF-B828-79B3451BD6FE,PEDESTRIAN,N/A,UNKNOWN,ON ROADWAY AT CROSSWALK,Unknown,POSSIBLE INJURY,NONE,39.230205,-77.252355,"    (39.230205, -77.252355)"
MCP2917003Q,190008744,Montgomery County Police,Injury Crash,02/23/2019 08:10:00 PM,Maryland (State),GEORGIA AVE,HEATHFIELD RD,,N/A,PEDESTRIAN,SAME DIRECTION LEFT TURN,RAINING,WET,DARK NO LIGHTS,NO CONTROLS,NONE DETECTED,NONE DETECTED,60FB7AF8-EB40-4391-8E96-D7BA90690165,PEDESTRIAN,Cross/Enter at Intersection,NO IMPROPER ACTIONS,ON ROADWAY AT CROSSWALK,No,SUSPECTED MINOR INJURY,NONE,39.08792833,-77.07951167,"    (39.08792833, -77.07951167)"
MCP26070041,190008741,Montgomery County Police,Injury Crash,02/23/2019 07:20:00 PM,Maryland (State),WOODFIELD RD,FLOWER HILL WAY,,N/A,PEDESTRIAN,OTHER,RAINING,WET,DARK LIGHTS ON,TRAFFIC SIGNAL,NONE DETECTED,NONE DETECTED,DCD146A0-6C2D-429B-BA5E-7CE9A3058871,PEDESTRIAN,Cross/Enter at Intersection,FAILURE TO OBEY TRAFFIC SIGNS SIGNALS OR OFFICER,ON ROADWAY AT CROSSWALK,Yes,SUSPECTED MINOR INJURY,NONE,39.15565333,-77.16498833,"    (39.15565333, -77.16498833)"
MCP31480013,190008589,Montgomery County Police,Injury Crash,02/22/2019 08:08:00 PM,County,PARKLAWN DR,BOILING BROOK PKWY,,N/A,PEDESTRIAN,OTHER,CLEAR,DRY,DARK LIGHTS ON,TRAFFIC SIGNAL,NONE DETECTED,NONE DETECTED,F3E2C787-DAD5-4168-B54C-F737C5D5B98E,PEDESTRIAN,Cross/Enter at Intersection,NO IMPROPER ACTIONS,ON ROADWAY AT CROSSWALK,No,POSSIBLE INJURY,NONE,39.04882667,-77.10184833,"    (39.04882667, -77.10184833)"
MCP1366008T,190008300,Montgomery County Police,Injury Crash,02/21/2019 12:16:00 PM,,,,"WASTE TRANSFER STATION PARKING LOT
16101 FREDERICK RD
ROCKVILLE, MD 20855",,PEDESTRIAN,OTHER,CLEAR,,DAYLIGHT,N/A,NONE DETECTED,NONE DETECTED,5EFF8CA1-F1E3-493D-A8ED-EF79307EE345,PEDESTRIAN,Standing,NO IMPROPER ACTIONS,OTHER,No,SUSPECTED MINOR INJURY,N/A,39.121395,-77.17047333,"    (39.121395, -77.17047333)"
DD5625001X,190008171,Rockville Police Departme,Injury Crash,02/20/2019 10:50:00 AM,,,,PARKING LOT OF 797 ROCKVILLE PIKE,,PEDESTRIAN,OTHER,SNOW,,DAYLIGHT,N/A,UNKNOWN,NONE DETECTED,2BEE8F8F-ACC5-4661-9E85-8E4B6FBD1A4A,PEDESTRIAN,Other,INATTENTIVE,OTHER,No,POSSIBLE INJURY,N/A,39.07696736,-77.14010649,"    (39.07696736, -77.14010649)"
MCP25940053,190008179,Montgomery County Police,Injury Crash,02/20/2019 08:57:00 AM,,,,ALLEY BEHIND NEW HAMPSHIRE AVE,,PEDESTRIAN,OTHER,SNOW,,DAYLIGHT,NO CONTROLS,NONE DETECTED,NONE DETECTED,1EBE7F3A-A5C2-432C-B140-7586A4E1D8A5,PEDESTRIAN,Other,OTHER,OTHER,No,SUSPECTED MINOR INJURY,NONE,39.12263533,-77.0006365,"    (39.12263533, -77.0006365)"
MCP3064001T,190007943,Montgomery County Police,Injury Crash,02/19/2019 07:30:00 AM,County,MONTICELLO AVE,KERSEY RD,,N/A,PEDESTRIAN,SINGLE VEHICLE,CLEAR,DRY,DAYLIGHT,STOP SIGN,NONE DETECTED,NONE DETECTED,D1D9EDFB-7C38-4B77-A3C2-8B4801E49747,PEDESTRIAN,Cross/Enter at Intersection,OTHER,AT INTERSECTION BUT NO CROSSWALK,No,SUSPECTED MINOR INJURY,NONE,39.043759,-77.02953433,"    (39.043759, -77.02953433)"
MCP15540041,190007886,Montgomery County Police,Injury Crash,02/18/2019 05:27:00 PM,County,CRABBS BRANCH WAY,ENT TO MONT CO DEPT OF TRANS,,N/A,PEDESTRIAN,SINGLE VEHICLE,CLEAR,DRY,DAYLIGHT,TRAFFIC SIGNAL,NONE DETECTED,NONE DETECTED,ED6B92C3-7AFC-49FA-8729-3CAF2708C697,PEDESTRIAN,Other,NO IMPROPER ACTIONS,INSIDE BUILDING,No,POSSIBLE INJURY,N/A,39.12444333,-77.16421167,"    (39.12444333, -77.16421167)"
MCP15540041,190007886,Montgomery County Police,Injury Crash,02/18/2019 05:27:00 PM,County,CRABBS BRANCH WAY,ENT TO MONT CO DEPT OF TRANS,,N/A,PEDESTRIAN,SINGLE VEHICLE,CLEAR,DRY,DAYLIGHT,TRAFFIC SIGNAL,NONE DETECTED,NONE DETECTED,EF5D11DC-6906-4B6D-8C08-77FEC5C5F63B,PEDESTRIAN,Other,NO IMPROPER ACTIONS,INSIDE BUILDING,No,POSSIBLE INJURY,N/A,39.12444333,-77.16421167,"    (39.12444333, -77.16421167)"
MCP2935001S,190007777,Montgomery County Police,Injury Crash,02/17/2019 08:00:00 PM,,,,"INSIDE MONTGOMERY COUNTY PARKING GARAGE #4 ON 2ND LEVEL, LOCATED AT 8110 FENTON STREET",,PEDESTRIAN,OTHER,N/A,,DARK LIGHTS ON,N/A,,NONE DETECTED,DC6AA1C0-7818-482F-8723-F59A499D4850,PEDESTRIAN,Getting off/on Vehicle,NO IMPROPER ACTIONS,OTHER,No,SUSPECTED MINOR INJURY,NONE,38.99167,-77.02514667,"    (38.99167, -77.02514667)"
MCP0973000Z,190007771,Montgomery County Police,Injury Crash,02/17/2019 06:33:00 PM,County,HILLANDALE RD,BRADLEY BLVD,,N/A,PEDESTRIAN,SINGLE VEHICLE,CLOUDY,WET,DARK LIGHTS ON,TRAFFIC SIGNAL,NONE DETECTED,NONE DETECTED,7853A7EC-3997-4FBF-9406-6C42D60D8265,PEDESTRIAN,Cross/Enter at Intersection,NO IMPROPER ACTIONS,ON ROADWAY AT CROSSWALK,No,SUSPECTED MINOR INJURY,NONE,38.97799833,-77.09684833,"    (38.97799833, -77.09684833)"
HA24510004,19000402,Maryland-National Capital,Injury Crash,02/17/2019 06:30:00 PM,Government,BEACH DR,CROSSOVER TO GV 48 - NO NAME,,N/A,BICYCLIST,ANGLE MEETS LEFT HEAD ON,RAINING,WET,DARK LIGHTS ON,STOP SIGN,N/A,N/A,A582DE2D-2D52-4661-9E5A-8610D4A8338A,BICYCLIST,Walking/Riding against Traffic,WRONG WAY RIDING OR WALKING,OTHER,Yes,SUSPECTED SERIOUS INJURY,MC/BIKE HELMET,38.99944503,-77.03036728,"    (38.99944503, -77.03036728)"
MCP2348004S,190007483,Montgomery County Police,Injury Crash,02/15/2019 08:28:00 PM,County,CONNECTICUT AVE SERVICE RD,CONNECTICUT AVE,,N/A,PEDESTRIAN,SINGLE VEHICLE,CLEAR,DRY,DARK LIGHTS ON,TRAFFIC SIGNAL,NONE DETECTED,NONE DETECTED,3065003D-57AB-47E8-82F0-17C8AC2850CD,PEDESTRIAN,Cross/Enter at Intersection,NO IMPROPER ACTIONS,ON ROADWAY AT CROSSWALK,No,SUSPECTED SERIOUS INJURY,N/A,39.05168167,-77.07465333,"    (39.05168167, -77.07465333)"
MCP30790021,190007453,Montgomery County Police,Injury Crash,02/15/2019 04:56:00 PM,County,LIBERTY MILL RD,SPARKLING WATER DR,,N/A,BICYCLIST,OTHER,CLEAR,DRY,DAYLIGHT,NO CONTROLS,NONE DETECTED,NONE DETECTED,DFB6CEF1-8E29-4587-B7C8-EC1781B5D559,BICYCLIST,Cross/Enter at Intersection,NO IMPROPER ACTIONS,ON ROADWAY NOT AT CROSSWALK,No,SUSPECTED MINOR INJURY,NONE,39.1643725,-77.27915533,"    (39.1643725, -77.27915533)"
MCP2689005C,19007418,Montgomery County Police,Injury Crash,02/15/2019 02:46:00 PM,,,,"PARKING LOT OF DOLLAR GENERAL, 19718 FISHER AVE, POOLESVILLE, MD 20837",,PEDESTRIAN,SINGLE VEHICLE,CLOUDY,,DAYLIGHT,NO CONTROLS,NONE DETECTED,NONE DETECTED,8A6C76BC-3B8F-47E4-8041-8CA3E69E2324,PEDESTRIAN,Other,NO IMPROPER ACTIONS,OTHER,No,POSSIBLE INJURY,NONE,39.14492667,-77.41332833,"    (39.14492667, -77.41332833)"
DM8434001Q,190007387,Takoma Park Police Depart,Injury Crash,02/15/2019 12:41:00 PM,,,,"PARKING LOT WELLS FARGO
1175 UNIVERSITY BLVD E",,PEDESTRIAN,SINGLE VEHICLE,CLEAR,,DAYLIGHT,OTHER,NONE DETECTED,NONE DETECTED,70A2212E-6CBF-4F8B-831A-CBFE51197272,PEDESTRIAN,Other,UNKNOWN,ON ROADWAY AT CROSSWALK,No,POSSIBLE INJURY,NONE,38.98933333,-76.98869833,"    (38.98933333, -76.98869833)"
MCP26860036,190007279,Montgomery County Police,Injury Crash,02/14/2019 06:20:00 PM,Maryland (State),CLOPPER RD,GREAT SENECA HWY,,N/A,PEDESTRIAN,OTHER,CLEAR,DRY,DARK NO LIGHTS,TRAFFIC SIGNAL,NONE DETECTED,NONE DETECTED,D0B9CB96-13E5-40A5-8F61-5FFD8EE132FE,PEDESTRIAN,Cross/Enter at Intersection,NOT VISIBLE,AT INTERSECTION MARKED CROSSWALK,No,SUSPECTED MINOR INJURY,NONE,39.15939833,-77.27593,"    (39.15939833, -77.27593)"
MCP1565003C,190007165,Montgomery County Police,Injury Crash,02/14/2019 06:31:00 AM,County,PARKLAND DR,ASPEN HILL RD,,N/A,PEDESTRIAN,OTHER,CLEAR,DRY,DARK LIGHTS ON,TRAFFIC SIGNAL,NONE DETECTED,NONE DETECTED,0A797E9D-D5A8-4772-AACB-3F705B39AF81,PEDESTRIAN,Cross/Enter at Intersection,NO IMPROPER ACTIONS,ON ROADWAY AT CROSSWALK,No,SUSPECTED SERIOUS INJURY,N/A,39.07909,-77.08739667,"    (39.07909, -77.08739667)"
MCP2853005R,190007242,Montgomery County Police,Injury Crash,02/14/2019 04:19:00 AM,Maryland (State),UNIVERSITY BLVD W,LEXINGTON ST,,N/A,PEDESTRIAN,OTHER,CLEAR,DRY,N/A,TRAFFIC SIGNAL,N/A,N/A,2F651CFE-4F38-4864-91F0-DFA59DBB4930,PEDESTRIAN,Cross/Enter at Intersection,FAILURE TO OBEY TRAFFIC SIGNS SIGNALS OR OFFICER,ON ROADWAY AT CROSSWALK,Yes,SUSPECTED SERIOUS INJURY,N/A,39.01957,-77.01117833,"    (39.01957, -77.01117833)"
MCP2853005R,190007242,Montgomery County Police,Injury Crash,02/14/2019 04:19:00 AM,Maryland (State),UNIVERSITY BLVD W,LEXINGTON ST,,N/A,PEDESTRIAN,OTHER,CLEAR,DRY,N/A,TRAFFIC SIGNAL,N/A,N/A,AA48C951-CCB5-4C11-87A3-2FDC82C111F6,PEDESTRIAN,Cross/Enter at Intersection,FAILURE TO OBEY TRAFFIC SIGNS SIGNALS OR OFFICER,ON ROADWAY AT CROSSWALK,Yes,SUSPECTED MINOR INJURY,N/A,39.01957,-77.01117833,"    (39.01957, -77.01117833)"
MCP2789005L,190007068,Montgomery County Police,Property Damage Crash,02/13/2019 04:20:00 PM,,,,PARKING LOT OF FLORA SINGER ELEMENTARY SCHOOL,,PEDESTRIAN,SINGLE VEHICLE,CLEAR,,DAYLIGHT,PERSON,UNKNOWN,N/A,B3F3ECAA-D4A2-48B0-9613-D424BFAD98BB,PEDESTRIAN,Other Working,NO IMPROPER ACTIONS,OTHER,No,NO APPARENT INJURY,N/A,39.00571,-77.03852167,"    (39.00571, -77.03852167)"
DD5604002N,190006963,Rockville Police Departme,Injury Crash,02/13/2019 08:02:00 AM,Municipality,CRABB AVE,N HORNERS LA,,ROCKVILLE,PEDESTRIAN,OTHER,CLEAR,WET,DAYLIGHT,STOP SIGN,NONE DETECTED,NONE DETECTED,BD842445-17FE-4816-BDCF-D99B4C6B60CE,PEDESTRIAN,Cross/Enter at Intersection,NO IMPROPER ACTIONS,ON ROADWAY AT CROSSWALK,No,SUSPECTED MINOR INJURY,NONE,39.088625,-77.14336333,"    (39.088625, -77.14336333)"
MCP3029002G,190006893,Montgomery County Police,Injury Crash,02/12/2019 17:00,,,,IHOP PARKING LOT,,PEDESTRIAN,N/A,RAINING,,DAYLIGHT,NO CONTROLS,N/A,NONE DETECTED,60321D68-6F98-479D-B81B-3103086FC32A,PEDESTRIAN,Other,NO IMPROPER ACTIONS,OTHER,No,POSSIBLE INJURY,NONE,39.05631223,-76.96647021,"    (39.05631223, -76.96647021)"
MCP2789005K,190006883,Montgomery County Police,Injury Crash,02/12/2019 16:50,US (State),GEORGIA AVE,THAYER AVE,,N/A,PEDESTRIAN,SINGLE VEHICLE,RAINING,WET,DAWN,TRAFFIC SIGNAL,N/A,N/A,5D33E64D-5C08-4CB9-8AB1-7F3E18922101,PEDESTRIAN,Cross/Enter at Intersection,FAILURE TO OBEY TRAFFIC SIGNS SIGNALS OR OFFICER,AT INTERSECTION MARKED CROSSWALK,Yes,POSSIBLE INJURY,N/A,38.99114333,-77.026995,"    (38.99114333, -77.026995)"
MCP3117001L,190006889,Montgomery County Police,Injury Crash,02/12/2019 16:30,County,E JEFFERSON ST,CALIFORNIA CIR,,N/A,PEDESTRIAN,OTHER,RAINING,WET,DAYLIGHT,TRAFFIC SIGNAL,UNKNOWN,NONE DETECTED,C3A07A2D-2E7D-41E2-861D-6A5A2D4CC2E9,PEDESTRIAN,Cross/Enter not at Intersection,INATTENTIVE,ON ROADWAY AT CROSSWALK,Yes,SUSPECTED MINOR INJURY,NONE,39.05679204,-77.12623028,"    (39.05679204, -77.12623028)"
MCP137800PQ,190006725,Montgomery County Police,Injury Crash,02/11/2019 18:14,County,MONTGOMERY VILLAGE AVE,CROSSOVER,,N/A,PEDESTRIAN,SINGLE VEHICLE,RAINING,WET,DARK LIGHTS ON,NO CONTROLS,NONE DETECTED,NONE DETECTED,F5784507-C623-4DD6-977A-38E9E2E3EDFF,PEDESTRIAN,Cross/Enter at Intersection,NO IMPROPER ACTIONS,AT INTERSECTION BUT NO CROSSWALK,No,POSSIBLE INJURY,NONE,39.16801667,-77.20546667,"    (39.16801667, -77.20546667)"
MCP137800PQ,190006725,Montgomery County Police,Injury Crash,02/11/2019 18:14,County,MONTGOMERY VILLAGE AVE,CROSSOVER,,N/A,PEDESTRIAN,SINGLE VEHICLE,RAINING,WET,DARK LIGHTS ON,NO CONTROLS,NONE DETECTED,NONE DETECTED,DC070AD4-673D-4CB2-ABC2-DB1CBF227BD4,PEDESTRIAN,Cross/Enter at Intersection,NO IMPROPER ACTIONS,AT INTERSECTION BUT NO CROSSWALK,No,POSSIBLE INJURY,NONE,39.16801667,-77.20546667,"    (39.16801667, -77.20546667)"
MCP3084002Y,190006658,Montgomery County Police,Injury Crash,02/11/2019 11:08,County,DEMOCRACY BLVD,FERNWOOD RD,,N/A,PEDESTRIAN,OTHER,RAINING,WET,DAYLIGHT,TRAFFIC SIGNAL,NONE DETECTED,NONE DETECTED,577890A2-25CD-4E11-958E-1D1255762759,PEDESTRIAN,Cross/Enter at Intersection,NO IMPROPER ACTIONS,ON ROADWAY AT CROSSWALK,No,POSSIBLE INJURY,NONE,39.02203833,-77.13535,"    (39.02203833, -77.13535)"
MCP29890015,190006619,Montgomery County Police,Injury Crash,02/11/2019 4:16,Maryland (State),EAST WEST HWY,COLESVILLE RD,,N/A,PEDESTRIAN,OTHER,RAINING,WET,DARK LIGHTS ON,TRAFFIC SIGNAL,N/A,COMBINED SUBSTANCE PRESENT,69664A32-5D14-4BB9-A745-6A7345C74BE0,PEDESTRIAN,Cross/Enter at Intersection,IN ROADWAY IMPROPERLY,ON ROADWAY AT CROSSWALK,Yes,SUSPECTED MINOR INJURY,NONE,38.99380083,-77.03250967,"    (38.99380083, -77.03250967)"
MCP2683003M,190006583,Montgomery County Police,Fatal Crash,02/10/2019 18:47,County,MONTGOMERY VILLAGE AVE,MIDCOUNTY HWY,,N/A,PEDESTRIAN,SINGLE VEHICLE,CLEAR,DRY,DARK -- UNKNOWN LIGHTING,TRAFFIC SIGNAL,NONE DETECTED,NONE DETECTED,20CB216B-C882-4987-8311-8C16EF1FB39C,PEDESTRIAN,Unknown,UNKNOWN,ON ROADWAY AT CROSSWALK,Unknown,FATAL INJURY,NONE,39.15796833,-77.201475,"    (39.15796833, -77.201475)"