Report Number,Local Case Number,Agency Name,ACRS Report Type,Crash Date/Time,Route Type,Road Name,Cross-Street Name,Off-Road Description,Municipality,Related Non-Motorist,Collision Type,Weather,Surface Condition,Light,Traffic Control,Driver Substance Abuse,Non-Motorist Substance Abuse,Person ID,Pedestrian Type,Pedestrian Movement,Pedestrian Actions,Pedestrian Location,At Fault,Injury Severity,Safety Equipment,Latitude,Longitude,Location
MCP2894005H,190006431,Montgomery County Police,Injury Crash,02/09/2019 14:07,,,,"4816 BOILING BROOK PKWY, GOODWILL PARKING LOT",,PEDESTRIAN,SAME DIR REAR END,CLEAR,,DAYLIGHT,NO CONTROLS,,NONE DETECTED,3F4E54C9-5313-4899-ABEE-8239F5ADB399,PEDESTRIAN,Other,NO IMPROPER ACTIONS,OTHER,No,POSSIBLE INJURY,N/A,39.04524333,-77.11300833,"    (39.04524333, -77.11300833)"
MCP2894005H,190006431,Montgomery County Police,Injury Crash,02/09/2019 14:07,,,,"4816 BOILING BROOK PKWY, GOODWILL PARKING LOT",,PEDESTRIAN,SAME DIR REAR END,CLEAR,,DAYLIGHT,NO CONTROLS,,NONE DETECTED,E14B945C-EEB9-410D-BB1E-FC3A2A0B29EE,PEDESTRIAN,Other,NO IMPROPER ACTIONS,OTHER,No,POSSIBLE INJURY,N/A,39.04524333,-77.11300833,"    (39.04524333, -77.11300833)"
MCP2894005H,190006431,Montgomery County Police,Injury Crash,02/09/2019 14:07,,,,"4816 BOILING BROOK PKWY, GOODWILL PARKING LOT",,PEDESTRIAN,SAME DIR REAR END,CLEAR,,DAYLIGHT,NO CONTROLS,,NONE DETECTED,26C440B4-284A-4244-A00D-BEB01487AB64,PEDESTRIAN,Other,NO IMPROPER ACTIONS,OTHER,No,POSSIBLE INJURY,N/A,39.04524333,-77.11300833,"    (39.04524333, -77.11300833)"
EJ78700015,190006315,Gaithersburg Police Depar,Injury Crash,02/08/2019 18:14,Municipality,CHRISTOPHER AVE,RUSSELL AVE,,GAITHERSBURG,PEDESTRIAN,SINGLE VEHICLE,CLEAR,DRY,DARK LIGHTS ON,TRAFFIC SIGNAL,NONE DETECTED,NONE DETECTED,FD182218-5AA2-4B2D-AD77-7948BB4A28A7,PEDESTRIAN,Cross/Enter at Intersection,NO IMPROPER ACTIONS,ON ROADWAY AT CROSSWALK,No,SUSPECTED MINOR INJURY,NONE,39.15776384,-77.21331016,"    (39.15776384, -77.21331016)"
MCP2967003M,190006276,Montgomery County Police,Injury Crash,02/08/2019 14:43,Maryland (State),WISCONSIN AVE,LELAND ST,,N/A,PEDESTRIAN,SINGLE VEHICLE,CLEAR,DRY,DAYLIGHT,TRAFFIC SIGNAL,N/A,N/A,3E355A43-67DF-4C84-AEAE-8414646AD5DE,PEDESTRIAN,Cross/Enter at Intersection,NO IMPROPER ACTIONS,ON ROADWAY AT CROSSWALK,No,SUSPECTED MINOR INJURY,N/A,38.97976333,-77.09187,"    (38.97976333, -77.09187)"
MCP3140000W,190006174,Montgomery County Police,Injury Crash,02/07/2019 22:12,,,,"PARKING LOT IN FRONT OF 8038 INVERNESS RIDGE ROAD, POTOMAC, MD 20854",,OTHER,OTHER,FOGGY,,DARK LIGHTS ON,N/A,N/A,N/A,24BDCE09-380C-4E2C-B011-028BBEA38667,OTHER,Other,NO IMPROPER ACTIONS,OTHER,No,POSSIBLE INJURY,N/A,39.03020159,-77.16341202,"    (39.03020159, -77.16341202)"
MCP2348004R,190005965,Montgomery County Police,Injury Crash,02/06/2019 19:37,Maryland (State),UNIVERSITY BLVD W,SLIGO CREEK PKWY,,N/A,PEDESTRIAN,SINGLE VEHICLE,RAINING,WET,DARK LIGHTS ON,TRAFFIC SIGNAL,NONE DETECTED,NONE DETECTED,E6E1BCDD-65B7-42CE-A28C-BF7C2B811055,PEDESTRIAN,Cross/Enter at Intersection,NO IMPROPER ACTIONS,ON ROADWAY AT CROSSWALK,No,SUSPECTED MINOR INJURY,NONE,39.03643667,-77.03033,"    (39.03643667, -77.03033)"
MCP27220033,190005955,Montgomery County Police,Injury Crash,02/06/2019 18:45,County,CONNECTICUT AVE,GEORGIA AVE,,N/A,PEDESTRIAN,SINGLE VEHICLE,RAINING,WET,DARK LIGHTS ON,TRAFFIC SIGNAL,N/A,N/A,1F8328BB-54E0-40CB-9797-F385FEC22954,PEDESTRIAN,Cross/Enter at Intersection,NO IMPROPER ACTIONS,AT INTERSECTION MARKED CROSSWALK,No,SUSPECTED MINOR INJURY,NONE,39.08376417,-77.07760769,"    (39.08376417, -77.07760769)"
DD5604002L,190005952,Rockville Police Departme,Injury Crash,02/06/2019 18:04,Municipality,NELSON ST,AZALEA DR,,ROCKVILLE,PEDESTRIAN,OTHER,RAINING,WET,DARK LIGHTS ON,N/A,NONE DETECTED,NONE DETECTED,43FBAC98-C589-4446-8F7C-D3E7006EBD1B,PEDESTRIAN,N/A,DART DASH,ON ROADWAY AT CROSSWALK,No,SUSPECTED MINOR INJURY,N/A,39.09211,-77.17369,"    (39.09211, -77.17369)"
DD5604002L,190005952,Rockville Police Departme,Injury Crash,02/06/2019 18:04,Municipality,NELSON ST,AZALEA DR,,ROCKVILLE,PEDESTRIAN,OTHER,RAINING,WET,DARK LIGHTS ON,N/A,NONE DETECTED,NONE DETECTED,438C3BD0-BFB4-4EBE-B66B-C061872ED31A,PEDESTRIAN,N/A,DART DASH,ON ROADWAY AT CROSSWALK,No,SUSPECTED MINOR INJURY,N/A,39.09211,-77.17369,"    (39.09211, -77.17369)"
DM8434001P,190005950,Takoma Park Police Depart,Injury Crash,02/06/2019 17:50,Municipality,PHILADELPHIA AVE,CEDAR AVE,,TAKOMA PARK,PEDESTRIAN,SINGLE VEHICLE,RAINING,WET,DARK LIGHTS ON,N/A,NONE DETECTED,NONE DETECTED,76C8DCA2-F4C2-403D-A339-A1F60EAD1ABA,PEDESTRIAN,Cross/Enter at Intersection,DART DASH,ON ROADWAY AT CROSSWALK,No,SUSPECTED SERIOUS INJURY,REFLECTIVE CLOTHING,38.927975,-77.01557667,"    (38.927975, -77.01557667)"
MCP30680027,190005751,Montgomery County Police,Injury Crash,02/06/2019 10:35,County,WISCONSIN CIR,WISCONSIN AVE,,N/A,PEDESTRIAN,N/A,CLEAR,DRY,DARK LIGHTS ON,TRAFFIC SIGNAL,N/A,N/A,32CC3DF7-CD22-4677-BF67-9332CA690A7B,PEDESTRIAN,Cross/Enter at Intersection,NO IMPROPER ACTIONS,AT INTERSECTION MARKED CROSSWALK,No,SUSPECTED MINOR INJURY,N/A,38.96299,-77.08527833,"    (38.96299, -77.08527833)"
MCP25660011,190007371,Montgomery County Police,Injury Crash,02/06/2019 9:30,,,,"PARKING LOT OF 
8615 EAST VILLAGE AVENUE
MONTGOMERY VILLAGE MD 20886",,PEDESTRIAN,SINGLE VEHICLE,N/A,,DAYLIGHT,NO CONTROLS,UNKNOWN,N/A,DC631581-C891-4804-A81A-968BB473CE99,PEDESTRIAN,Other,NO IMPROPER ACTIONS,OTHER,No,SUSPECTED MINOR INJURY,N/A,39.18508109,-77.17499303,"    (39.18508109, -77.17499303)"
DD56060050,190005833,Rockville Police Departme,Injury Crash,02/06/2019 1:08,Maryland (State),ROCKVILLE PIKE,MONROE PL,,ROCKVILLE,PEDESTRIAN,SINGLE VEHICLE,N/A,DRY,DARK LIGHTS ON,TRAFFIC SIGNAL,UNKNOWN,ALCOHOL PRESENT,1A1B8BB8-ABA5-4BD6-83C7-820C78854DFE,PEDESTRIAN,Cross/Enter at Intersection,UNKNOWN,ON ROADWAY NOT AT CROSSWALK,Unknown,POSSIBLE INJURY,NONE,39.10505743,-77.34341991,"    (39.10505743, -77.34341991)"
MCP28050038,190005766,Montgomery County Police,Property Damage Crash,02/05/2019 19:05,Maryland (State),MIDCOUNTY HWY,PIER POINT PL,,N/A,PEDESTRIAN,SINGLE VEHICLE,CLEAR,DRY,DARK LIGHTS ON,NO CONTROLS,NONE DETECTED,ALCOHOL PRESENT,22F78DEC-44EA-43E1-B015-8C9439CA6704,PEDESTRIAN,Cross/Enter at Intersection,IN ROADWAY IMPROPERLY,ON ROADWAY NOT AT CROSSWALK,Yes,NO APPARENT INJURY,N/A,39.15932833,-77.19835333,"    (39.15932833, -77.19835333)"
MCP2954006J,190005761,Montgomery County Police,Injury Crash,02/05/2019 18:40,County,DALE DR,WAYNE AVE,,N/A,PEDESTRIAN,N/A,CLEAR,N/A,DARK LIGHTS ON,TRAFFIC SIGNAL,NONE DETECTED,NONE DETECTED,95533EAB-4C19-411B-9BB0-46E8A5A93C7B,PEDESTRIAN,Cross/Enter at Intersection,NO IMPROPER ACTIONS,ON ROADWAY AT CROSSWALK,No,POSSIBLE INJURY,NONE,38.99886,-77.01747,"    (38.99886, -77.01747)"
MCP2046009K,190005442,Montgomery County Police,Injury Crash,02/04/2019 6:56,County,MT PISGAH RD,OAKVIEW DR,,N/A,PEDESTRIAN,STRAIGHT MOVEMENT ANGLE,CLEAR,DRY,DAWN,STOP SIGN,NONE DETECTED,NONE DETECTED,9A6A174D-01A7-48B6-989E-EC9D34069ABD,PEDESTRIAN,Cross/Enter at Intersection,NO IMPROPER ACTIONS,ON ROADWAY AT CROSSWALK,No,POSSIBLE INJURY,NONE,39.01507333,-76.97736,"    (39.01507333, -76.97736)"
MCP3039003H,190004175,Montgomery County Police,Injury Crash,02/02/2019 20:13,Maryland (State),OLD GEORGETOWN RD,RAMP 5 FR MD 187 SB TO RAMP 4 (TO IS495),,N/A,BICYCLIST,STRAIGHT MOVEMENT ANGLE,CLEAR,DRY,DARK LIGHTS ON,TRAFFIC SIGNAL,NONE DETECTED,NONE DETECTED,BCDE5E5A-B48A-4322-A771-E96F98364626,BICYCLIST,Cross/Enter at Intersection,IN ROADWAY IMPROPERLY,ON ROADWAY NOT AT CROSSWALK,Yes,SUSPECTED MINOR INJURY,MC/BIKE HELMET,39.0151414,-77.11881767,"    (39.0151414, -77.11881767)"
EJ78260041,190005219,Gaithersburg Police Depar,Injury Crash,02/02/2019 8:46,Municipality,SIOUX LA,BAYRIDGE DR,,GAITHERSBURG,PEDESTRIAN,OTHER,CLEAR,WET,DAYLIGHT,N/A,N/A,N/A,31980DA3-0C23-49C7-BB5A-DC7DCAC20C41,PEDESTRIAN,Cross/Enter at Intersection,NO IMPROPER ACTIONS,AT INTERSECTION BUT NO CROSSWALK,No,POSSIBLE INJURY,NONE,39.13107333,-77.23439667,"    (39.13107333, -77.23439667)"
MCP09420020,190005034,Montgomery County Police,Injury Crash,01/31/2019 07:35:00 PM,County,WOODMONT AVE,EDGEMOOR LA,,N/A,PEDESTRIAN,OTHER,CLEAR,DRY,DARK LIGHTS ON,TRAFFIC SIGNAL,UNKNOWN,UNKNOWN,2BF48C11-8A0F-4344-8E7B-840EC0CA8131,PEDESTRIAN,Cross/Enter at Intersection,NO IMPROPER ACTIONS,ON ROADWAY AT CROSSWALK,No,SUSPECTED MINOR INJURY,NONE,38.9847565,-77.09674417,"    (38.9847565, -77.09674417)"
MCP271700MF,190004985,Montgomery County Police,Injury Crash,01/31/2019 07:30:00 PM,,,,5301 TUCKERMAN LANE (PARKING LOT OF STRATHMORE CONCERT HALL),,PEDESTRIAN,OTHER,N/A,,DARK LIGHTS ON,NO CONTROLS,NONE DETECTED,NONE DETECTED,AC2F2222-F347-4259-BBAC-D79C34C091CD,PEDESTRIAN,Standing,NO IMPROPER ACTIONS,OTHER,No,SUSPECTED MINOR INJURY,NONE,39.03139367,-77.10239017,"    (39.03139367, -77.10239017)"
MCP3045001S,190005685,Montgomery County Police,Injury Crash,01/31/2019 03:55:00 PM,County,FARMLAND DR,OLD STAGE RD,,N/A,PEDESTRIAN,OTHER,CLEAR,UNKNOWN,DAYLIGHT,SCHOOL ZONE SIGN DEVICE,UNKNOWN,N/A,19CA0FFE-F03F-4A7D-8A8F-AB6C2F84B0C3,PEDESTRIAN,Walking to/from school,IN ROADWAY IMPROPERLY,ON ROADWAY NOT AT CROSSWALK,Yes,SUSPECTED SERIOUS INJURY,NONE,39.0471,-77.1452,"    (39.0471, -77.1452)"
EJ78260040,190004855,Gaithersburg Police Depar,Injury Crash,01/31/2019 09:08:00 AM,,,,722 HIGHLAND RIDGE AVE,,PEDESTRIAN,OTHER,CLEAR,,DAYLIGHT,N/A,,N/A,5F87E865-B01F-46AF-8A7A-A7FA358F2A73,PEDESTRIAN,Other,OTHER,OTHER,No,POSSIBLE INJURY,N/A,39.12387833,-77.22560667,"    (39.12387833, -77.22560667)"
MCP30020034,190004857,Montgomery County Police,Injury Crash,01/31/2019 08:34:00 AM,Maryland (State),BRADLEY BLVD,CROSSOVER,,N/A,PEDESTRIAN,OTHER,CLEAR,DRY,DAYLIGHT,FLASHING TRAFFIC SIGNAL,NONE DETECTED,NONE DETECTED,55C895EC-FF43-4F77-88CD-500F43FF5772,PEDESTRIAN,Cross/Enter not at Intersection,NO IMPROPER ACTIONS,ON ROADWAY AT CROSSWALK,No,SUSPECTED SERIOUS INJURY,NONE,38.97831917,-77.09415067,"    (38.97831917, -77.09415067)"
MCP2087002Q,190004828,Montgomery County Police,Injury Crash,01/31/2019 06:43:00 AM,Maryland (State),GEORGIA AVE,CONNECTICUT AVE,,N/A,PEDESTRIAN,SINGLE VEHICLE,CLEAR,DRY,DAWN,TRAFFIC SIGNAL,NONE DETECTED,NONE DETECTED,B1B00341-3E2B-49B9-AF58-C81E2D01486E,PEDESTRIAN,Cross/Enter at Intersection,NO IMPROPER ACTIONS,ON ROADWAY AT CROSSWALK,No,POSSIBLE INJURY,N/A,39.08375333,-77.07751333,"    (39.08375333, -77.07751333)"
MCP2046009H,190004682,Montgomery County Police,Injury Crash,01/30/2019 06:44:00 AM,US (State),COLUMBIA PIKE,STEWART LA,,N/A,PEDESTRIAN,STRAIGHT MOVEMENT ANGLE,CLEAR,N/A,DARK LIGHTS ON,TRAFFIC SIGNAL,NONE DETECTED,NONE DETECTED,E0354840-7F4F-4FE8-84D4-9615BD7DE4FD,PEDESTRIAN,Cross/Enter at Intersection,NO IMPROPER ACTIONS,AT INTERSECTION BUT NO CROSSWALK,No,POSSIBLE INJURY,N/A,39.04634667,-76.98751833,"    (39.04634667, -76.98751833)"
MCP94240022,190004073,Montgomery County Police,Injury Crash,01/26/2019 12:40:00 AM,,,,PARKING LOT OF 9801 BETHESDA CHURCH ROAD,,PEDESTRIAN,SINGLE VEHICLE,CLEAR,,DARK LIGHTS ON,N/A,NONE DETECTED,NONE DETECTED,DB1295CF-1299-4DD4-88C6-65D9CF01B7DD,PEDESTRIAN,Unknown,N/A,OTHER,Unknown,SUSPECTED MINOR INJURY,NONE,39.28356667,-77.20274667,"    (39.28356667, -77.20274667)"
MCP1227000V,190004078,Montgomery County Police,Fatal Crash,01/26/2019 12:03:00 AM,Maryland (State),LAYHILL RD,GREENERY LA,,N/A,PEDESTRIAN,SINGLE VEHICLE,CLEAR,DRY,DARK LIGHTS ON,NO CONTROLS,NONE DETECTED,NONE DETECTED,63148ABF-E7B5-4782-A800-D8301F878238,PEDESTRIAN,Cross/Enter not at Intersection,UNKNOWN,OUTSIDE RIGHT OF WAY,No,FATAL INJURY,NONE,39.0609988,-77.05084079,"    (39.0609988, -77.05084079)"
MCP2960003V,190003905,Montgomery County Police,Injury Crash,01/25/2019 08:00:00 AM,County,BEL PRE RD,NORTH GATE DR,,N/A,PEDESTRIAN,SINGLE VEHICLE,N/A,DRY,DAYLIGHT,FLASHING TRAFFIC SIGNAL,N/A,N/A,26D0A4F5-72D5-498A-8C8B-D6D525863768,PEDESTRIAN,Cross/Enter not at Intersection,NO IMPROPER ACTIONS,AT INTERSECTION MARKED CROSSWALK,No,SUSPECTED MINOR INJURY,N/A,39.09045833,-77.05064667,"    (39.09045833, -77.05064667)"
MCP2311005K,190003896,Montgomery County Police,Injury Crash,01/25/2019 07:19:00 AM,Maryland (State),WOODFIELD RD,FLOWER HILL WAY,,N/A,BICYCLIST,SINGLE VEHICLE,CLEAR,DRY,DAYLIGHT,TRAFFIC SIGNAL,N/A,N/A,9196D3F7-D136-41E0-BE8C-71DB38F044B6,BICYCLIST,Cross/Enter not at Intersection,NO IMPROPER ACTIONS,ON ROADWAY AT CROSSWALK,No,POSSIBLE INJURY,NONE,39.156245,-77.165485,"    (39.156245, -77.165485)"
MCP3069000Z,190003886,Montgomery County Police,Injury Crash,01/25/2019 04:13:00 AM,County,PARKLAWN DR,RANDOLPH RD,,N/A,PEDESTRIAN,OTHER,CLEAR,DRY,DARK LIGHTS ON,NO CONTROLS,UNKNOWN,NONE DETECTED,6BE4F743-4664-4348-8165-6E52964601FC,PEDESTRIAN,Walking/Riding w/Traffic,IN ROADWAY IMPROPERLY,ON ROADWAY NOT AT CROSSWALK,Yes,SUSPECTED SERIOUS INJURY,NONE,39.0167002,-76.98613548,"    (39.0167002, -76.98613548)"
MCP2789005G,19003417,Montgomery County Police,Injury Crash,01/22/2019 06:15:00 PM,,,,909 THAYER AVE PARKING LOT,,PEDESTRIAN,SINGLE VEHICLE,CLEAR,,DARK LIGHTS ON,NO CONTROLS,N/A,N/A,3E7A5895-0635-4EC6-9B33-5B3EA7D7837E,PEDESTRIAN,Other,DART DASH,OUTSIDE RIGHT OF WAY,Yes,POSSIBLE INJURY,N/A,38.99313333,-77.02544,"    (38.99313333, -77.02544)"
MCP1205004V,190003389,Montgomery County Police,Injury Crash,01/22/2019 02:49:00 PM,,,,DRIVEWAY OF 3810 EAST WEST HWY,,PEDESTRIAN,OTHER,CLEAR,,DAYLIGHT,NO CONTROLS,NONE DETECTED,NONE DETECTED,A8375E74-6B16-40E9-866C-148525116360,PEDESTRIAN,Other,OTHER,OTHER,Yes,SUSPECTED MINOR INJURY,NONE,38.99749333,-77.10967667,"    (38.99749333, -77.10967667)"
MCP1334007D,190003328,Montgomery County Police,Injury Crash,01/22/2019 08:50:00 AM,County,CONTOUR RD,HORIZON RUN RD,,N/A,PEDESTRIAN,SINGLE VEHICLE,CLEAR,DRY,DAYLIGHT,NO CONTROLS,NONE DETECTED,NONE DETECTED,A65C97FD-C685-46BE-9350-2E50CFBB59A8,PEDESTRIAN,Cross/Enter not at Intersection,DART DASH,ON ROADWAY NOT AT CROSSWALK,Yes,SUSPECTED MINOR INJURY,NONE,39.155385,-77.19765667,"    (39.155385, -77.19765667)"
MCP3118001L,190003322,Montgomery County Police,Property Damage Crash,01/22/2019 07:57:00 AM,,,,UNIT 1 RAN INTO A TREE ON PRIVATE PROPERTY AT 309 DENNIS AVENUE.,,OTHER,SINGLE VEHICLE,CLEAR,,DAYLIGHT,N/A,NONE DETECTED,N/A,50645790-3227-4B9E-A708-E5E9EEDDC3EF,OTHER,N/A,N/A,N/A,No,NO APPARENT INJURY,N/A,39.028095,-77.01497333,"    (39.028095, -77.01497333)"
MCP2667005L,190003151,Montgomery County Police,Injury Crash,01/20/2019 01:00:00 PM,County,GOSHEN RD,WIGHTMAN RD,,N/A,PEDESTRIAN,SINGLE VEHICLE,CLEAR,DRY,DAYLIGHT,TRAFFIC SIGNAL,NONE DETECTED,NONE DETECTED,E55166EB-213F-4588-9169-3FB9A26F38CD,PEDESTRIAN,Cross/Enter at Intersection,NO IMPROPER ACTIONS,ON ROADWAY AT CROSSWALK,No,POSSIBLE INJURY,NONE,39.18813983,-77.1883335,"    (39.18813983, -77.1883335)"
DM8434001N,190002928,Takoma Park Police Depart,Injury Crash,01/18/2019 05:01:00 PM,,,,PARKING LOT,,PEDESTRIAN,SINGLE VEHICLE,CLEAR,,DARK LIGHTS ON,NO CONTROLS,N/A,NONE DETECTED,9100658A-C254-4DF5-9414-0B3225809DD6,PEDESTRIAN,Unknown,NO IMPROPER ACTIONS,OTHER,No,POSSIBLE INJURY,NONE,38.98563,-77.00221667,"    (38.98563, -77.00221667)"
MCP2244002T,190002881,Montgomery County Police,Injury Crash,01/18/2019 02:41:00 PM,,,,PARKING LOT OF 8615 FENTON STREET,,PEDESTRIAN,OTHER,CLEAR,,DAYLIGHT,N/A,NONE DETECTED,NONE DETECTED,DB06ED22-0E21-42BF-B9BF-BD718DB1F2C9,PEDESTRIAN,Other,NO IMPROPER ACTIONS,SIDEWALK,No,SUSPECTED MINOR INJURY,N/A,38.99827333,-77.0285,"    (38.99827333, -77.0285)"
MCP25920011,190002854,Montgomery County Police,Injury Crash,01/17/2019 09:30:00 PM,,,,PARKING LOT OF GIANT LOCATED AT 20044 GOSHEN RD,,PEDESTRIAN,OTHER,SNOW,,DARK LIGHTS ON,N/A,N/A,N/A,DCA31964-2E33-47A7-A82D-D9C0A7BEF07C,PEDESTRIAN,Standing,NO IMPROPER ACTIONS,OTHER,No,POSSIBLE INJURY,NONE,39.12279293,-77.22670388,"    (39.12279293, -77.22670388)"
MCP2617006T,190002554,Montgomery County Police,Injury Crash,01/16/2019 05:50:00 PM,Maryland (State),GEORGIA AVE,HEWITT AVE,,N/A,PEDESTRIAN,SINGLE VEHICLE,CLOUDY,WET,DARK LIGHTS ON,TRAFFIC SIGNAL,NONE DETECTED,NONE DETECTED,B78E6381-02E4-4D3D-A786-D12ECB76C428,PEDESTRIAN,Cross/Enter at Intersection,DART DASH,ON ROADWAY AT CROSSWALK,Yes,SUSPECTED SERIOUS INJURY,NONE,39.05769833,-77.05041667,"    (39.05769833, -77.05041667)"
MCP3021003Y,190002414,Montgomery County Police,Injury Crash,01/16/2019 06:20:00 AM,Maryland (State),NEW HAMPSHIRE AVE,VENICE DR,,N/A,PEDESTRIAN,SINGLE VEHICLE,CLEAR,DRY,DARK LIGHTS ON,TRAFFIC SIGNAL,NONE DETECTED,NONE DETECTED,50D37285-9A55-4B86-89EA-124F38F85ACD,PEDESTRIAN,Cross/Enter at Intersection,FAILURE TO OBEY TRAFFIC SIGNS SIGNALS OR OFFICER,ON ROADWAY AT CROSSWALK,Yes,SUSPECTED MINOR INJURY,NONE,39.061495,-76.998745,"    (39.061495, -76.998745)"
MCP137800PJ,190002358,Montgomery County Police,Injury Crash,01/15/2019 07:02:00 PM,,,,PARKING LOT OF 457  FREDERICK RD,,PEDESTRIAN,SINGLE VEHICLE,CLEAR,,DARK LIGHTS ON,NO CONTROLS,NONE DETECTED,NONE DETECTED,695291B1-2CD8-4722-A382-8914FBD0FDF3,PEDESTRIAN,Walking/Cycling on Sidewalk,NO IMPROPER ACTIONS,SIDEWALK,No,SUSPECTED MINOR INJURY,NONE,39.148535,-77.206375,"    (39.148535, -77.206375)"
MCP2617006R,190002321,Montgomery County Police,Injury Crash,01/15/2019 04:10:00 PM,County,RANDOLPH RD,GARDEN GATE RD,,N/A,PEDESTRIAN,OTHER,CLEAR,DRY,DAYLIGHT,TRAFFIC SIGNAL,NONE DETECTED,NONE DETECTED,43CF3A0E-40C0-4108-A609-45489F750AF8,PEDESTRIAN,Cross/Enter at Intersection,NO IMPROPER ACTIONS,AT INTERSECTION MARKED CROSSWALK,No,NO APPARENT INJURY,NONE,39.06402,-77.03982167,"    (39.06402, -77.03982167)"
DD5615006Q,190002029,Rockville Police Departme,Injury Crash,01/13/2019 03:18:00 PM,Municipality,RESEARCH BLVD,W MONTGOMERY AVE,,N/A,PEDESTRIAN,SINGLE VEHICLE,SNOW,SNOW,DAYLIGHT,NO CONTROLS,NONE DETECTED,NONE DETECTED,7F76D5EF-5F64-413C-A23F-742EDC34492F,PEDESTRIAN,Walking/Cycling on Sidewalk,NO IMPROPER ACTIONS,SIDEWALK,No,POSSIBLE INJURY,NONE,39.09153833,-77.17885667,"    (39.09153833, -77.17885667)"
MCP2904006N,190001980,Montgomery County Police,Injury Crash,01/12/2019 20:45,Maryland (State),PINEY BRANCH RD,FLOWER AVE,,N/A,PEDESTRIAN,OTHER,SNOW,SNOW,DARK LIGHTS ON,TRAFFIC SIGNAL,NONE DETECTED,NONE DETECTED,5BE81C4F-6A19-4D80-978B-59FFA0B8A55A,PEDESTRIAN,Cross/Enter at Intersection,UNKNOWN,ON ROADWAY AT CROSSWALK,Unknown,POSSIBLE INJURY,NONE,38.99881333,-77.00368,"    (38.99881333, -77.00368)"
MCP3095001B,19001970,Montgomery County Police,Injury Crash,01/12/2019 18:26,,,,11700 OLD COMBIA PIKE CRASHED INTO BUILDING,,PEDESTRIAN,OTHER,SNOW,,OTHER,N/A,N/A,N/A,1071846E-1977-4ED2-93FB-B7BD7294CA49,PEDESTRIAN,Standing,NO IMPROPER ACTIONS,OTHER,No,SUSPECTED MINOR INJURY,N/A,39.04954667,-76.981065,"    (39.04954667, -76.981065)"
EJ7860001W,190001856,Gaithersburg Police Depar,Injury Crash,01/11/2019 21:21,Municipality,W DEER PARK RD,SUNNYSIDE CT,,GAITHERSBURG,PEDESTRIAN,OTHER,CLEAR,DRY,DARK LIGHTS ON,NO CONTROLS,NONE DETECTED,NONE DETECTED,7C7A41AB-89DD-480F-90D5-08CA41FE8B75,PEDESTRIAN,Cross/Enter not at Intersection,FAILURE TO YIELD RIGHT OF WAY,ON ROADWAY NOT AT CROSSWALK,Yes,SUSPECTED MINOR INJURY,NONE,39.13237833,-77.20226667,"    (39.13237833, -77.20226667)"
MCP2348004K,190001848,Montgomery County Police,Injury Crash,01/11/2019 20:30,,,,PARKING LOT OF 12345 GEORGIA AVE,,PEDESTRIAN,SINGLE VEHICLE,CLEAR,,DARK LIGHTS ON,NO CONTROLS,NONE DETECTED,NONE DETECTED,481A5CEC-DA9D-4BF6-9F48-CF86DC471133,PEDESTRIAN,Cross/Enter not at Intersection,DART DASH,ON ROADWAY NOT AT CROSSWALK,Yes,POSSIBLE INJURY,NONE,39.06083167,-77.04947667,"    (39.06083167, -77.04947667)"
MCP1235001Q,190001836,Montgomery County Police,Injury Crash,01/11/2019 18:59,County,LOCKWOOD DR,OAK LEAF DR,,N/A,PEDESTRIAN,OTHER,CLEAR,DRY,DARK LIGHTS ON,NO CONTROLS,NONE DETECTED,NONE DETECTED,775AA4C0-A555-4310-9074-0B4E909B517E,PEDESTRIAN,Cross/Enter at Intersection,NO IMPROPER ACTIONS,ON ROADWAY AT CROSSWALK,No,SUSPECTED MINOR INJURY,N/A,39.021135,-77.00824833,"    (39.021135, -77.00824833)"
MCP2504003S,190001829,Montgomery County Police,Injury Crash,01/11/2019 18:03,County,GLEN MILL RD,DARNESTOWN RD,,N/A,BICYCLIST,SAME DIRECTION RIGHT TURN,CLEAR,DRY,DARK LIGHTS ON,TRAFFIC SIGNAL,UNKNOWN,NONE DETECTED,C6BCB9CC-1274-4649-85FE-E25CABA29793,BICYCLIST,Cross/Enter at Intersection,NO IMPROPER ACTIONS,AT INTERSECTION MARKED CROSSWALK,No,POSSIBLE INJURY,NONE,39.09224667,-77.194515,"    (39.09224667, -77.194515)"
MCP2357003H,190001755,Montgomery County Police,Injury Crash,01/11/2019 12:53,Maryland (State),PINEY BRANCH RD,DALE DR,,N/A,BICYCLIST,OTHER,CLEAR,DRY,DAYLIGHT,N/A,NONE DETECTED,NONE DETECTED,1004EAEA-6EFC-4D97-A8F9-4CB8493F322B,BICYCLIST,Unknown,NO IMPROPER ACTIONS,OTHER,Yes,SUSPECTED MINOR INJURY,NONE,38.99345833,-77.00918667,"    (38.99345833, -77.00918667)"
MCP29770051,180001585,Montgomery County Police,Injury Crash,01/10/2019 12:55,,,,"PARKING LOT OF GIANT FOOD 8750 ARLISS ST SILVER SPRING, MD",,PEDESTRIAN,OTHER,CLEAR,,DAYLIGHT,NO CONTROLS,N/A,N/A,377B26F8-FF6E-4F93-B83B-FE1A588698A4,PEDESTRIAN,Other,NO IMPROPER ACTIONS,OTHER,No,SUSPECTED MINOR INJURY,NONE,38.99994667,-77.00263333,"    (38.99994667, -77.00263333)"
MCP23960032,190001004,Montgomery County Police,Injury Crash,01/07/2019 7:55,,,,PARKING LOT 12405 GEORGIA AVENUE,,PEDESTRIAN,STRAIGHT MOVEMENT ANGLE,CLOUDY,,DAYLIGHT,NO CONTROLS,NONE DETECTED,NONE DETECTED,40702F69-01D9-4C0D-8A51-656E9C838635,PEDESTRIAN,Other,INATTENTIVE,OTHER,Yes,POSSIBLE INJURY,NONE,39.06099667,-77.05151167,"    (39.06099667, -77.05151167)"
MCP3040002X,190000948,Montgomery County Police,Injury Crash,01/06/2019 16:00,County,CASHELL RD,BOWIE MILL RD,,N/A,PEDESTRIAN,SINGLE VEHICLE,CLEAR,DRY,DAYLIGHT,TRAFFIC SIGNAL,N/A,N/A,EB72C093-9957-4789-A9C5-5841B0007F01,PEDESTRIAN,Cross/Enter at Intersection,N/A,ON ROADWAY AT CROSSWALK,No,POSSIBLE INJURY,N/A,39.15498167,-77.09481167,"    (39.15498167, -77.09481167)"
DD55390025,190000855,Rockville Police Departme,Injury Crash,01/05/2019 21:45,Maryland (State),ROCKVILLE PIKE,ROLLINS AVE,,ROCKVILLE,PEDESTRIAN,OTHER,CLEAR,DRY,DARK LIGHTS ON,TRAFFIC SIGNAL,NONE DETECTED,NONE DETECTED,FF09978B-E8D1-498E-95FE-FDBBC11DDBDB,PEDESTRIAN,Cross/Enter at Intersection,FAILURE TO OBEY TRAFFIC SIGNS SIGNALS OR OFFICER,ON ROADWAY AT CROSSWALK,Yes,POSSIBLE INJURY,N/A,39.05912667,-77.12127,"    (39.05912667, -77.12127)"