Report Number,Local Case Number,Agency Name,ACRS Report Type,Crash Date/Time,Route Type,Road Name,Cross-Street Name,Off-Road Description,Municipality,Related Non-Motorist,Collision Type,Weather,Surface Condition,Light,Traffic Control,Driver Substance Abuse,Non-Motorist Substance Abuse,Person ID,Pedestrian Type,Pedestrian Movement,Pedestrian Actions,Pedestrian Location,At Fault,Injury Severity,Safety Equipment,Latitude,Longitude,Location
MCP23480047,180049336,Montgomery County Police,Injury Crash,10/02/2018 22:11,,,,PARKING LOT OF KNIGHTS OF PYTHIAS LODGE AT 11011 GAME PRESERVE RD,,PEDESTRIAN,SINGLE VEHICLE,CLEAR,,DARK LIGHTS ON,NO CONTROLS,NONE DETECTED,NONE DETECTED,CF1B4D4E-FB75-47FF-AB81-8933E6390E9F,PEDESTRIAN,Other,OTHER,OTHER,No,SUSPECTED MINOR INJURY,N/A,39.16405734,-77.2294604,"    (39.16405734, -77.2294604)"
MCP30930013,180049326,Montgomery County Police,Injury Crash,10/02/2018 19:03,Municipality,DORSET AVE,SURREY ST,,SOMERSET,PEDESTRIAN,N/A,N/A,DRY,DUSK,STOP SIGN,N/A,N/A,F3FF5CC8-4504-4B4C-B2F0-055B80E356B3,PEDESTRIAN,Cross/Enter at Intersection,NO IMPROPER ACTIONS,ON ROADWAY NOT AT CROSSWALK,No,POSSIBLE INJURY,NONE,38.97400645,-77.08780796,"    (38.97400645, -77.08780796)"
EJ78370031,180049248,Gaithersburg Police Depar,Injury Crash,10/02/2018 14:39,Municipality,FIRSTFIELD RD,FIRSTFIELD RD (AHEAD),,N/A,PEDESTRIAN,SINGLE VEHICLE,CLEAR,N/A,DAYLIGHT,NO CONTROLS,N/A,N/A,6C1B01B9-BB08-4EE8-A421-D3ED6FEA8CC5,PEDESTRIAN,Cross/Enter at Intersection,NO IMPROPER ACTIONS,AT INTERSECTION BUT NO CROSSWALK,No,POSSIBLE INJURY,NONE,39.144765,-77.21921667,"    (39.144765, -77.21921667)"
MCP2639004K,180049160,Montgomery County Police,Injury Crash,10/02/2018 6:53,County,JONES MILL RD,COQUELIN TERR,,N/A,PEDESTRIAN,STRAIGHT MOVEMENT ANGLE,CLEAR,DRY,DAWN,NO CONTROLS,NONE DETECTED,NONE DETECTED,E864C5A1-8F0B-4320-A018-D7C3838E2F77,PEDESTRIAN,Cross/Enter at Intersection,DART DASH,ON ROADWAY NOT AT CROSSWALK,Yes,SUSPECTED MINOR INJURY,NONE,38.99734333,-77.06558833,"    (38.99734333, -77.06558833)"
EJ7858002M,180049018,Gaithersburg Police Depar,Injury Crash,10/01/2018 12:17,,,,PARKING LOT 655 WATKINS MILL RD,,PEDESTRIAN,OTHER,CLEAR,,DAYLIGHT,NO CONTROLS,NONE DETECTED,NONE DETECTED,BF0782C9-F8B9-44DB-93A0-A4DCE4C8D3AC,PEDESTRIAN,Walking/Riding against Traffic,NO IMPROPER ACTIONS,OTHER,No,POSSIBLE INJURY,N/A,39.15561667,-77.22110667,"    (39.15561667, -77.22110667)"
MCP2347001Z,180048866,Montgomery County Police,Injury Crash,09/30/2018 02:51:00 PM,,CHERRY HILL ROAD,PROSPERITY DRIVE,,N/A,BICYCLIST,SAME DIRECTION LEFT TURN,CLEAR,DRY,DAYLIGHT,NO CONTROLS,NONE DETECTED,NONE DETECTED,4299F155-AD13-448E-A478-93BBF258F56D,BICYCLIST,Other,OTHER,ON ROADWAY NOT AT CROSSWALK,Yes,SUSPECTED MINOR INJURY,MC/BIKE HELMET,39.06115333,-76.95790333,"    (39.06115333, -76.95790333)"
MCP2723003R,180048829,Montgomery County Police,Injury Crash,09/30/2018 10:20:00 AM,County,BOWIE MILL RD,WICKHAM DR,,N/A,BICYCLIST,OTHER,CLEAR,DRY,DAYLIGHT,TRAFFIC SIGNAL,N/A,N/A,AA52ED37-ED07-4F88-9232-086E398FC9BF,BICYCLIST,Cross/Enter at Intersection,NO IMPROPER ACTIONS,ON ROADWAY AT CROSSWALK,No,SUSPECTED MINOR INJURY,MC/BIKE HELMET,39.15492167,-77.09483333,"    (39.15492167, -77.09483333)"
MCP3148000H,180048687,Montgomery County Police,Injury Crash,09/29/2018 01:01:00 PM,,,,PARKING LOT OF 1040 1OLD GEORGETOWN RD,,PEDESTRIAN,OTHER,CLEAR,,DAYLIGHT,NO CONTROLS,NONE DETECTED,NONE DETECTED,50860FD0-10B2-4BC8-999F-4842B2353C92,PEDESTRIAN,Standing,ENTERING EXITING PARKED STANDING VEHICLE,OTHER,No,POSSIBLE INJURY,N/A,39.025495,-77.12476,"    (39.025495, -77.12476)"
MCP31190010,180048683,Montgomery County Police,Injury Crash,09/29/2018 12:49:00 PM,County,CROSS COUNTRY LA,STRAWBERRY KNOLL RD,,N/A,PEDESTRIAN,SINGLE VEHICLE,CLEAR,DRY,DAYLIGHT,NO CONTROLS,NONE DETECTED,NONE DETECTED,CFE9B1CB-5E05-4237-A76D-5077D3D7D3B7,PEDESTRIAN,Other,IN ROADWAY IMPROPERLY,ON ROADWAY NOT AT CROSSWALK,Yes,SUSPECTED MINOR INJURY,NONE,39.1623846,-77.18265876,"    (39.1623846, -77.18265876)"
EJ7781001G,180048664,Gaithersburg Police Depar,Injury Crash,09/29/2018 09:50:00 AM,,,,P/L OF 814 W DIAMOND AVE,,PEDESTRIAN,OTHER,CLEAR,,DAYLIGHT,NO CONTROLS,NONE DETECTED,NONE DETECTED,0179FEC2-8EDE-49F5-BAFC-0255E4BC6740,PEDESTRIAN,Getting off/on Vehicle,NO IMPROPER ACTIONS,OTHER,No,SUSPECTED MINOR INJURY,N/A,39.14366667,-77.21646167,"    (39.14366667, -77.21646167)"
MCP1389001Y,180048523,Montgomery County Police,Injury Crash,09/28/2018 04:30:00 PM,County,CONTOUR RD,LOST KNIFE RD,,N/A,PEDESTRIAN,SINGLE VEHICLE,CLEAR,DRY,DAYLIGHT,STOP SIGN,NONE DETECTED,NONE DETECTED,BEEB8FB5-91C2-4E27-9584-300C1E04D204,PEDESTRIAN,Cross/Enter at Intersection,NO IMPROPER ACTIONS,AT INTERSECTION MARKED CROSSWALK,No,POSSIBLE INJURY,N/A,39.15522,-77.20131167,"    (39.15522, -77.20131167)"
MCP3162000S,180048526,Montgomery County Police,Injury Crash,09/28/2018 04:15:00 PM,County,SOUTHWOOD AVE,COLESVILLE RD,,N/A,PEDESTRIAN,OTHER,CLEAR,DRY,DAYLIGHT,TRAFFIC SIGNAL,N/A,N/A,D5A861DF-072F-4E0D-B61B-609F14A9A610,PEDESTRIAN,Cross/Enter not at Intersection,UNKNOWN,ON ROADWAY NOT AT CROSSWALK,Yes,POSSIBLE INJURY,NONE,39.02616833,-77.010995,"    (39.02616833, -77.010995)"
MCP1119005T,180048244,Montgomery County Police,Injury Crash,09/27/2018 09:08:00 AM,,,,PARKING LOT OF MEDSTAR MONTGOMERY HOSPITAL 18011 PRINCE PHILIP DR,,OTHER CONVEYANCE,SINGLE VEHICLE,CLOUDY,,DAYLIGHT,N/A,NONE DETECTED,NONE DETECTED,11007FC6-0BCF-495D-A647-577538BE13F8,OTHER CONVEYANCE,Other,NO IMPROPER ACTIONS,OTHER,No,POSSIBLE INJURY,NONE,39.15295167,-77.05532833,"    (39.15295167, -77.05532833)"
MCP28500016,180048206,Montgomery County Police,Injury Crash,09/27/2018 03:35:00 AM,County,STEDWICK RD,WATKINS MILL RD,,N/A,PEDESTRIAN,OPPOSITE DIRECTION SIDESWIPE,RAINING,WET,DARK LIGHTS ON,NO CONTROLS,ALCOHOL PRESENT,N/A,707122F7-1DEE-4141-A28F-498AD4C87383,PEDESTRIAN,Standing,NO IMPROPER ACTIONS,ON ROADWAY NOT AT CROSSWALK,No,SUSPECTED MINOR INJURY,N/A,39.170935,-77.21022167,"    (39.170935, -77.21022167)"
MCP28500016,180048206,Montgomery County Police,Injury Crash,09/27/2018 03:35:00 AM,County,STEDWICK RD,WATKINS MILL RD,,N/A,PEDESTRIAN,OPPOSITE DIRECTION SIDESWIPE,RAINING,WET,DARK LIGHTS ON,NO CONTROLS,ALCOHOL PRESENT,N/A,322684B3-1FD0-4042-A9FF-C82BC23FB40A,PEDESTRIAN,Standing,NO IMPROPER ACTIONS,ON ROADWAY NOT AT CROSSWALK,No,SUSPECTED SERIOUS INJURY,N/A,39.170935,-77.21022167,"    (39.170935, -77.21022167)"
MCP28500016,180048206,Montgomery County Police,Injury Crash,09/27/2018 03:35:00 AM,County,STEDWICK RD,WATKINS MILL RD,,N/A,PEDESTRIAN,OPPOSITE DIRECTION SIDESWIPE,RAINING,WET,DARK LIGHTS ON,NO CONTROLS,ALCOHOL PRESENT,N/A,604E4CD8-DD38-4753-AA57-914135B35AD0,PEDESTRIAN,Standing,NO IMPROPER ACTIONS,ON ROADWAY NOT AT CROSSWALK,No,SUSPECTED MINOR INJURY,N/A,39.170935,-77.21022167,"    (39.170935, -77.21022167)"
MCP271700KQ,180048158,Montgomery County Police,Property Damage Crash,09/26/2018 07:15:00 PM,County,CAMERON ST,FENTON ST,,N/A,PEDESTRIAN,OTHER,RAINING,WET,DARK LIGHTS ON,TRAFFIC SIGNAL,NONE DETECTED,NONE DETECTED,84D7FB85-3469-45E1-B034-36CBE3B7398D,PEDESTRIAN,Cross/Enter at Intersection,NO IMPROPER ACTIONS,ON ROADWAY AT CROSSWALK,No,NO APPARENT INJURY,NONE,38.9984605,-77.02898667,"    (38.9984605, -77.02898667)"
MCP3138000C,180047959,Montgomery County Police,Injury Crash,09/25/2018 07:21:00 PM,Maryland (State),NEW HAMPSHIRE AVE,WOLF DR,,N/A,BICYCLIST,HEAD ON LEFT TURN,CLEAR,DRY,DARK LIGHTS ON,TRAFFIC SIGNAL,N/A,N/A,14A6E42B-DB40-497C-8D11-FC32E65CAA4F,BICYCLIST,Cross/Enter at Intersection,NOT VISIBLE,AT INTERSECTION MARKED CROSSWALK,Yes,POSSIBLE INJURY,NONE,39.07321652,-77.00261479,"    (39.07321652, -77.00261479)"
EJ7866004M,180047863,Gaithersburg Police Depar,Injury Crash,09/25/2018 10:44:00 AM,Maryland (State),FREDERICK RD,SPUR TO MD 124,,N/A,PEDESTRIAN,SINGLE VEHICLE,RAINING,WET,DAYLIGHT,YIELD SIGN,NONE DETECTED,NONE DETECTED,207D5091-0CD4-4C60-A836-007DCFEFC03A,PEDESTRIAN,Cross/Enter at Intersection,N/A,ON ROADWAY AT CROSSWALK,No,SUSPECTED MINOR INJURY,N/A,39.123905,-77.18027,"    (39.123905, -77.18027)"
MCP23650014,180047846,Montgomery County Police,Injury Crash,09/25/2018 08:49:00 AM,County,BRIGGS CHANEY RD,GATESHEAD MANOR WAY,,N/A,MACHINE OPERATOR/RIDER,STRAIGHT MOVEMENT ANGLE,RAINING,WET,DAYLIGHT,TRAFFIC SIGNAL,UNKNOWN,NONE DETECTED,8B00DF86-D7A4-4D5D-8875-522D80173C19,MACHINE OPERATOR/RIDER,Cross/Enter at Intersection,NO IMPROPER ACTIONS,ON ROADWAY AT CROSSWALK,No,SUSPECTED MINOR INJURY,N/A,39.07741833,-76.94238833,"    (39.07741833, -76.94238833)"
MCP3162000R,180047793,Montgomery County Police,Injury Crash,09/24/2018 09:50:00 PM,Maryland (State),PINEY BRANCH RD,ENT TO APTS,,N/A,PEDESTRIAN,OTHER,RAINING,WET,DARK LIGHTS ON,NO CONTROLS,NONE DETECTED,ALCOHOL PRESENT,4A32D52B-48C3-4E88-A26B-3DDE517ED6FE,PEDESTRIAN,Other,NOT VISIBLE,ON ROADWAY NOT AT CROSSWALK,Yes,SUSPECTED MINOR INJURY,NONE,38.999685,-76.99319333,"    (38.999685, -76.99319333)"
MCP3137000H,180047741,Montgomery County Police,Property Damage Crash,09/24/2018 04:30:00 PM,Maryland (State),BURLINGTON AVE,SPUR FR FENTON ST,,N/A,BICYCLIST,STRAIGHT MOVEMENT ANGLE,RAINING,WET,DAYLIGHT,TRAFFIC SIGNAL,NONE DETECTED,NONE DETECTED,BB442834-C962-487A-98DE-22D5B908A71D,BICYCLIST,Walking/Riding w/Traffic,INATTENTIVE,AT INTERSECTION MARKED CROSSWALK,Yes,NO APPARENT INJURY,MC/BIKE HELMET,38.9879514,-77.0235577,"    (38.9879514, -77.0235577)"
MCP209400C6,180047714,Montgomery County Police,Injury Crash,09/24/2018 01:59:00 PM,County,WOODMONT AVE,FAIRMONT AVE,,N/A,PEDESTRIAN,OTHER,RAINING,WET,N/A,NO CONTROLS,NONE DETECTED,NONE DETECTED,E0EA97A7-E58F-4E1D-ADEE-4DC5F8389517,PEDESTRIAN,Standing,IN ROADWAY IMPROPERLY,ON ROADWAY NOT AT CROSSWALK,Yes,POSSIBLE INJURY,NONE,38.98929,-77.09625,"    (38.98929, -77.09625)"
EJ7836001N,180047643,Gaithersburg Police Depar,Injury Crash,09/24/2018 08:10:00 AM,Municipality,FIRSTFIELD RD,CLOPPER RD,,N/A,PEDESTRIAN,OTHER,RAINING,WET,DAWN,TRAFFIC SIGNAL,NONE DETECTED,N/A,80C083A3-1D93-45F9-A7F1-DF4947392B4D,PEDESTRIAN,Walking/Cycling on Sidewalk,N/A,AT INTERSECTION MARKED CROSSWALK,No,SUSPECTED MINOR INJURY,N/A,39.14378833,-77.223575,"    (39.14378833, -77.223575)"
MCP1309001Z,180047555,Montgomery County Police,Property Damage Crash,09/23/2018 02:36:00 PM,Maryland (State),WOODFIELD RD,LOG HOUSE RD,,N/A,OTHER,SINGLE VEHICLE,RAINING,WET,DAYLIGHT,NO CONTROLS,NONE DETECTED,NONE DETECTED,961D0619-320E-4E7C-A180-DDECB025B5AE,OTHER,N/A,NO IMPROPER ACTIONS,OTHER,No,NO APPARENT INJURY,N/A,39.25606167,-77.20020167,"    (39.25606167, -77.20020167)"
DD5595006M,180047423,Rockville Police Departme,Injury Crash,09/22/2018 01:40:00 PM,,,,GAS STATION LOT LOCATED AT 1911 ROCKVILLE PIKE,,PEDESTRIAN,SINGLE VEHICLE,CLOUDY,,DAYLIGHT,N/A,NONE DETECTED,NONE DETECTED,BE241182-AD03-45F8-B04E-ABC2035CA57E,PEDESTRIAN,Other,OTHER,OTHER,Unknown,POSSIBLE INJURY,N/A,39.05834067,-77.12128983,"    (39.05834067, -77.12128983)"
DD5630000K,180047416,Rockville Police Departme,Injury Crash,09/22/2018 12:46:00 PM,Maryland (State),ROCKVILLE PIKE,FIRST ST,,N/A,PEDESTRIAN,SINGLE VEHICLE,CLEAR,DRY,DAYLIGHT,NO CONTROLS,NONE DETECTED,NONE DETECTED,FDED0BBF-A126-4E7C-9646-D8E725EAAB97,PEDESTRIAN,Cross/Enter not at Intersection,IN ROADWAY IMPROPERLY,ON ROADWAY NOT AT CROSSWALK,Yes,SUSPECTED MINOR INJURY,NONE,39.07697,-77.13886167,"    (39.07697, -77.13886167)"
MCP26670055,180047407,Montgomery County Police,Injury Crash,09/22/2018 11:40:00 AM,,,,SIDEWALK IN FRONT OF 416 NORTH FREDERICK AVE,,PEDESTRIAN,OTHER,CLEAR,,DAYLIGHT,N/A,UNKNOWN,NONE DETECTED,4DC8B769-5100-4A71-A3BE-D1A5CCA44EED,PEDESTRIAN,Walking/Cycling on Sidewalk,NO IMPROPER ACTIONS,SIDEWALK,No,POSSIBLE INJURY,NONE,39.14588167,-77.205923,"    (39.14588167, -77.205923)"
MCP3125000W,180047087,Montgomery County Police,Injury Crash,09/20/2018 06:30:00 PM,County,GLEN RD,TRAVILAH RD,,N/A,PEDESTRIAN,SINGLE VEHICLE,N/A,DRY,DARK NO LIGHTS,NO CONTROLS,N/A,N/A,BDB4D437-222E-4A4D-B143-31AD3D09868A,PEDESTRIAN,Walking/Riding against Traffic,NO IMPROPER ACTIONS,ON ROADWAY NOT AT CROSSWALK,No,SUSPECTED SERIOUS INJURY,REFLECTIVE CLOTHING,39.07000667,-77.26550833,"    (39.07000667, -77.26550833)"
MCP25160024,180046940,Montgomery County Police,Property Damage Crash,09/20/2018 07:58:00 AM,,,,19515 FREDERICK RD. TAILER # 102  (INSIDE OF TRAILER PARK),,OTHER,SINGLE VEHICLE,CLOUDY,,DAYLIGHT,NO CONTROLS,N/A,N/A,0C68A9D7-2DF5-4AA5-A05D-BF35C29D5044,OTHER,N/A,N/A,INSIDE BUILDING,No,NO APPARENT INJURY,N/A,39.18806833,-77.23341833,"    (39.18806833, -77.23341833)"
MCP2546002J,180046952,Montgomery County Police,Property Damage Crash,09/19/2018 01:25:00 PM,County,E JEFFERSON ST,MONTROSE RD,,N/A,OTHER,OTHER,CLEAR,DRY,DAYLIGHT,OTHER,NONE DETECTED,NONE DETECTED,B96521D3-1975-4BF3-8681-1EFD8BE77771,OTHER,Other,OTHER,MEDIAN,No,NO APPARENT INJURY,REFLECTIVE CLOTHING,39.04965789,-77.126099,"    (39.04965789, -77.126099)"
MCP2813005J,180046686,Montgomery County Police,Injury Crash,09/18/2018 07:50:00 PM,County,WINDHAM LA,GEORGIA AVE,,N/A,PEDESTRIAN,SINGLE VEHICLE,CLEAR,DRY,DARK NO LIGHTS,TRAFFIC SIGNAL,N/A,N/A,D33485BE-C2F4-42DD-B7BE-EB3AFD9657D8,PEDESTRIAN,Walking/Riding against Traffic,FAILURE TO YIELD RIGHT OF WAY,ON ROADWAY AT CROSSWALK,Yes,SUSPECTED MINOR INJURY,N/A,38.99719833,-77.02999,"    (38.99719833, -77.02999)"
MCP271700KK,180046630,Montgomery County Police,Injury Crash,09/18/2018 02:45:00 PM,County,PIERCE DR,TIMBERWOOD AVE,,N/A,PEDESTRIAN,OTHER,CLEAR,WET,DAYLIGHT,NO CONTROLS,NONE DETECTED,NONE DETECTED,EB59FEF9-F046-4631-9875-D24F61D5C271,PEDESTRIAN,Cross/Enter not at Intersection,DART DASH,ON ROADWAY NOT AT CROSSWALK,Yes,SUSPECTED MINOR INJURY,NONE,39.02162467,-77.0105055,"    (39.02162467, -77.0105055)"
MCP2967003B,180046530,Montgomery County Police,Injury Crash,09/17/2018 07:47:00 PM,Maryland (State),WISCONSIN AVE,WILLARD AVE,,N/A,BICYCLIST,OTHER,RAINING,WET,DARK LIGHTS ON,TRAFFIC SIGNAL,NONE DETECTED,NONE DETECTED,FDA1DC04-53A2-4CBF-B8B2-11E103582E75,BICYCLIST,Cross/Enter at Intersection,NO IMPROPER ACTIONS,AT INTERSECTION MARKED CROSSWALK,No,POSSIBLE INJURY,MC/BIKE HELMET,38.96162667,-77.08648667,"    (38.96162667, -77.08648667)"
MCP29710044,180046537,Montgomery County Police,Injury Crash,09/17/2018 03:30:00 PM,,SNOWDEN FARM PARKWAY,NEWCUT ROAD,,N/A,PEDESTRIAN,OTHER,RAINING,WET,DAYLIGHT,FLASHING TRAFFIC SIGNAL,NONE DETECTED,NONE DETECTED,112BF015-CAFB-4308-8544-489401E51195,PEDESTRIAN,Cross/Enter at Intersection,NO IMPROPER ACTIONS,ON ROADWAY AT CROSSWALK,No,POSSIBLE INJURY,NONE,39.22835497,-77.2502234,"    (39.22835497, -77.2502234)"
DM8423001S,180046427,Takoma Park Police Depart,Injury Crash,09/17/2018 10:30:00 AM,,,,HOSPITAL PARKING LOT,,PEDESTRIAN,SINGLE VEHICLE,RAINING,,DAYLIGHT,NO CONTROLS,N/A,N/A,4CDDA846-2D6D-496F-89DA-0FE29F117706,PEDESTRIAN,Standing,OTHER,OTHER,No,POSSIBLE INJURY,N/A,38.98473167,-76.999805,"    (38.98473167, -76.999805)"
MCP2906001X,180046170,Montgomery County Police,Injury Crash,09/15/2018 07:00:00 PM,Municipality,WASHINGTONIAN BLVD,BOARDWALK PL,,N/A,PEDESTRIAN,STRAIGHT MOVEMENT ANGLE,CLEAR,DRY,DAYLIGHT,N/A,N/A,N/A,D86D412F-1271-4D08-BC05-F9607B1A28FD,PEDESTRIAN,Cross/Enter at Intersection,INATTENTIVE,ON ROADWAY AT CROSSWALK,Yes,SUSPECTED MINOR INJURY,NONE,39.11727593,-77.19916649,"    (39.11727593, -77.19916649)"
MCP3136000F,180046113,Montgomery County Police,Injury Crash,09/15/2018 11:56:00 AM,County,WAYNE AVE,FENTON ST,,N/A,PEDESTRIAN,OTHER,CLEAR,DRY,DAYLIGHT,NO CONTROLS,NONE DETECTED,NONE DETECTED,23C9F282-3345-41F1-9E73-70F12D6C3AB9,PEDESTRIAN,Getting off/on Vehicle,ENTERING EXITING PARKED STANDING VEHICLE,ON ROADWAY NOT AT CROSSWALK,Unknown,POSSIBLE INJURY,N/A,38.99611155,-77.02474958,"    (38.99611155, -77.02474958)"
MCP9419001T,180045961,Montgomery County Police,Injury Crash,09/14/2018 02:51:00 PM,County,RANDOLPH RD,ROCKING HORSE RD,,N/A,PEDESTRIAN,OTHER,CLOUDY,DRY,DAYLIGHT,TRAFFIC SIGNAL,NONE DETECTED,NONE DETECTED,16EDD962-564A-414F-8442-7FE5754FDEBC,PEDESTRIAN,Cross/Enter at Intersection,DART DASH,ON ROADWAY AT CROSSWALK,Unknown,POSSIBLE INJURY,NONE,39.05367667,-77.09426,"    (39.05367667, -77.09426)"
DD56150065,180045944,Rockville Police Departme,Injury Crash,09/14/2018 01:45:00 PM,Maryland (State),HUNGERFORD DR,N WASHINGTON ST,,ROCKVILLE,PEDESTRIAN,OTHER,CLOUDY,DRY,DAYLIGHT,NO CONTROLS,NONE DETECTED,NONE DETECTED,23B9D278-E50B-4FAC-B1B0-EAC47034D0B7,PEDESTRIAN,Walking/Cycling on Sidewalk,NO IMPROPER ACTIONS,SIDEWALK,No,POSSIBLE INJURY,NONE,39.09085167,-77.15302333,"    (39.09085167, -77.15302333)"
DD5605005Q,180045675,Rockville Police Departme,Property Damage Crash,09/13/2018 07:45:00 AM,Municipality,GREAT FALLS RD,MONUMENT ST,,ROCKVILLE,PEDESTRIAN,OTHER,CLEAR,DRY,DAYLIGHT,OTHER,NONE DETECTED,NONE DETECTED,4CECB962-DB8B-4EFD-91AF-D5541D7BAA52,PEDESTRIAN,Cross/Enter at Intersection,NO IMPROPER ACTIONS,AT INTERSECTION MARKED CROSSWALK,No,NO APPARENT INJURY,NONE,39.08011633,-77.16110017,"    (39.08011633, -77.16110017)"
MCP93650014,180045668,Montgomery County Police,Injury Crash,09/13/2018 07:19:00 AM,County,GREENCASTLE RD,OLD COLUMBIA PIKE,,N/A,PEDESTRIAN,SINGLE VEHICLE,CLEAR,DRY,DAYLIGHT,TRAFFIC SIGNAL,NONE DETECTED,NONE DETECTED,B0B561EE-1E9F-47EA-AD43-4C04C04A4D2F,PEDESTRIAN,Cross/Enter at Intersection,NO IMPROPER ACTIONS,ON ROADWAY AT CROSSWALK,No,SUSPECTED MINOR INJURY,NONE,39.09837054,-76.94428749,"    (39.09837054, -76.94428749)"
MCP271700KG,180045596,Montgomery County Police,Injury Crash,09/12/2018 18:10,Maryland (State),PINEY BRANCH RD,FLOWER AVE,,N/A,PEDESTRIAN,OTHER,RAINING,WET,DAYLIGHT,NO CONTROLS,NONE DETECTED,NONE DETECTED,8D5B00D6-0732-4E86-8DF7-D04B1E43827F,PEDESTRIAN,Cross/Enter not at Intersection,DART DASH,ON ROADWAY NOT AT CROSSWALK,Yes,SUSPECTED MINOR INJURY,NONE,38.99828933,-77.0043315,"    (38.99828933, -77.0043315)"
EJ7858002K,180045275,Gaithersburg Police Depar,Injury Crash,09/11/2018 4:59,Maryland (State),S FREDERICK RD,EDUCATION BLVD,,GAITHERSBURG,PEDESTRIAN,SINGLE VEHICLE,RAINING,WET,DARK LIGHTS ON,FLASHING TRAFFIC SIGNAL,NONE DETECTED,NONE DETECTED,281750AA-2123-4F38-87A0-13BE976C054F,PEDESTRIAN,Cross/Enter at Intersection,NOT VISIBLE,ON ROADWAY AT CROSSWALK,No,SUSPECTED MINOR INJURY,N/A,39.13599833,-77.19226833,"    (39.13599833, -77.19226833)"
MCP26120033,180045221,Montgomery County Police,Injury Crash,09/10/2018 18:30,,,,IN PARKING LOT OF 13661 CONNECTICUT AVE,,PEDESTRIAN,SINGLE VEHICLE,RAINING,,DUSK,N/A,N/A,N/A,738CAA9C-F2D1-4955-BC45-A4697D33AE0A,PEDESTRIAN,Other,IN ROADWAY IMPROPERLY,OTHER,Yes,POSSIBLE INJURY,N/A,39.07852167,-77.079635,"    (39.07852167, -77.079635)"
MCP3162000G,180045182,Montgomery County Police,Property Damage Crash,09/10/2018 15:56,Maryland (State),NEW HAMPSHIRE AVE,RAMP 4 FR MD 650 NB TO IS 495 EB,,N/A,PEDESTRIAN,SAME DIR REAR END,RAINING,WET,DAYLIGHT,NO CONTROLS,NONE DETECTED,N/A,494CC876-4091-49AA-AC7A-43607BD5FC19,PEDESTRIAN,Standing,NO IMPROPER ACTIONS,ON ROADWAY AT CROSSWALK,No,NO APPARENT INJURY,N/A,39.01603667,-76.97742833,"    (39.01603667, -76.97742833)"
MCP31090019,180045118,Montgomery County Police,Injury Crash,09/10/2018 11:00,County,FENTON ST,SLIGO AVE,,N/A,PEDESTRIAN,SINGLE VEHICLE,CLOUDY,N/A,DAYLIGHT,NO CONTROLS,UNKNOWN,NONE DETECTED,93323D05-F681-4B14-B08F-BAC1C9A0D8F6,PEDESTRIAN,Standing,N/A,ON ROADWAY NOT AT CROSSWALK,No,POSSIBLE INJURY,REFLECTIVE CLOTHING,38.99023242,-77.02373791,"    (38.99023242, -77.02373791)"
EJ7846003J,180044997,Gaithersburg Police Depar,Injury Crash,09/09/2018 8:00,Maryland (State),QUINCE ORCHARD RD,FIRSTFIELD RD,,GAITHERSBURG,PEDESTRIAN,STRAIGHT MOVEMENT ANGLE,RAINING,WET,DAYLIGHT,TRAFFIC SIGNAL,UNKNOWN,NONE DETECTED,68C64BEF-C17C-4F07-8E2A-33CC9D2C64DE,PEDESTRIAN,Cross/Enter not at Intersection,FAILURE TO YIELD RIGHT OF WAY,ON ROADWAY NOT AT CROSSWALK,Yes,POSSIBLE INJURY,N/A,39.14105,-77.20823,"    (39.14105, -77.20823)"
MCP3131000D,180044796,Montgomery County Police,Injury Crash,09/07/2018 19:55,Government,GARRETT PARK RD,SCHUYLKILL RD,,N/A,PEDESTRIAN,SINGLE VEHICLE,RAINING,WET,DARK NO LIGHTS,NO CONTROLS,NONE DETECTED,N/A,4FA6D670-9508-4379-AAF3-EDDA905234B4,PEDESTRIAN,Cross/Enter not at Intersection,DART DASH,ON ROADWAY NOT AT CROSSWALK,Yes,SUSPECTED MINOR INJURY,NONE,39.04004878,-77.09115348,"    (39.04004878, -77.09115348)"
MCP14530062,180044711,Montgomery County Police,Injury Crash,09/07/2018 12:23,County,WISTERIA DR,WALTER JOHNSON RD,,N/A,PEDESTRIAN,SINGLE VEHICLE,CLOUDY,DRY,DAYLIGHT,STOP SIGN,NONE DETECTED,NONE DETECTED,826AFEA5-CBCE-4554-B041-53D60B365D0C,PEDESTRIAN,Cross/Enter at Intersection,IN ROADWAY IMPROPERLY,ON ROADWAY AT CROSSWALK,Yes,SUSPECTED SERIOUS INJURY,N/A,39.17590333,-77.26840167,"    (39.17590333, -77.26840167)"
MCP1334006Y,180044660,Montgomery County Police,Injury Crash,09/07/2018 6:26,Maryland (State),S FREDERICK RD,N WESTLAND DR,,N/A,BICYCLIST,STRAIGHT MOVEMENT ANGLE,CLEAR,DRY,DAWN,NO CONTROLS,NONE DETECTED,NONE DETECTED,1C5367CB-9952-45DB-891D-77EB4974985D,BICYCLIST,Walking/Riding w/Traffic,NO IMPROPER ACTIONS,OTHER,No,SUSPECTED SERIOUS INJURY,MC/BIKE HELMET,39.12796591,-77.18509472,"    (39.12796591, -77.18509472)"
MCP2656003C,180044582,Montgomery County Police,Property Damage Crash,09/06/2018 19:13,County,BRANTFORD AVE,NEW HAMPSHIRE AVE,,N/A,BICYCLIST,STRAIGHT MOVEMENT ANGLE,N/A,DRY,DARK LIGHTS ON,N/A,N/A,N/A,34F4DA45-1672-470C-AF15-449A7CFC313A,BICYCLIST,Cross/Enter at Intersection,NO IMPROPER ACTIONS,AT INTERSECTION MARKED CROSSWALK,No,NO APPARENT INJURY,MC/BIKE HELMET,39.05920833,-76.99764,"    (39.05920833, -76.99764)"
MCP1048003V,180044255,Montgomery County Police,Injury Crash,09/05/2018 7:55,County,SHADY GROVE RD,CRABBS BRANCH WAY,,N/A,BICYCLIST,OTHER,CLEAR,DRY,DAYLIGHT,TRAFFIC SIGNAL,NONE DETECTED,NONE DETECTED,B109D8A9-3334-4980-BD0C-FA3A20B3756A,BICYCLIST,Cross/Enter at Intersection,FAILURE TO OBEY TRAFFIC SIGNS SIGNALS OR OFFICER,AT INTERSECTION MARKED CROSSWALK,Yes,SUSPECTED MINOR INJURY,N/A,39.12927333,-77.167375,"    (39.12927333, -77.167375)"
MCP2680002P,180044204,Montgomery County Police,Property Damage Crash,09/04/2018 21:15,,,,PARKING GARAGE AT 8700 CAMERON ST,,PEDESTRIAN,OTHER,CLEAR,,DARK LIGHTS ON,NO CONTROLS,UNKNOWN,NONE DETECTED,D8AD3596-43E2-42E2-974E-D63452B5B199,PEDESTRIAN,Cross/Enter not at Intersection,NO IMPROPER ACTIONS,OTHER,No,NO APPARENT INJURY,REFLECTIVE CLOTHING,38.998305,-77.02881167,"    (38.998305, -77.02881167)"