Report Number,Local Case Number,Agency Name,ACRS Report Type,Crash Date/Time,Route Type,Road Name,Cross-Street Name,Off-Road Description,Municipality,Related Non-Motorist,Collision Type,Weather,Surface Condition,Light,Traffic Control,Driver Substance Abuse,Non-Motorist Substance Abuse,Person ID,Pedestrian Type,Pedestrian Movement,Pedestrian Actions,Pedestrian Location,At Fault,Injury Severity,Safety Equipment,Latitude,Longitude,Location
MCP28130057,180038702,Montgomery County Police,Injury Crash,08/04/2018 17:50,,,,PARKING LOT OF 4301 RANDOLPH RD,,PEDESTRIAN,OTHER,CLEAR,,DAYLIGHT,N/A,N/A,N/A,E7428D8F-B3F9-401C-A2A1-1BB16F5065FA,PEDESTRIAN,Other,N/A,OTHER,No,SUSPECTED MINOR INJURY,N/A,39.05566333,-77.08368333,"    (39.05566333, -77.08368333)"
MCP2950001L,180038639,Montgomery County Police,Injury Crash,08/04/2018 5:00,County,STRINGTOWN RD,ST CLAIR RD,,N/A,BICYCLIST,SAME DIR REAR END,CLOUDY,WET,DARK LIGHTS ON,NO CONTROLS,UNKNOWN,NONE DETECTED,B9890DD4-4327-4034-8A78-CF39133F4F71,BICYCLIST,Walking/Riding w/Traffic,NO IMPROPER ACTIONS,SHOULDER,No,SUSPECTED SERIOUS INJURY,MC/BIKE HELMET,39.240335,-77.270135,"    (39.240335, -77.270135)"
MCP2339003M,180038573,Montgomery County Police,Injury Crash,08/03/2018 19:32,County,RANDOLPH RD,PARKLAWN DR,,N/A,BICYCLIST,OTHER,RAINING,WET,DAYLIGHT,TRAFFIC SIGNAL,NONE DETECTED,NONE DETECTED,2AFD2FE0-A041-4D97-8EF7-76D59E45F9A7,BICYCLIST,Cross/Enter at Intersection,NO IMPROPER ACTIONS,ON ROADWAY AT CROSSWALK,No,SUSPECTED MINOR INJURY,NONE,39.05342667,-77.10708,"    (39.05342667, -77.10708)"
EJ7858002C,180038495,Gaithersburg Police Depar,Injury Crash,08/03/2018 11:50,Municipality,CHRISTOPHER AVE,RUSSELL AVE,,GAITHERSBURG,PEDESTRIAN,SINGLE VEHICLE,CLOUDY,DRY,DAYLIGHT,STOP SIGN,NONE DETECTED,NONE DETECTED,FFF247AB-8494-4BDD-AD74-FA9BBF94F5A1,PEDESTRIAN,Cross/Enter not at Intersection,NO IMPROPER ACTIONS,OTHER,No,SUSPECTED MINOR INJURY,NONE,39.1583657,-77.21244514,"    (39.1583657, -77.21244514)"
MCP2914007C,180038331,Montgomery County Police,Injury Crash,08/02/2018 14:36,Maryland (State),NEW HAMPSHIRE AVE,POWDER MILL RD,,N/A,PEDESTRIAN,OTHER,RAINING,WET,DAYLIGHT,TRAFFIC SIGNAL,N/A,N/A,765CE0F3-6797-41D7-91EE-8968BC32EB57,PEDESTRIAN,Cross/Enter at Intersection,DART DASH,ON ROADWAY AT CROSSWALK,Unknown,POSSIBLE INJURY,NONE,39.02224071,-76.9773522,"    (39.02224071, -76.9773522)"
MCP2680002K,180038168,Montgomery County Police,Injury Crash,08/01/2018 16:05,County,SILVER SPRING AVE,GROVE ST,,N/A,BICYCLIST,STRAIGHT MOVEMENT ANGLE,CLEAR,DRY,DAYLIGHT,STOP SIGN,NONE DETECTED,NONE DETECTED,6887EC85-73E6-4E9F-BD5B-D4F272C21742,BICYCLIST,Walking/Riding w/Traffic,NO IMPROPER ACTIONS,OTHER,No,SUSPECTED MINOR INJURY,MC/BIKE HELMET,38.9916875,-77.02190638,"    (38.9916875, -77.02190638)"
MCP26870036,180038139,Montgomery County Police,Injury Crash,08/01/2018 14:12,,,,"FARMERS MARKET PARKING LOT. 
7155 WISCONSIN AVE BETHESDA MD",,PEDESTRIAN,SINGLE VEHICLE,CLEAR,,DAYLIGHT,NO CONTROLS,NONE DETECTED,NONE DETECTED,2258A857-0F34-4DE0-B315-2A9727F899F6,PEDESTRIAN,Other,NO IMPROPER ACTIONS,OTHER,No,SUSPECTED MINOR INJURY,NONE,38.98131333,-77.09236,"    (38.98131333, -77.09236)"
MCP11230022,180038074,Montgomery County Police,Injury Crash,08/01/2018 7:09,Maryland (State),GEORGIA AVE,SHOREFIELD RD,,N/A,PEDESTRIAN,SINGLE VEHICLE,CLOUDY,DRY,DAYLIGHT,TRAFFIC SIGNAL,NONE DETECTED,NONE DETECTED,6FE789F9-0D50-411A-AB33-C43A865E7C39,PEDESTRIAN,Cross/Enter at Intersection,NO IMPROPER ACTIONS,AT INTERSECTION MARKED CROSSWALK,No,SUSPECTED MINOR INJURY,NONE,39.052985,-77.05087667,"    (39.052985, -77.05087667)"
MCP30050042,180037729,Montgomery County Police,Injury Crash,07/30/2018 12:20:00 PM,Maryland (State),LAYHILL RD,ENT TO SHOPPING CENTER,,N/A,BICYCLIST,OTHER,CLOUDY,DRY,DAYLIGHT,STOP SIGN,NONE DETECTED,NONE DETECTED,1286498B-A42D-4064-B323-B9164866ED9D,BICYCLIST,Cross/Enter at Intersection,UNKNOWN,SIDEWALK,Unknown,POSSIBLE INJURY,NONE,39.06089788,-77.05083735,"    (39.06089788, -77.05083735)"
MCP27220030,180037639,Montgomery County Police,Injury Crash,07/29/2018 08:38:00 PM,,,,"PARKING LOT OF 14101 GEORGIA AVE SILVER SPRING, MD",,BICYCLIST,SINGLE VEHICLE,CLEAR,,DARK LIGHTS ON,NO CONTROLS,N/A,N/A,D5F26865-3F28-48A2-9B3C-490BE063E1D4,BICYCLIST,Cross/Enter at Intersection,NO IMPROPER ACTIONS,SIDEWALK,No,POSSIBLE INJURY,NONE,39.08536833,-77.07825,"    (39.08536833, -77.07825)"
MCP28820028,180037034,Montgomery County Police,Injury Crash,07/27/2018 03:20:00 PM,County,GERMANTOWN RD,SHAKESPEARE BLVD,,N/A,BICYCLIST,SINGLE VEHICLE,CLEAR,DRY,DAYLIGHT,TRAFFIC SIGNAL,NONE DETECTED,NONE DETECTED,9BF24F9C-1863-49CC-B0F8-5B26FCD77776,BICYCLIST,Walking/Riding w/Traffic,NO IMPROPER ACTIONS,ON ROADWAY AT CROSSWALK,No,SUSPECTED MINOR INJURY,NONE,39.18853496,-77.25182667,"    (39.18853496, -77.25182667)"
MCP14360002,180037248,Montgomery County Police,Injury Crash,07/27/2018 01:04:00 PM,,,,PARKING LOT AT 1911 ROCKVILLE PIKE,,PEDESTRIAN,SINGLE VEHICLE,CLEAR,,DAYLIGHT,N/A,NONE DETECTED,NONE DETECTED,C5E07693-0C26-482F-81F2-ED7635DDEEEB,PEDESTRIAN,Walking/Cycling on Sidewalk,N/A,SIDEWALK,No,POSSIBLE INJURY,N/A,39.05841581,-77.12148607,"    (39.05841581, -77.12148607)"
MCP1022009G,180036958,Montgomery County Police,Injury Crash,07/26/2018 07:32:00 AM,,,,"DRIVEWAY OF 26601 MULLINIX MILL RD MT AIRY, MD 21771",,PEDESTRIAN,SINGLE VEHICLE,CLEAR,,DAYLIGHT,NO CONTROLS,NONE DETECTED,NONE DETECTED,FF49B7C2-FF41-4ED2-8043-6EE5470011AF,PEDESTRIAN,Other,DART DASH,OTHER,Yes,SUSPECTED SERIOUS INJURY,N/A,39.293005,-77.15005667,"    (39.293005, -77.15005667)"
MCP2936002R,180036865,Montgomery County Police,Injury Crash,07/25/2018 04:36:00 PM,County,WOODGLEN DR,NICHOLSON LA,,N/A,BICYCLIST,OTHER,CLEAR,DRY,DAYLIGHT,OTHER,UNKNOWN,NONE DETECTED,F77DD49F-1B22-4D91-B879-9922B2609D36,BICYCLIST,Other,NO IMPROPER ACTIONS,ON ROADWAY AT CROSSWALK,No,POSSIBLE INJURY,NONE,39.04398667,-77.11339667,"    (39.04398667, -77.11339667)"
MCP11230021,180036808,Montgomery County Police,Injury Crash,07/25/2018 11:08:00 AM,Maryland (State),LAYHILL RD,MIDDLEBRIDGE DR,,N/A,PEDESTRIAN,SINGLE VEHICLE,CLOUDY,DRY,DAYLIGHT,NO CONTROLS,NONE DETECTED,NONE DETECTED,C507E5CD-8691-4C97-A621-CC5561811C07,PEDESTRIAN,Cross/Enter at Intersection,DART DASH,AT INTERSECTION BUT NO CROSSWALK,Unknown,SUSPECTED MINOR INJURY,NONE,39.072865,-77.0455,"    (39.072865, -77.0455)"
MCP242500CG,180036614,Montgomery County Police,Injury Crash,07/24/2018 09:56:00 AM,Maryland (State),PINEY BRANCH RD,CROSSOVER,,N/A,PEDESTRIAN,SINGLE VEHICLE,RAINING,WET,DAYLIGHT,NO CONTROLS,NONE DETECTED,NONE DETECTED,C8507D34-EDAB-4401-98B8-989A71D24346,PEDESTRIAN,Cross/Enter not at Intersection,DART DASH,ON ROADWAY NOT AT CROSSWALK,Yes,SUSPECTED MINOR INJURY,NONE,38.999105,-76.99759667,"    (38.999105, -76.99759667)"
MCP94380014,180036461,Montgomery County Police,Property Damage Crash,07/23/2018 03:32:00 PM,,,,19513 GUNNERS BRANCH,,OTHER,SINGLE VEHICLE,N/A,,DAYLIGHT,NO CONTROLS,NONE DETECTED,N/A,A0B0ACA5-7D97-4045-8665-747879ED5383,OTHER,N/A,NO IMPROPER ACTIONS,N/A,No,NO APPARENT INJURY,N/A,39.176415,-77.24066167,"    (39.176415, -77.24066167)"
DD5631000W,180036439,Rockville Police Departme,Injury Crash,07/23/2018 02:10:00 PM,,,,"STAPLES PARKING LOT 1531 ROCKVILLE PIKE ROCKVILLE, MD",,PEDESTRIAN,SINGLE VEHICLE,CLEAR,,DAYLIGHT,N/A,NONE DETECTED,NONE DETECTED,95C5A2A2-A22E-4865-9C68-B5367E407F5F,PEDESTRIAN,Other,NO IMPROPER ACTIONS,SIDEWALK,No,SUSPECTED SERIOUS INJURY,N/A,39.06488667,-77.12646333,"    (39.06488667, -77.12646333)"
MCP27490029,180036410,Montgomery County Police,Injury Crash,07/23/2018 11:05:00 AM,County,E RANDOLPH RD,NEW HAMPSHIRE AVE,,N/A,PEDESTRIAN,SINGLE VEHICLE,CLOUDY,WET,DAYLIGHT,N/A,NONE DETECTED,NONE DETECTED,FA69E49E-9F65-43A2-8B69-0C2694FB1C8E,PEDESTRIAN,Cross/Enter not at Intersection,IN ROADWAY IMPROPERLY,ON ROADWAY NOT AT CROSSWALK,Yes,SUSPECTED MINOR INJURY,N/A,39.07577,-77.00072333,"    (39.07577, -77.00072333)"
MCP2077002D,180036131,Montgomery County Police,Injury Crash,07/21/2018 11:32:00 AM,,,,"PARKING LOT OF 3860 INTERNATIONAL DR, SILVER SPRING MD (GIANT FOODSTORE)",,PEDESTRIAN,OTHER,RAINING,,DAYLIGHT,N/A,NONE DETECTED,NONE DETECTED,7861D223-6CE5-4C8D-8F7E-7A782C0A50DD,PEDESTRIAN,Other,NO IMPROPER ACTIONS,OTHER,No,SUSPECTED MINOR INJURY,NONE,39.10163,-77.07538,"    (39.10163, -77.07538)"
MCP3124000V,180035999,Montgomery County Police,Injury Crash,07/20/2018 05:20:00 PM,County,VEIRS MILL RD,MONTERREY DR,,N/A,BICYCLIST,STRAIGHT MOVEMENT ANGLE,CLEAR,DRY,DAYLIGHT,STOP SIGN,NONE DETECTED,NONE DETECTED,515E0214-56C8-48EB-BE31-220797183BF5,BICYCLIST,Cross/Enter at Intersection,FAILURE TO YIELD RIGHT OF WAY,OTHER,Yes,SUSPECTED MINOR INJURY,NONE,39.04418193,-77.06295356,"    (39.04418193, -77.06295356)"
MCP3050002H,180035990,Montgomery County Police,Injury Crash,07/20/2018 04:30:00 PM,County,BEL PRE RD,CONNECTICUT AVE,,N/A,PEDESTRIAN,SINGLE VEHICLE,CLEAR,DRY,DAYLIGHT,OTHER,NONE DETECTED,NONE DETECTED,A432D11C-75EA-4357-A558-3B09FA6E4987,PEDESTRIAN,Cross/Enter at Intersection,NO IMPROPER ACTIONS,ON ROADWAY AT CROSSWALK,No,POSSIBLE INJURY,NONE,39.09174167,-77.06588167,"    (39.09174167, -77.06588167)"
MCP2767004V,180035958,Montgomery County Police,Injury Crash,07/20/2018 02:19:00 PM,,,,"PARKING LOT OF JC PENNY'S LOCATED AT 11160 VEIRS MILL ROAD, WHEATON MD",,PEDESTRIAN,SINGLE VEHICLE,CLEAR,,DAYLIGHT,NO CONTROLS,NONE DETECTED,NONE DETECTED,EB06DD67-7601-4215-9A33-37AAB97A965F,PEDESTRIAN,Cross/Enter at Intersection,INATTENTIVE,ON ROADWAY AT CROSSWALK,No,SUSPECTED MINOR INJURY,N/A,39.03657,-77.05316833,"    (39.03657, -77.05316833)"
MCP21620037,180035845,Montgomery County Police,Injury Crash,07/19/2018 07:46:00 PM,County,BEACON HOLLOW LA,BONSAL LA,,N/A,BICYCLIST,HEAD ON LEFT TURN,CLEAR,DRY,DAWN,NO CONTROLS,N/A,N/A,85BF5DCF-88BB-4A38-B5E4-B0DEBC6AE8D6,BICYCLIST,Walking/Riding w/Traffic,NO IMPROPER ACTIONS,ON ROADWAY NOT AT CROSSWALK,No,SUSPECTED MINOR INJURY,MC/BIKE HELMET,39.082585,-77.06100667,"    (39.082585, -77.06100667)"
DD5630000B,180035731,Rockville Police Departme,Injury Crash,07/19/2018 11:35:00 AM,Municipality,MONROE ST,FLEET ST,,ROCKVILLE,PEDESTRIAN,OTHER,CLEAR,DRY,DAYLIGHT,TRAFFIC SIGNAL,NONE DETECTED,NONE DETECTED,7CBC03F4-C555-4A5A-BC96-2707699892AE,PEDESTRIAN,Cross/Enter at Intersection,N/A,ON ROADWAY AT CROSSWALK,No,SUSPECTED MINOR INJURY,NONE,39.08073411,-77.14995772,"    (39.08073411, -77.14995772)"
MCP0487002L,180035710,Montgomery County Police,Injury Crash,07/19/2018 09:37:00 AM,,,,PARKING LOT OF 18905 BONONZA WAY,,PEDESTRIAN,SINGLE VEHICLE,CLEAR,,DAYLIGHT,NO CONTROLS,NONE DETECTED,NONE DETECTED,51E6DE73-1F2B-4937-BD52-E8F12557251C,PEDESTRIAN,Standing,NO IMPROPER ACTIONS,OTHER,No,SUSPECTED SERIOUS INJURY,NONE,39.16664,-77.17042,"    (39.16664, -77.17042)"
MCP229800JX,180035562,Montgomery County Police,Injury Crash,07/18/2018 03:01:00 PM,Maryland (State),FREDERICK RD,REDLAND RD,,N/A,PEDESTRIAN,OTHER,N/A,DRY,DAYLIGHT,NO CONTROLS,NONE DETECTED,NONE DETECTED,BB09E9BD-0E3E-4AEF-A2CC-6BDBF6239F07,PEDESTRIAN,Walking/Riding w/Traffic,NO IMPROPER ACTIONS,SIDEWALK,No,SUSPECTED MINOR INJURY,N/A,39.114425,-77.16378333,"    (39.114425, -77.16378333)"
MCP3034001X,180035522,Montgomery County Police,Injury Crash,07/18/2018 11:14:00 AM,Maryland (State),GEORGIA AVE,FENWICK LA,,N/A,PEDESTRIAN,OTHER,CLEAR,DRY,DAYLIGHT,OTHER,NONE DETECTED,NONE DETECTED,0AD3FAAD-F906-42AB-BB52-8C9D47D7007E,PEDESTRIAN,Cross/Enter at Intersection,NO IMPROPER ACTIONS,AT INTERSECTION MARKED CROSSWALK,No,POSSIBLE INJURY,NONE,38.99828167,-77.03056833,"    (38.99828167, -77.03056833)"
MCP22860025,180035634,Montgomery County Police,Injury Crash,07/18/2018 09:20:00 AM,Municipality,E JEFFERSON ST,ROLLINS AVE,,ROCKVILLE,PEDESTRIAN,STRAIGHT MOVEMENT ANGLE,CLEAR,DRY,DARK LIGHTS ON,NO CONTROLS,NONE DETECTED,NONE DETECTED,06435A6C-D0BD-4D7A-9A65-61195B335A1F,PEDESTRIAN,Cross/Enter not at Intersection,DART DASH,ON ROADWAY NOT AT CROSSWALK,Yes,SUSPECTED SERIOUS INJURY,NONE,39.05985667,-77.125865,"    (39.05985667, -77.125865)"
MCP1015001L,180035148,Montgomery County Police,Injury Crash,07/16/2018 12:50:00 PM,,,,DRIVEWAY 6516 DAMASCUS ROAD,,PEDESTRIAN,OTHER,CLEAR,,DAYLIGHT,N/A,NONE DETECTED,NONE DETECTED,B12389A5-29DB-4DE7-88F6-A880D27B8066,PEDESTRIAN,Other,DART DASH,OTHER,Yes,SUSPECTED SERIOUS INJURY,N/A,39.250115,-77.13311667,"    (39.250115, -77.13311667)"
MCP21910028,180034993,Montgomery County Police,Injury Crash,07/15/2018 03:05:00 PM,Maryland (State),OLD GEORGETOWN RD,ENT TO BUSINESS,,N/A,MACHINE OPERATOR/RIDER,HEAD ON,RAINING,WET,DAYLIGHT,N/A,NONE DETECTED,NONE DETECTED,AEAF9431-488F-4DB1-9923-6480484F8DB1,MACHINE OPERATOR/RIDER,Walking/Riding against Traffic,IN ROADWAY IMPROPERLY,ON ROADWAY NOT AT CROSSWALK,Yes,SUSPECTED MINOR INJURY,NONE,39.02290117,-77.124048,"    (39.02290117, -77.124048)"
MCP2563000R,180034957,Montgomery County Police,Fatal Crash,07/15/2018 08:48:00 AM,,,,PARKING LOT OF 19620 WHITE GROUND ROAD,,PEDESTRIAN,SINGLE VEHICLE,CLEAR,,DAYLIGHT,NO CONTROLS,,UNKNOWN,17F8F349-6498-4021-820B-3E80A0CD8BCE,PEDESTRIAN,Unknown,UNKNOWN,OTHER,Unknown,FATAL INJURY,NONE,39.17753833,-77.32008333,"    (39.17753833, -77.32008333)"
MCP2516001Z,180034952,Montgomery County Police,Injury Crash,07/14/2018 10:30:00 AM,County,FIELDS RD,WASHINGTONIAN BLVD,,GAITHERSBURG,BICYCLIST,OTHER,CLEAR,DRY,DAYLIGHT,TRAFFIC SIGNAL,N/A,N/A,8C6C8049-76C6-4854-8D59-A73285835D0E,BICYCLIST,Cross/Enter at Intersection,N/A,ON ROADWAY AT CROSSWALK,No,SUSPECTED MINOR INJURY,NONE,39.11168588,-77.19284892,"    (39.11168588, -77.19284892)"
MCP3118000W,180034608,Montgomery County Police,Injury Crash,07/13/2018 08:04:00 AM,County,RANDOLPH RD,MIDDLEVALE LA,,N/A,PEDESTRIAN,N/A,CLEAR,DRY,DAYLIGHT,TRAFFIC SIGNAL,NONE DETECTED,NONE DETECTED,72F21200-EB2D-4323-8392-2BBDECDBD92F,PEDESTRIAN,Cross/Enter at Intersection,NO IMPROPER ACTIONS,AT INTERSECTION MARKED CROSSWALK,No,SUSPECTED MINOR INJURY,NONE,39.06419884,-77.03948155,"    (39.06419884, -77.03948155)"
MCP1438006J,180034462,Montgomery County Police,Injury Crash,07/12/2018 13:30,Maryland (State),QUINCE ORCHARD RD,LITTLE QUARRY RD,,GAITHERSBURG,BICYCLIST,OTHER,CLEAR,DRY,DAYLIGHT,NO CONTROLS,NONE DETECTED,NONE DETECTED,035DE86D-08E8-4E98-A75E-2B3FD6CEF30A,BICYCLIST,Cross/Enter at Intersection,INATTENTIVE,AT INTERSECTION MARKED CROSSWALK,Yes,POSSIBLE INJURY,NONE,39.12455333,-77.24697667,"    (39.12455333, -77.24697667)"
MCP28890038,180034317,Montgomery County Police,Property Damage Crash,07/11/2018 17:58,County,DALEWOOD DR,BLUHILL RD,,N/A,BICYCLIST,ANGLE MEETS RIGHT TURN,N/A,DRY,DAYLIGHT,NO CONTROLS,NONE DETECTED,NONE DETECTED,837D0FE7-DD27-432C-A2B9-D4424DFF3B65,BICYCLIST,Cross/Enter at Intersection,IMPROPER TURN MERGE,ON ROADWAY NOT AT CROSSWALK,Yes,NO APPARENT INJURY,NONE,39.05203,-77.07313833,"    (39.05203, -77.07313833)"
MCP2906001T,180034306,Montgomery County Police,Injury Crash,07/11/2018 17:19,Maryland (State),KEY WEST AVE,ENT TO BUSINESS,,N/A,BICYCLIST,STRAIGHT MOVEMENT ANGLE,CLEAR,DRY,DAYLIGHT,STOP SIGN,NONE DETECTED,N/A,5F187B8B-CC71-4064-BC9A-19853D1999CB,BICYCLIST,Cross/Enter at Intersection,N/A,ON ROADWAY AT CROSSWALK,No,SUSPECTED MINOR INJURY,MC/BIKE HELMET,39.104765,-77.19506,"    (39.104765, -77.19506)"
MCP2940002X,180034009,Montgomery County Police,Injury Crash,07/10/2018 9:35,,,,DRIVEWAY OF 11530 ROCKVILLE PIKE,,BICYCLIST,STRAIGHT MOVEMENT ANGLE,CLEAR,,DAYLIGHT,NO CONTROLS,NONE DETECTED,NONE DETECTED,40FC3627-AB52-4D6E-BD7D-96C7F3117E55,BICYCLIST,Cross/Enter not at Intersection,FAILURE TO YIELD RIGHT OF WAY,OTHER,Yes,SUSPECTED MINOR INJURY,MC/BIKE HELMET,39.04622861,-77.11257711,"    (39.04622861, -77.11257711)"
MCP3084001Q,180033792,Montgomery County Police,Injury Crash,07/09/2018 7:14,Maryland (State),OLD GEORGETOWN RD,AUBURN AVE,,N/A,BICYCLIST,HEAD ON LEFT TURN,CLEAR,DRY,DAYLIGHT,TRAFFIC SIGNAL,NONE DETECTED,NONE DETECTED,3A3401A6-FFBF-42D4-8560-9B3304197CEB,BICYCLIST,Cross/Enter at Intersection,NO IMPROPER ACTIONS,SHOULDER,No,SUSPECTED MINOR INJURY,MC/BIKE HELMET,38.98915017,-77.101208,"    (38.98915017, -77.101208)"
MCP2894004Z,180033797,Montgomery County Police,Injury Crash,07/09/2018 5:50,County,ALTA VISTA RD,OLD GEORGETOWN RD,,N/A,OTHER CONVEYANCE,OTHER,CLEAR,DRY,DARK LIGHTS ON,NO CONTROLS,UNKNOWN,NONE DETECTED,54B61836-A7DC-4A9E-85F4-D220E0AF3242,OTHER CONVEYANCE,Cross/Enter at Intersection,NO IMPROPER ACTIONS,ON ROADWAY AT CROSSWALK,No,SUSPECTED MINOR INJURY,NONE,39.00660309,-77.11168729,"    (39.00660309, -77.11168729)"
DD5631000L,180033680,Rockville Police Departme,Injury Crash,07/08/2018 9:46,Municipality,KERSEY LA,FALLS RD,,N/A,OTHER PEDALCYCLIST,N/A,N/A,DRY,DAYLIGHT,TRAFFIC SIGNAL,NONE DETECTED,N/A,4B0A05AE-423B-44E5-865D-344E3C12D7C6,OTHER PEDALCYCLIST,Cross/Enter at Intersection,NO IMPROPER ACTIONS,ON ROADWAY AT CROSSWALK,No,POSSIBLE INJURY,MC/BIKE HELMET,39.06682,-77.17404833,"    (39.06682, -77.17404833)"
MCP2752002H,180033568,Montgomery County Police,Injury Crash,07/07/2018 15:39,County,BROOKSIDE DR,LAWN WAY,,N/A,BICYCLIST,ANGLE MEETS LEFT HEAD ON,CLEAR,DRY,DAYLIGHT,NO CONTROLS,N/A,N/A,5E1AA23F-F850-4BED-B2FB-4162EB0BE5EF,BICYCLIST,Cross/Enter at Intersection,FAILURE TO OBEY TRAFFIC SIGNS SIGNALS OR OFFICER,OTHER,Yes,SUSPECTED MINOR INJURY,MC/BIKE HELMET,38.967515,-77.10454,"    (38.967515, -77.10454)"
MCP28920051,180033558,Montgomery County Police,Injury Crash,07/07/2018 15:26,,,,"PARKING LOT

9159 BROOKVILLE ROAD SILVER SPRING, MD",,PEDESTRIAN,SINGLE VEHICLE,CLEAR,,DAYLIGHT,NO CONTROLS,UNKNOWN,NONE DETECTED,F065DD49-61AE-404D-AB3C-8C4C30878335,PEDESTRIAN,Standing,NO IMPROPER ACTIONS,OTHER,No,POSSIBLE INJURY,N/A,39.00583712,-77.05005884,"    (39.00583712, -77.05005884)"
MCP2948002J,180033373,Montgomery County Police,Injury Crash,07/06/2018 16:30,,,,"PARKING LOT OF 2730 UNIVERSITY BOULEVARD, SILVER SPRING MARYLAND",,MACHINE OPERATOR/RIDER,OPPOSITE DIRECTION SIDESWIPE,CLEAR,,DAYLIGHT,NO CONTROLS,UNKNOWN,N/A,1F76CE5A-5066-45D9-9BA9-A735CAD6AAB7,MACHINE OPERATOR/RIDER,Walking/Riding w/Traffic,NO IMPROPER ACTIONS,ON ROADWAY NOT AT CROSSWALK,Unknown,POSSIBLE INJURY,N/A,39.03884333,-77.05577,"    (39.03884333, -77.05577)"
MCP2636000T,180033019,Montgomery County Police,Injury Crash,07/04/2018 18:09,,,,PARKING LOT OF TARGET LOCATED AT 12000 CHERRY HILL ROAD,,PEDESTRIAN,OTHER,N/A,,DAYLIGHT,N/A,NONE DETECTED,NONE DETECTED,D8952A20-5498-4FF0-9E2D-694ECB57E401,PEDESTRIAN,Standing,NO IMPROPER ACTIONS,CURB,No,SUSPECTED SERIOUS INJURY,NONE,39.05196838,-76.95608497,"    (39.05196838, -76.95608497)"
MCP1438006G,180032711,Montgomery County Police,Injury Crash,07/03/2018 8:12,,,,PARKING LOT OF 17 600 BLK OF TOWNE CREST DR.,,PEDESTRIAN,OTHER,CLEAR,,DAYLIGHT,NO CONTROLS,NONE DETECTED,NONE DETECTED,3872466E-C3C6-4C53-BBC3-D06F19D18C7C,PEDESTRIAN,Other,NO IMPROPER ACTIONS,OTHER,No,POSSIBLE INJURY,N/A,39.14556667,-77.17440333,"    (39.14556667, -77.17440333)"
MCP30680019,180032817,Montgomery County Police,Injury Crash,07/03/2018 4:44,County,WILLARD AVE,THE HILLS PLAZA,,FRIENDSHIP HEIGHTS,PEDESTRIAN,OTHER,RAINING,WET,DUSK,PERSON,N/A,N/A,9B7A0106-D447-4774-A1A8-228143AF4AA6,PEDESTRIAN,Cross/Enter at Intersection,NO IMPROPER ACTIONS,ON ROADWAY AT CROSSWALK,No,SUSPECTED MINOR INJURY,N/A,38.96192667,-77.08813,"    (38.96192667, -77.08813)"
MCP2789004Y,180032663,Montgomery County Police,Injury Crash,07/02/2018 21:45,County,SPRING ST,FIRST AVE,,N/A,PEDESTRIAN,SINGLE VEHICLE,CLEAR,DRY,DARK LIGHTS ON,NO CONTROLS,N/A,N/A,892388A2-53BB-455E-8DDF-E15183346837,PEDESTRIAN,Cross/Enter at Intersection,NO IMPROPER ACTIONS,ON ROADWAY AT CROSSWALK,No,POSSIBLE INJURY,NONE,38.99893167,-77.03290833,"    (38.99893167, -77.03290833)"
MCP3050002D,180032646,Montgomery County Police,Injury Crash,07/02/2018 19:16,,,,PARKING LOT NEXT TO 14339 GEORGIA AVE SILVER SPRING MD 20906,,PEDESTRIAN,OTHER,CLEAR,,DAYLIGHT,NO CONTROLS,NONE DETECTED,NONE DETECTED,14D14E8B-3539-4246-8875-2DA9A4161CF0,PEDESTRIAN,Other,OTHER,OTHER,No,SUSPECTED SERIOUS INJURY,N/A,39.09248833,-77.07799,"    (39.09248833, -77.07799)"
MCP30060034,180032582,Montgomery County Police,Injury Crash,07/02/2018 13:38,Maryland (State),GEORGIA AVE,ARCOLA AVE,,N/A,PEDESTRIAN,SINGLE VEHICLE,CLEAR,DRY,DAYLIGHT,TRAFFIC SIGNAL,NONE DETECTED,NONE DETECTED,6FF07046-04B6-4555-A139-A0E43C397759,PEDESTRIAN,Cross/Enter at Intersection,FAILURE TO OBEY TRAFFIC SIGNS SIGNALS OR OFFICER,ON ROADWAY AT CROSSWALK,Yes,SUSPECTED MINOR INJURY,N/A,39.0471358,-77.05195718,"    (39.0471358, -77.05195718)"
MCP30030022,180032541,Montgomery County Police,Injury Crash,07/02/2018 9:33,Maryland (State),WISCONSIN AVE,BRADLEY LA,,N/A,BICYCLIST,OTHER,CLEAR,DRY,DAYLIGHT,TRAFFIC SIGNAL,NONE DETECTED,NONE DETECTED,364A0FD6-6D32-41F9-99F6-CAFA0E34BE14,BICYCLIST,Cross/Enter at Intersection,NO IMPROPER ACTIONS,ON ROADWAY AT CROSSWALK,No,NO APPARENT INJURY,N/A,38.97706799,-77.09062457,"    (38.97706799, -77.09062457)"
MCP3089001L,180032436,Montgomery County Police,Injury Crash,07/01/2018 12:37,,,,PARKING LOT AT FENTON STREET AND CAMERON,,PEDESTRIAN,SINGLE VEHICLE,N/A,,DAYLIGHT,N/A,N/A,N/A,08002D01-3CE1-4795-A650-3C36A989CC1B,PEDESTRIAN,Unknown,UNKNOWN,SIDEWALK,Unknown,POSSIBLE INJURY,N/A,39.04507333,-76.99021167,"    (39.04507333, -76.99021167)"
MCP27690013,180032169,Montgomery County Police,Injury Crash,06/29/2018 09:09:00 PM,County,LOST KNIFE RD,ODENDHAL AVE,,N/A,PEDESTRIAN,N/A,CLEAR,N/A,DARK LIGHTS ON,OTHER,NONE DETECTED,ALCOHOL PRESENT,A58470B1-E780-4678-A5E1-0D8731532C27,PEDESTRIAN,Other,INATTENTIVE,ON ROADWAY NOT AT CROSSWALK,Yes,SUSPECTED SERIOUS INJURY,NONE,39.1531205,-77.19925404,"    (39.1531205, -77.19925404)"
MCP3150000G,180032133,Montgomery County Police,Injury Crash,06/29/2018 06:30:00 PM,County,FOREST GLEN RD,SLIGO CREEK PKWY,,N/A,BICYCLIST,STRAIGHT MOVEMENT ANGLE,CLEAR,DRY,DAYLIGHT,OTHER,N/A,N/A,F87DE2F1-B113-43B7-BAF2-BB294985E735,BICYCLIST,Other,IN ROADWAY IMPROPERLY,OTHER,Yes,SUSPECTED MINOR INJURY,NONE,39.01599108,-77.03529596,"    (39.01599108, -77.03529596)"