Report Number,Local Case Number,Agency Name,ACRS Report Type,Crash Date/Time,Route Type,Road Name,Cross-Street Name,Off-Road Description,Municipality,Related Non-Motorist,Collision Type,Weather,Surface Condition,Light,Traffic Control,Driver Substance Abuse,Non-Motorist Substance Abuse,Person ID,Pedestrian Type,Pedestrian Movement,Pedestrian Actions,Pedestrian Location,At Fault,Injury Severity,Safety Equipment,Latitude,Longitude,Location
MCP2565005G,180031935,Montgomery County Police,Injury Crash,06/28/2018 08:00:00 PM,Maryland (State),BRADLEY BLVD,ARLINGTON RD,,N/A,PEDESTRIAN,SINGLE VEHICLE,N/A,DRY,DUSK,TRAFFIC SIGNAL,NONE DETECTED,NONE DETECTED,2C4EB5CE-CD7D-4D11-B8C1-D569EF3B6B18,PEDESTRIAN,Cross/Enter at Intersection,IN ROADWAY IMPROPERLY,ON ROADWAY NOT AT CROSSWALK,Yes,POSSIBLE INJURY,NONE,38.97816333,-77.09871667,"    (38.97816333, -77.09871667)"
DM8456001Z,180031791,Takoma Park Police Depart,Injury Crash,06/28/2018 08:30:00 AM,,,,1345 UNIVERSITY BLVD EAST TAKOMA PARK MD 20912,,PEDESTRIAN,OTHER,N/A,,DAYLIGHT,NO CONTROLS,NONE DETECTED,NONE DETECTED,ECB31E24-2713-488C-9CDC-663BE7F33D4B,PEDESTRIAN,Standing,NO IMPROPER ACTIONS,N/A,No,SUSPECTED MINOR INJURY,NONE,38.986505,-76.98552333,"    (38.986505, -76.98552333)"
MCP2738002T,180031492,Montgomery County Police,Injury Crash,06/26/2018 05:55:00 PM,County,BRIGGS CHANEY RD,ROBEY RD,,N/A,PEDESTRIAN,N/A,N/A,N/A,DAYLIGHT,NO CONTROLS,N/A,N/A,D8790231-2FE4-42D2-8376-0085280E68C3,PEDESTRIAN,N/A,NOT VISIBLE,N/A,Unknown,SUSPECTED MINOR INJURY,NONE,39.07774667,-76.944295,"    (39.07774667, -76.944295)"
MCP29050041,180031484,Montgomery County Police,Injury Crash,06/26/2018 04:54:00 PM,County,ROOSEVELT ST,OLD GEORGETOWN RD,,N/A,BICYCLIST,STRAIGHT MOVEMENT ANGLE,CLEAR,DRY,DAYLIGHT,STOP SIGN,N/A,N/A,B4B54EF5-492F-4E44-B469-19C9D99EA34D,BICYCLIST,Cross/Enter at Intersection,NOT VISIBLE,AT INTERSECTION BUT NO CROSSWALK,No,SUSPECTED MINOR INJURY,MC/BIKE HELMET,38.99580667,-77.10918667,"    (38.99580667, -77.10918667)"
MCP1512001J,180031316,Montgomery County Police,Injury Crash,06/25/2018 05:25:00 PM,Municipality,SIOUX LA,GREAT SENECA HWY,,N/A,BICYCLIST,OTHER,N/A,DRY,DAYLIGHT,NO CONTROLS,NONE DETECTED,NONE DETECTED,0355CB62-C9F6-449A-A3F4-BB8E2E56943F,BICYCLIST,Cross/Enter at Intersection,FAILURE TO YIELD RIGHT OF WAY,SIDEWALK,Yes,SUSPECTED MINOR INJURY,MC/BIKE HELMET,39.13089667,-77.23984833,"    (39.13089667, -77.23984833)"
MCP3089001J,180031265,Montgomery County Police,Injury Crash,06/25/2018 12:11:00 PM,US (State),COLESVILLE RD,SPRING ST,,N/A,BICYCLIST,SINGLE VEHICLE,CLEAR,N/A,DAYLIGHT,N/A,N/A,N/A,98B9364D-5511-41AD-901E-8167F7D45A9A,BICYCLIST,Walking/Riding w/Traffic,IN ROADWAY IMPROPERLY,ON ROADWAY NOT AT CROSSWALK,Yes,SUSPECTED MINOR INJURY,NONE,38.99911167,-77.02601,"    (38.99911167, -77.02601)"
EJ7851003H,180031188,Gaithersburg Police Depar,Injury Crash,06/24/2018 10:15:00 PM,County,ODENDHAL AVE,GOSHEN RD,,N/A,PEDESTRIAN,SINGLE VEHICLE,CLOUDY,WET,DARK LIGHTS ON,TRAFFIC SIGNAL,NONE DETECTED,NONE DETECTED,5F0C4C12-EB14-4C25-926D-3923BC0C0D65,PEDESTRIAN,Cross/Enter at Intersection,NO IMPROPER ACTIONS,ON ROADWAY AT CROSSWALK,No,SUSPECTED MINOR INJURY,NONE,39.15247833,-77.19284667,"    (39.15247833, -77.19284667)"
MCP3122000X,180031104,Montgomery County Police,Injury Crash,06/24/2018 09:45:00 AM,County,DEWEY RD,BENNION RD,,N/A,BICYCLIST,STRAIGHT MOVEMENT ANGLE,CLEAR,DRY,DAYLIGHT,NO CONTROLS,NONE DETECTED,NONE DETECTED,3FD61223-B2B5-425D-8C8C-A5E3EA2D0329,BICYCLIST,Walking/Riding w/Traffic,NO IMPROPER ACTIONS,ON ROADWAY NOT AT CROSSWALK,No,SUSPECTED MINOR INJURY,MC/BIKE HELMET,39.05154167,-77.08933333,"    (39.05154167, -77.08933333)"
MCP2963001Q,180031057,Montgomery County Police,Injury Crash,06/24/2018 12:13:00 AM,US (State),GEORGIA AVE,SILVER SPRING AVE,,N/A,PEDESTRIAN,SINGLE VEHICLE,N/A,DRY,DARK LIGHTS ON,TRAFFIC SIGNAL,NONE DETECTED,NONE DETECTED,AA572C01-92EA-407F-B0EB-EA8371A85AE6,PEDESTRIAN,Cross/Enter at Intersection,NO IMPROPER ACTIONS,ON ROADWAY AT CROSSWALK,No,POSSIBLE INJURY,NONE,38.99150833,-77.02672833,"    (38.99150833, -77.02672833)"
MCP2963001Q,180031057,Montgomery County Police,Injury Crash,06/24/2018 12:13:00 AM,US (State),GEORGIA AVE,SILVER SPRING AVE,,N/A,PEDESTRIAN,SINGLE VEHICLE,N/A,DRY,DARK LIGHTS ON,TRAFFIC SIGNAL,NONE DETECTED,NONE DETECTED,AE0921DB-C87B-417E-B037-F2862CBF90F1,PEDESTRIAN,Cross/Enter at Intersection,NO IMPROPER ACTIONS,ON ROADWAY AT CROSSWALK,No,NO APPARENT INJURY,NONE,38.99150833,-77.02672833,"    (38.99150833, -77.02672833)"
MCP9318000L,180031038,Montgomery County Police,Injury Crash,06/23/2018 09:15:00 PM,County,CASTLE BLVD,TEAGARDEN CIR,,N/A,PEDESTRIAN,OTHER,CLEAR,DRY,DARK LIGHTS ON,NO CONTROLS,NONE DETECTED,NONE DETECTED,5EA97E46-11C2-4020-95BE-4ABD860524EE,PEDESTRIAN,Cross/Enter not at Intersection,DART DASH,ON ROADWAY NOT AT CROSSWALK,Yes,SUSPECTED SERIOUS INJURY,N/A,39.08186667,-76.94466,"    (39.08186667, -76.94466)"
MCP9318000L,180031038,Montgomery County Police,Injury Crash,06/23/2018 09:15:00 PM,County,CASTLE BLVD,TEAGARDEN CIR,,N/A,PEDESTRIAN,OTHER,CLEAR,DRY,DARK LIGHTS ON,NO CONTROLS,NONE DETECTED,NONE DETECTED,807E92E1-367B-4EC6-AB7B-D922E23CC8A5,PEDESTRIAN,Cross/Enter not at Intersection,DART DASH,ON ROADWAY NOT AT CROSSWALK,Yes,SUSPECTED SERIOUS INJURY,N/A,39.08186667,-76.94466,"    (39.08186667, -76.94466)"
MCP12050049,180030963,Montgomery County Police,Injury Crash,06/23/2018 10:57:00 AM,Government,BEACH DR,OLD SPRING RD,,N/A,BICYCLIST,ANGLE MEETS LEFT TURN,RAINING,WET,DAYLIGHT,STOP SIGN,NONE DETECTED,NONE DETECTED,EA639C6A-9BF1-4686-975B-BEE27EA4A1EB,BICYCLIST,Walking/Riding w/Traffic,NO IMPROPER ACTIONS,OTHER,No,SUSPECTED MINOR INJURY,MC/BIKE HELMET,39.01182974,-77.06792571,"    (39.01182974, -77.06792571)"
MCP2492000Z,180030762,Montgomery County Police,Fatal Crash,06/21/2018 11:19:00 PM,Maryland (State),NEW HAMPSHIRE AVE,OAKVIEW DR,,N/A,PEDESTRIAN,OTHER,CLEAR,DRY,DARK LIGHTS ON,TRAFFIC SIGNAL,NONE DETECTED,UNKNOWN,5FA9C5FD-2A14-48E0-8BC4-2A12F31C791C,PEDESTRIAN,Cross/Enter at Intersection,UNKNOWN,ON ROADWAY AT CROSSWALK,Unknown,FATAL INJURY,NONE,39.0153591,-76.97775856,"    (39.0153591, -76.97775856)"
MCP3117000X,180030357,Montgomery County Police,Injury Crash,06/20/2018 09:18:00 PM,County,LLOYD RD,BETTEKER LA,,N/A,OTHER,OTHER,CLEAR,DRY,DARK NO LIGHTS,NO CONTROLS,ILLEGAL DRUG PRESENT,N/A,24E774C9-F812-4953-B50D-9A0CF3AA143B,OTHER,Standing,NO IMPROPER ACTIONS,ON ROADWAY NOT AT CROSSWALK,No,SUSPECTED MINOR INJURY,NONE,39.05958735,-77.20637798,"    (39.05958735, -77.20637798)"
MCP137800LQ,180030475,Montgomery County Police,Injury Crash,06/20/2018 02:49:00 PM,,,,PARKING LOT OF 22 N SUMMIT AVE,,PEDESTRIAN,OTHER,CLOUDY,,DAYLIGHT,N/A,NONE DETECTED,NONE DETECTED,67C91EE9-4A5C-4663-97A8-1F1B1B78789A,PEDESTRIAN,Other,OTHER,OTHER,No,SUSPECTED SERIOUS INJURY,N/A,39.14301721,-77.19334379,"    (39.14301721, -77.19334379)"
MCP21910023,180029917,Montgomery County Police,Injury Crash,06/17/2018 01:09:00 PM,Maryland (State),CONNECTICUT AVE,UNIVERSITY BLVD W,,N/A,BICYCLIST,SAME DIR REAR END,N/A,DRY,N/A,N/A,NONE DETECTED,NONE DETECTED,92B4FF49-0829-44F4-890C-23F754EA4AA7,BICYCLIST,Walking/Riding w/Traffic,NO IMPROPER ACTIONS,OTHER,No,POSSIBLE INJURY,MC/BIKE HELMET,39.03075433,-77.07500633,"    (39.03075433, -77.07500633)"
MCP11210044,180029562,Montgomery County Police,Injury Crash,06/15/2018 12:44:00 PM,Maryland (State),FREDERICK RD,TRAVIS AVE,,GAITHERSBURG,PEDESTRIAN,SINGLE VEHICLE,CLEAR,DRY,DAYLIGHT,TRAFFIC SIGNAL,NONE DETECTED,NONE DETECTED,A8C07775-0AF1-41FE-AE81-8666FACE4699,PEDESTRIAN,Cross/Enter at Intersection,NO IMPROPER ACTIONS,ON ROADWAY AT CROSSWALK,No,POSSIBLE INJURY,NONE,39.16151667,-77.22267667,"    (39.16151667, -77.22267667)"
MCP2556001Y,180029461,Montgomery County Police,Injury Crash,06/14/2018 08:23:00 PM,Maryland (State),KEY WEST AVE,ENT TO BUSINESS,,N/A,BICYCLIST,STRAIGHT MOVEMENT ANGLE,CLEAR,DRY,DAYLIGHT,STOP SIGN,NONE DETECTED,NONE DETECTED,A71BA1EF-B9C9-471B-B470-53EE6206809A,BICYCLIST,Walking/Cycling on Sidewalk,NO IMPROPER ACTIONS,AT INTERSECTION MARKED CROSSWALK,No,POSSIBLE INJURY,NONE,39.10525667,-77.19488167,"    (39.10525667, -77.19488167)"
MCP25940040,180030195,Montgomery County Police,Injury Crash,06/14/2018 08:00:00 PM,County,PEACEFUL LA,MORNINGSIDE DR,,N/A,PEDESTRIAN,N/A,CLEAR,DRY,DAYLIGHT,NO CONTROLS,UNKNOWN,NONE DETECTED,F9F33A53-7E7C-4D76-802A-60E8F21767AA,PEDESTRIAN,N/A,OTHER,OTHER,No,SUSPECTED MINOR INJURY,NONE,39.1491525,-77.06667567,"    (39.1491525, -77.06667567)"
MCP3126000P,180029099,Montgomery County Police,Injury Crash,06/12/2018 21:23,Maryland (State),FREDERICK RD,SCENERY DR,,N/A,PEDESTRIAN,SINGLE VEHICLE,CLEAR,DRY,DARK LIGHTS ON,NO CONTROLS,UNKNOWN,ILLEGAL DRUG PRESENT,84D0B6BF-39C3-40E5-A3AB-2C5B64FD76C6,PEDESTRIAN,Cross/Enter at Intersection,UNKNOWN,ON ROADWAY NOT AT CROSSWALK,Yes,SUSPECTED SERIOUS INJURY,NONE,39.17554062,-77.23800927,"    (39.17554062, -77.23800927)"
MCP24110024,180029087,Montgomery County Police,Injury Crash,06/12/2018 20:39,Maryland (State),ROCKVILLE PIKE,ENT TO MONTROSE CROSSING S.C.,,N/A,BICYCLIST,STRAIGHT MOVEMENT ANGLE,CLEAR,DRY,DARK -- UNKNOWN LIGHTING,TRAFFIC SIGNAL,UNKNOWN,NONE DETECTED,502CD2FF-05A3-4127-B356-84E543FCE677,BICYCLIST,Cross/Enter at Intersection,NO IMPROPER ACTIONS,ON ROADWAY AT CROSSWALK,No,SUSPECTED MINOR INJURY,UNKNOWN,39.05505939,-77.11832643,"    (39.05505939, -77.11832643)"
MCP2455002C,180029032,Montgomery County Police,Injury Crash,06/12/2018 16:35,County,REDLAND RD,ENT SHADY GROVE METRO STATION,,N/A,PEDESTRIAN,OTHER,CLEAR,DRY,DAYLIGHT,OTHER,N/A,N/A,86D26572-F732-4FC8-80E1-E5530F202F1A,PEDESTRIAN,Cross/Enter at Intersection,NO IMPROPER ACTIONS,AT INTERSECTION MARKED CROSSWALK,No,POSSIBLE INJURY,OTHER,39.1206485,-77.16052083,"    (39.1206485, -77.16052083)"
MCP3093000J,180028856,Montgomery County Police,Injury Crash,06/11/2018 15:29,Maryland (State),EAST WEST HWY,CAREY LA,,N/A,PEDESTRIAN,SINGLE VEHICLE,CLOUDY,DRY,DAYLIGHT,N/A,N/A,N/A,2082EF03-AD73-458C-A3FC-FDE7A43A3352,PEDESTRIAN,Cross/Enter not at Intersection,IN ROADWAY IMPROPERLY,ON ROADWAY NOT AT CROSSWALK,Yes,POSSIBLE INJURY,NONE,38.995275,-77.038705,"    (38.995275, -77.038705)"
MCP229800JP,180028857,Montgomery County Police,Injury Crash,06/11/2018 15:11,County,STRINGTOWN RD,SUTLER SQUARE TERR,,N/A,PEDESTRIAN,SINGLE VEHICLE,CLOUDY,DRY,DAYLIGHT,N/A,,NONE DETECTED,C5838823-5AD5-42E3-AAB9-540769BE0EB6,PEDESTRIAN,Push/Work on Vehicle,N/A,N/A,Yes,POSSIBLE INJURY,N/A,39.23838,-77.27614167,"    (39.23838, -77.27614167)"
MCP2844002Y,180028683,Montgomery County Police,Injury Crash,06/10/2018 16:00,Maryland (State),GEORGIA AVE,ENT TO SHOPPING CENTER,,N/A,BICYCLIST,OTHER,CLEAR,DRY,DAYLIGHT,NO CONTROLS,NONE DETECTED,NONE DETECTED,5FCDD64C-4B53-4B9F-8801-5E806C2C6B7A,BICYCLIST,Cross/Enter at Intersection,INATTENTIVE,AT INTERSECTION BUT NO CROSSWALK,Yes,SUSPECTED MINOR INJURY,NONE,39.079296,-77.07298817,"    (39.079296, -77.07298817)"
MCP1210002N,180028543,Montgomery County Police,Injury Crash,06/09/2018 18:30,County,TREYFORD TERR,TUNSTALL DR,,N/A,PEDESTRIAN,OTHER,CLOUDY,DRY,DAYLIGHT,N/A,NONE DETECTED,NONE DETECTED,D55088B8-3E5B-49A7-8F16-3D5E832D2F14,PEDESTRIAN,Other,DART DASH,ON ROADWAY NOT AT CROSSWALK,Yes,SUSPECTED MINOR INJURY,N/A,39.15401983,-77.19593883,"    (39.15401983, -77.19593883)"
MCP2134001J,180028448,Montgomery County Police,Fatal Crash,06/09/2018 3:23,Maryland (State),UNIVERSITY BLVD W,FERN ST,,N/A,PEDESTRIAN,OTHER,CLEAR,DRY,DARK LIGHTS ON,N/A,ALCOHOL PRESENT,UNKNOWN,F11B67A0-1CE4-41FB-A54D-1E922BB33437,PEDESTRIAN,Walking/Cycling on Sidewalk,UNKNOWN,SIDEWALK,Unknown,FATAL INJURY,N/A,39.04133575,-77.04889007,"    (39.04133575, -77.04889007)"
MCP3139000F,180028408,Montgomery County Police,Injury Crash,06/08/2018 21:26,Maryland (State),UNIVERSITY BLVD E,EXIT #29,,N/A,"BICYCLIST, OTHER",OTHER,CLEAR,N/A,DARK LIGHTS ON,TRAFFIC SIGNAL,N/A,N/A,1DA153F6-DF35-4A5F-9AB6-B8B6D1C3DCE6,BICYCLIST,Cross/Enter at Intersection,UNKNOWN,ON ROADWAY AT CROSSWALK,Yes,POSSIBLE INJURY,MC/BIKE HELMET,39.01608167,-77.00529833,"    (39.01608167, -77.00529833)"
MCP3139000F,180028408,Montgomery County Police,Injury Crash,06/08/2018 21:26,Maryland (State),UNIVERSITY BLVD E,EXIT #29,,N/A,"BICYCLIST, OTHER",OTHER,CLEAR,N/A,DARK LIGHTS ON,TRAFFIC SIGNAL,N/A,NONE DETECTED,E38F9559-AD82-47D6-AD57-C9050C344C21,OTHER,Cross/Enter at Intersection,UNKNOWN,ON ROADWAY AT CROSSWALK,Yes,POSSIBLE INJURY,MC/BIKE HELMET,39.01608167,-77.00529833,"    (39.01608167, -77.00529833)"
MCP2546002G,180028225,Montgomery County Police,Fatal Crash,06/08/2018 3:50,Maryland (State),GEORGIA AVE,HEWITT AVE,,N/A,PEDESTRIAN,SINGLE VEHICLE,CLEAR,DRY,DARK LIGHTS ON,UNKNOWN,UNKNOWN,UNKNOWN,5B6DC136-A844-4ECF-B2D8-2E6A86779938,PEDESTRIAN,Unknown,UNKNOWN,UNKNOWN,Unknown,FATAL INJURY,NONE,39.077337,-77.070821,"    (39.077337, -77.070821)"
MCP23510025,180027874,Montgomery County Police,Injury Crash,06/06/2018 14:02,County,PARAMOUNT DR,FREDERICK RD,,N/A,PEDESTRIAN,OTHER,CLEAR,DRY,DAYLIGHT,NO CONTROLS,NONE DETECTED,NONE DETECTED,9D251923-52D8-4970-BEC0-55C1486B18A7,PEDESTRIAN,Cross/Enter at Intersection,INATTENTIVE,ON ROADWAY NOT AT CROSSWALK,Yes,POSSIBLE INJURY,N/A,39.11363903,-77.16290206,"    (39.11363903, -77.16290206)"
MCP26830030,180027780,Montgomery County Police,Property Damage Crash,06/05/2018 23:19,,,,"9864 HELLINGLY PL
GAITHERSBURG, MD 20886",,OTHER,SINGLE VEHICLE,CLEAR,,DARK LIGHTS ON,N/A,NONE DETECTED,NONE DETECTED,D6BCA1D0-DEF4-4251-A8F0-632894774FA0,OTHER,N/A,UNKNOWN,INSIDE BUILDING,No,NO APPARENT INJURY,N/A,39.15987167,-77.203125,"    (39.15987167, -77.203125)"
MCP2395000Z,180027653,Montgomery County Police,Property Damage Crash,06/05/2018 0:00,,,,"UNKNOWN LOCATION, POSSIBLY IN PARKING LOT OF REFERENCED ADDRESS",,OTHER,UNKNOWN,N/A,,UNKNOWN,N/A,,N/A,DC6E55CB-3863-42B9-8E4F-FCCF88AE40A9,OTHER,N/A,N/A,N/A,No,NO APPARENT INJURY,N/A,39.18042,-77.41190667,"    (39.18042, -77.41190667)"
MCP137800LD,180027452,Montgomery County Police,Injury Crash,06/04/2018 13:58,,,,PARKING LOT OF 701 RUSSELL AVE NEXT TO SEARS AUTOMOTIVE,,PEDESTRIAN,SINGLE VEHICLE,CLOUDY,,DAYLIGHT,NO CONTROLS,NONE DETECTED,NONE DETECTED,3BCA003A-B908-46EA-8837-0B2226B10A28,PEDESTRIAN,Other,OTHER,OTHER,Yes,POSSIBLE INJURY,N/A,39.15233,-77.20239833,"    (39.15233, -77.20239833)"
MCP26870032,180027292,Montgomery County Police,Injury Crash,06/03/2018 14:36,Government,SOUTH DR,ROCKVILLE PIKE,,N/A,PEDESTRIAN,SINGLE VEHICLE,RAINING,WET,DAYLIGHT,NO CONTROLS,NONE DETECTED,NONE DETECTED,C72D8A9C-F81E-4F45-B2B5-B26BF9C1BF14,PEDESTRIAN,Cross/Enter at Intersection,NO IMPROPER ACTIONS,ON ROADWAY AT CROSSWALK,No,POSSIBLE INJURY,N/A,38.99958604,-77.09809452,"    (38.99958604, -77.09809452)"
MCP26990012,180027240,Montgomery County Police,Injury Crash,06/03/2018 0:13,County,TWINBROOK PKWY,VEIRS MILL RD,,N/A,PEDESTRIAN,SINGLE VEHICLE,RAINING,WET,DARK LIGHTS ON,TRAFFIC SIGNAL,NONE DETECTED,N/A,1EC6C722-80A2-40AC-A4C2-62E7748A7809,PEDESTRIAN,Cross/Enter at Intersection,FAILURE TO YIELD RIGHT OF WAY,ON ROADWAY AT CROSSWALK,Yes,POSSIBLE INJURY,NONE,39.07319,-77.11212,"    (39.07319, -77.11212)"
MCP2001000X,180027239,Montgomery County Police,Fatal Crash,06/02/2018 21:50,Maryland (State),HUNGERFORD DR,N WASHINGTON ST,,ROCKVILLE,PEDESTRIAN,SINGLE VEHICLE,CLEAR,WET,DARK LIGHTS ON,NO CONTROLS,NONE DETECTED,UNKNOWN,F4222087-2B5B-447C-A3D7-FFCB85F79710,PEDESTRIAN,Unknown,UNKNOWN,ON ROADWAY NOT AT CROSSWALK,Yes,FATAL INJURY,NONE,39.09063478,-77.15260103,"    (39.09063478, -77.15260103)"
MCP1233002C,180027204,Montgomery County Police,Injury Crash,06/02/2018 19:44,,,,DRIVE WAY OF 10625 CONNECTICUT AVE.,,PEDESTRIAN,N/A,CLOUDY,,DAYLIGHT,NO CONTROLS,NONE DETECTED,NONE DETECTED,0606246C-B190-49DC-8EF5-5971C0163C4F,PEDESTRIAN,Walking/Cycling on Sidewalk,NO IMPROPER ACTIONS,SIDEWALK,No,POSSIBLE INJURY,N/A,39.03041167,-77.07531,"    (39.03041167, -77.07531)"
MCP28910061,180027143,Montgomery County Police,Injury Crash,06/02/2018 12:35,Maryland (State),FOREST GLEN RD,CANEY PL,,N/A,BICYCLIST,SINGLE VEHICLE,CLEAR,DRY,DAYLIGHT,N/A,NONE DETECTED,NONE DETECTED,AE9B82C6-1B29-43DA-8616-EDD526EF0BF0,BICYCLIST,Walking/Riding w/Traffic,NO IMPROPER ACTIONS,OTHER,No,SUSPECTED MINOR INJURY,MC/BIKE HELMET,39.01533117,-77.04850317,"    (39.01533117, -77.04850317)"
DD5617001M,180027101,Rockville Police Departme,Injury Crash,06/02/2018 3:13,Municipality,FALLSGROVE DR,W MONTGOMERY AVE,,N/A,OTHER,SAME DIRECTION SIDESWIPE,RAINING,WET,DARK LIGHTS ON,NO CONTROLS,UNKNOWN,N/A,E0D3A0BA-39EF-43C0-A7F0-D52678573841,OTHER,N/A,N/A,N/A,No,NO APPARENT INJURY,N/A,39.09979305,-77.18738794,"    (39.09979305, -77.18738794)"
DD5611004W,180027001,Rockville Police Departme,Injury Crash,06/01/2018 18:00,Maryland (State),ROCKVILLE PIKE,TEMPLETON PL,,ROCKVILLE,PEDESTRIAN,SINGLE VEHICLE,CLEAR,DRY,DAYLIGHT,TRAFFIC SIGNAL,NONE DETECTED,NONE DETECTED,0721C381-9125-438C-938F-36784D329BE3,PEDESTRIAN,Cross/Enter at Intersection,IN ROADWAY IMPROPERLY,ON ROADWAY AT CROSSWALK,Yes,SUSPECTED SERIOUS INJURY,N/A,39.06671833,-77.12826333,"    (39.06671833, -77.12826333)"
MCP2777004N,180026997,Montgomery County Police,Injury Crash,06/01/2018 17:30,County,DEL RAY AVE,OLD GEORGETOWN RD,,N/A,PEDESTRIAN,SINGLE VEHICLE,CLEAR,DRY,DAYLIGHT,STOP SIGN,NONE DETECTED,NONE DETECTED,1377BD9C-629F-4F92-A64D-74009CF7682D,PEDESTRIAN,Cross/Enter at Intersection,NO IMPROPER ACTIONS,ON ROADWAY AT CROSSWALK,No,POSSIBLE INJURY,NONE,38.98847667,-77.10005833,"    (38.98847667, -77.10005833)"
MCP3080000Q,180026986,Montgomery County Police,Injury Crash,06/01/2018 16:43,County,AIRCRAFT DR,GERMANTOWN RD,,N/A,PEDESTRIAN,N/A,CLEAR,DRY,DAYLIGHT,N/A,N/A,N/A,48865228-24E8-48DC-B130-70E72AC49FC6,PEDESTRIAN,Unknown,UNKNOWN,ON ROADWAY NOT AT CROSSWALK,No,SUSPECTED MINOR INJURY,N/A,39.18276369,-77.26078391,"    (39.18276369, -77.26078391)"
MCP242500C9,180026891,Montgomery County Police,Injury Crash,06/01/2018 8:30,,,,PARKING LOT OF 11548 STEWART LANE,,PEDESTRIAN,OTHER,CLEAR,,DAYLIGHT,N/A,NONE DETECTED,NONE DETECTED,30E058C9-54F7-45A8-B171-03E17DED1D6B,PEDESTRIAN,Walking to/from school,DART DASH,OTHER,Yes,POSSIBLE INJURY,NONE,39.043395,-76.98542833,"    (39.043395, -76.98542833)"
MCP3075001C,180026815,Montgomery County Police,Injury Crash,05/31/2018 06:00:00 PM,County,STRINGTOWN RD,FREDERICK RD,,N/A,PEDESTRIAN,SINGLE VEHICLE,RAINING,WET,DAYLIGHT,TRAFFIC SIGNAL,UNKNOWN,N/A,BF1BAC3D-4E80-4AF1-B3ED-C8C14D6E9EE7,PEDESTRIAN,Cross/Enter at Intersection,NO IMPROPER ACTIONS,ON ROADWAY AT CROSSWALK,No,SUSPECTED MINOR INJURY,NONE,39.23751864,-77.27794737,"    (39.23751864, -77.27794737)"
MCP3039002K,180026788,Montgomery County Police,Injury Crash,05/31/2018 04:30:00 PM,,,,"PARKING LOT OF 10225 FREDERICK AVENUE, KENSINGTON, 20895",,PEDESTRIAN,OTHER,CLEAR,,DAYLIGHT,NO CONTROLS,NONE DETECTED,NONE DETECTED,22891409-7761-4F85-8EE7-0741D023FB1C,PEDESTRIAN,Other Working,NO IMPROPER ACTIONS,CURB,No,SUSPECTED MINOR INJURY,N/A,39.02828667,-77.07524833,"    (39.02828667, -77.07524833)"
MCP3044002N,180026578,Montgomery County Police,Injury Crash,05/30/2018 05:20:00 PM,County,BROADBIRCH DR,BOURNEFIELD WAY,,N/A,BICYCLIST,OTHER,CLEAR,DRY,DAYLIGHT,STOP SIGN,UNKNOWN,NONE DETECTED,FC9670F6-A5E3-4269-8F7E-C5309A3BE419,BICYCLIST,Other,NO IMPROPER ACTIONS,OTHER,No,SUSPECTED MINOR INJURY,UNKNOWN,39.05560197,-76.96185574,"    (39.05560197, -76.96185574)"
MCP26760038,180026601,Montgomery County Police,Injury Crash,05/30/2018 04:51:00 PM,,,,PARKING LOT OF 8190 BEECHCRAFT AVE,,PEDESTRIAN,OTHER,CLEAR,,DAYLIGHT,N/A,,N/A,91474766-AFBB-4EE2-97A0-6E17ADBD34DA,PEDESTRIAN,Other Working,NO IMPROPER ACTIONS,OTHER,No,SUSPECTED MINOR INJURY,N/A,39.16579,-77.16695333,"    (39.16579, -77.16695333)"
DM8434001F,180026589,Takoma Park Police Depart,Injury Crash,05/30/2018 04:11:00 PM,,,,1329 UNIVERSITY BLVD PARKING LOT,,PEDESTRIAN,SINGLE VEHICLE,CLEAR,,DAYLIGHT,TRAFFIC SIGNAL,NONE DETECTED,N/A,1647B396-8991-4635-BE15-542B072E516A,PEDESTRIAN,Cross/Enter at Intersection,N/A,AT INTERSECTION BUT NO CROSSWALK,No,POSSIBLE INJURY,NONE,38.987715,-76.98637667,"    (38.987715, -76.98637667)"
MCP271700HP,180026454,Montgomery County Police,Injury Crash,05/29/2018 08:10:00 PM,County,LOCKWOOD DR,LOCKWOOD DR,,N/A,BICYCLIST,OTHER,CLEAR,DRY,DARK LIGHTS ON,NO CONTROLS,NONE DETECTED,NONE DETECTED,721DF811-037E-4B4A-B3B0-3BAD36865D9B,BICYCLIST,Walking/Riding w/Traffic,NO IMPROPER ACTIONS,ON ROADWAY NOT AT CROSSWALK,No,SUSPECTED MINOR INJURY,MC/BIKE HELMET,39.04246367,-76.9859235,"    (39.04246367, -76.9859235)"
MCP3019001T,180026189,Montgomery County Police,Injury Crash,05/28/2018 03:30:00 PM,,,,PARKING LOT OF 10134 RIVER ROAD,,PEDESTRIAN,OTHER,CLEAR,,DAYLIGHT,NO CONTROLS,NONE DETECTED,NONE DETECTED,FDB5395A-B252-489F-A2A4-A475D8AB6CA5,PEDESTRIAN,Cross/Enter not at Intersection,N/A,ON ROADWAY NOT AT CROSSWALK,No,POSSIBLE INJURY,N/A,39.01708,-77.20920167,"    (39.01708, -77.20920167)"
MCP2288000J,180026145,Montgomery County Police,Injury Crash,05/28/2018 10:10:00 AM,Maryland (State),OLD GEORGETOWN RD,ARLINGTON RD,,N/A,BICYCLIST,SAME DIRECTION RIGHT TURN,CLOUDY,DRY,DAYLIGHT,TRAFFIC SIGNAL,NONE DETECTED,NONE DETECTED,2498DA32-177A-4F75-90FC-6F8A21370D8F,BICYCLIST,Walking/Riding w/Traffic,NO IMPROPER ACTIONS,CURB,No,POSSIBLE INJURY,NONE,38.98750649,-77.0988214,"    (38.98750649, -77.0988214)"
MCP2936002F,180026043,Montgomery County Police,Injury Crash,05/27/2018 03:58:00 PM,,,,"DRIVEWAY/SIDEWALK AT 11700 PARKLAWN DR ROCKVILLE, MD 20852",,BICYCLIST,STRAIGHT MOVEMENT ANGLE,CLEAR,,DAYLIGHT,NO CONTROLS,NONE DETECTED,NONE DETECTED,E88FD6CB-FC03-4305-9F43-0D4598E431DF,BICYCLIST,Cross/Enter at Intersection,INATTENTIVE,SIDEWALK,Yes,POSSIBLE INJURY,NONE,39.04661086,-77.10318401,"    (39.04661086, -77.10318401)"
EJ7837002R,180025925,Gaithersburg Police Depar,Injury Crash,05/26/2018 09:18:00 PM,,,,PARKING LOT OF 353 WEST SIDE DRIVE,,PEDESTRIAN,SINGLE VEHICLE,CLEAR,,DARK NO LIGHTS,NO CONTROLS,N/A,ALCOHOL PRESENT,60140A1D-6EB6-44D8-B27B-7110979C64BB,PEDESTRIAN,Walking/Riding w/Traffic,IN ROADWAY IMPROPERLY,ON ROADWAY NOT AT CROSSWALK,Yes,POSSIBLE INJURY,NONE,39.12655533,-77.20543385,"    (39.12655533, -77.20543385)"
EJ7863001W,180025921,Gaithersburg Police Depar,Property Damage Crash,05/26/2018 08:49:00 PM,,NORTH SUMMIT DRIVE,N/A,,N/A,PEDESTRIAN,OTHER,CLEAR,DRY,DARK LIGHTS ON,N/A,NONE DETECTED,NONE DETECTED,CB42FBEC-8AAA-4CF3-AEB9-BD36F3D3CAD8,PEDESTRIAN,Other,NOT VISIBLE,OTHER,No,NO APPARENT INJURY,NONE,39.14554676,-77.19064951,"    (39.14554676, -77.19064951)"