Report Number,Local Case Number,Agency Name,ACRS Report Type,Crash Date/Time,Route Type,Road Name,Cross-Street Name,Off-Road Description,Municipality,Related Non-Motorist,Collision Type,Weather,Surface Condition,Light,Traffic Control,Driver Substance Abuse,Non-Motorist Substance Abuse,Person ID,Pedestrian Type,Pedestrian Movement,Pedestrian Actions,Pedestrian Location,At Fault,Injury Severity,Safety Equipment,Latitude,Longitude,Location
MCP2708003C,180025911,Montgomery County Police,Injury Crash,05/26/2018 06:54:00 PM,,,,PARKING LOT FOR 649 UNIVERSITY BOULEVARD EAST.,,PEDESTRIAN,OTHER,CLEAR,,DAYLIGHT,NO CONTROLS,NONE DETECTED,NONE DETECTED,8D659320-DE64-47B7-BCAF-9AE67A1C170F,PEDESTRIAN,Standing,INATTENTIVE,OTHER,No,POSSIBLE INJURY,NONE,38.99969,-76.996085,"    (38.99969, -76.996085)"
MCP2830003S,180025632,Montgomery County Police,Injury Crash,05/26/2018 05:54:00 AM,County,OAK HILL RD,SAHALEA TERR,,N/A,PEDESTRIAN,OTHER,CLEAR,DRY,DAYLIGHT,NO CONTROLS,UNKNOWN,NONE DETECTED,AF78BAD8-BE03-4290-A35B-BFB5CA25340D,PEDESTRIAN,Standing,N/A,OUTSIDE RIGHT OF WAY,No,SUSPECTED MINOR INJURY,N/A,39.12623802,-76.97171688,"    (39.12623802, -76.97171688)"
MCP2348003S,180025738,Montgomery County Police,Injury Crash,05/25/2018 04:33:00 PM,Maryland (State),VEIRS MILL RD,SPUR TO MD 193,,N/A,PEDESTRIAN,SINGLE VEHICLE,CLEAR,DRY,DAYLIGHT,NO CONTROLS,NONE DETECTED,NONE DETECTED,AC2645B4-5207-4099-9429-06580CB16D90,PEDESTRIAN,Cross/Enter not at Intersection,IN ROADWAY IMPROPERLY,ON ROADWAY NOT AT CROSSWALK,Yes,SUSPECTED MINOR INJURY,N/A,39.040785,-77.057075,"    (39.040785, -77.057075)"
MCP27370032,180025601,Montgomery County Police,Injury Crash,05/24/2018 09:15:00 PM,County,BRIGHTWOOD RD,BOWIE MILL RD,,N/A,PEDESTRIAN,SINGLE VEHICLE,CLEAR,DRY,DARK LIGHTS ON,NO CONTROLS,NONE DETECTED,NONE DETECTED,936C9D41-EB4C-4B61-93D5-9A3763353318,PEDESTRIAN,Other,DART DASH,ON ROADWAY NOT AT CROSSWALK,Yes,SUSPECTED MINOR INJURY,NONE,39.156335,-77.09096333,"    (39.156335, -77.09096333)"
MCP3003001Z,180025530,Montgomery County Police,Injury Crash,05/24/2018 04:35:00 PM,County,BARNESVILLE RD,OLD HUNDRED RD (BACK),,N/A,BICYCLIST,HEAD ON LEFT TURN,CLEAR,DRY,DAYLIGHT,STOP SIGN,NONE DETECTED,NONE DETECTED,EC5083E0-0F55-41E9-9527-2477A79F9053,BICYCLIST,Cross/Enter at Intersection,NO IMPROPER ACTIONS,UNKNOWN,No,SUSPECTED MINOR INJURY,MC/BIKE HELMET,39.22072562,-77.37552881,"    (39.22072562, -77.37552881)"
MCP271700HL,180025508,Montgomery County Police,Injury Crash,05/24/2018 02:20:00 PM,County,LOCKWOOD DR,ENT TO SHOPPING CENTER,,N/A,PEDESTRIAN,OTHER,CLEAR,DRY,DAYLIGHT,NO CONTROLS,NONE DETECTED,NONE DETECTED,634EAB85-443E-4CC1-AB9D-55D819F8D437,PEDESTRIAN,Unknown,UNKNOWN,SHOULDER,No,SUSPECTED SERIOUS INJURY,NONE,39.04137567,-76.98476633,"    (39.04137567, -76.98476633)"
DD5631000F,180023444,Rockville Police Departme,Injury Crash,05/24/2018 09:26:00 AM,Municipality,W GUDE DR,FREDERICK RD,,N/A,PEDESTRIAN,N/A,N/A,DRY,DAYLIGHT,TRAFFIC SIGNAL,NONE DETECTED,NONE DETECTED,FF584BBA-AD6E-4F4D-A3A5-8F3B85E40325,PEDESTRIAN,Cross/Enter not at Intersection,FAILURE TO OBEY TRAFFIC SIGNS SIGNALS OR OFFICER,ON ROADWAY NOT AT CROSSWALK,Yes,POSSIBLE INJURY,NONE,39.10668667,-77.15902333,"    (39.10668667, -77.15902333)"
MCP2971003X,180025399,Montgomery County Police,Injury Crash,05/23/2018 10:24:00 PM,County,BRIGGS CHANEY RD,ASTON MANOR DR,,N/A,BICYCLIST,SAME DIR REAR END,CLEAR,DRY,DARK LIGHTS ON,N/A,ALCOHOL PRESENT,NONE DETECTED,689D924C-B5CD-4F15-AEA4-22919CB5D5C4,BICYCLIST,Walking/Riding w/Traffic,NO IMPROPER ACTIONS,ON ROADWAY NOT AT CROSSWALK,No,SUSPECTED SERIOUS INJURY,NONE,39.07495167,-76.940635,"    (39.07495167, -76.940635)"
MCP3127000T,180025354,Montgomery County Police,Injury Crash,05/23/2018 05:55:00 PM,Maryland (State),WILSON LA,STRATFORD RD,,N/A,PEDESTRIAN,OTHER,CLEAR,DRY,DAYLIGHT,NO CONTROLS,NONE DETECTED,NONE DETECTED,7AD2ECC4-7349-4185-956F-08E1363A53E5,PEDESTRIAN,Cross/Enter at Intersection,INATTENTIVE,ON ROADWAY AT CROSSWALK,Yes,SUSPECTED MINOR INJURY,NONE,38.98715102,-77.10850954,"    (38.98715102, -77.10850954)"
MCP9422001H,180025275,Montgomery County Police,Injury Crash,05/23/2018 10:30:00 AM,County,PLUM ORCHARD DR,CHERRY HILL RD,,N/A,PEDESTRIAN,STRAIGHT MOVEMENT ANGLE,CLEAR,DRY,DAYLIGHT,TRAFFIC SIGNAL,NONE DETECTED,NONE DETECTED,DD7C0E17-B122-4EB7-B8CE-ACB3341B9240,PEDESTRIAN,Cross/Enter at Intersection,NO IMPROPER ACTIONS,AT INTERSECTION MARKED CROSSWALK,No,POSSIBLE INJURY,N/A,39.052505,-76.953375,"    (39.052505, -76.953375)"
MCP9422001H,180025275,Montgomery County Police,Injury Crash,05/23/2018 10:30:00 AM,County,PLUM ORCHARD DR,CHERRY HILL RD,,N/A,PEDESTRIAN,STRAIGHT MOVEMENT ANGLE,CLEAR,DRY,DAYLIGHT,TRAFFIC SIGNAL,NONE DETECTED,NONE DETECTED,502A6611-C22F-4BA8-9CD8-EED8BF07761E,PEDESTRIAN,Cross/Enter at Intersection,NO IMPROPER ACTIONS,AT INTERSECTION MARKED CROSSWALK,No,POSSIBLE INJURY,N/A,39.052505,-76.953375,"    (39.052505, -76.953375)"
MCP13970015,180025254,Montgomery County Police,Injury Crash,05/23/2018 07:59:00 AM,County,WATKINS MILL RD,GREENRIVER TERR,,N/A,PEDESTRIAN,OTHER,CLEAR,DRY,DAYLIGHT,PERSON,N/A,NONE DETECTED,5978E481-B408-4BB5-B52C-FF4F132BB2B8,PEDESTRIAN,Standing,NO IMPROPER ACTIONS,OTHER,No,SUSPECTED MINOR INJURY,N/A,39.19040595,-77.22419858,"    (39.19040595, -77.22419858)"
MCP27080038,180025168,Montgomery County Police,Injury Crash,05/22/2018 07:19:00 PM,Maryland (State),PINEY BRANCH RD,GREENWOOD AVE,,N/A,PEDESTRIAN,STRAIGHT MOVEMENT ANGLE,CLOUDY,WET,DAYLIGHT,TRAFFIC SIGNAL,NONE DETECTED,NONE DETECTED,C3D28BDC-6029-4E79-952A-701FFB10EE0B,PEDESTRIAN,Cross/Enter at Intersection,DART DASH,ON ROADWAY AT CROSSWALK,Yes,POSSIBLE INJURY,NONE,38.99812,-77.00241833,"    (38.99812, -77.00241833)"
MCP30400029,180025149,Montgomery County Police,Injury Crash,05/22/2018 06:00:00 PM,Maryland (State),NEW HAMPSHIRE AVE,SAPLING RIDGE LA,,N/A,PEDESTRIAN,SINGLE VEHICLE,RAINING,WET,DAYLIGHT,N/A,N/A,N/A,F915ADB7-8748-4201-8C8E-EB93DB4F1DB1,PEDESTRIAN,Cross/Enter at Intersection,DART DASH,AT INTERSECTION BUT NO CROSSWALK,Yes,SUSPECTED MINOR INJURY,NONE,39.217985,-77.054195,"    (39.217985, -77.054195)"
MCP29230045,180024852,Montgomery County Police,Injury Crash,05/21/2018 08:27:00 AM,County,HILLSDALE DR,MIDVAIL AVE,,N/A,PEDESTRIAN,OTHER,CLEAR,DRY,DAYLIGHT,NO CONTROLS,NONE DETECTED,NONE DETECTED,185217E2-51CC-4C41-B246-F56DD520695F,PEDESTRIAN,Standing,NO IMPROPER ACTIONS,CURB,No,SUSPECTED SERIOUS INJURY,N/A,39.03928333,-77.06077,"    (39.03928333, -77.06077)"
MCP2853004V,180024617,Montgomery County Police,Injury Crash,05/19/2018 05:20:00 PM,Maryland (State),NEW HAMPSHIRE AVE,OAKVIEW DR,,N/A,PEDESTRIAN,N/A,RAINING,WET,DAYLIGHT,TRAFFIC SIGNAL,N/A,N/A,C5DD71BA-B2A5-415D-A902-EE6E2101321C,PEDESTRIAN,Cross/Enter at Intersection,NO IMPROPER ACTIONS,AT INTERSECTION MARKED CROSSWALK,No,POSSIBLE INJURY,N/A,39.01529919,-76.97792888,"    (39.01529919, -76.97792888)"
MCP23570035,180024363,Montgomery County Police,Injury Crash,05/18/2018 07:41:00 AM,,,,8357 COLESVILLE ROAD,,PEDESTRIAN,UNKNOWN,RAINING,,DAYLIGHT,N/A,NONE DETECTED,NONE DETECTED,67A02A4A-5193-431B-BFDF-37D48B531E8C,PEDESTRIAN,Standing,OTHER,N/A,Yes,NO APPARENT INJURY,N/A,38.99398,-77.03235167,"    (38.99398, -77.03235167)"
MCP23570035,180024363,Montgomery County Police,Injury Crash,05/18/2018 07:41:00 AM,,,,8357 COLESVILLE ROAD,,PEDESTRIAN,UNKNOWN,RAINING,,DAYLIGHT,N/A,NONE DETECTED,NONE DETECTED,50142628-08BE-4F73-A7CE-533654775806,PEDESTRIAN,Standing,OTHER,OTHER,Yes,POSSIBLE INJURY,N/A,38.99398,-77.03235167,"    (38.99398, -77.03235167)"
MCP2818003M,180024177,Montgomery County Police,Injury Crash,05/17/2018 08:52:00 AM,US (State),GEORGIA AVE,BONIFANT ST,,N/A,PEDESTRIAN,OTHER,RAINING,WET,DAYLIGHT,TRAFFIC SIGNAL,NONE DETECTED,NONE DETECTED,F3741C78-8828-420E-A090-6D396490B794,PEDESTRIAN,Other,FAILURE TO YIELD RIGHT OF WAY,ON ROADWAY NOT AT CROSSWALK,Yes,POSSIBLE INJURY,N/A,38.991615,-77.02630167,"    (38.991615, -77.02630167)"
MCP2686002N,180023937,Montgomery County Police,Injury Crash,05/15/2018 05:20:00 PM,Maryland (State),FREDERICK RD,BROOKS AVE,,GAITHERSBURG,BICYCLIST,STRAIGHT MOVEMENT ANGLE,CLEAR,DRY,DAYLIGHT,NO CONTROLS,NONE DETECTED,UNKNOWN,31607F01-B537-4797-8D2A-ED2B36DF33E2,BICYCLIST,Walking/Cycling on Sidewalk,UNKNOWN,SIDEWALK,No,SUSPECTED SERIOUS INJURY,NONE,39.14336167,-77.200995,"    (39.14336167, -77.200995)"
MCP3100000B,180023767,Montgomery County Police,Injury Crash,05/14/2018 09:00:00 PM,,,,PARKING LOT OF 245 KENTLANDS BLVD,,PEDESTRIAN,N/A,RAINING,,DARK LIGHTS ON,STOP SIGN,NONE DETECTED,NONE DETECTED,7F9B8F89-4977-4999-91F9-4A627D7C7850,PEDESTRIAN,Cross/Enter not at Intersection,FAILURE TO YIELD RIGHT OF WAY,ON ROADWAY NOT AT CROSSWALK,Yes,SUSPECTED MINOR INJURY,NONE,39.12499127,-77.23936379,"    (39.12499127, -77.23936379)"
MCP3094000N,180023448,Montgomery County Police,Injury Crash,05/12/2018 21:48,Maryland (State),S FREDERICK RD,ROSEMONT DR,,GAITHERSBURG,PEDESTRIAN,OTHER,CLEAR,DRY,DARK LIGHTS ON,NO CONTROLS,N/A,ALCOHOL CONTRIBUTED,E26B2767-2865-4023-ABB8-B3355FCBB2A4,PEDESTRIAN,Cross/Enter not at Intersection,IN ROADWAY IMPROPERLY,MEDIAN,Yes,POSSIBLE INJURY,NONE,39.12851224,-77.1858108,"    (39.12851224, -77.1858108)"
MCP10990021,180023188,Montgomery County Police,Injury Crash,05/11/2018 14:05,Maryland (State),WOODFIELD RD,BRENISH DR,,N/A,BICYCLIST,STRAIGHT MOVEMENT ANGLE,CLEAR,DRY,DAYLIGHT,NO CONTROLS,NONE DETECTED,NONE DETECTED,4E5EA2DD-791A-4CF6-94CC-A1005BC69DA3,BICYCLIST,Walking/Riding w/Traffic,NO IMPROPER ACTIONS,IN BIKEWAY,No,SUSPECTED MINOR INJURY,MC/BIKE HELMET,39.14673667,-77.145855,"    (39.14673667, -77.145855)"
MCP12050044,180022763,Montgomery County Police,Injury Crash,05/09/2018 8:50,County,BETHESDA AVE,WOODMONT AVE,,N/A,BICYCLIST,SAME DIRECTION RIGHT TURN,CLEAR,DRY,DAYLIGHT,N/A,NONE DETECTED,NONE DETECTED,7591F6ED-6C99-4695-A818-1A4509573BB5,BICYCLIST,Walking/Riding w/Traffic,NO IMPROPER ACTIONS,OTHER,No,SUSPECTED MINOR INJURY,MC/BIKE HELMET,38.98093687,-77.09644631,"    (38.98093687, -77.09644631)"
MCP3002002J,180022566,Montgomery County Police,Injury Crash,05/08/2018 10:06,,,,12277 NEBEL STREET,,PEDESTRIAN,OTHER,CLEAR,,DAYLIGHT,N/A,NONE DETECTED,NONE DETECTED,FB9D7E2E-5647-49EC-83B0-BBB99BF6150F,PEDESTRIAN,Standing,OTHER,OTHER,No,POSSIBLE INJURY,NONE,39.05222833,-77.10930833,"    (39.05222833, -77.10930833)"
MCP26660028,180022518,Montgomery County Police,Injury Crash,05/06/2018 18:45,,,,PARKING LOT OF 13838 OUTLET DRIVE,,PEDESTRIAN,SINGLE VEHICLE,CLEAR,,DAYLIGHT,NO CONTROLS,UNKNOWN,UNKNOWN,F2A26B6B-0130-4BE6-9CF0-20EA23515B26,PEDESTRIAN,Other,NO IMPROPER ACTIONS,OTHER,No,SUSPECTED MINOR INJURY,NONE,39.08344702,-76.94571018,"    (39.08344702, -76.94571018)"
MCP3099000M,180022296,Montgomery County Police,Injury Crash,05/06/2018 17:30,County,STALEYBRIDGE RD,ST JOHNSBURY LA,,N/A,PEDESTRIAN,HEAD ON,CLEAR,DRY,DAYLIGHT,NO CONTROLS,NONE DETECTED,N/A,0F3A4713-BC79-4AAB-888F-71D51B703418,PEDESTRIAN,Other,NO IMPROPER ACTIONS,OTHER,No,SUSPECTED SERIOUS INJURY,N/A,39.16911833,-77.24176167,"    (39.16911833, -77.24176167)"
MCP2563000Q,180022210,Montgomery County Police,Fatal Crash,05/06/2018 3:03,US (State),COLUMBIA PIKE,FAIRLAND RD,,N/A,PEDESTRIAN,OTHER,RAINING,WET,DARK LIGHTS ON,TRAFFIC SIGNAL,"ALCOHOL PRESENT, NONE DETECTED",UNKNOWN,88FA7D26-FE25-4AA9-813C-086634081255,PEDESTRIAN,Standing,UNKNOWN,ON ROADWAY NOT AT CROSSWALK,Unknown,FATAL INJURY,NONE,39.07364508,-76.95570409,"    (39.07364508, -76.95570409)"
MCP1309001K,180022062,Montgomery County Police,Injury Crash,05/05/2018 9:18,County,STRINGTOWN RD,KINGSLEY RD,,N/A,PEDESTRIAN,OTHER,CLOUDY,DRY,DAYLIGHT,NO CONTROLS,UNKNOWN,NONE DETECTED,5F53FA2F-36B1-480B-9E74-51E40AEF773E,PEDESTRIAN,Walking/Riding w/Traffic,NO IMPROPER ACTIONS,SHOULDER,No,SUSPECTED SERIOUS INJURY,NONE,39.25179656,-77.25371361,"    (39.25179656, -77.25371361)"
MCP2450001V,180021979,Montgomery County Police,Injury Crash,05/04/2018 19:25,County,E WAYNE AVE,FLOWER AVE,,N/A,PEDESTRIAN,OTHER,N/A,N/A,N/A,TRAFFIC SIGNAL,NONE DETECTED,NONE DETECTED,476057D2-31F5-4594-88F1-3A87231BC64E,PEDESTRIAN,Cross/Enter at Intersection,INATTENTIVE,ON ROADWAY AT CROSSWALK,Yes,POSSIBLE INJURY,N/A,39.00291904,-77.00545907,"    (39.00291904, -77.00545907)"
EJ7837002N,180021966,Gaithersburg Police Depar,Injury Crash,05/04/2018 18:00,County,S WESTLAND DR,FREDERICK RD,,N/A,BICYCLIST,OTHER,CLOUDY,DRY,DAYLIGHT,TRAFFIC SIGNAL,N/A,N/A,59C00868-AE1D-49D2-A7AB-DA3DE528D6D3,BICYCLIST,Cross/Enter at Intersection,NO IMPROPER ACTIONS,AT INTERSECTION MARKED CROSSWALK,No,SUSPECTED MINOR INJURY,NONE,39.12594047,-77.18291,"    (39.12594047, -77.18291)"
MCP3090000P,180021951,Montgomery County Police,Injury Crash,05/04/2018 17:05,County,MONTGOMERY VILLAGE AVE,WHETSTONE DR,,N/A,PEDESTRIAN,SINGLE VEHICLE,CLEAR,DRY,DAYLIGHT,STOP SIGN,NONE DETECTED,NONE DETECTED,7587154F-A422-4267-9785-C55171463515,PEDESTRIAN,Cross/Enter at Intersection,NO IMPROPER ACTIONS,ON ROADWAY AT CROSSWALK,No,POSSIBLE INJURY,N/A,39.171165,-77.20352667,"    (39.171165, -77.20352667)"
MCP2766003P,180021755,Montgomery County Police,Injury Crash,05/03/2018 16:48,,,,PRIVATE PASSAGEWAY WITHIN THE PRIVATE PROPERTY OF LEISURE WORLD.,,PEDESTRIAN,SINGLE VEHICLE,CLEAR,,DAYLIGHT,STOP SIGN,NONE DETECTED,NONE DETECTED,03EC2751-87C2-4D38-81A1-7131E2E04798,PEDESTRIAN,Cross/Enter at Intersection,NO IMPROPER ACTIONS,AT INTERSECTION MARKED CROSSWALK,No,POSSIBLE INJURY,NONE,39.104905,-77.07269833,"    (39.104905, -77.07269833)"
MCP3078001B,180021519,Montgomery County Police,Injury Crash,05/02/2018 14:49,County,REEDIE DR,FERN ST,,N/A,PEDESTRIAN,N/A,CLEAR,DRY,DAYLIGHT,TRAFFIC SIGNAL,N/A,NONE DETECTED,B331610E-3538-481A-A6C3-79FFF4C64F99,PEDESTRIAN,Cross/Enter at Intersection,NO IMPROPER ACTIONS,ON ROADWAY AT CROSSWALK,No,SUSPECTED MINOR INJURY,NONE,39.03896333,-77.04931,"    (39.03896333, -77.04931)"
MCP3111000G,180021653,Montgomery County Police,Injury Crash,05/01/2018 23:45,,,,"PARKING LOT IN FRONT OF 1923 ROSEMARY HILLS DR, SILVER SPRING, MD 20910",,PEDESTRIAN,OTHER,CLEAR,,DARK LIGHTS ON,N/A,,NONE DETECTED,33E1B0A1-FE46-4292-8F74-4FC91B095329,PEDESTRIAN,Getting off/on Vehicle,NO IMPROPER ACTIONS,OTHER,No,POSSIBLE INJURY,NONE,38.99896333,-77.04298,"    (38.99896333, -77.04298)"
MCP1048003N,180021141,Montgomery County Police,Injury Crash,04/30/2018 04:21:00 PM,County,E GUDE DR,CECIL ST,,N/A,BICYCLIST,SAME DIRECTION RIGHT TURN,CLEAR,DRY,DAYLIGHT,TRAFFIC SIGNAL,N/A,NONE DETECTED,934EF8FF-DE08-4F00-97BA-2D53376D8597,BICYCLIST,Cross/Enter at Intersection,NO IMPROPER ACTIONS,AT INTERSECTION MARKED CROSSWALK,No,SUSPECTED MINOR INJURY,NONE,39.10631936,-77.15231538,"    (39.10631936, -77.15231538)"
MCP3031002D,180021142,Montgomery County Police,Property Damage Crash,04/30/2018 12:00:00 AM,County,TIVOLI LAKE BLVD,TIVOLI LAKE CT,,N/A,OTHER,HEAD ON LEFT TURN,CLEAR,DRY,UNKNOWN,NO CONTROLS,UNKNOWN,N/A,68C64E06-4E80-4DCB-806F-B234C0E61B82,OTHER,N/A,NO IMPROPER ACTIONS,OTHER,No,NO APPARENT INJURY,N/A,39.06948833,-77.03499167,"    (39.06948833, -77.03499167)"
MCP3112000F,180020794,Montgomery County Police,Injury Crash,04/28/2018 02:07:00 PM,County,CORDELL AVE,WOODMONT AVE,,N/A,PEDESTRIAN,STRAIGHT MOVEMENT ANGLE,CLEAR,DRY,DAYLIGHT,TRAFFIC SIGNAL,N/A,UNKNOWN,3E87B20D-ABB0-4CDA-8C48-8E308EFC1307,PEDESTRIAN,Cross/Enter not at Intersection,DART DASH,ON ROADWAY NOT AT CROSSWALK,Yes,SUSPECTED MINOR INJURY,NONE,38.99080879,-77.09667027,"    (38.99080879, -77.09667027)"
MCP2919004Q,180020640,Montgomery County Police,Injury Crash,04/27/2018 03:18:00 PM,Maryland (State),UNIVERSITY BLVD E,SEEK LA,,N/A,PEDESTRIAN,OTHER,CLOUDY,DRY,DAYLIGHT,N/A,NONE DETECTED,NONE DETECTED,7F9A3661-11AA-4393-95C2-706B328A8586,PEDESTRIAN,Cross/Enter at Intersection,NO IMPROPER ACTIONS,ON ROADWAY NOT AT CROSSWALK,No,POSSIBLE INJURY,NONE,38.99724667,-76.99616167,"    (38.99724667, -76.99616167)"
MCP3053001X,180020607,Montgomery County Police,Injury Crash,04/27/2018 12:44:00 PM,County,INDEPENDENCE ST,PARKLAND DR,,N/A,PEDESTRIAN,OTHER,CLOUDY,DRY,DAYLIGHT,NO CONTROLS,N/A,N/A,0BD058F5-F8CE-486C-A3D3-2CB77BA0DDAE,PEDESTRIAN,Walking/Riding against Traffic,DART DASH,ON ROADWAY NOT AT CROSSWALK,Yes,POSSIBLE INJURY,N/A,39.07285333,-77.08617667,"    (39.07285333, -77.08617667)"
MCP0942001N,180020364,Montgomery County Police,Injury Crash,04/26/2018 07:30:00 AM,County,BATTERY LA,WOODMONT AVE,,N/A,BICYCLIST,HEAD ON LEFT TURN,CLEAR,DRY,DAYLIGHT,NO CONTROLS,NONE DETECTED,NONE DETECTED,E83C04C8-648B-459D-8CF3-5E147CC7A6A9,BICYCLIST,Walking/Riding w/Traffic,NO IMPROPER ACTIONS,SHOULDER,No,SUSPECTED MINOR INJURY,MC/BIKE HELMET,38.99264217,-77.099658,"    (38.99264217, -77.099658)"
MCP271700H3,180020211,Montgomery County Police,Injury Crash,04/25/2018 10:35:00 AM,Maryland (State),OLD GEORGETOWN RD,OAKMONT AVE,,N/A,PEDESTRIAN,OTHER,RAINING,WET,DAYLIGHT,TRAFFIC SIGNAL,NONE DETECTED,NONE DETECTED,AC1F60AA-589D-4FF3-AC1B-93D2676063EB,PEDESTRIAN,Cross/Enter at Intersection,NO IMPROPER ACTIONS,ON ROADWAY AT CROSSWALK,No,SUSPECTED MINOR INJURY,N/A,39.00462417,-77.1108275,"    (39.00462417, -77.1108275)"
MCP1443000N,180020172,Montgomery County Police,Injury Crash,04/25/2018 12:05:00 AM,,,,PARKING LOT NEAR 19388 MONTGOMERY VILLAGE AVENUE,,PEDESTRIAN,SINGLE VEHICLE,RAINING,,DARK LIGHTS ON,STOP SIGN,NONE DETECTED,NONE DETECTED,C9E50A3A-7B61-4613-B8BF-902394D29502,PEDESTRIAN,Cross/Enter at Intersection,NO IMPROPER ACTIONS,AT INTERSECTION BUT NO CROSSWALK,No,POSSIBLE INJURY,N/A,39.17360833,-77.20497333,"    (39.17360833, -77.20497333)"
MCP0973000S,180020154,Montgomery County Police,Injury Crash,04/24/2018 08:49:00 PM,Other Public Roadway,WAVERLY ST,WISCONSIN AVE,,N/A,PEDESTRIAN,SINGLE VEHICLE,RAINING,WET,DARK NO LIGHTS,NO CONTROLS,NONE DETECTED,NONE DETECTED,0387DF02-341C-48FA-AA38-30F2F1A20B6D,PEDESTRIAN,Cross/Enter not at Intersection,IN ROADWAY IMPROPERLY,ON ROADWAY NOT AT CROSSWALK,Yes,SUSPECTED MINOR INJURY,N/A,38.9828436,-77.09319949,"    (38.9828436, -77.09319949)"
MCP30390027,180020086,Montgomery County Police,Injury Crash,04/24/2018 03:40:00 PM,Municipality,KENSINGTON PKWY,WASHINGTON ST,,KENSINGTON,BICYCLIST,OTHER,RAINING,WET,DAYLIGHT,STOP SIGN,NONE DETECTED,NONE DETECTED,9BC1E8B7-BC67-4292-B802-1451AA7D29D5,BICYCLIST,Cross/Enter at Intersection,NO IMPROPER ACTIONS,AT INTERSECTION BUT NO CROSSWALK,No,SUSPECTED MINOR INJURY,MC/BIKE HELMET,39.02185667,-77.07288833,"    (39.02185667, -77.07288833)"
MCP3115000N,180019892,Montgomery County Police,Injury Crash,04/23/2018 04:40:00 PM,County,BRIGGS CHANEY RD,CASTLE BLVD,,N/A,PEDESTRIAN,OTHER,N/A,N/A,DAYLIGHT,N/A,N/A,N/A,9140AED0-B8E6-4BF9-936F-1BF85942F587,PEDESTRIAN,Other,NOT VISIBLE,OTHER,Unknown,SUSPECTED MINOR INJURY,N/A,39.08154092,-76.94640219,"    (39.08154092, -76.94640219)"
MCP3099000K,180019584,Montgomery County Police,Injury Crash,04/21/2018 07:00:00 PM,,,,"PARKING LOT IN FRONT OF 13002 COUNTRY RIDGE DRIVE, GERMANTOWN",,PEDESTRIAN,OTHER,CLEAR,,DAYLIGHT,NO CONTROLS,NONE DETECTED,NONE DETECTED,B4E785D5-BF6E-4BB7-A766-5CC6B67FBC85,PEDESTRIAN,Playing,IN ROADWAY IMPROPERLY,ON ROADWAY NOT AT CROSSWALK,Yes,POSSIBLE INJURY,NONE,39.18398618,-77.26866961,"    (39.18398618, -77.26866961)"
MCP3005003R,180019538,Montgomery County Police,Injury Crash,04/21/2018 02:45:00 PM,Maryland (State),GEORGIA AVE,REEDIE DR,,N/A,PEDESTRIAN,SINGLE VEHICLE,CLEAR,DRY,DAYLIGHT,TRAFFIC SIGNAL,NONE DETECTED,NONE DETECTED,A5894409-B5BC-4E5B-A443-B89B37D787B3,PEDESTRIAN,Cross/Enter at Intersection,NO IMPROPER ACTIONS,AT INTERSECTION MARKED CROSSWALK,No,POSSIBLE INJURY,NONE,39.03816667,-77.050815,"    (39.03816667, -77.050815)"
EJ78260039,180019484,Gaithersburg Police Depar,Injury Crash,04/21/2018 09:38:00 AM,County,SAM EIG HWY,GREAT SENECA HWY,,N/A,OTHER,SAME DIR REAR END,CLEAR,DRY,DAYLIGHT,N/A,N/A,N/A,56398B86-40CD-4A83-9A6C-0475D8A1B41B,OTHER,Other Working,NO IMPROPER ACTIONS,ON ROADWAY NOT AT CROSSWALK,No,POSSIBLE INJURY,REFLECTIVE CLOTHING,39.10968,-77.211745,"    (39.10968, -77.211745)"
EJ78260039,180019484,Gaithersburg Police Depar,Injury Crash,04/21/2018 09:38:00 AM,County,SAM EIG HWY,GREAT SENECA HWY,,N/A,OTHER,SAME DIR REAR END,CLEAR,DRY,DAYLIGHT,N/A,N/A,N/A,5213F62A-606B-4816-8D0E-A73617D2F1FE,OTHER,Other Working,NO IMPROPER ACTIONS,ON ROADWAY NOT AT CROSSWALK,No,POSSIBLE INJURY,REFLECTIVE CLOTHING,39.10968,-77.211745,"    (39.10968, -77.211745)"
MCP2892004R,180019384,Montgomery County Police,Injury Crash,04/20/2018 05:18:00 PM,County,FOREST GLEN RD,DAMERON DR,,N/A,PEDESTRIAN,SINGLE VEHICLE,CLEAR,DRY,DAYLIGHT,TRAFFIC SIGNAL,NONE DETECTED,NONE DETECTED,9F259BC0-A3BD-43BE-805C-D1A06C87DC5A,PEDESTRIAN,Cross/Enter at Intersection,UNKNOWN,AT INTERSECTION MARKED CROSSWALK,No,POSSIBLE INJURY,NONE,39.01592333,-77.03641667,"    (39.01592333, -77.03641667)"
MCP30750014,180019184,Montgomery County Police,Injury Crash,04/19/2018 04:55:00 PM,Maryland (State),FREDERICK RD,GERMANTOWN RD,,N/A,BICYCLIST,OTHER,CLEAR,DRY,DAYLIGHT,TRAFFIC SIGNAL,UNKNOWN,N/A,DFB598CF-5696-48AA-98F6-C472AFE508BE,BICYCLIST,Cross/Enter at Intersection,NO IMPROPER ACTIONS,AT INTERSECTION MARKED CROSSWALK,No,SUSPECTED MINOR INJURY,UNKNOWN,39.19225194,-77.24285603,"    (39.19225194, -77.24285603)"
MCP2981001Y,180018990,Montgomery County Police,Injury Crash,04/18/2018 05:43:00 PM,,,,"PARKING LOT OF 13420 NEW HAMPSHIRE AVE, EXXON GAS STATION",,PEDESTRIAN,OTHER,CLEAR,,DAYLIGHT,NO CONTROLS,UNKNOWN,NONE DETECTED,6F362331-C5BA-4346-B87C-4EAE3D2B3BD1,PEDESTRIAN,Other,UNKNOWN,OTHER,No,POSSIBLE INJURY,NONE,39.076035,-77.00257833,"    (39.076035, -77.00257833)"
MCP29160025,180018910,Montgomery County Police,Injury Crash,04/18/2018 11:30:00 AM,County,OLD COLUMBIA PIKE,BRIGGS CHANEY RD,,N/A,PEDESTRIAN,OTHER,CLEAR,DRY,DAYLIGHT,NO CONTROLS,NONE DETECTED,NONE DETECTED,4F9B9A0E-7E74-4C3A-A9FC-955757C59108,PEDESTRIAN,Cross/Enter not at Intersection,INATTENTIVE,ON ROADWAY NOT AT CROSSWALK,Yes,SUSPECTED MINOR INJURY,N/A,39.08642319,-76.95042282,"    (39.08642319, -76.95042282)"