Report Number,Local Case Number,Agency Name,ACRS Report Type,Crash Date/Time,Route Type,Road Name,Cross-Street Name,Off-Road Description,Municipality,Related Non-Motorist,Collision Type,Weather,Surface Condition,Light,Traffic Control,Driver Substance Abuse,Non-Motorist Substance Abuse,Person ID,Pedestrian Type,Pedestrian Movement,Pedestrian Actions,Pedestrian Location,At Fault,Injury Severity,Safety Equipment,Latitude,Longitude,Location
MCP2358004N,180018877,Montgomery County Police,Property Damage Crash,04/18/2018 08:36:00 AM,County,WINSTON DR,RIVER RD,,N/A,BICYCLIST,OTHER,CLEAR,DRY,DAYLIGHT,TRAFFIC SIGNAL,NONE DETECTED,NONE DETECTED,8162FCCF-CAE7-41AF-B95E-FB5B240A9746,BICYCLIST,Walking/Riding w/Traffic,NO IMPROPER ACTIONS,OTHER,Unknown,NO APPARENT INJURY,MC/BIKE HELMET,38.975546,-77.126119,"    (38.975546, -77.126119)"
MCP3150000C,180018782,Montgomery County Police,Injury Crash,04/17/2018 06:39:00 PM,,,,INSIDE PARKING GARAGE LOCATED AT 1215 E. WEST HIGHWAY,,PEDESTRIAN,OTHER,CLEAR,,DARK LIGHTS ON,NO CONTROLS,N/A,N/A,622C85B5-9821-402E-B3AC-057EADEA8017,PEDESTRIAN,Other,OTHER,OTHER,No,SUSPECTED MINOR INJURY,NONE,38.99133833,-77.03088333,"    (38.99133833, -77.03088333)"
MCP3109000K,180018300,Montgomery County Police,Injury Crash,04/14/2018 08:15:00 PM,County,FAIRLAND RD,BEETHOVEN BLVD,,N/A,PEDESTRIAN,OTHER,CLEAR,DRY,DARK NO LIGHTS,OTHER,NONE DETECTED,NONE DETECTED,B8EB10F1-7EAB-4265-A4B5-803A518ACCEE,PEDESTRIAN,Cross/Enter at Intersection,NO IMPROPER ACTIONS,ON ROADWAY AT CROSSWALK,No,POSSIBLE INJURY,NONE,39.06682333,-76.94696667,"    (39.06682333, -76.94696667)"
MCP3084001B,180018220,Montgomery County Police,Injury Crash,04/14/2018 09:11:00 AM,County,TUCKERMAN LA,MARCLIFF RD,,N/A,BICYCLIST,HEAD ON LEFT TURN,CLEAR,DRY,DAYLIGHT,NO CONTROLS,NONE DETECTED,NONE DETECTED,503A4237-F3D8-46C2-BB1B-1EF8C28B4858,BICYCLIST,Cross/Enter at Intersection,FAILURE TO YIELD RIGHT OF WAY,SHOULDER,No,SUSPECTED MINOR INJURY,MC/BIKE HELMET,39.03628533,-77.13234633,"    (39.03628533, -77.13234633)"
EJ7864001G,180018143,Gaithersburg Police Depar,Injury Crash,04/13/2018 09:06:00 PM,County,MONTGOMERY VILLAGE AVE,MIDCOUNTY HWY,,N/A,PEDESTRIAN,SINGLE VEHICLE,N/A,N/A,DARK LIGHTS ON,N/A,NONE DETECTED,N/A,F85B5A6E-2C3E-4E43-90A4-F67B0E49B6B1,PEDESTRIAN,Cross/Enter at Intersection,DART DASH,ON ROADWAY NOT AT CROSSWALK,Yes,SUSPECTED SERIOUS INJURY,NONE,39.15709333,-77.20544667,"    (39.15709333, -77.20544667)"
MCP3121000R,180018114,Montgomery County Police,Injury Crash,04/13/2018 06:34:00 PM,County,CONTOUR RD,LOST KNIFE RD,,N/A,PEDESTRIAN,OTHER,CLEAR,DRY,DAYLIGHT,NO CONTROLS,NONE DETECTED,NONE DETECTED,BFFB6424-E8D2-4C98-8F32-9973FF730F3A,PEDESTRIAN,Cross/Enter not at Intersection,IN ROADWAY IMPROPERLY,ON ROADWAY NOT AT CROSSWALK,Yes,SUSPECTED MINOR INJURY,N/A,39.155415,-77.20033333,"    (39.155415, -77.20033333)"
MCP3099000H,180018105,Montgomery County Police,Injury Crash,04/13/2018 05:48:00 PM,County,WYNNFIELD DR,FATHER HURLEY BLVD,,N/A,BICYCLIST,SINGLE VEHICLE,CLEAR,DRY,DAYLIGHT,TRAFFIC SIGNAL,NONE DETECTED,NONE DETECTED,0B9A66E1-8DDA-407C-B06F-7023F00AB912,BICYCLIST,Cross/Enter at Intersection,NO IMPROPER ACTIONS,AT INTERSECTION MARKED CROSSWALK,No,SUSPECTED SERIOUS INJURY,NONE,39.18627,-77.27413833,"    (39.18627, -77.27413833)"
MCP30770012,180018081,Montgomery County Police,Injury Crash,04/13/2018 04:25:00 PM,Maryland (State),GREAT SENECA HWY,COTTAGE GARDEN DR,,N/A,BICYCLIST,N/A,CLEAR,DRY,DAYLIGHT,TRAFFIC SIGNAL,N/A,N/A,431208FB-5DDA-4D53-BEF9-527A19B3A3D0,BICYCLIST,Cross/Enter at Intersection,NO IMPROPER ACTIONS,AT INTERSECTION MARKED CROSSWALK,No,SUSPECTED MINOR INJURY,MC/BIKE HELMET,39.15335167,-77.27774833,"    (39.15335167, -77.27774833)"
MCP29520068,180018025,Montgomery County Police,Property Damage Crash,04/13/2018 11:31:00 AM,County,FENTON ST,NEW YORK AVE,,N/A,BICYCLIST,SAME DIRECTION SIDESWIPE,CLEAR,DRY,DAYLIGHT,STOP SIGN,NONE DETECTED,NONE DETECTED,3B61D3EE-E5A2-42A7-8587-ABBE349AA26A,BICYCLIST,Walking/Riding w/Traffic,NO IMPROPER ACTIONS,ON ROADWAY NOT AT CROSSWALK,No,NO APPARENT INJURY,MC/BIKE HELMET,38.98573331,-77.02293634,"    (38.98573331, -77.02293634)"
MCP2330001L,180017910,Montgomery County Police,Injury Crash,04/12/2018 18:16,,,,PARKING LOT OF 11931 VEIRS MILL RD,,BICYCLIST,OTHER,CLEAR,,DAYLIGHT,NO CONTROLS,N/A,NONE DETECTED,54E87288-AD24-4864-861C-665BEF144C24,BICYCLIST,Playing,OTHER,ON ROADWAY NOT AT CROSSWALK,No,POSSIBLE INJURY,NONE,39.05358472,-77.07627475,"    (39.05358472, -77.07627475)"
MCP2686002L,180017451,Montgomery County Police,Injury Crash,04/10/2018 15:04,County,RIDGE RD,OBSERVATION DR,,N/A,PEDESTRIAN,SINGLE VEHICLE,CLEAR,DRY,DAYLIGHT,TRAFFIC SIGNAL,N/A,UNKNOWN,CA7C085C-E3F3-41B1-B287-FD4E51CE205C,PEDESTRIAN,Cross/Enter at Intersection,IN ROADWAY IMPROPERLY,ON ROADWAY AT CROSSWALK,Yes,SUSPECTED SERIOUS INJURY,NONE,39.201955,-77.253035,"    (39.201955, -77.253035)"
MCP209400B9,180017399,Montgomery County Police,Injury Crash,04/10/2018 11:57,,,,"PARKING LOT OF
10215 FERNWOOD RD",,PEDESTRIAN,OTHER,CLEAR,,DAYLIGHT,N/A,NONE DETECTED,NONE DETECTED,811BE290-D9A6-4769-B2EC-EAAFF1753E95,PEDESTRIAN,Other,INATTENTIVE,OTHER,Yes,SUSPECTED MINOR INJURY,N/A,39.023845,-77.135055,"    (39.023845, -77.135055)"
MCP2656002V,180017252,Montgomery County Police,Injury Crash,04/09/2018 15:55,,,,PARKING LOT OF 11271 NEW HAMPSHIRE AVENUE,,PEDESTRIAN,OTHER,N/A,,DAYLIGHT,N/A,N/A,N/A,CDEBB515-229C-4191-AEEA-CB759945E608,PEDESTRIAN,Other,OTHER,OTHER,Yes,POSSIBLE INJURY,N/A,39.04141333,-76.98998167,"    (39.04141333, -76.98998167)"
MCP27980040,180016957,Montgomery County Police,Injury Crash,04/08/2018 0:32,Maryland (State),S FREDERICK RD,W DEER PARK RD,,GAITHERSBURG,PEDESTRIAN,OTHER,CLEAR,DRY,DARK LIGHTS ON,TRAFFIC SIGNAL,NONE DETECTED,NONE DETECTED,F523F66D-43BE-4449-AF8C-72EC485BF5E9,PEDESTRIAN,Cross/Enter not at Intersection,DART DASH,ON ROADWAY NOT AT CROSSWALK,Yes,POSSIBLE INJURY,NONE,39.132195,-77.18935333,"    (39.132195, -77.18935333)"
MCP1148002C,180016886,Montgomery County Police,Injury Crash,04/07/2018 11:35,County,BATTERY LA,KEYSTONE AVE,,N/A,BICYCLIST,SINGLE VEHICLE,CLOUDY,DRY,DAYLIGHT,NO CONTROLS,UNKNOWN,NONE DETECTED,7064F412-0FEC-481E-8F7C-ACC2F526EBC0,BICYCLIST,Cross/Enter at Intersection,NO IMPROPER ACTIONS,ON ROADWAY AT CROSSWALK,No,SUSPECTED MINOR INJURY,NONE,38.99263167,-77.09844,"    (38.99263167, -77.09844)"
EJ7852001X,180016641,Gaithersburg Police Depar,Injury Crash,04/05/2018 23:20,Maryland (State),QUINCE ORCHARD RD,FIRSTFIELD RD,,GAITHERSBURG,PEDESTRIAN,N/A,CLEAR,DRY,DARK LIGHTS ON,N/A,NONE DETECTED,NONE DETECTED,AB684A85-0DF5-4498-9605-FBFD361B6EF0,PEDESTRIAN,Unknown,UNKNOWN,N/A,Unknown,POSSIBLE INJURY,N/A,39.14602935,-77.21957445,"    (39.14602935, -77.21957445)"
MCP3048002Z,180016053,Montgomery County Police,Injury Crash,04/03/2018 8:15,,,,PARKING LOT IN FRONT OF 6920 ARLINGTON RD,,PEDESTRIAN,OTHER,CLEAR,,DAYLIGHT,NO CONTROLS,NONE DETECTED,NONE DETECTED,86956F6D-6596-401E-A8F1-501C3D9114B5,PEDESTRIAN,Other,NO IMPROPER ACTIONS,OTHER,No,POSSIBLE INJURY,N/A,38.97707667,-77.09704667,"    (38.97707667, -77.09704667)"
MCP20460085,180015862,Montgomery County Police,Injury Crash,04/02/2018 6:12,Maryland (State),EAST WEST HWY,BLAIR MILL RD,,N/A,PEDESTRIAN,STRAIGHT MOVEMENT ANGLE,RAINING,WET,DARK LIGHTS ON,N/A,NONE DETECTED,NONE DETECTED,9F2CE912-9E6B-4A55-AFFC-8A0DBED68AAA,PEDESTRIAN,Other,NO IMPROPER ACTIONS,SIDEWALK,No,SUSPECTED MINOR INJURY,NONE,38.99097,-77.02962833,"    (38.99097, -77.02962833)"
MCP30840018,180015790,Montgomery County Police,Injury Crash,04/01/2018 14:29,Maryland (State),OLD GEORGETOWN RD,BEECH AVE,,N/A,PEDESTRIAN,OTHER,CLEAR,DRY,DAYLIGHT,N/A,NONE DETECTED,NONE DETECTED,340DEE90-79E9-4AE6-9EF9-E69452B4681B,PEDESTRIAN,Other,IN ROADWAY IMPROPERLY,ON ROADWAY NOT AT CROSSWALK,Yes,POSSIBLE INJURY,NONE,39.01048417,-77.11502183,"    (39.01048417, -77.11502183)"
MCP1213003P,180015705,Montgomery County Police,Injury Crash,03/31/2018 09:00:00 PM,Maryland (State),NEW HAMPSHIRE AVE,TREE LAWN DR,,N/A,PEDESTRIAN,SAME DIR REAR END,CLEAR,DRY,DARK LIGHTS ON,NO CONTROLS,NONE DETECTED,NONE DETECTED,B7661987-D701-4BDD-9A04-35EFE2AF35E4,PEDESTRIAN,Standing,NO IMPROPER ACTIONS,ON ROADWAY NOT AT CROSSWALK,No,SUSPECTED SERIOUS INJURY,REFLECTIVE CLOTHING,39.14524833,-77.00562,"    (39.14524833, -77.00562)"
MCP30390024,180015700,Montgomery County Police,Injury Crash,03/31/2018 08:35:00 PM,Municipality,DUPONT AVE,CONNECTICUT AVE,,N/A,PEDESTRIAN,OTHER,CLEAR,DRY,DARK LIGHTS ON,STOP SIGN,UNKNOWN,NONE DETECTED,93627E00-87A0-4A44-882C-0DD7709663FA,PEDESTRIAN,Cross/Enter at Intersection,NO IMPROPER ACTIONS,ON ROADWAY AT CROSSWALK,No,POSSIBLE INJURY,NONE,39.02793667,-77.07792,"    (39.02793667, -77.07792)"
DD5603005P,180015684,Rockville Police Departme,Injury Crash,03/31/2018 06:00:00 PM,,,,1643B ROCKVILLE PIKE (PARKING LOT/STORE),,PEDESTRIAN,SINGLE VEHICLE,CLEAR,,DAYLIGHT,NO CONTROLS,NONE DETECTED,NONE DETECTED,0D61A38D-32E9-48CD-AAF0-24BD4C7C062F,PEDESTRIAN,Walking/Cycling on Sidewalk,NO IMPROPER ACTIONS,SIDEWALK,No,SUSPECTED MINOR INJURY,N/A,39.06219902,-77.12715626,"    (39.06219902, -77.12715626)"
DD5603005P,180015684,Rockville Police Departme,Injury Crash,03/31/2018 06:00:00 PM,,,,1643B ROCKVILLE PIKE (PARKING LOT/STORE),,PEDESTRIAN,SINGLE VEHICLE,CLEAR,,DAYLIGHT,NO CONTROLS,NONE DETECTED,NONE DETECTED,B2DB1C33-2312-47B7-A458-3D2A4B6B51B4,PEDESTRIAN,Standing,NO IMPROPER ACTIONS,INSIDE BUILDING,No,SUSPECTED MINOR INJURY,N/A,39.06219902,-77.12715626,"    (39.06219902, -77.12715626)"
MCP2693002G,180015547,Montgomery County Police,Injury Crash,03/30/2018 07:54:00 PM,County,ASPEN HILL RD,FRANKFORT DR,,N/A,PEDESTRIAN,SINGLE VEHICLE,CLEAR,DRY,DARK LIGHTS ON,NO CONTROLS,NONE DETECTED,NONE DETECTED,6BC79343-D2B1-420B-88BB-EA9ED47498FB,PEDESTRIAN,Cross/Enter at Intersection,NO IMPROPER ACTIONS,ON ROADWAY AT CROSSWALK,No,SUSPECTED MINOR INJURY,N/A,39.07955,-77.08385333,"    (39.07955, -77.08385333)"
MCP1389001K,180015217,Montgomery County Police,Injury Crash,03/28/2018 07:55:00 PM,,,,PARKING LOT OF 7200 MUNCASTER MILL RD (MCDONALD'S),,PEDESTRIAN,SINGLE VEHICLE,RAINING,,DARK LIGHTS ON,N/A,N/A,NONE DETECTED,67BA1FEC-CE1F-48A8-9BA8-70738C361A44,PEDESTRIAN,Other Working,NO IMPROPER ACTIONS,OTHER,No,SUSPECTED MINOR INJURY,N/A,39.14563667,-77.14467333,"    (39.14563667, -77.14467333)"
MCP3099000C,180015076,Montgomery County Police,Injury Crash,03/27/2018 08:45:00 PM,,,,PARKING LOT IN FRONT OF GIANT FOOD LOCATED AT 20944 FREDERICK RD GERMANTOWN MD 20876,,PEDESTRIAN,OTHER,CLEAR,,OTHER,NO CONTROLS,,NONE DETECTED,F3B88AAE-F3D6-4496-BF36-9901F1BFE23B,PEDESTRIAN,Standing,NO IMPROPER ACTIONS,OTHER,No,SUSPECTED MINOR INJURY,N/A,39.20291222,-77.24689543,"    (39.20291222, -77.24689543)"
MCP29540053,180014875,Montgomery County Police,Property Damage Crash,03/26/2018 06:05:00 PM,County,WABASH AVE,GARLAND AVE,,N/A,BICYCLIST,SAME DIRECTION SIDESWIPE,CLEAR,DRY,DAYLIGHT,NO CONTROLS,NONE DETECTED,UNKNOWN,24CC242C-D3FE-40EA-90B7-CD6D185EF9EC,BICYCLIST,Other,WRONG WAY RIDING OR WALKING,ON ROADWAY NOT AT CROSSWALK,Yes,NO APPARENT INJURY,UNKNOWN,38.99400833,-77.00075667,"    (38.99400833, -77.00075667)"
MCP3076001G,180014777,Montgomery County Police,Injury Crash,03/26/2018 06:35:00 AM,Maryland (State),COLESVILLE RD,EAST WEST HWY,,N/A,PEDESTRIAN,HEAD ON LEFT TURN,CLEAR,DRY,DUSK,TRAFFIC SIGNAL,NONE DETECTED,NONE DETECTED,8D345FFD-05AD-499E-9DF3-F708E04D424C,PEDESTRIAN,Cross/Enter at Intersection,IN ROADWAY IMPROPERLY,ON ROADWAY AT CROSSWALK,Yes,POSSIBLE INJURY,NONE,38.9932395,-77.03198333,"    (38.9932395, -77.03198333)"
DD5612002B,180014384,Rockville Police Departme,Injury Crash,03/23/2018 03:04:00 PM,,,,PARKING LOT OF 625 HUNGERFORD DR,,PEDESTRIAN,OTHER,CLEAR,,DAYLIGHT,NO CONTROLS,NONE DETECTED,NONE DETECTED,CE184A02-ABA8-4CC4-A75D-216FE7AA9224,PEDESTRIAN,Standing,NO IMPROPER ACTIONS,OTHER,No,POSSIBLE INJURY,N/A,39.09222667,-77.15240333,"    (39.09222667, -77.15240333)"
MCP3022001N,180015324,Montgomery County Police,Injury Crash,03/22/2018 12:30:00 PM,,,,"PARKING LOT OF 7ELEVEN LOCATED AT 13001 WISTERIA DRIVE, GERMANTOWN, MD 20874",,PEDESTRIAN,OPPOSITE DIR BOTH LEFT TURN,CLEAR,,DAYLIGHT,STOP SIGN,UNKNOWN,UNKNOWN,FA9A83C1-92ED-4AB6-A0EC-F198348119E8,PEDESTRIAN,Cross/Enter at Intersection,N/A,AT INTERSECTION BUT NO CROSSWALK,No,SUSPECTED MINOR INJURY,N/A,39.17844221,-77.27031916,"    (39.17844221, -77.27031916)"
MCP2254001K,180010389,Montgomery County Police,Injury Crash,03/22/2018 10:13:00 AM,,LIMPKIN AVE,DOVEKIE AVE,,N/A,PEDESTRIAN,SINGLE VEHICLE,CLEAR,WET,DAYLIGHT,NO CONTROLS,NONE DETECTED,NONE DETECTED,88EDBFBE-434D-44F8-AB8D-E13A6473B20C,PEDESTRIAN,Standing,NO IMPROPER ACTIONS,OTHER,No,SUSPECTED MINOR INJURY,N/A,39.227115,-77.28964667,"    (39.227115, -77.28964667)"
MCP1564002Z,180011748,Montgomery County Police,Injury Crash,03/21/2018 09:45:00 AM,,,,"PKG LOT OF SHOPPERS FOOD WAREHOUSE LOCATED AT 18140 VILLAGE MART DRIVE, OLNEY, MD 20832",,PEDESTRIAN,OTHER,CLEAR,,DAYLIGHT,OTHER,UNKNOWN,NONE DETECTED,B22F3232-C44E-45EB-95B8-45DA029F4791,PEDESTRIAN,Cross/Enter at Intersection,NO IMPROPER ACTIONS,ON ROADWAY AT CROSSWALK,No,POSSIBLE INJURY,NONE,39.15323882,-77.06484854,"    (39.15323882, -77.06484854)"
MCP271700GQ,180013953,Montgomery County Police,Injury Crash,03/20/2018 05:30:00 PM,,,,5144 NICHOLSON LANE (COMMERCIAL PARKING LOT),,PEDESTRIAN,OTHER,RAINING,,DAYLIGHT,NO CONTROLS,NONE DETECTED,NONE DETECTED,3C2A41BB-F4C8-47E0-B3D8-7191AC82B685,PEDESTRIAN,Other,NO IMPROPER ACTIONS,OTHER,No,SUSPECTED MINOR INJURY,NONE,39.04385167,-77.105115,"    (39.04385167, -77.105115)"
MCP2586003S,180013749,Montgomery County Police,Injury Crash,03/19/2018 07:55:00 PM,US (State),COLUMBIA PIKE,MUSGROVE RD,,N/A,PEDESTRIAN,OTHER,CLEAR,DRY,DARK LIGHTS ON,TRAFFIC SIGNAL,NONE DETECTED,NONE DETECTED,9B80A27C-2F8F-4610-A0E6-1DB1C1091348,PEDESTRIAN,Cross/Enter at Intersection,NO IMPROPER ACTIONS,ON ROADWAY AT CROSSWALK,No,SUSPECTED MINOR INJURY,N/A,39.06757,-76.95975,"    (39.06757, -76.95975)"
MCP3090000F,180013744,Montgomery County Police,Injury Crash,03/19/2018 06:40:00 PM,Maryland (State),S FREDERICK RD,EDUCATION BLVD,,GAITHERSBURG,BICYCLIST,STRAIGHT MOVEMENT ANGLE,CLEAR,DRY,DAYLIGHT,TRAFFIC SIGNAL,N/A,NONE DETECTED,6A39D90A-D362-4E2D-A986-13467BF5A52D,BICYCLIST,Walking/Cycling on Sidewalk,NO IMPROPER ACTIONS,SIDEWALK,No,POSSIBLE INJURY,UNKNOWN,39.13530167,-77.19155167,"    (39.13530167, -77.19155167)"
MCP14380061,180013635,Montgomery County Police,Injury Crash,03/19/2018 10:05:00 AM,Maryland (State),WOODFIELD RD,FLOWER HILL WAY,,N/A,PEDESTRIAN,OTHER,CLEAR,DRY,DAYLIGHT,TRAFFIC SIGNAL,NONE DETECTED,NONE DETECTED,43E3BF8A-96A7-411E-9972-6F65347B223E,PEDESTRIAN,Walking/Riding against Traffic,FAILURE TO OBEY TRAFFIC SIGNS SIGNALS OR OFFICER,AT INTERSECTION MARKED CROSSWALK,Yes,POSSIBLE INJURY,NONE,39.156185,-77.16531333,"    (39.156185, -77.16531333)"
MCP1221004S,180013625,Montgomery County Police,Injury Crash,03/19/2018 08:48:00 AM,,,,PARKING LOT OF 100 TSCHIFFELY SQUARE RD,,PEDESTRIAN,SINGLE VEHICLE,CLEAR,,DAYLIGHT,NO CONTROLS,NONE DETECTED,NONE DETECTED,C6EBDEAA-6365-4BF8-82DB-C73A9E3EEFF7,PEDESTRIAN,Walking to/from school,NO IMPROPER ACTIONS,OTHER,No,SUSPECTED MINOR INJURY,N/A,39.11766833,-77.24671667,"    (39.11766833, -77.24671667)"
MCP30570010,180013496,Montgomery County Police,Injury Crash,03/18/2018 11:39:00 AM,County,BARNESVILLE RD,PEACH TREE RD,,N/A,BICYCLIST,STRAIGHT MOVEMENT ANGLE,CLEAR,DRY,DAYLIGHT,STOP SIGN,NONE DETECTED,NONE DETECTED,7DC7116E-A28E-4B80-A22C-67CD06D82378,BICYCLIST,Cross/Enter at Intersection,FAILURE TO OBEY TRAFFIC SIGNS SIGNALS OR OFFICER,AT INTERSECTION BUT NO CROSSWALK,Yes,POSSIBLE INJURY,MC/BIKE HELMET,39.21530833,-77.35591833,"    (39.21530833, -77.35591833)"
MCP2046007Z,180012779,Montgomery County Police,Injury Crash,03/14/2018 09:13:00 AM,Maryland (State),COLESVILLE RD,SECOND AVE,,N/A,BICYCLIST,SAME DIRECTION SIDESWIPE,CLEAR,DRY,DAYLIGHT,TRAFFIC SIGNAL,NONE DETECTED,N/A,913E355F-B4D7-4C49-ACF5-86777AA962E3,BICYCLIST,Walking/Riding w/Traffic,OTHER,OTHER,No,POSSIBLE INJURY,MC/BIKE HELMET,38.99514387,-77.02976525,"    (38.99514387, -77.02976525)"
MCP21160088,180012621,Montgomery County Police,Injury Crash,03/13/2018 02:23:00 PM,County,SENECA RD,RIVER RD,,N/A,OTHER,SINGLE VEHICLE,CLEAR,DRY,DAYLIGHT,NO CONTROLS,NONE DETECTED,N/A,3B056425-16AD-4B03-8DBD-B7FB1158481A,OTHER,N/A,N/A,N/A,No,NO APPARENT INJURY,N/A,39.07867167,-77.33052833,"    (39.07867167, -77.33052833)"
MCP31500006,180012483,Montgomery County Police,Injury Crash,03/12/2018 18:08,County,WAYNE AVE,CEDAR ST,,N/A,PEDESTRIAN,N/A,CLEAR,DRY,DAYLIGHT,NO CONTROLS,NONE DETECTED,NONE DETECTED,563E2646-6FA0-4FAE-BD5B-58F56A582213,PEDESTRIAN,Other,UNKNOWN,ON ROADWAY AT CROSSWALK,No,SUSPECTED MINOR INJURY,NONE,38.99688,-77.022125,"    (38.99688, -77.022125)"
MCP3126000C,180012207,Montgomery County Police,Injury Crash,03/10/2018 16:30,,,,PARKING LOT AT 19411 BRASSIE PLACE,,PEDESTRIAN,SINGLE VEHICLE,UNKNOWN,,DAYLIGHT,N/A,UNKNOWN,UNKNOWN,DC126F32-ECF9-4464-97DE-3EE1903A9524,PEDESTRIAN,Other,UNKNOWN,SIDEWALK,No,POSSIBLE INJURY,N/A,39.17836,-77.23833,"    (39.17836, -77.23833)"
MCP3122000C,180012110,Montgomery County Police,Injury Crash,03/10/2018 11:50,,,,13884 GEORGIA AVE (ROY ROGERS PARKING LOT ENTRANCE),,PEDESTRIAN,OTHER,CLEAR,,DAYLIGHT,STOP SIGN,NONE DETECTED,NONE DETECTED,19CB16A9-192D-47A7-B825-90E9AA10F7C9,PEDESTRIAN,Cross/Enter not at Intersection,NO IMPROPER ACTIONS,DRIVEWAY ACCESS MARKED CROSSWALK,No,SUSPECTED MINOR INJURY,NONE,39.08201133,-77.0771855,"    (39.08201133, -77.0771855)"
DD5624000G,180011754,Rockville Police Departme,Injury Crash,03/08/2018 13:25,Municipality,KING FARM BLVD,PICCARD DR,,ROCKVILLE,PEDESTRIAN,OTHER,CLEAR,DRY,DAYLIGHT,STOP SIGN,ALCOHOL PRESENT,NONE DETECTED,66E4D4DF-9C97-48C5-9E53-DC30CEC8DFBD,PEDESTRIAN,Cross/Enter at Intersection,NO IMPROPER ACTIONS,AT INTERSECTION MARKED CROSSWALK,No,SUSPECTED MINOR INJURY,N/A,39.11058284,-77.18243122,"    (39.11058284, -77.18243122)"
MCP3096000G,180011751,Montgomery County Police,Injury Crash,03/08/2018 13:07,Ramp,RAMP 9 FR IS 370 EB TO SHADY GROVE RD,MT PLEASANT AVE (AHEAD),,N/A,PEDESTRIAN,SINGLE VEHICLE,CLEAR,DRY,DAYLIGHT,TRAFFIC SIGNAL,NONE DETECTED,NONE DETECTED,643EEB08-98D9-411B-B485-442593CAE645,PEDESTRIAN,Cross/Enter at Intersection,NO IMPROPER ACTIONS,ON ROADWAY AT CROSSWALK,No,SUSPECTED MINOR INJURY,NONE,39.12055788,-77.18029618,"    (39.12055788, -77.18029618)"
MCP21160086,180011693,Montgomery County Police,Injury Crash,03/08/2018 7:34,County,GAINSBOROUGH RD,ENID DR,,N/A,PEDESTRIAN,STRAIGHT MOVEMENT ANGLE,CLEAR,DRY,DAYLIGHT,NO CONTROLS,NONE DETECTED,NONE DETECTED,E5B2A777-D274-40F8-8F3E-04B9B0F380DC,PEDESTRIAN,Walking to/from school,DART DASH,ON ROADWAY NOT AT CROSSWALK,Yes,POSSIBLE INJURY,NONE,39.04629167,-77.16886333,"    (39.04629167, -77.16886333)"
MCP2954004Y,180011396,Montgomery County Police,Injury Crash,03/06/2018 15:34,Maryland (State),PINEY BRANCH RD,ARLISS ST,,N/A,PEDESTRIAN,N/A,CLOUDY,WET,DAYLIGHT,NO CONTROLS,NONE DETECTED,NONE DETECTED,24977CF6-9A19-42DD-8AE1-657819924F20,PEDESTRIAN,Other,INATTENTIVE,N/A,Yes,SUSPECTED MINOR INJURY,NONE,38.99864593,-76.99937582,"    (38.99864593, -76.99937582)"
EJ78260034,180011319,Gaithersburg Police Depar,Injury Crash,03/06/2018 7:20,,TEACHERS WAY,N SUMMIT AVE,,N/A,PEDESTRIAN,OTHER,CLOUDY,DRY,DAYLIGHT,STOP SIGN,N/A,N/A,AB9F4CD6-8A11-49D9-B805-C2C5429574A8,PEDESTRIAN,Cross/Enter at Intersection,NO IMPROPER ACTIONS,AT INTERSECTION MARKED CROSSWALK,No,POSSIBLE INJURY,NONE,39.14313995,-77.19301924,"    (39.14313995, -77.19301924)"
DD5611004L,180011267,Rockville Police Departme,Property Damage Crash,03/05/2018 17:50,Municipality,TOWER OAKS BLVD,WOOTTON PKWY,,ROCKVILLE,BICYCLIST,OTHER,CLEAR,DRY,DUSK,NO CONTROLS,NONE DETECTED,NONE DETECTED,D47345D4-E13F-494D-B4EC-5F5A0411E438,BICYCLIST,Walking/Riding w/Traffic,NO IMPROPER ACTIONS,IN BIKEWAY,No,NO APPARENT INJURY,MC/BIKE HELMET,39.06582,-77.15411167,"    (39.06582, -77.15411167)"
MCP23530053,180011153,Montgomery County Police,Injury Crash,03/05/2018 8:12,County,NEWPORT MILL RD,UNIVERSITY BLVD W,,N/A,PEDESTRIAN,SINGLE VEHICLE,CLEAR,DRY,DAYLIGHT,PERSON,NONE DETECTED,NONE DETECTED,A1321944-CFBF-4285-8BEC-63AC04DD3CCB,PEDESTRIAN,Cross/Enter at Intersection,NO IMPROPER ACTIONS,ON ROADWAY AT CROSSWALK,No,POSSIBLE INJURY,NONE,39.03391951,-77.07243919,"    (39.03391951, -77.07243919)"
MCP2675001N,180011131,Montgomery County Police,Injury Crash,03/05/2018 5:34,Maryland (State),UNIVERSITY BLVD W,AMHERST AVE,,N/A,PEDESTRIAN,STRAIGHT MOVEMENT ANGLE,N/A,DRY,DARK LIGHTS ON,FLASHING TRAFFIC SIGNAL,NONE DETECTED,NONE DETECTED,26F28AE7-2B58-4FA8-B741-D05E7EEC807C,PEDESTRIAN,Cross/Enter at Intersection,DART DASH,ON ROADWAY AT CROSSWALK,Yes,SUSPECTED SERIOUS INJURY,N/A,39.04130667,-77.04821833,"    (39.04130667, -77.04821833)"
MCP31000007,180011106,Montgomery County Police,Injury Crash,03/04/2018 10:40,,,,"PARKING LOT OF ""BIG LOTS"" 19000 BLOCK OF MONTGOMERY VILLAGE AVE",,PEDESTRIAN,SINGLE VEHICLE,CLEAR,,DAYLIGHT,N/A,UNKNOWN,N/A,262C3E01-4546-45CE-BC6B-D3FF280FC855,PEDESTRIAN,Other,NO IMPROPER ACTIONS,OTHER,No,POSSIBLE INJURY,N/A,39.16887827,-77.20541775,"    (39.16887827, -77.20541775)"
MCP2917002H,180010939,Montgomery County Police,Injury Crash,03/03/2018 16:00,County,GRAND PRE RD,BEL PRE RD,,N/A,PEDESTRIAN,OTHER,CLEAR,DRY,DAYLIGHT,NO CONTROLS,NONE DETECTED,NONE DETECTED,E78E761F-2FF7-4606-9E64-C65B56D3F435,PEDESTRIAN,Other,NO IMPROPER ACTIONS,SIDEWALK,No,POSSIBLE INJURY,NONE,39.09123833,-77.07625667,"    (39.09123833, -77.07625667)"
MCP2680002C,180010844,Montgomery County Police,Injury Crash,03/02/2018 20:38,Maryland (State),EAST WEST HWY,W FALKLAND LA,,N/A,PEDESTRIAN,SAME DIRECTION SIDESWIPE,SEVERE WINDS,DRY,DARK LIGHTS ON,NO CONTROLS,NONE DETECTED,NONE DETECTED,510BFEE9-006E-41B8-A0D9-9DAD55175D33,PEDESTRIAN,Other,FAILURE TO YIELD RIGHT OF WAY,SHOULDER,Yes,SUSPECTED MINOR INJURY,NONE,38.99265167,-77.031735,"    (38.99265167, -77.031735)"