Report Number,Local Case Number,Agency Name,ACRS Report Type,Crash Date/Time,Route Type,Road Name,Cross-Street Name,Off-Road Description,Municipality,Related Non-Motorist,Collision Type,Weather,Surface Condition,Light,Traffic Control,Driver Substance Abuse,Non-Motorist Substance Abuse,Person ID,Pedestrian Type,Pedestrian Movement,Pedestrian Actions,Pedestrian Location,At Fault,Injury Severity,Safety Equipment,Latitude,Longitude,Location
DM8456001L,180010667,Takoma Park Police Depart,Injury Crash,03/01/2018 18:30,,,,1300 HOLTON LN (PARKING LOT),,PEDESTRIAN,SINGLE VEHICLE,RAINING,,DUSK,NO CONTROLS,N/A,NONE DETECTED,CDC6C6A5-8810-4A0E-A1CB-E842E24A772A,PEDESTRIAN,Other,NO IMPROPER ACTIONS,OTHER,No,SUSPECTED MINOR INJURY,NONE,38.98627833,-76.98751833,"    (38.98627833, -76.98751833)"
MCP27610020,180010217,Montgomery County Police,Injury Crash,02/27/2018 05:25:00 PM,,,,"PARKING LOT OF
19718 GERMANTOWN ROAD (SAFEWAY)",,PEDESTRIAN,OTHER,CLEAR,,DAYLIGHT,NO CONTROLS,NONE DETECTED,NONE DETECTED,99E747E8-217B-4FA4-8BF2-067B385D1F4A,PEDESTRIAN,Other,NO IMPROPER ACTIONS,MIDBLOCK MARKED CROSSWALK,No,POSSIBLE INJURY,NONE,39.18079894,-77.26593375,"    (39.18079894, -77.26593375)"
MCP28820027,180010216,Montgomery County Police,Injury Crash,02/27/2018 03:30:00 PM,,WONDERLAND WAY,CHALET DRIVE,,N/A,OTHER,SINGLE VEHICLE,CLEAR,DRY,DAYLIGHT,NO CONTROLS,NONE DETECTED,N/A,6F0BCEBC-AD0F-4FFE-8D06-5F295ED47110,OTHER,Cross/Enter at Intersection,INATTENTIVE,ON ROADWAY NOT AT CROSSWALK,Yes,SUSPECTED MINOR INJURY,NONE,39.1552345,-77.27295712,"    (39.1552345, -77.27295712)"
MCP10200031,180009851,Montgomery County Police,Injury Crash,02/26/2018 09:04:00 AM,County,BOLAND FARM RD,FREDERICK RD,,N/A,BICYCLIST,OTHER,CLEAR,DRY,DAYLIGHT,OTHER,NONE DETECTED,NONE DETECTED,431C6187-045B-45A6-9A44-E8243F9A54BD,BICYCLIST,Cross/Enter at Intersection,NO IMPROPER ACTIONS,ON ROADWAY AT CROSSWALK,No,SUSPECTED SERIOUS INJURY,UNKNOWN,39.195328,-77.2446005,"    (39.195328, -77.2446005)"
MCP22600020,180009993,Montgomery County Police,Injury Crash,02/26/2018 07:34:00 AM,Municipality,W EDMONSTON DR,WOOTTON PKWY,,ROCKVILLE,PEDESTRIAN,OTHER,N/A,DRY,DARK LIGHTS ON,OTHER,N/A,N/A,E433CC09-8F0B-48CF-BDFB-11410FC193B5,PEDESTRIAN,Cross/Enter at Intersection,NO IMPROPER ACTIONS,ON ROADWAY AT CROSSWALK,No,SUSPECTED MINOR INJURY,NONE,39.0736,-77.13734167,"    (39.0736, -77.13734167)"
MCP23140014,180009646,Montgomery County Police,Injury Crash,02/24/2018 08:16:00 PM,County,S GLEN RD,DEEP GLEN DR,,N/A,PEDESTRIAN,OTHER,RAINING,WET,DARK NO LIGHTS,N/A,NONE DETECTED,NONE DETECTED,3269E4C8-91A3-491E-BB34-A610234567D1,PEDESTRIAN,Other,NO IMPROPER ACTIONS,OTHER,No,SUSPECTED MINOR INJURY,REFLECTIVE CLOTHING,39.0358,-77.21754833,"    (39.0358, -77.21754833)"
MCP29480029,180009623,Montgomery County Police,Injury Crash,02/24/2018 05:10:00 PM,Maryland (State),GEORGIA AVE,PRICE AVE,,N/A,PEDESTRIAN,OTHER,RAINING,WET,DAYLIGHT,N/A,NONE DETECTED,NONE DETECTED,833B8594-1005-4A97-93F2-BCF2E1BFCB06,PEDESTRIAN,Cross/Enter at Intersection,NO IMPROPER ACTIONS,AT INTERSECTION MARKED CROSSWALK,No,SUSPECTED MINOR INJURY,NONE,39.04027,-77.05134167,"    (39.04027, -77.05134167)"
MCP29840010,180009366,Montgomery County Police,Injury Crash,02/23/2018 07:24:00 AM,Maryland (State),GREAT SENECA HWY,COTTAGE GARDEN DR,,N/A,PEDESTRIAN,OTHER,RAINING,WET,DAYLIGHT,TRAFFIC SIGNAL,UNKNOWN,NONE DETECTED,42BE50B7-B5CC-4107-9947-38FC5491123B,PEDESTRIAN,Cross/Enter at Intersection,NO IMPROPER ACTIONS,AT INTERSECTION MARKED CROSSWALK,Unknown,SUSPECTED MINOR INJURY,N/A,39.15330833,-77.27789,"    (39.15330833, -77.27789)"
MCP31500001,180009460,Montgomery County Police,Injury Crash,02/22/2018 04:30:00 PM,Maryland (State),16TH ST,SECOND AVE,,N/A,PEDESTRIAN,OTHER,CLEAR,DRY,DAYLIGHT,OTHER,UNKNOWN,NONE DETECTED,ED8D07EA-2271-400C-9141-B394978A6743,PEDESTRIAN,Cross/Enter at Intersection,UNKNOWN,AT INTERSECTION MARKED CROSSWALK,No,SUSPECTED MINOR INJURY,NONE,39.0031452,-77.04001933,"    (39.0031452, -77.04001933)"
DM8463000L,180009268,Takoma Park Police Depart,Injury Crash,02/22/2018 03:18:00 PM,,,,"PARKING LOT OF 6300 NEW HAMPSHIRE AVE, TAKOMA PARK, MD 20912",,PEDESTRIAN,SINGLE VEHICLE,RAINING,,DAYLIGHT,N/A,UNKNOWN,N/A,C8346045-CF2B-469F-807E-94ADB11BB7AE,PEDESTRIAN,Standing,OTHER,OTHER,No,SUSPECTED SERIOUS INJURY,N/A,38.96627446,-77.00259447,"    (38.96627446, -77.00259447)"
DM8463000L,180009268,Takoma Park Police Depart,Injury Crash,02/22/2018 03:18:00 PM,,,,"PARKING LOT OF 6300 NEW HAMPSHIRE AVE, TAKOMA PARK, MD 20912",,PEDESTRIAN,SINGLE VEHICLE,RAINING,,DAYLIGHT,N/A,UNKNOWN,N/A,63F0D7A9-9EEC-47FC-B271-8A8ADD51072B,PEDESTRIAN,Standing,OTHER,OTHER,No,SUSPECTED SERIOUS INJURY,N/A,38.96627446,-77.00259447,"    (38.96627446, -77.00259447)"
DM8463000L,180009268,Takoma Park Police Depart,Injury Crash,02/22/2018 03:18:00 PM,,,,"PARKING LOT OF 6300 NEW HAMPSHIRE AVE, TAKOMA PARK, MD 20912",,PEDESTRIAN,SINGLE VEHICLE,RAINING,,DAYLIGHT,N/A,UNKNOWN,N/A,25AC5FF6-7020-4665-B6E0-1589CEBCE5FD,PEDESTRIAN,Standing,OTHER,OTHER,No,SUSPECTED SERIOUS INJURY,N/A,38.96627446,-77.00259447,"    (38.96627446, -77.00259447)"
MCP20820017,180008905,Montgomery County Police,Injury Crash,02/20/2018 09:57:00 PM,Maryland (State),GEORGIA AVE,REEDIE DR,,N/A,PEDESTRIAN,SINGLE VEHICLE,CLEAR,DRY,DARK LIGHTS ON,TRAFFIC SIGNAL,NONE DETECTED,N/A,028A7CE9-04CF-41B2-942A-E5558377EE9F,PEDESTRIAN,Cross/Enter at Intersection,FAILURE TO OBEY TRAFFIC SIGNS SIGNALS OR OFFICER,ON ROADWAY AT CROSSWALK,Yes,POSSIBLE INJURY,N/A,39.039455,-77.05244167,"    (39.039455, -77.05244167)"
MCP25310012,180008862,Montgomery County Police,Injury Crash,02/20/2018 06:08:00 PM,,,,PARKING LOT OF 15 SCHOOL DR,,PEDESTRIAN,SINGLE VEHICLE,N/A,,DARK LIGHTS ON,N/A,N/A,N/A,A5660A69-82EB-4508-A8A3-5AD3D535B886,PEDESTRIAN,Playing,IN ROADWAY IMPROPERLY,OTHER,Yes,SUSPECTED SERIOUS INJURY,NONE,39.11929167,-77.21424667,"    (39.11929167, -77.21424667)"
MCP28120032,180008824,Montgomery County Police,Injury Crash,02/20/2018 03:30:00 PM,,,,GARAGE OF 1200 EAST WEST HWY,,PEDESTRIAN,OTHER,CLEAR,,DAYLIGHT,NO CONTROLS,N/A,N/A,625518B4-396E-4D33-BEDA-30FDE0F5E34A,PEDESTRIAN,Standing,NO IMPROPER ACTIONS,OTHER,No,POSSIBLE INJURY,NONE,38.99043833,-77.02949,"    (38.99043833, -77.02949)"
MCP2923003Z,180008625,Montgomery County Police,Injury Crash,02/19/2018 02:18:00 PM,County,RANDOLPH RD,GEORGIA AVE,,N/A,PEDESTRIAN,OTHER,RAINING,WET,DAYLIGHT,TRAFFIC SIGNAL,NONE DETECTED,N/A,184E3239-24E8-4164-B59D-D2D62124049C,PEDESTRIAN,Cross/Enter at Intersection,FAILURE TO OBEY TRAFFIC SIGNS SIGNALS OR OFFICER,AT INTERSECTION MARKED CROSSWALK,Yes,SUSPECTED MINOR INJURY,N/A,39.05820167,-77.04986667,"    (39.05820167, -77.04986667)"
HA23990016,18000178,Maryland-National Capital,Injury Crash,02/19/2018 01:34:00 PM,Government,LITTLE FALLS PKWY,ARLINGTON RD,,N/A,BICYCLIST,STRAIGHT MOVEMENT ANGLE,RAINING,WET,DAYLIGHT,WARNING SIGN,N/A,N/A,284C0FF4-C0A0-4DC3-8CE8-2BFC11F9A6A7,BICYCLIST,Cross/Enter not at Intersection,NO IMPROPER ACTIONS,ON ROADWAY AT CROSSWALK,Unknown,SUSPECTED MINOR INJURY,NONE,38.9733751,-77.10132524,"    (38.9733751, -77.10132524)"
DM8439001K,180008519,Takoma Park Police Depart,Injury Crash,02/18/2018 04:09:00 PM,Maryland (State),NEW HAMPSHIRE AVE,HOLTON LA,,TAKOMA PARK,PEDESTRIAN,OTHER,CLEAR,DRY,DAYLIGHT,TRAFFIC SIGNAL,N/A,N/A,E7FE4403-D598-482A-9A73-E02B0CB10745,PEDESTRIAN,Cross/Enter at Intersection,NO IMPROPER ACTIONS,ON ROADWAY AT CROSSWALK,No,POSSIBLE INJURY,N/A,38.98576833,-76.98817833,"    (38.98576833, -76.98817833)"
MCP2818003G,180008483,Montgomery County Police,Injury Crash,02/18/2018 11:03:00 AM,Maryland (State),GEORGIA AVE,FENWICK LA,,N/A,PEDESTRIAN,OTHER,CLEAR,WET,DAYLIGHT,N/A,NONE DETECTED,NONE DETECTED,203F7458-08C9-4988-BF6C-0D88CB22C7E5,PEDESTRIAN,Cross/Enter at Intersection,NO IMPROPER ACTIONS,ON ROADWAY AT CROSSWALK,No,POSSIBLE INJURY,N/A,38.99825821,-77.03059673,"    (38.99825821, -77.03059673)"
MCP2959003X,180008331,Montgomery County Police,Injury Crash,02/17/2018 05:59:00 AM,,,,DRIVEWAY OF 2305 SHOREFIELD ROAD,,PEDESTRIAN,STRAIGHT MOVEMENT ANGLE,CLEAR,,DARK LIGHTS ON,NO CONTROLS,NONE DETECTED,NONE DETECTED,504C9C76-F58B-4874-8B64-52E4C2AAB74A,PEDESTRIAN,Walking/Cycling on Sidewalk,NO IMPROPER ACTIONS,SIDEWALK,No,POSSIBLE INJURY,NONE,39.05302858,-77.05005616,"    (39.05302858, -77.05005616)"
EJ78640018,180008060,Gaithersburg Police Depar,Injury Crash,02/15/2018 08:42:00 PM,Municipality,MARKET ST E,LEANING OAK ST,,GAITHERSBURG,BICYCLIST,SINGLE VEHICLE,N/A,N/A,DARK LIGHTS ON,STOP SIGN,N/A,N/A,3C4B6754-69D6-4321-95C8-75C780C0BE27,BICYCLIST,Cross/Enter at Intersection,FAILURE TO OBEY TRAFFIC SIGNS SIGNALS OR OFFICER,ON ROADWAY NOT AT CROSSWALK,Yes,SUSPECTED MINOR INJURY,NONE,38.99778,-77.10976667,"    (38.99778, -77.10976667)"
MCP2722002Y,180008000,Montgomery County Police,Injury Crash,02/15/2018 04:32:00 PM,,,,PARKING LOT OF 5566 NORBECK RD,,PEDESTRIAN,SINGLE VEHICLE,CLEAR,,DAYLIGHT,NO CONTROLS,N/A,N/A,3E5A492E-A47F-401F-BBEB-0FF852549FD3,PEDESTRIAN,Cross/Enter not at Intersection,NO IMPROPER ACTIONS,ON ROADWAY NOT AT CROSSWALK,No,SUSPECTED MINOR INJURY,NONE,39.095125,-77.11114167,"    (39.095125, -77.11114167)"
MCP2951002H,180007798,Montgomery County Police,Injury Crash,02/14/2018 05:16:00 PM,,,,PARKING LOT OF 13671 GEORGIA AVE SILVER SPRING MD 20906,,PEDESTRIAN,OTHER,CLEAR,,DAYLIGHT,NO CONTROLS,NONE DETECTED,NONE DETECTED,1C488BE5-7957-495A-915E-A51B07CB4D35,PEDESTRIAN,Other,NO IMPROPER ACTIONS,OTHER,No,POSSIBLE INJURY,N/A,39.079834,-77.07288167,"    (39.079834, -77.07288167)"
MCP1205003Y,180007498,Montgomery County Police,Injury Crash,02/13/2018 10:35:00 AM,County,BROOKVILLE RD,ENT ARMY MED CTR,,N/A,BICYCLIST,HEAD ON LEFT TURN,CLEAR,DRY,DAYLIGHT,TRAFFIC SIGNAL,NONE DETECTED,NONE DETECTED,4E751561-8EF4-4DBC-8D45-0987CBBB6212,BICYCLIST,Walking/Riding w/Traffic,NO IMPROPER ACTIONS,ON ROADWAY AT CROSSWALK,No,SUSPECTED MINOR INJURY,MC/BIKE HELMET,39.00247,-77.05305333,"    (39.00247, -77.05305333)"
MCP2968001Z,180007389,Montgomery County Police,Injury Crash,02/12/2018 17:21,County,STONEBRIDGE VIEW DR,QUIETWOOD DR,,N/A,PEDESTRIAN,SINGLE VEHICLE,CLEAR,DRY,DAYLIGHT,NO CONTROLS,N/A,N/A,ECAF65C6-93AC-4DED-94E8-5371C9483137,PEDESTRIAN,Cross/Enter at Intersection,NO IMPROPER ACTIONS,ON ROADWAY AT CROSSWALK,No,SUSPECTED MINOR INJURY,N/A,39.091215,-77.21548833,"    (39.091215, -77.21548833)"
MCP94220013,180007337,Montgomery County Police,Injury Crash,02/12/2018 12:15,County,WAYNE AVE,RAMSEY AVE,,N/A,PEDESTRIAN,SINGLE VEHICLE,CLEAR,DRY,DAYLIGHT,TRAFFIC SIGNAL,NONE DETECTED,NONE DETECTED,350EFEB6-18A7-44FE-9DE6-616440837702,PEDESTRIAN,Cross/Enter at Intersection,NO IMPROPER ACTIONS,AT INTERSECTION MARKED CROSSWALK,No,SUSPECTED MINOR INJURY,NONE,38.99421333,-77.02914833,"    (38.99421333, -77.02914833)"
MCP23530052,180007295,Montgomery County Police,Injury Crash,02/12/2018 6:28,Maryland (State),BRADLEY BLVD,ARLINGTON RD,,N/A,PEDESTRIAN,SINGLE VEHICLE,RAINING,WET,DARK LIGHTS ON,PERSON,NONE DETECTED,NONE DETECTED,0ACE1C62-7F1F-4E5D-AC99-D6A1EC72A4FD,PEDESTRIAN,Cross/Enter at Intersection,NO IMPROPER ACTIONS,ON ROADWAY AT CROSSWALK,No,SUSPECTED SERIOUS INJURY,NONE,38.97819333,-77.09876833,"    (38.97819333, -77.09876833)"
MCP2986002D,180007293,Montgomery County Police,Injury Crash,02/12/2018 4:56,Maryland (State),16TH ST,SECOND AVE,,N/A,PEDESTRIAN,SINGLE VEHICLE,CLEAR,DRY,DARK LIGHTS ON,TRAFFIC SIGNAL,NONE DETECTED,NONE DETECTED,005E5857-5951-4599-AC12-AE7C78D18820,PEDESTRIAN,Cross/Enter at Intersection,NO IMPROPER ACTIONS,AT INTERSECTION MARKED CROSSWALK,No,SUSPECTED MINOR INJURY,NONE,39.00330167,-77.040185,"    (39.00330167, -77.040185)"
MCP3022001M,180007098,Montgomery County Police,Injury Crash,02/10/2018 19:33,Maryland (State),MAIN ST,WOODFIELD RD,,N/A,PEDESTRIAN,OTHER,FOGGY,WET,DARK LIGHTS ON,STOP SIGN,N/A,N/A,C812B247-5342-4441-A89C-3BD6F4DEE7E3,PEDESTRIAN,Unknown,NO IMPROPER ACTIONS,AT INTERSECTION MARKED CROSSWALK,No,SUSPECTED MINOR INJURY,N/A,39.28802667,-77.20246333,"    (39.28802667, -77.20246333)"
MCP2291002J,180007091,Montgomery County Police,Injury Crash,02/10/2018 19:01,,,,PARKING LOT OF 8504 16TH STREET,,PEDESTRIAN,SINGLE VEHICLE,RAINING,,DARK NO LIGHTS,NO CONTROLS,NONE DETECTED,NONE DETECTED,D4A7F2F4-DB9C-4745-BAFD-E36E113CBAD9,PEDESTRIAN,Other,NO IMPROPER ACTIONS,OTHER,No,SUSPECTED MINOR INJURY,NONE,38.99324,-77.07702,"    (38.99324, -77.07702)"
MCP23720007,180007020,Montgomery County Police,Injury Crash,02/10/2018 7:59,County,MACARTHUR BLVD,79TH ST,,N/A,BICYCLIST,SAME DIRECTION SIDESWIPE,CLOUDY,DRY,DAYLIGHT,N/A,UNKNOWN,NONE DETECTED,9164AABF-FF04-4F27-BB16-1ED47FE64EE2,BICYCLIST,Walking/Riding w/Traffic,NO IMPROPER ACTIONS,ON ROADWAY NOT AT CROSSWALK,No,SUSPECTED MINOR INJURY,MC/BIKE HELMET,38.97479,-77.16275,"    (38.97479, -77.16275)"
MCP137800KM,180006930,Montgomery County Police,Injury Crash,02/09/2018 18:26,County,LOST KNIFE RD,MONTGOMERY VILLAGE AVE,,N/A,PEDESTRIAN,SINGLE VEHICLE,CLOUDY,DRY,DARK LIGHTS ON,STOP SIGN,NONE DETECTED,NONE DETECTED,87BC848F-BA5A-43FB-B14C-631F03AEB6A3,PEDESTRIAN,Cross/Enter at Intersection,INATTENTIVE,SIDEWALK,No,SUSPECTED MINOR INJURY,NONE,39.157237,-77.20322371,"    (39.157237, -77.20322371)"
MCP2046007X,180006823,Montgomery County Police,Injury Crash,02/09/2018 8:59,County,CAMERON ST,SECOND AVE,,N/A,PEDESTRIAN,SAME DIRECTION SIDESWIPE,CLEAR,DRY,DAYLIGHT,TRAFFIC SIGNAL,NONE DETECTED,NONE DETECTED,51515A9D-6D81-4479-B754-903FE177A431,PEDESTRIAN,Standing,OTHER,ON ROADWAY NOT AT CROSSWALK,No,SUSPECTED SERIOUS INJURY,OTHER,38.996235,-77.03155,"    (38.996235, -77.03155)"
MCP242500BX,180006810,Montgomery County Police,Injury Crash,02/09/2018 7:05,County,11TH AVE,QUEBEC ST,,N/A,PEDESTRIAN,OTHER,CLEAR,DRY,DAYLIGHT,NO CONTROLS,UNKNOWN,NONE DETECTED,27BE7955-E585-40BE-9FD7-A746D0D13556,PEDESTRIAN,Cross/Enter at Intersection,NO IMPROPER ACTIONS,ON ROADWAY NOT AT CROSSWALK,No,SUSPECTED MINOR INJURY,NONE,38.99847333,-76.98876,"    (38.99847333, -76.98876)"
MCP3064000V,180006809,Montgomery County Police,Injury Crash,02/09/2018 6:25,County,NEWPORT MILL RD,VEIRS MILL RD,,N/A,PEDESTRIAN,OTHER,CLEAR,DRY,DUSK,TRAFFIC SIGNAL,NONE DETECTED,NONE DETECTED,9FC2BAFB-9C18-43FD-B9E5-806F4A753DBB,PEDESTRIAN,Cross/Enter at Intersection,UNKNOWN,AT INTERSECTION MARKED CROSSWALK,No,SUSPECTED SERIOUS INJURY,NONE,39.04501728,-77.06502289,"    (39.04501728, -77.06502289)"
MCP2777004C,180006738,Montgomery County Police,Injury Crash,02/08/2018 18:32,County,WOODMONT AVE,LELAND ST,,N/A,PEDESTRIAN,OTHER,CLEAR,DRY,DARK LIGHTS ON,NO CONTROLS,NONE DETECTED,NONE DETECTED,2BDE1849-F487-4AE9-A4A4-63A243CE1848,PEDESTRIAN,Cross/Enter not at Intersection,NO IMPROPER ACTIONS,MIDBLOCK MARKED CROSSWALK,No,SUSPECTED MINOR INJURY,NONE,38.98009667,-77.093525,"    (38.98009667, -77.093525)"
MCP26390033,180006633,Montgomery County Police,Injury Crash,02/08/2018 9:10,,,,PARKING LOT OF 10300 STRATHMORE HALL ST,,PEDESTRIAN,SAME DIR REAR END,CLEAR,,DAYLIGHT,NO CONTROLS,NONE DETECTED,NONE DETECTED,67B03AA6-9336-4913-B01F-2A2116C12270,PEDESTRIAN,Standing,NO IMPROPER ACTIONS,OTHER,No,POSSIBLE INJURY,N/A,39.02597833,-77.101655,"    (39.02597833, -77.101655)"
MCP3004002C,180006573,Montgomery County Police,Injury Crash,02/07/2018 18:27,Maryland (State),RIVER RD,LANDY LA,,N/A,PEDESTRIAN,OTHER,RAINING,WET,DARK LIGHTS ON,N/A,NONE DETECTED,NONE DETECTED,5B99E45A-1692-4B5C-B25A-0E92488F2F60,PEDESTRIAN,Cross/Enter at Intersection,NO IMPROPER ACTIONS,ON ROADWAY AT CROSSWALK,No,SUSPECTED MINOR INJURY,NONE,38.964715,-77.10358833,"    (38.964715, -77.10358833)"
MCP30760018,180006535,Montgomery County Police,Injury Crash,02/07/2018 14:25,Maryland (State),GEORGIA AVE,FENWICK LA,,N/A,BICYCLIST,STRAIGHT MOVEMENT ANGLE,RAINING,WET,DAYLIGHT,NO CONTROLS,NONE DETECTED,NONE DETECTED,63DCCDF7-4C19-4625-A50C-29E8A1B43E89,BICYCLIST,Cross/Enter at Intersection,FAILURE TO YIELD RIGHT OF WAY,ON ROADWAY NOT AT CROSSWALK,Yes,POSSIBLE INJURY,REFLECTIVE CLOTHING,38.99823833,-77.0304035,"    (38.99823833, -77.0304035)"
MCP2969004G,180006100,Montgomery County Police,Injury Crash,02/05/2018 7:25,County,TUCKER LA,STRILEY DR,,N/A,PEDESTRIAN,SAME DIRECTION SIDESWIPE,SLEET,ICE,DAYLIGHT,NO CONTROLS,NONE DETECTED,NONE DETECTED,75666C6A-CDE6-467C-8638-304A4AE3507E,PEDESTRIAN,Getting off/on Vehicle,NO IMPROPER ACTIONS,ON ROADWAY NOT AT CROSSWALK,No,SUSPECTED SERIOUS INJURY,NONE,39.145495,-76.99159167,"    (39.145495, -76.99159167)"
MCP0942001M,180005987,Montgomery County Police,Injury Crash,02/04/2018 8:35,,,,"PARKING LOT-BETHESDA ELEMENTARY
7600 ARLINGTON RD.",,PEDESTRIAN,OTHER,CLOUDY,,DAYLIGHT,N/A,NONE DETECTED,NONE DETECTED,E868156F-9C6A-450C-85F5-380287134677,PEDESTRIAN,Other Working,NO IMPROPER ACTIONS,OTHER,No,SUSPECTED MINOR INJURY,N/A,38.9860995,-77.09893583,"    (38.9860995, -77.09893583)"
MCP20430017,180005960,Montgomery County Police,Injury Crash,02/03/2018 23:34,County,SHADY GROVE RD,FREDERICK RD,,N/A,PEDESTRIAN,OTHER,CLOUDY,DRY,DARK LIGHTS ON,TRAFFIC SIGNAL,UNKNOWN,ALCOHOL CONTRIBUTED,FD84F367-82AD-4B10-9448-F20CE56572FA,PEDESTRIAN,Cross/Enter at Intersection,FAILURE TO OBEY TRAFFIC SIGNS SIGNALS OR OFFICER,ON ROADWAY AT CROSSWALK,Yes,SUSPECTED MINOR INJURY,NONE,39.12214167,-77.17762833,"    (39.12214167, -77.17762833)"
MCP3051001B,180005944,Montgomery County Police,Injury Crash,02/03/2018 20:50,Maryland (State),OLD GEORGETOWN RD,LONE OAK DR,,N/A,PEDESTRIAN,OTHER,CLEAR,DRY,DARK NO LIGHTS,NO CONTROLS,NONE DETECTED,ALCOHOL PRESENT,496907D8-326A-40F6-B1E0-10DFF177CBFE,PEDESTRIAN,Cross/Enter not at Intersection,FAILURE TO YIELD RIGHT OF WAY,ON ROADWAY NOT AT CROSSWALK,Yes,SUSPECTED SERIOUS INJURY,NONE,39.02009175,-77.1219521,"    (39.02009175, -77.1219521)"
DM8439001J,180005913,Takoma Park Police Depart,Injury Crash,02/03/2018 15:04,,,,"PARKING LOT 
7682 NEW HAMPSHIRE AVE",,PEDESTRIAN,OTHER,CLEAR,,DUSK,N/A,N/A,N/A,432B470F-EF21-42C0-B743-619905FDFDC1,PEDESTRIAN,Other,UNKNOWN,OTHER,No,POSSIBLE INJURY,N/A,38.98829833,-76.988165,"    (38.98829833, -76.988165)"
MCP27550018,180005786,Montgomery County Police,Injury Crash,02/02/2018 20:18,County,RANDOLPH RD,GLENMONT CIR #1,,N/A,PEDESTRIAN,OTHER,N/A,N/A,DARK -- UNKNOWN LIGHTING,TRAFFIC SIGNAL,NONE DETECTED,NONE DETECTED,1F75E722-ED50-43A0-BE2D-8D209C2F2837,PEDESTRIAN,Standing,IN ROADWAY IMPROPERLY,OTHER,Yes,POSSIBLE INJURY,N/A,39.0590927,-77.04755098,"    (39.0590927, -77.04755098)"
MCP1220006C,180005659,Montgomery County Police,Injury Crash,02/02/2018 9:00,County,CARROLL LA,SILVER SPRING AVE,,N/A,PEDESTRIAN,SINGLE VEHICLE,CLEAR,DRY,DAYLIGHT,N/A,NONE DETECTED,NONE DETECTED,538333A6-FA5D-4374-9AD9-B1EFFC964C1B,PEDESTRIAN,Cross/Enter at Intersection,NO IMPROPER ACTIONS,AT INTERSECTION BUT NO CROSSWALK,No,POSSIBLE INJURY,N/A,38.99186833,-77.01642,"    (38.99186833, -77.01642)"
MCP29860029,180005611,Montgomery County Police,Injury Crash,02/01/2018 21:41,Maryland (State),NEW HAMPSHIRE AVE,ADELPHI RD,,N/A,BICYCLIST,SINGLE VEHICLE,RAINING,WET,DARK LIGHTS ON,TRAFFIC SIGNAL,UNKNOWN,NONE DETECTED,C2497D17-7716-4475-A38E-22A9ACE67013,BICYCLIST,Cross/Enter at Intersection,NO IMPROPER ACTIONS,ON ROADWAY AT CROSSWALK,No,SUSPECTED MINOR INJURY,NONE,39.01122333,-76.978115,"    (39.01122333, -76.978115)"
MCP16040017,180005461,Montgomery County Police,Injury Crash,02/01/2018 8:50,County,FLOWER HILL WAY,HONEYLOCUST CIR,,N/A,PEDESTRIAN,STRAIGHT MOVEMENT ANGLE,CLEAR,DRY,DAYLIGHT,PERSON,N/A,N/A,4BA994D9-5BBA-4C36-AD47-EC45E57435BE,PEDESTRIAN,Cross/Enter at Intersection,NO IMPROPER ACTIONS,DRIVEWAY ACCESS MARKED CROSSWALK,No,POSSIBLE INJURY,OTHER,39.15781455,-77.17118204,"    (39.15781455, -77.17118204)"
MCP2722002W,180005330,Montgomery County Police,Injury Crash,01/31/2018 02:27:00 PM,,,,PARKING LOT OF 13517 GEORGIA AVE,,PEDESTRIAN,SINGLE VEHICLE,CLEAR,,DAYLIGHT,NO CONTROLS,N/A,N/A,D9504A53-C6DE-4C49-B4EB-5F63BA41D15A,PEDESTRIAN,Cross/Enter not at Intersection,DART DASH,ON ROADWAY NOT AT CROSSWALK,No,POSSIBLE INJURY,NONE,39.07917167,-77.07151333,"    (39.07917167, -77.07151333)"
MCP2246001Y,180005145,Montgomery County Police,Injury Crash,01/30/2018 04:20:00 PM,County,FOREST GROVE DR,BRISBANE ST,,N/A,PEDESTRIAN,OTHER,CLEAR,DRY,DAYLIGHT,NO CONTROLS,NONE DETECTED,NONE DETECTED,1CEB6FF1-037C-4096-A71D-0CB34E6C3D2C,PEDESTRIAN,Cross/Enter not at Intersection,DART DASH,ON ROADWAY NOT AT CROSSWALK,Yes,SUSPECTED MINOR INJURY,NONE,39.02069,-77.03846167,"    (39.02069, -77.03846167)"
MCP3078000V,180005122,Montgomery County Police,Injury Crash,01/30/2018 02:13:00 PM,,,,"GIANT FOOD STORE PARKING LOT 
2900 UNIVERSITY BLVD W",,PEDESTRIAN,OTHER,CLEAR,,DAYLIGHT,NO CONTROLS,N/A,N/A,6C3C5CFD-66A4-4EAF-93B5-E3A8EDEF00FE,PEDESTRIAN,Cross/Enter not at Intersection,NO IMPROPER ACTIONS,OTHER,No,SUSPECTED MINOR INJURY,N/A,39.037405,-77.058225,"    (39.037405, -77.058225)"
MCP26390030,180005064,Montgomery County Police,Injury Crash,01/30/2018 06:46:00 AM,Maryland (State),ROCKVILLE PIKE,MARINELLI RD,,N/A,PEDESTRIAN,STRAIGHT MOVEMENT ANGLE,RAINING,WET,DARK LIGHTS ON,TRAFFIC SIGNAL,NONE DETECTED,NONE DETECTED,47F94309-C4C2-48F7-93E8-4114A9276AFE,PEDESTRIAN,Cross/Enter not at Intersection,DART DASH,ON ROADWAY NOT AT CROSSWALK,Yes,SUSPECTED MINOR INJURY,NONE,39.04686,-77.1127,"    (39.04686, -77.1127)"
MCP1323000G,180005089,Montgomery County Police,Property Damage Crash,01/29/2018 06:00:00 PM,County,FENTON ST,PHILADELPHIA AVE,,N/A,BICYCLIST,HEAD ON LEFT TURN,CLEAR,DRY,DUSK,TRAFFIC SIGNAL,UNKNOWN,N/A,60D59A0C-473F-42F2-A55A-CFAEB43FE739,BICYCLIST,Cross/Enter at Intersection,N/A,IN BIKEWAY,No,NO APPARENT INJURY,MC/BIKE HELMET,38.98800789,-77.02359349,"    (38.98800789, -77.02359349)"
MCP14530052,180004871,Montgomery County Police,Injury Crash,01/29/2018 06:57:00 AM,County,AIRCRAFT DR,CENTURY BLVD,,N/A,PEDESTRIAN,SINGLE VEHICLE,CLOUDY,DRY,DARK LIGHTS ON,TRAFFIC SIGNAL,NONE DETECTED,NONE DETECTED,A59FDFB3-9543-417D-B43B-DB8CD6AE3ED4,PEDESTRIAN,Cross/Enter at Intersection,FAILURE TO YIELD RIGHT OF WAY,ON ROADWAY AT CROSSWALK,Unknown,SUSPECTED MINOR INJURY,NONE,39.18380167,-77.26145333,"    (39.18380167, -77.26145333)"