Report Number,Local Case Number,Agency Name,ACRS Report Type,Crash Date/Time,Route Type,Road Name,Cross-Street Name,Off-Road Description,Municipality,Related Non-Motorist,Collision Type,Weather,Surface Condition,Light,Traffic Control,Driver Substance Abuse,Non-Motorist Substance Abuse,Person ID,Pedestrian Type,Pedestrian Movement,Pedestrian Actions,Pedestrian Location,At Fault,Injury Severity,Safety Equipment,Latitude,Longitude,Location
MCP2545000H,170545137,Montgomery County Police,Injury Crash,11/27/2017 11:35:00 AM,,,,PARKING LOT OF 11190 VEIRS MILL RD,,PEDESTRIAN,OTHER,CLEAR,,DAYLIGHT,NO CONTROLS,NONE DETECTED,N/A,8247C645-4BC6-4040-8364-55E94ECAB03E,PEDESTRIAN,Other,N/A,CURB,No,POSSIBLE INJURY,N/A,39.14903833,-77.06954333,"    (39.14903833, -77.06954333)"
DD5611003Z,170545096,Rockville Police Departme,Injury Crash,11/27/2017 07:30:00 AM,Maryland (State),ROCKVILLE PIKE,HALPINE RD,,ROCKVILLE,PEDESTRIAN,SINGLE VEHICLE,CLEAR,DRY,DAYLIGHT,TRAFFIC SIGNAL,NONE DETECTED,NONE DETECTED,A3A5BFFA-75CE-4542-85F7-5E720AFF961D,PEDESTRIAN,Cross/Enter at Intersection,NO IMPROPER ACTIONS,ON ROADWAY AT CROSSWALK,No,SUSPECTED MINOR INJURY,NONE,39.06155667,-77.1239,"    (39.06155667, -77.1239)"
MCP28850029,170545056,Montgomery County Police,Injury Crash,11/26/2017 08:45:00 PM,Maryland (State),UNIVERSITY BLVD W,VEIRS MILL RD,,N/A,PEDESTRIAN,OTHER,CLEAR,DRY,DARK LIGHTS ON,TRAFFIC SIGNAL,UNKNOWN,NONE DETECTED,4AC1ED98-2B4E-4EB0-9047-73EEF2CEE4ED,PEDESTRIAN,Cross/Enter at Intersection,NO IMPROPER ACTIONS,ON ROADWAY AT CROSSWALK,No,SUSPECTED MINOR INJURY,NONE,39.04030667,-77.05557667,"    (39.04030667, -77.05557667)"
MCP2436004C,170545000,Montgomery County Police,Injury Crash,11/26/2017 02:25:00 PM,County,PLYMOUTH ST,FLOWER AVE,,N/A,PEDESTRIAN,OTHER,CLEAR,DRY,DAYLIGHT,STOP SIGN,NONE DETECTED,NONE DETECTED,5A4A5571-BBA1-41C4-B3A9-A53380C4A38B,PEDESTRIAN,Cross/Enter at Intersection,NO IMPROPER ACTIONS,AT INTERSECTION BUT NO CROSSWALK,No,POSSIBLE INJURY,NONE,39.00171009,-77.00459272,"    (39.00171009, -77.00459272)"
DD5611003Y,170544797,Rockville Police Departme,Injury Crash,11/25/2017 10:50:00 AM,Maryland (State),ROCKVILLE PIKE,TALBOTT ST,,ROCKVILLE,BICYCLIST,STRAIGHT MOVEMENT ANGLE,CLEAR,DRY,DAYLIGHT,NO CONTROLS,NONE DETECTED,NONE DETECTED,56C5D5EE-3F96-4871-9018-AAF345AF13D1,BICYCLIST,Cross/Enter at Intersection,FAILURE TO YIELD RIGHT OF WAY,SIDEWALK,Yes,POSSIBLE INJURY,NONE,39.07078833,-77.13204167,"    (39.07078833, -77.13204167)"
MCP3033001M,170544787,Montgomery County Police,Injury Crash,11/25/2017 10:10:00 AM,County,OLD COLUMBIA PIKE,AVONSHIRE DR,,N/A,PEDESTRIAN,OTHER,CLEAR,DRY,DAYLIGHT,NO CONTROLS,NONE DETECTED,NONE DETECTED,DDF6721F-7D40-44A7-B6DD-4E215005E337,PEDESTRIAN,Cross/Enter at Intersection,NO IMPROPER ACTIONS,AT INTERSECTION BUT NO CROSSWALK,No,POSSIBLE INJURY,NONE,39.083835,-76.95193667,"    (39.083835, -76.95193667)"
MCP2832003G,170544784,Montgomery County Police,Injury Crash,11/25/2017 09:09:00 AM,Maryland (State),WISCONSIN AVE,ELM ST,,N/A,PEDESTRIAN,OTHER,CLEAR,DRY,DAYLIGHT,TRAFFIC SIGNAL,NONE DETECTED,NONE DETECTED,7FFA95D5-FB7F-4543-8369-1361B9C68D17,PEDESTRIAN,Cross/Enter at Intersection,DART DASH,AT INTERSECTION MARKED CROSSWALK,Yes,SUSPECTED MINOR INJURY,NONE,38.98257167,-77.09351833,"    (38.98257167, -77.09351833)"
MCP2723002Z,170544779,Montgomery County Police,Injury Crash,11/25/2017 09:00:00 AM,County,CASHELL RD,CONTINENTAL DR,,N/A,BICYCLIST,STRAIGHT MOVEMENT ANGLE,CLEAR,DRY,DAYLIGHT,STOP SIGN,N/A,N/A,3568875F-9662-41CE-9383-AAED13BC00C4,BICYCLIST,Standing,NO IMPROPER ACTIONS,AT INTERSECTION MARKED CROSSWALK,No,POSSIBLE INJURY,MC/BIKE HELMET,39.13413667,-77.08583667,"    (39.13413667, -77.08583667)"
DM8463000D,170544608,Takoma Park Police Depart,Injury Crash,11/24/2017 09:13:00 AM,Maryland (State),PHILADELPHIA AVE,HOLLY AVE,,TAKOMA PARK,PEDESTRIAN,N/A,CLEAR,DRY,DAYLIGHT,STOP SIGN,N/A,N/A,539BA0A8-51C4-49E7-AB15-93F6069F727A,PEDESTRIAN,Cross/Enter at Intersection,UNKNOWN,ON ROADWAY AT CROSSWALK,No,SUSPECTED MINOR INJURY,N/A,38.98226167,-77.01355833,"    (38.98226167, -77.01355833)"
MCP29360020,170544390,Montgomery County Police,Injury Crash,11/22/2017 07:18:00 PM,,,,"PARKING LOT OF HARRIS TEETER @ 11845 OLD GEORGETOWN RD ROCKVILLE, MD 20852",,PEDESTRIAN,OTHER,CLEAR,,DARK LIGHTS ON,NO CONTROLS,NONE DETECTED,NONE DETECTED,B6707D9D-50C0-450B-8662-628E290ABEDD,PEDESTRIAN,Other,N/A,OTHER,No,SUSPECTED MINOR INJURY,N/A,39.049665,-77.10888833,"    (39.049665, -77.10888833)"
MCP2905003G,170544293,Montgomery County Police,Injury Crash,11/22/2017 11:38:00 AM,County,ROSS RD,GRUBB RD,,N/A,OTHER,OTHER,CLEAR,DRY,DAYLIGHT,N/A,N/A,UNKNOWN,81B80E0D-82BC-43B1-970E-BD072AFBFF94,OTHER,Other Working,NOT VISIBLE,OTHER,Unknown,POSSIBLE INJURY,UNKNOWN,38.99452667,-77.05458833,"    (38.99452667, -77.05458833)"
MCP2565004X,170544171,Montgomery County Police,Injury Crash,11/21/2017 06:00:00 PM,Maryland (State),WISCONSIN AVE,MONTGOMERY AVE,,N/A,PEDESTRIAN,OTHER,CLEAR,DRY,DARK LIGHTS ON,TRAFFIC SIGNAL,N/A,NONE DETECTED,EE1C1B88-99FE-4FDB-8B07-47D72D724110,PEDESTRIAN,Cross/Enter at Intersection,NO IMPROPER ACTIONS,ON ROADWAY AT CROSSWALK,No,POSSIBLE INJURY,NONE,38.98377833,-77.09380333,"    (38.98377833, -77.09380333)"
MCP10480036,170544153,Montgomery County Police,Injury Crash,11/21/2017 04:26:00 PM,Maryland (State),DARNESTOWN RD,MUDDY BRANCH RD,,N/A,BICYCLIST,SAME DIR REAR END,CLEAR,DRY,DUSK,N/A,NONE DETECTED,N/A,2ADA8F3A-FA8E-40FB-A8A8-083804235CD1,BICYCLIST,N/A,INATTENTIVE,IN BIKEWAY,Yes,SUSPECTED MINOR INJURY,MC/BIKE HELMET,39.10332167,-77.22643167,"    (39.10332167, -77.22643167)"
MCP3027001G,170544122,Montgomery County Police,Injury Crash,11/21/2017 01:47:00 PM,County,SLIGO AVE,FENTON ST,,N/A,PEDESTRIAN,SINGLE VEHICLE,CLEAR,DRY,DAYLIGHT,TRAFFIC SIGNAL,N/A,N/A,879FE08F-4B87-44FC-8447-FDB331D0C014,PEDESTRIAN,Cross/Enter at Intersection,NO IMPROPER ACTIONS,AT INTERSECTION MARKED CROSSWALK,No,POSSIBLE INJURY,NONE,38.98998833,-77.02386333,"    (38.98998833, -77.02386333)"
MCP30180026,170544045,Montgomery County Police,Injury Crash,11/21/2017 07:52:00 AM,County,RANDOLPH RD,GLENALLAN AVE,,N/A,BICYCLIST,OTHER,CLEAR,N/A,DAYLIGHT,NO CONTROLS,NONE DETECTED,NONE DETECTED,87FCA9A2-C158-4D0A-ACB6-2FD42F1E3957,BICYCLIST,Cross/Enter at Intersection,NO IMPROPER ACTIONS,SIDEWALK,No,SUSPECTED MINOR INJURY,MC/BIKE HELMET,39.06126,-77.044235,"    (39.06126, -77.044235)"
MCP9321001T,170543825,Montgomery County Police,Injury Crash,11/21/2017 07:30:00 AM,Maryland (State),GEORGIA AVE,SHOREFIELD RD,,N/A,PEDESTRIAN,OTHER,CLEAR,DRY,DAYLIGHT,TRAFFIC SIGNAL,UNKNOWN,NONE DETECTED,494D583B-85EB-43D5-87B2-1A933B93289B,PEDESTRIAN,Cross/Enter at Intersection,NO IMPROPER ACTIONS,ON ROADWAY AT CROSSWALK,No,SUSPECTED MINOR INJURY,NONE,39.053038,-77.051014,"    (39.053038, -77.051014)"
DD5605004K,170543975,Rockville Police Departme,Property Damage Crash,11/20/2017 07:30:00 PM,,,,"PARKING LOT OF 1902 VEIRS MILL RD, ROCKVILLE, MD, 20851",,BICYCLIST,OTHER,CLEAR,,DARK NO LIGHTS,NO CONTROLS,NONE DETECTED,NONE DETECTED,F1C922B5-D209-4706-B75E-1769BECD3ECC,BICYCLIST,Walking/Riding w/Traffic,UNKNOWN,AT INTERSECTION BUT NO CROSSWALK,Unknown,NO APPARENT INJURY,NONE,39.07588667,-77.11704167,"    (39.07588667, -77.11704167)"
MCP3003001Q,170543959,Montgomery County Police,Injury Crash,11/20/2017 06:45:00 PM,,,,PARKING LOT OF 19923 CENTURY BLVD,,PEDESTRIAN,OTHER,CLEAR,,DARK LIGHTS ON,N/A,NONE DETECTED,NONE DETECTED,85044F3E-F8E2-4E6D-8E31-2A6B1C548C9F,PEDESTRIAN,Other,UNKNOWN,OTHER,No,SUSPECTED MINOR INJURY,N/A,39.18218155,-77.262007,"    (39.18218155, -77.262007)"
MCP12510018,170543897,Montgomery County Police,Injury Crash,11/20/2017 02:14:00 PM,County,DUFIEF MILL RD,TRAVILAH RD,,N/A,BICYCLIST,SAME DIR REAR END,CLEAR,DRY,DAYLIGHT,NO CONTROLS,NONE DETECTED,NONE DETECTED,6A718394-A609-4378-9019-0F7DC219870F,BICYCLIST,Walking/Riding w/Traffic,NO IMPROPER ACTIONS,SHOULDER,No,SUSPECTED MINOR INJURY,MC/BIKE HELMET,39.08093667,-77.25052833,"    (39.08093667, -77.25052833)"
MCP93900010,170543471,Montgomery County Police,Injury Crash,11/17/2017 07:54:00 PM,Municipality,KENTLANDS BLVD,GREAT SENECA HWY,,N/A,OTHER CONVEYANCE,HEAD ON LEFT TURN,N/A,DRY,DARK LIGHTS ON,TRAFFIC SIGNAL,"N/A, NONE DETECTED",N/A,708B8E31-9B37-4BC9-A482-5877142F3378,OTHER CONVEYANCE,N/A,NO IMPROPER ACTIONS,ON ROADWAY NOT AT CROSSWALK,No,NO APPARENT INJURY,N/A,39.12373667,-77.23166167,"    (39.12373667, -77.23166167)"
MCP93900010,170543471,Montgomery County Police,Injury Crash,11/17/2017 07:54:00 PM,Municipality,KENTLANDS BLVD,GREAT SENECA HWY,,N/A,OTHER CONVEYANCE,HEAD ON LEFT TURN,N/A,DRY,DARK LIGHTS ON,TRAFFIC SIGNAL,"N/A, NONE DETECTED",N/A,B7158FCF-2696-4A96-9846-B253B23FCB4F,OTHER CONVEYANCE,N/A,NO IMPROPER ACTIONS,N/A,No,NO APPARENT INJURY,N/A,39.12373667,-77.23166167,"    (39.12373667, -77.23166167)"
MCP3019001D,170543446,Montgomery County Police,Injury Crash,11/17/2017 05:15:00 PM,County,SANGAMORE RD,MADAWASKA RD,,N/A,BICYCLIST,OTHER,CLEAR,DRY,DUSK,NO CONTROLS,UNKNOWN,NONE DETECTED,6046258E-F858-4594-9B04-BD5D7D065201,BICYCLIST,Walking/Riding w/Traffic,NO IMPROPER ACTIONS,ON ROADWAY NOT AT CROSSWALK,No,SUSPECTED SERIOUS INJURY,MC/BIKE HELMET,38.99764667,-77.10964,"    (38.99764667, -77.10964)"
DM83780011,170543250,Takoma Park Police Depart,Injury Crash,11/16/2017 05:30:00 PM,Municipality,MAPLE AVE,PHILADELPHIA AVE,,N/A,PEDESTRIAN,SINGLE VEHICLE,CLEAR,DRY,DARK LIGHTS ON,TRAFFIC SIGNAL,NONE DETECTED,NONE DETECTED,CDF53EF1-D6DC-4159-AE88-D1639C066824,PEDESTRIAN,Cross/Enter at Intersection,NOT VISIBLE,ON ROADWAY AT CROSSWALK,Unknown,POSSIBLE INJURY,UNKNOWN,38.98111,-77.01016667,"    (38.98111, -77.01016667)"
DD56280002,170543212,Rockville Police Departme,Injury Crash,11/16/2017 02:48:00 PM,Municipality,FLEET ST,MONROE ST,,ROCKVILLE,PEDESTRIAN,OTHER,N/A,DRY,DAYLIGHT,N/A,NONE DETECTED,NONE DETECTED,8EF61B81-FCFA-4C4D-8576-2DEE6DF880DB,PEDESTRIAN,Cross/Enter not at Intersection,DART DASH,ON ROADWAY NOT AT CROSSWALK,Yes,SUSPECTED MINOR INJURY,NONE,39.08069091,-77.14995302,"    (39.08069091, -77.14995302)"
MCP3017000G,170542868,Montgomery County Police,Injury Crash,11/14/2017 11:00:00 PM,Maryland (State),ROCKVILLE PIKE,TEMPLETON PL,,ROCKVILLE,PEDESTRIAN,OTHER,CLEAR,DRY,UNKNOWN,UNKNOWN,UNKNOWN,NONE DETECTED,7F4C7327-7DE1-4F2D-BB99-5F67800B11B7,PEDESTRIAN,Cross/Enter at Intersection,UNKNOWN,ON ROADWAY AT CROSSWALK,Unknown,SUSPECTED MINOR INJURY,NONE,39.06699568,-77.12818623,"    (39.06699568, -77.12818623)"
MCP27360054,170542631,Montgomery County Police,Injury Crash,11/13/2017 09:39:00 PM,County,DORSET AVE,KENNEDY DR,,N/A,BICYCLIST,STRAIGHT MOVEMENT ANGLE,CLEAR,DRY,DARK LIGHTS ON,STOP SIGN,NONE DETECTED,NONE DETECTED,878A5ADC-218C-4688-85B9-4F70E4F4EE9F,BICYCLIST,Cross/Enter at Intersection,NO IMPROPER ACTIONS,AT INTERSECTION MARKED CROSSWALK,No,POSSIBLE INJURY,MC/BIKE HELMET,38.96882383,-77.10263967,"    (38.96882383, -77.10263967)"
MCP2411001G,170542300,Montgomery County Police,Injury Crash,11/11/2017 21:06,,,,ON SIDEWALK OFF OF RANDOLPH ROAD INTO THE PRIVATE ENTRANCE TO RANDOLPH SQUARE APARTMENTS,,BICYCLIST,OTHER,CLEAR,,DARK NO LIGHTS,NO CONTROLS,N/A,NONE DETECTED,231F8423-F129-42CD-BF21-2859BA903A69,BICYCLIST,Walking/Cycling on Sidewalk,NOT VISIBLE,SIDEWALK,No,POSSIBLE INJURY,NONE,39.05364095,-77.10482687,"    (39.05364095, -77.10482687)"
MCP9442001B,170542181,Montgomery County Police,Injury Crash,11/11/2017 7:43,,,,PARKING LOT IN 2000 BLOCK OF PRUITT COURT,,PEDESTRIAN,OTHER,CLEAR,,DAYLIGHT,N/A,NONE DETECTED,NONE DETECTED,646EB879-2946-43B0-9FA9-5AF0EC8E5206,PEDESTRIAN,Other,N/A,OTHER,No,POSSIBLE INJURY,N/A,39.193585,-77.19216667,"    (39.193585, -77.19216667)"
MCP11480020,170542238,Montgomery County Police,Injury Crash,11/10/2017 14:35,County,CHELTON RD,SLEAFORD RD,,N/A,PEDESTRIAN,SINGLE VEHICLE,CLEAR,N/A,DAYLIGHT,NO CONTROLS,UNKNOWN,N/A,F6F0B54B-672F-4872-8D02-A711694E69C7,PEDESTRIAN,Cross/Enter at Intersection,NO IMPROPER ACTIONS,ON ROADWAY AT CROSSWALK,No,POSSIBLE INJURY,NONE,38.99019333,-77.102535,"    (38.99019333, -77.102535)"
MCP3027001C,170541992,Montgomery County Police,Injury Crash,11/10/2017 7:13,,,,8301 FENTON ST,,OTHER,OTHER,CLEAR,,DAYLIGHT,N/A,N/A,N/A,901E9F88-EADF-4E9A-98C8-FE9BB15BC478,OTHER,Getting off/on Vehicle,NO IMPROPER ACTIONS,OTHER,No,SUSPECTED MINOR INJURY,NONE,38.99330667,-77.02398167,"    (38.99330667, -77.02398167)"
MCP2492000V,170541937,Montgomery County Police,Fatal Crash,11/09/2017 18:40,US (State),COLUMBIA PIKE,HILLWOOD DR,,N/A,PEDESTRIAN,OTHER,RAINING,WET,DARK LIGHTS ON,NO CONTROLS,NONE DETECTED,UNKNOWN,6C326AE8-EF66-4D76-8785-0A8ADB303CD9,PEDESTRIAN,Unknown,UNKNOWN,ON ROADWAY NOT AT CROSSWALK,Unknown,FATAL INJURY,NONE,39.03231522,-77.00382024,"    (39.03231522, -77.00382024)"
MCP30300012,170541923,Montgomery County Police,Injury Crash,11/09/2017 18:27,County,BEECH AVE,OLD GEORGETOWN RD,,N/A,PEDESTRIAN,STRAIGHT MOVEMENT ANGLE,RAINING,WET,DARK LIGHTS ON,TRAFFIC SIGNAL,NONE DETECTED,NONE DETECTED,D763C3ED-3A2B-422D-B9BA-1E81A865BB04,PEDESTRIAN,Cross/Enter at Intersection,NO IMPROPER ACTIONS,ON ROADWAY AT CROSSWALK,No,SUSPECTED MINOR INJURY,NONE,39.01027333,-77.11488667,"    (39.01027333, -77.11488667)"
DD5603004V,170541834,Rockville Police Departme,Injury Crash,11/09/2017 11:35,Municipality,MT VERNON PL,BLANDFORD ST,,ROCKVILLE,PEDESTRIAN,OTHER,RAINING,WET,DAYLIGHT,NO CONTROLS,NONE DETECTED,NONE DETECTED,AAD1CDE3-477E-4BBF-B62B-1486F3889959,PEDESTRIAN,Standing,NO IMPROPER ACTIONS,SIDEWALK,No,SUSPECTED MINOR INJURY,N/A,38.99753833,-77.10968667,"    (38.99753833, -77.10968667)"
DD5603004V,170541834,Rockville Police Departme,Injury Crash,11/09/2017 11:35,Municipality,MT VERNON PL,BLANDFORD ST,,ROCKVILLE,PEDESTRIAN,OTHER,RAINING,WET,DAYLIGHT,NO CONTROLS,NONE DETECTED,NONE DETECTED,73ABBABA-085C-45DA-8C38-0E3515533E46,PEDESTRIAN,Standing,NO IMPROPER ACTIONS,SIDEWALK,No,SUSPECTED MINOR INJURY,NONE,38.99753833,-77.10968667,"    (38.99753833, -77.10968667)"
DD5603004V,170541834,Rockville Police Departme,Injury Crash,11/09/2017 11:35,Municipality,MT VERNON PL,BLANDFORD ST,,ROCKVILLE,PEDESTRIAN,OTHER,RAINING,WET,DAYLIGHT,NO CONTROLS,NONE DETECTED,NONE DETECTED,1679AEE1-40D1-44AF-B628-AF00BE578A9D,PEDESTRIAN,Standing,NO IMPROPER ACTIONS,SIDEWALK,No,SUSPECTED MINOR INJURY,N/A,38.99753833,-77.10968667,"    (38.99753833, -77.10968667)"
DD55080043,170541807,Rockville Police Departme,Injury Crash,11/09/2017 9:57,Maryland (State),VEIRS MILL RD,TWINBROOK PKWY,,N/A,PEDESTRIAN,OTHER,RAINING,WET,DAYLIGHT,TRAFFIC SIGNAL,NONE DETECTED,UNKNOWN,BEB28B90-AF65-4A9B-B2A3-232FF2D06225,PEDESTRIAN,Cross/Enter at Intersection,IN ROADWAY IMPROPERLY,ON ROADWAY NOT AT CROSSWALK,Yes,SUSPECTED SERIOUS INJURY,N/A,39.07349901,-77.11182877,"    (39.07349901, -77.11182877)"
MCP3068000L,170541552,Montgomery County Police,Injury Crash,11/07/2017 19:12,Maryland (State),BROOKVILLE RD,TAYLOR ST,,CHEVY CHASE #3,PEDESTRIAN,OTHER,RAINING,WET,DARK LIGHTS ON,STOP SIGN,N/A,N/A,71E240BD-CF0F-4B23-A727-C1EE9104BB23,PEDESTRIAN,Cross/Enter at Intersection,NO IMPROPER ACTIONS,ON ROADWAY AT CROSSWALK,No,SUSPECTED MINOR INJURY,NONE,38.98126833,-77.07143333,"    (38.98126833, -77.07143333)"
MCP23390032,170541540,Montgomery County Police,Injury Crash,11/07/2017 18:05,Maryland (State),ROCKVILLE PIKE,HALPINE RD,,ROCKVILLE,PEDESTRIAN,SINGLE VEHICLE,RAINING,WET,DARK LIGHTS ON,TRAFFIC SIGNAL,NONE DETECTED,NONE DETECTED,053020D5-129A-496E-A750-A0CF5AEEECF5,PEDESTRIAN,Cross/Enter at Intersection,NO IMPROPER ACTIONS,ON ROADWAY AT CROSSWALK,No,SUSPECTED MINOR INJURY,NONE,39.06228167,-77.1241,"    (39.06228167, -77.1241)"
MCP28660048,170541535,Montgomery County Police,Injury Crash,11/07/2017 18:00,County,WOODMONT AVE,ELM ST,,N/A,PEDESTRIAN,SINGLE VEHICLE,RAINING,WET,DARK LIGHTS ON,TRAFFIC SIGNAL,NONE DETECTED,NONE DETECTED,4DEDA5E1-F294-4904-B9F8-3A2E03844428,PEDESTRIAN,Cross/Enter at Intersection,NO IMPROPER ACTIONS,AT INTERSECTION MARKED CROSSWALK,No,SUSPECTED MINOR INJURY,N/A,38.98227167,-77.09605167,"    (38.98227167, -77.09605167)"
MCP2563000N,170541530,Montgomery County Police,Injury Crash,11/07/2017 17:26,Municipality,N WASHINGTON ST,DAWSON AVE,,ROCKVILLE,PEDESTRIAN,SINGLE VEHICLE,RAINING,WET,DARK LIGHTS ON,TRAFFIC SIGNAL,NONE DETECTED,UNKNOWN,0FD4F99F-8384-45E5-868F-F9F8CA3158F5,PEDESTRIAN,Unknown,UNKNOWN,UNKNOWN,Unknown,SUSPECTED SERIOUS INJURY,NONE,39.08860969,-77.15370074,"    (39.08860969, -77.15370074)"
MCP3021001V,170541477,Montgomery County Police,Injury Crash,11/07/2017 12:50,County,GREENCASTLE RD,OLD COLUMBIA PIKE,,N/A,BICYCLIST,SINGLE VEHICLE,RAINING,WET,DAYLIGHT,NO CONTROLS,UNKNOWN,N/A,06FE5E99-4506-4ED7-BD08-3917B3F97320,BICYCLIST,Cross/Enter not at Intersection,NO IMPROPER ACTIONS,ON ROADWAY NOT AT CROSSWALK,No,SUSPECTED MINOR INJURY,NONE,39.09776145,-76.94304943,"    (39.09776145, -76.94304943)"
MCP3053000P,170541330,Montgomery County Police,Injury Crash,11/06/2017 18:05,Maryland (State),LAYHILL RD,GLENALLAN AVE,,N/A,PEDESTRIAN,OTHER,CLOUDY,WET,DARK LIGHTS ON,TRAFFIC SIGNAL,NONE DETECTED,N/A,30754038-FC46-4E7B-93E0-DDBBF938B5F2,PEDESTRIAN,Cross/Enter at Intersection,UNKNOWN,AT INTERSECTION MARKED CROSSWALK,No,SUSPECTED MINOR INJURY,NONE,39.06366,-77.04954833,"    (39.06366, -77.04954833)"
MCP2671001L,170541531,Montgomery County Police,Property Damage Crash,11/06/2017 6:10,US (State),GEORGIA AVE,ELLSWORTH DR,,N/A,PEDESTRIAN,SINGLE VEHICLE,N/A,WET,DARK LIGHTS ON,TRAFFIC SIGNAL,UNKNOWN,NONE DETECTED,01B85228-75E1-449C-AA22-883BD81276C2,PEDESTRIAN,Cross/Enter at Intersection,FAILURE TO OBEY TRAFFIC SIGNS SIGNALS OR OFFICER,AT INTERSECTION MARKED CROSSWALK,Yes,NO APPARENT INJURY,NONE,38.99514804,-77.02733517,"    (38.99514804, -77.02733517)"
MCP2961002B,170540960,Montgomery County Police,Injury Crash,11/04/2017 18:00,County,ANDREW ST,EDWIN ST,,N/A,PEDESTRIAN,SINGLE VEHICLE,RAINING,WET,DAYLIGHT,NO CONTROLS,NONE DETECTED,NONE DETECTED,845CC66F-63C2-459B-968E-4D50BFBA9248,PEDESTRIAN,Standing,N/A,ON ROADWAY NOT AT CROSSWALK,Unknown,POSSIBLE INJURY,NONE,39.05253077,-77.07013786,"    (39.05253077, -77.07013786)"
MCP1309000Z,170540675,Montgomery County Police,Injury Crash,11/03/2017 13:15,County,SHAKESPEARE BLVD,FREDERICK RD,,N/A,PEDESTRIAN,OTHER,CLEAR,DRY,DAYLIGHT,NO CONTROLS,NONE DETECTED,NONE DETECTED,E2B78726-07A4-455B-AA06-06DA61850847,PEDESTRIAN,Cross/Enter not at Intersection,IN ROADWAY IMPROPERLY,ON ROADWAY NOT AT CROSSWALK,Yes,SUSPECTED MINOR INJURY,N/A,39.19820167,-77.2457,"    (39.19820167, -77.2457)"
MCP3077000N,170540476,Montgomery County Police,Injury Crash,11/02/2017 15:46,,,,"PARKING LOT OF PEP BOYS
20900 FREDERICK ROAD GERMANTOWN MD, 20876",,PEDESTRIAN,SINGLE VEHICLE,CLEAR,,DAYLIGHT,N/A,N/A,N/A,D07E6FE1-ADD1-4C9E-BEDA-26F2326F7179,PEDESTRIAN,Other,NOT VISIBLE,OTHER,Yes,SUSPECTED MINOR INJURY,NONE,39.19977333,-77.246565,"    (39.19977333, -77.246565)"
DM8338000Y,170540342,Takoma Park Police Depart,Injury Crash,11/01/2017 23:12,Maryland (State),CARROLL AVE,PARK AVE,,TAKOMA PARK,OTHER,SINGLE VEHICLE,CLEAR,DRY,DARK LIGHTS ON,NO CONTROLS,ALCOHOL PRESENT,N/A,A6D178E4-EBD3-4156-8C72-7E734A54BFCF,OTHER,N/A,N/A,INSIDE BUILDING,No,NO APPARENT INJURY,N/A,38.97597119,-77.0089674,"    (38.97597119, -77.0089674)"
DM8338000Y,170540342,Takoma Park Police Depart,Injury Crash,11/01/2017 23:12,Maryland (State),CARROLL AVE,PARK AVE,,TAKOMA PARK,OTHER,SINGLE VEHICLE,CLEAR,DRY,DARK LIGHTS ON,NO CONTROLS,ALCOHOL PRESENT,N/A,5B9BF69C-7176-4017-94EE-96A3F6194276,OTHER,N/A,N/A,N/A,No,NO APPARENT INJURY,N/A,38.97597119,-77.0089674,"    (38.97597119, -77.0089674)"
MCP1227000N,170540319,Montgomery County Police,Fatal Crash,11/01/2017 19:49,Maryland (State),NEW HAMPSHIRE AVE,LARCH AVE,,TAKOMA PARK,PEDESTRIAN,SINGLE VEHICLE,CLEAR,DRY,DARK LIGHTS ON,TRAFFIC SIGNAL,NONE DETECTED,NONE DETECTED,A3F0BD1E-E961-40C8-AE73-3B05DFE48711,PEDESTRIAN,Unknown,UNKNOWN,UNKNOWN,Unknown,FATAL INJURY,NONE,38.97771959,-76.99186429,"    (38.97771959, -76.99186429)"
DD5583003D,170539999,Rockville Police Departme,Injury Crash,10/31/2017 02:45:00 PM,Maryland (State),ROCKVILLE PIKE,RICHARD MONTGOMERY DR,,ROCKVILLE,PEDESTRIAN,SINGLE VEHICLE,CLEAR,DRY,DAYLIGHT,TRAFFIC SIGNAL,UNKNOWN,NONE DETECTED,2B8EF060-2650-4557-A106-05513B07DFE2,PEDESTRIAN,Cross/Enter at Intersection,NO IMPROPER ACTIONS,AT INTERSECTION MARKED CROSSWALK,No,SUSPECTED MINOR INJURY,N/A,39.08033071,-77.14409441,"    (39.08033071, -77.14409441)"
MCP3029001M,170539828,Montgomery County Police,Injury Crash,10/30/2017 04:45:00 PM,County,CARTERS GROVE DR,CARTERS GROVE CT,,N/A,PEDESTRIAN,OTHER,CLEAR,DRY,DAYLIGHT,NO CONTROLS,NONE DETECTED,NONE DETECTED,132B64B4-8BEE-4976-A7EF-E3DCC69BBF24,PEDESTRIAN,Cross/Enter at Intersection,NO IMPROPER ACTIONS,OTHER,No,POSSIBLE INJURY,NONE,39.06088695,-76.97171152,"    (39.06088695, -76.97171152)"
MCP1366006M,170539753,Montgomery County Police,Injury Crash,10/30/2017 09:55:00 AM,,,,"SHADY GROVE METRO 

15903 SOMMERVILLE DR
 ROCKVILLE, MD 20855",,PEDESTRIAN,SINGLE VEHICLE,CLEAR,,DAYLIGHT,NO CONTROLS,UNKNOWN,N/A,6008042E-D5F3-435C-83F2-4556970F8BBC,PEDESTRIAN,Other,NO IMPROPER ACTIONS,OTHER,No,SUSPECTED MINOR INJURY,N/A,39.11896,-77.16729333,"    (39.11896, -77.16729333)"
MCP2353004H,170539725,Montgomery County Police,Property Damage Crash,10/30/2017 06:43:00 AM,County,EDGEMOOR LA,WOODMONT AVE,,N/A,BICYCLIST,SINGLE VEHICLE,CLOUDY,DRY,DARK LIGHTS ON,TRAFFIC SIGNAL,NONE DETECTED,NONE DETECTED,E3715729-95B2-4DE5-A119-26EAED05703B,BICYCLIST,Cross/Enter at Intersection,NO IMPROPER ACTIONS,ON ROADWAY AT CROSSWALK,No,NO APPARENT INJURY,MC/BIKE HELMET,38.98479302,-77.09673062,"    (38.98479302, -77.09673062)"
MCP3066000G,170539702,Montgomery County Police,Injury Crash,10/29/2017 09:39:00 PM,County,NORFOLK AVE,DEL RAY AVE,,N/A,PEDESTRIAN,OTHER,RAINING,WET,DARK LIGHTS ON,STOP SIGN,N/A,N/A,D4F61C36-F290-4B7B-A5DF-480699E3B8CF,PEDESTRIAN,Cross/Enter at Intersection,IN ROADWAY IMPROPERLY,ON ROADWAY NOT AT CROSSWALK,Yes,SUSPECTED MINOR INJURY,N/A,38.98974,-77.09905667,"    (38.98974, -77.09905667)"