Report Number,Local Case Number,Agency Name,ACRS Report Type,Crash Date/Time,Route Type,Road Name,Cross-Street Name,Off-Road Description,Municipality,Related Non-Motorist,Collision Type,Weather,Surface Condition,Light,Traffic Control,Driver Substance Abuse,Non-Motorist Substance Abuse,Person ID,Pedestrian Type,Pedestrian Movement,Pedestrian Actions,Pedestrian Location,At Fault,Injury Severity,Safety Equipment,Latitude,Longitude,Location
MCP26930027,170539688,Montgomery County Police,Injury Crash,10/29/2017 06:25:00 PM,Maryland (State),GEORGIA AVE,HEWITT AVE,,N/A,PEDESTRIAN,SINGLE VEHICLE,RAINING,WET,DARK LIGHTS ON,TRAFFIC SIGNAL,NONE DETECTED,NONE DETECTED,17F66616-1EAB-4E9E-918C-BA808236038B,PEDESTRIAN,Cross/Enter at Intersection,NO IMPROPER ACTIONS,ON ROADWAY AT CROSSWALK,No,POSSIBLE INJURY,N/A,39.07737167,-77.07084833,"    (39.07737167, -77.07084833)"
MCP30050037,170539649,Montgomery County Police,Injury Crash,10/29/2017 01:40:00 PM,,,,PARKING LOT OF 12389 GEORGIA AVE,,PEDESTRIAN,ANGLE MEETS LEFT TURN,CLOUDY,,DAYLIGHT,NO CONTROLS,NONE DETECTED,NONE DETECTED,82216360-A25A-4921-BDC9-AAA883D759DC,PEDESTRIAN,Other,NO IMPROPER ACTIONS,OTHER,No,POSSIBLE INJURY,NONE,39.06081197,-77.04990059,"    (39.06081197, -77.04990059)"
MCP3061000L,170539614,Montgomery County Police,Property Damage Crash,10/29/2017 10:10:00 AM,County,CLARKSBURG RD,BARNES RD,,N/A,OTHER,SINGLE VEHICLE,CLOUDY,WET,DAYLIGHT,NO CONTROLS,NONE DETECTED,N/A,D57108B8-B3A2-421E-A34F-ED15F77E7FEE,OTHER,N/A,N/A,N/A,No,NO APPARENT INJURY,N/A,39.18431102,-77.3125425,"    (39.18431102, -77.3125425)"
MCP23300018,170539513,Montgomery County Police,Injury Crash,10/28/2017 05:12:00 PM,,,,11171 GEORGIA AVE - BUS TURN AROUND,,PEDESTRIAN,OTHER,CLEAR,,DAYLIGHT,NO CONTROLS,NONE DETECTED,NONE DETECTED,2CCF9EAD-D71A-43E6-A5F4-10F248E1CCD9,PEDESTRIAN,Other,OTHER,OTHER,Yes,SUSPECTED SERIOUS INJURY,NONE,39.03757,-77.051335,"    (39.03757, -77.051335)"
DD55980022,170539245,Rockville Police Departme,Injury Crash,10/27/2017 06:58:00 PM,Maryland (State),VEIRS MILL RD,ATLANTIC AVE,,ROCKVILLE,PEDESTRIAN,STRAIGHT MOVEMENT ANGLE,CLEAR,DRY,DARK LIGHTS ON,TRAFFIC SIGNAL,N/A,N/A,3A3851FB-C037-43B6-8B72-DB4F2B3C0BAD,PEDESTRIAN,Cross/Enter at Intersection,N/A,ON ROADWAY AT CROSSWALK,No,SUSPECTED MINOR INJURY,N/A,39.07521933,-77.11582817,"    (39.07521933, -77.11582817)"
MCP30590012,170539238,Montgomery County Police,Injury Crash,10/27/2017 06:23:00 PM,County,ARCOLA AVE,OREBAUGH AVE,,N/A,PEDESTRIAN,OTHER,CLEAR,DRY,DUSK,YIELD SIGN,NONE DETECTED,NONE DETECTED,01C4849A-080C-4415-B6DC-EE98AB4E3D57,PEDESTRIAN,Cross/Enter at Intersection,NO IMPROPER ACTIONS,MIDBLOCK MARKED CROSSWALK,No,POSSIBLE INJURY,N/A,39.04705,-77.03664,"    (39.04705, -77.03664)"
MCP12130035,170539200,Montgomery County Police,Injury Crash,10/27/2017 03:46:00 PM,,,,DRIVEWAY OF 2006 LONGMEAD RD,,PEDESTRIAN,STRAIGHT MOVEMENT ANGLE,CLEAR,,DAYLIGHT,N/A,NONE DETECTED,NONE DETECTED,AD7A7C53-FDC0-4E79-B5F3-5B5E2B3DB8FB,PEDESTRIAN,Standing,NO IMPROPER ACTIONS,OTHER,No,SUSPECTED SERIOUS INJURY,NONE,39.09699833,-77.04292833,"    (39.09699833, -77.04292833)"
MCP25880039,170539144,Montgomery County Police,Injury Crash,10/27/2017 11:54:00 AM,Maryland (State),CONNECTICUT AVE,ASPEN HILL RD,,N/A,PEDESTRIAN,OTHER,CLEAR,DRY,DAYLIGHT,NO CONTROLS,NONE DETECTED,NONE DETECTED,33EF0D58-57E7-464D-A499-C28D89F764AB,PEDESTRIAN,Cross/Enter at Intersection,NO IMPROPER ACTIONS,ON ROADWAY AT CROSSWALK,No,POSSIBLE INJURY,N/A,39.08011,-77.08141333,"    (39.08011, -77.08141333)"
MCP10220085,170539119,Montgomery County Police,Injury Crash,10/27/2017 08:52:00 AM,Other Public Roadway,APPLEDOWRE WAY,FRUITWOOD WAY,,N/A,PEDESTRIAN,SINGLE VEHICLE,CLEAR,DRY,DAYLIGHT,NO CONTROLS,NONE DETECTED,NONE DETECTED,99275B1A-B9C2-41FB-A193-A7572BC5B2AB,PEDESTRIAN,Other,IN ROADWAY IMPROPERLY,ON ROADWAY NOT AT CROSSWALK,Yes,SUSPECTED MINOR INJURY,N/A,39.1851,-77.23542333,"    (39.1851, -77.23542333)"
MCP21180009,170539100,Montgomery County Police,Property Damage Crash,10/27/2017 04:33:00 AM,County,JOHNSON DR,BETHESDA CHURCH RD,,N/A,OTHER,SINGLE VEHICLE,CLEAR,DRY,DARK LIGHTS ON,N/A,NONE DETECTED,N/A,7F57979E-F00F-4B6B-A47C-7BD504FA61AF,OTHER,N/A,NO IMPROPER ACTIONS,N/A,No,NO APPARENT INJURY,N/A,39.29061167,-77.22294333,"    (39.29061167, -77.22294333)"
MCP2399001F,170539037,Montgomery County Police,Injury Crash,10/26/2017 07:00:00 PM,County,LOST KNIFE RD,ODENDHAL AVE,,N/A,PEDESTRIAN,OTHER,CLEAR,DRY,DARK LIGHTS ON,TRAFFIC SIGNAL,NONE DETECTED,N/A,2133F347-CF2C-4198-B540-5B0D64FF5055,PEDESTRIAN,Cross/Enter at Intersection,DART DASH,AT INTERSECTION MARKED CROSSWALK,No,POSSIBLE INJURY,N/A,39.15250563,-77.19827302,"    (39.15250563, -77.19827302)"
MCP29390022,170538862,Montgomery County Police,Injury Crash,10/25/2017 09:10:00 PM,County,BURNT WOODS DR,WATERS LANDING DR,,N/A,PEDESTRIAN,SAME DIR REAR END,CLEAR,DRY,DARK LIGHTS ON,STOP SIGN,,N/A,D174BC8C-E29E-4376-AFC2-453AEF390373,PEDESTRIAN,Getting off/on Vehicle,OTHER,ON ROADWAY AT CROSSWALK,Yes,SUSPECTED MINOR INJURY,NONE,39.19633249,-77.27894649,"    (39.19633249, -77.27894649)"
MCP2992001H,170538604,Montgomery County Police,Injury Crash,10/24/2017 07:15:00 PM,County,HOMECREST RD,LONGMEAD CROSSING DR,,N/A,PEDESTRIAN,OTHER,CLEAR,DRY,DARK NO LIGHTS,STOP SIGN,NONE DETECTED,N/A,DAF8B730-5DFC-4A2E-B92E-9FDECF481761,PEDESTRIAN,Cross/Enter at Intersection,UNKNOWN,AT INTERSECTION MARKED CROSSWALK,No,SUSPECTED MINOR INJURY,NONE,39.10351633,-77.05449033,"    (39.10351633, -77.05449033)"
MCP2420002Q,170538598,Montgomery County Police,Injury Crash,10/24/2017 06:24:00 PM,,,,PARKING LOT OF 14014  CONNECTICUT AVE,,PEDESTRIAN,SINGLE VEHICLE,CLEAR,,DARK LIGHTS ON,NO CONTROLS,NONE DETECTED,NONE DETECTED,B06AC43D-68BC-43D5-8C72-A60D807EF3F7,PEDESTRIAN,Other,UNKNOWN,UNKNOWN,Unknown,SUSPECTED MINOR INJURY,NONE,39.08593706,-77.07625866,"    (39.08593706, -77.07625866)"
MCP29710036,170538587,Montgomery County Police,Injury Crash,10/24/2017 05:52:00 PM,County,FORSYTHIA TERR,FORSYTHIA LA,,N/A,PEDESTRIAN,SINGLE VEHICLE,CLEAR,DRY,DAYLIGHT,NO CONTROLS,,NONE DETECTED,E770820F-CA3C-4B73-87E2-768234C39E90,PEDESTRIAN,Standing,NO IMPROPER ACTIONS,OTHER,No,SUSPECTED MINOR INJURY,NONE,39.09914777,-76.94162786,"    (39.09914777, -76.94162786)"
MCP29710036,170538587,Montgomery County Police,Injury Crash,10/24/2017 05:52:00 PM,County,FORSYTHIA TERR,FORSYTHIA LA,,N/A,PEDESTRIAN,SINGLE VEHICLE,CLEAR,DRY,DAYLIGHT,NO CONTROLS,,NONE DETECTED,079B69DC-DB92-4B06-BE3F-89F6192BCDCD,PEDESTRIAN,Standing,NO IMPROPER ACTIONS,OTHER,No,SUSPECTED MINOR INJURY,NONE,39.09914777,-76.94162786,"    (39.09914777, -76.94162786)"
MCP11210033,170538396,Montgomery County Police,Injury Crash,10/23/2017 07:04:00 PM,County,SNOUFFERS SCHOOL RD,WOODFIELD RD,,N/A,PEDESTRIAN,SINGLE VEHICLE,CLOUDY,DRY,DARK NO LIGHTS,NO CONTROLS,NONE DETECTED,UNKNOWN,EDAF6FDE-4F16-49CB-AB46-5D344A68E200,PEDESTRIAN,Cross/Enter not at Intersection,IN ROADWAY IMPROPERLY,ON ROADWAY NOT AT CROSSWALK,Yes,POSSIBLE INJURY,NONE,39.16079333,-77.16329,"    (39.16079333, -77.16329)"
MCP3011001W,170538367,Montgomery County Police,Injury Crash,10/23/2017 05:02:00 PM,Maryland (State),BRADLEY BLVD,RAYBURN RD,,N/A,BICYCLIST,STRAIGHT MOVEMENT ANGLE,CLEAR,N/A,DAYLIGHT,TRAFFIC SIGNAL,NONE DETECTED,NONE DETECTED,7838D842-AD2B-402D-9EEA-69FA73AFF9B1,BICYCLIST,Cross/Enter at Intersection,NO IMPROPER ACTIONS,SHOULDER,No,SUSPECTED MINOR INJURY,MC/BIKE HELMET,38.99330333,-77.12057667,"    (38.99330333, -77.12057667)"
MCP25120036,170538362,Montgomery County Police,Injury Crash,10/23/2017 04:59:00 PM,Maryland (State),DARNESTOWN RD,MUDDY BRANCH RD,,N/A,BICYCLIST,SAME DIRECTION RIGHT TURN,CLOUDY,DRY,DAYLIGHT,TRAFFIC SIGNAL,NONE DETECTED,NONE DETECTED,FFD48116-7BC5-4CFE-B321-4F59B74F07ED,BICYCLIST,Walking/Riding w/Traffic,NO IMPROPER ACTIONS,IN BIKEWAY,No,SUSPECTED MINOR INJURY,MC/BIKE HELMET,39.10260833,-77.22000333,"    (39.10260833, -77.22000333)"
MCP29170021,170538180,Montgomery County Police,Injury Crash,10/22/2017 04:38:00 PM,County,LONGMEAD CROSSING DR,VILLAGE GATE DR,,N/A,BICYCLIST,STRAIGHT MOVEMENT ANGLE,CLEAR,DRY,DAYLIGHT,NO CONTROLS,NONE DETECTED,NONE DETECTED,86D45BF4-CC4A-4762-AFE7-89D494B3DBA2,BICYCLIST,Cross/Enter at Intersection,FAILURE TO YIELD RIGHT OF WAY,ON ROADWAY NOT AT CROSSWALK,Unknown,SUSPECTED MINOR INJURY,MC/BIKE HELMET,39.09674333,-77.04594833,"    (39.09674333, -77.04594833)"
MCP3048001Y,170538125,Montgomery County Police,Injury Crash,10/22/2017 09:35:00 AM,County,SANGAMORE RD,MACARTHUR BLVD,,N/A,BICYCLIST,HEAD ON LEFT TURN,CLEAR,DRY,DAYLIGHT,TRAFFIC SIGNAL,NONE DETECTED,NONE DETECTED,B57D8B15-4DFF-405A-B260-571B2B39D5D2,BICYCLIST,Cross/Enter at Intersection,NO IMPROPER ACTIONS,ON ROADWAY NOT AT CROSSWALK,No,SUSPECTED MINOR INJURY,MC/BIKE HELMET,38.94458833,-77.11712333,"    (38.94458833, -77.11712333)"
MCP2829003K,170538120,Montgomery County Police,Injury Crash,10/22/2017 07:55:00 AM,County,SPRING ST,ROEDER RD,,N/A,PEDESTRIAN,OTHER,CLEAR,DRY,DAYLIGHT,NO CONTROLS,NONE DETECTED,NONE DETECTED,AE6CB71A-87D8-407B-9D12-76CE8D58B56B,PEDESTRIAN,Cross/Enter not at Intersection,IN ROADWAY IMPROPERLY,ON ROADWAY NOT AT CROSSWALK,Yes,SUSPECTED MINOR INJURY,N/A,38.99901697,-77.02503785,"    (38.99901697, -77.02503785)"
MCP21340016,170537943,Montgomery County Police,Fatal Crash,10/21/2017 02:33:00 AM,County,SHADY GROVE RD,CRABBS BRANCH WAY,,N/A,PEDESTRIAN,OTHER,CLEAR,DRY,DARK LIGHTS ON,N/A,N/A,UNKNOWN,EFE3A092-9D59-455F-9CCC-A38E2C7E8207,PEDESTRIAN,Other,UNKNOWN,ON ROADWAY NOT AT CROSSWALK,No,FATAL INJURY,NONE,39.129115,-77.16602167,"    (39.129115, -77.16602167)"
MCP242500BD,170537705,Montgomery County Police,Injury Crash,10/20/2017 06:51:00 AM,Maryland (State),EAST WEST HWY,NOAA,,N/A,PEDESTRIAN,SINGLE VEHICLE,CLEAR,DRY,DARK LIGHTS ON,OTHER,NONE DETECTED,NONE DETECTED,2EB8A18A-73D6-4EC5-A237-6433866E533A,PEDESTRIAN,Walking/Cycling on Sidewalk,DART DASH,ON ROADWAY AT CROSSWALK,No,SUSPECTED MINOR INJURY,NONE,38.99100333,-77.03061333,"    (38.99100333, -77.03061333)"
MCP2703001S,170537660,Montgomery County Police,Injury Crash,10/19/2017 08:45:00 PM,County,DOWNS DR,BUCKLEY DR,,N/A,BICYCLIST,HEAD ON LEFT TURN,CLEAR,DRY,DARK -- UNKNOWN LIGHTING,NO CONTROLS,N/A,N/A,1D019D35-1262-4031-970E-FCAD3263F60D,BICYCLIST,Walking/Riding against Traffic,NO IMPROPER ACTIONS,CURB,No,POSSIBLE INJURY,NONE,39.06069,-76.996375,"    (39.06069, -76.996375)"
MCP29540045,170537648,Montgomery County Police,Injury Crash,10/19/2017 06:52:00 PM,,,,1008 QUEBEC TER APT 101,,OTHER,SAME DIRECTION SIDESWIPE,CLEAR,,DARK -- UNKNOWN LIGHTING,NO CONTROLS,ALCOHOL PRESENT,N/A,A14AB852-7D3B-42A4-BC61-399EFBACF86F,OTHER,Other,NO IMPROPER ACTIONS,INSIDE BUILDING,No,SUSPECTED MINOR INJURY,N/A,38.99984,-76.98938667,"    (38.99984, -76.98938667)"
DD5595004X,170537601,Rockville Police Departme,Injury Crash,10/19/2017 03:50:00 PM,Municipality,PARK RD,N STONESTREET AVE,,ROCKVILLE,PEDESTRIAN,SINGLE VEHICLE,CLEAR,DRY,DAYLIGHT,TRAFFIC SIGNAL,NONE DETECTED,NONE DETECTED,988116AC-0564-4599-A3B4-ED4415B11667,PEDESTRIAN,Cross/Enter at Intersection,DART DASH,AT INTERSECTION BUT NO CROSSWALK,Yes,SUSPECTED MINOR INJURY,N/A,39.0851545,-77.146674,"    (39.0851545, -77.146674)"
MCP21210015,170537380,Montgomery County Police,Property Damage Crash,10/19/2017 01:55:00 PM,,,,"PARKING LOT OF 18911 PEACH TREE RD DICKERSON, MD 20842",,OTHER,OTHER,CLEAR,,DAYLIGHT,N/A,NONE DETECTED,NONE DETECTED,060AA460-5030-4CC7-9BAF-5E9F0AC24576,OTHER,Other,N/A,INSIDE BUILDING,No,NO APPARENT INJURY,N/A,39.16642236,-77.38878429,"    (39.16642236, -77.38878429)"
MCP91130033,170537370,Montgomery County Police,Injury Crash,10/18/2017 01:13:00 PM,County,GRENOBLE DR,HALLET PL,,N/A,PEDESTRIAN,OTHER,CLEAR,DRY,DAYLIGHT,NO CONTROLS,,NONE DETECTED,A74F4E30-0191-412B-AD0D-E27303113A8D,PEDESTRIAN,Other,OTHER,OTHER,No,POSSIBLE INJURY,N/A,39.073068,-77.091561,"    (39.073068, -77.091561)"
MCP3086000M,170537350,Montgomery County Police,Injury Crash,10/18/2017 08:00:00 AM,Other Public Roadway,BAY BERRY DR,CLOPPER RD,,N/A,PEDESTRIAN,SINGLE VEHICLE,CLEAR,DRY,DAYLIGHT,STOP SIGN,UNKNOWN,NONE DETECTED,C7DA580A-F8FC-45A9-8969-AC588F3BB78B,PEDESTRIAN,Cross/Enter at Intersection,NO IMPROPER ACTIONS,AT INTERSECTION BUT NO CROSSWALK,No,SUSPECTED MINOR INJURY,UNKNOWN,39.1581598,-77.27337956,"    (39.1581598, -77.27337956)"
MCP27880018,170536709,Montgomery County Police,Injury Crash,10/17/2017 11:23:00 PM,Maryland (State),GEORGIA AVE,UNIVERSITY BLVD W,,N/A,BICYCLIST,SAME DIRECTION RIGHT TURN,CLEAR,DRY,DARK LIGHTS ON,NO CONTROLS,UNKNOWN,NONE DETECTED,1C49A5D9-5810-4E45-9BD2-D566EA5BF6A1,BICYCLIST,Walking/Riding w/Traffic,UNKNOWN,SHOULDER,No,SUSPECTED MINOR INJURY,N/A,39.04193729,-77.05223545,"    (39.04193729, -77.05223545)"
EJ7869000M,170537256,Gaithersburg Police Depar,Injury Crash,10/17/2017 08:50:00 PM,Maryland (State),MONTGOMERY VILLAGE AVE,RUSSELL AVE,,GAITHERSBURG,PEDESTRIAN,OTHER,N/A,DRY,DARK LIGHTS ON,NO CONTROLS,UNKNOWN,ILLEGAL DRUG PRESENT,185022BE-6CCE-4D1B-B0E1-911B24B69540,PEDESTRIAN,Walking/Riding w/Traffic,IN ROADWAY IMPROPERLY,ON ROADWAY NOT AT CROSSWALK,Yes,SUSPECTED SERIOUS INJURY,NONE,39.15514766,-77.20848151,"    (39.15514766, -77.20848151)"
MCP3082000N,170537210,Montgomery County Police,Injury Crash,10/17/2017 04:32:00 PM,County,WOODLAND DR,COLUMBIA BLVD,,N/A,BICYCLIST,OTHER,CLEAR,DRY,DAYLIGHT,STOP SIGN,N/A,N/A,F242BCEF-3F66-496F-93D2-6CAECEC63736,BICYCLIST,Cross/Enter not at Intersection,IN ROADWAY IMPROPERLY,ON ROADWAY NOT AT CROSSWALK,Yes,POSSIBLE INJURY,N/A,39.00923652,-77.03830004,"    (39.00923652, -77.03830004)"
MCP3053000J,170537015,Montgomery County Police,Injury Crash,10/16/2017 04:50:00 PM,County,BAUER DR,BURNSIDE DR,,N/A,PEDESTRIAN,OTHER,CLEAR,DRY,DAYLIGHT,TRAFFIC SIGNAL,N/A,N/A,F68E93F1-9450-4FD8-8082-53F8023954ED,PEDESTRIAN,Cross/Enter at Intersection,NO IMPROPER ACTIONS,ON ROADWAY AT CROSSWALK,No,POSSIBLE INJURY,NONE,39.09451983,-77.1092733,"    (39.09451983, -77.1092733)"
MCP3058000W,170536683,Montgomery County Police,Injury Crash,10/15/2017 07:24:00 PM,,,,"OCCURRED ON DRIVEWAY OF 8405 BUCKHANNON DRIVE, POTOMAC MARYLAND",,PEDESTRIAN,OTHER,CLEAR,,DARK -- UNKNOWN LIGHTING,NO CONTROLS,,N/A,6395C7CA-F0A2-4F66-918E-C220ED824DAF,PEDESTRIAN,Other,OTHER,OTHER,Yes,SUSPECTED SERIOUS INJURY,NONE,39.04527767,-77.17388034,"    (39.04527767, -77.17388034)"
HA2434000C,17001376,Maryland-National Capital,Injury Crash,10/14/2017 07:09:00 PM,Government,SLIGO CREEK PKWY,SCHUYLER RD,,N/A,PEDESTRIAN,OTHER,CLEAR,DRY,DUSK,STOP SIGN,N/A,N/A,8C97EBEE-2559-40FD-8B2B-D209B8B00435,PEDESTRIAN,Cross/Enter at Intersection,DART DASH,ON ROADWAY AT CROSSWALK,No,POSSIBLE INJURY,NONE,39.00255115,-77.01304972,"    (39.00255115, -77.01304972)"
EJ78330040,170536537,Gaithersburg Police Depar,Injury Crash,10/13/2017 08:58:00 PM,Municipality,HILLSTONE RD,QUINCE ORCHARD RD,,N/A,PEDESTRIAN,OTHER,CLOUDY,DRY,DARK LIGHTS ON,TRAFFIC SIGNAL,NONE DETECTED,NONE DETECTED,68D77B82-F7F4-46C3-9F34-8128D0CFEF70,PEDESTRIAN,Cross/Enter not at Intersection,NOT VISIBLE,ON ROADWAY NOT AT CROSSWALK,Unknown,SUSPECTED MINOR INJURY,NONE,39.11969794,-77.25060225,"    (39.11969794, -77.25060225)"
DD55080040,170536479,Rockville Police Departme,Injury Crash,10/13/2017 04:22:00 PM,Maryland (State),ROCKVILLE PIKE,HALPINE RD,,ROCKVILLE,OTHER CONVEYANCE,OTHER,CLOUDY,DRY,DAYLIGHT,NO CONTROLS,NONE DETECTED,NONE DETECTED,FABBE64A-9DD1-470B-8669-638B2634390B,OTHER CONVEYANCE,Other,FAILURE TO YIELD RIGHT OF WAY,SIDEWALK,Yes,POSSIBLE INJURY,N/A,39.06152833,-77.12358167,"    (39.06152833, -77.12358167)"
MCP2757001P,170536392,Montgomery County Police,Property Damage Crash,10/13/2017 05:44:00 AM,County,KINGSWELL DR,LIVINGSTON ST,,N/A,PEDESTRIAN,SINGLE VEHICLE,N/A,N/A,DARK LIGHTS ON,NO CONTROLS,NONE DETECTED,NONE DETECTED,7604C228-E3AF-4408-B518-17FA188DC78C,PEDESTRIAN,Standing,OTHER,SHOULDER,No,NO APPARENT INJURY,N/A,39.05451784,-77.05814302,"    (39.05451784, -77.05814302)"
MCP2757001P,170536392,Montgomery County Police,Property Damage Crash,10/13/2017 05:44:00 AM,County,KINGSWELL DR,LIVINGSTON ST,,N/A,PEDESTRIAN,SINGLE VEHICLE,N/A,N/A,DARK LIGHTS ON,NO CONTROLS,NONE DETECTED,NONE DETECTED,55BCA61C-5267-41A3-B9A5-B15963311238,PEDESTRIAN,Standing,OTHER,SHOULDER,No,NO APPARENT INJURY,N/A,39.05451784,-77.05814302,"    (39.05451784, -77.05814302)"
MCP29910021,170536253,Montgomery County Police,Injury Crash,10/12/2017 13:58,,,,PARKING LOT OF 3410 OLNEY LAYTONSVILLE RD (SIDE PARKING LOT EXIT),,PEDESTRIAN,SINGLE VEHICLE,CLEAR,,DAYLIGHT,N/A,NONE DETECTED,NONE DETECTED,5BF81DB6-F0E4-4AB4-96AE-316C6805C64B,PEDESTRIAN,Walking/Cycling on Sidewalk,NO IMPROPER ACTIONS,SIDEWALK,No,POSSIBLE INJURY,N/A,39.15259833,-77.06701167,"    (39.15259833, -77.06701167)"
MCP28180034,170536099,Montgomery County Police,Injury Crash,10/11/2017 18:55,County,BONIFANT ST,CEDAR ST,,N/A,PEDESTRIAN,OTHER,RAINING,WET,DARK LIGHTS ON,STOP SIGN,NONE DETECTED,NONE DETECTED,2F58EA83-F717-44B8-9681-574535FAC451,PEDESTRIAN,Cross/Enter at Intersection,NO IMPROPER ACTIONS,ON ROADWAY AT CROSSWALK,No,SUSPECTED MINOR INJURY,N/A,38.995975,-77.02026,"    (38.995975, -77.02026)"
MCP3007002F,170535765,Montgomery County Police,Injury Crash,10/10/2017 8:15,County,BEL PRE RD,GEORGIA AVE,,N/A,PEDESTRIAN,SINGLE VEHICLE,N/A,DRY,DAYLIGHT,N/A,N/A,N/A,00F23021-79CB-4733-A375-A2D832DE66C1,PEDESTRIAN,Cross/Enter not at Intersection,DART DASH,ON ROADWAY NOT AT CROSSWALK,Yes,SUSPECTED MINOR INJURY,NONE,39.09347325,-77.07867265,"    (39.09347325, -77.07867265)"
MCP2914005G,170535704,Montgomery County Police,Injury Crash,10/09/2017 19:57,County,NORTHAMPTON DR,BEACON RD,,N/A,PEDESTRIAN,OTHER,CLEAR,WET,DARK LIGHTS ON,NO CONTROLS,N/A,N/A,1C686C62-DDB1-43AB-8175-491D30EC9CB4,PEDESTRIAN,Cross/Enter not at Intersection,IN ROADWAY IMPROPERLY,ON ROADWAY NOT AT CROSSWALK,Yes,POSSIBLE INJURY,NONE,39.00711582,-76.9825919,"    (39.00711582, -76.9825919)"
MCP271700DG,170535666,Montgomery County Police,Injury Crash,10/09/2017 16:20,County,DECATUR AVE,UNIVERSITY BLVD W,,N/A,PEDESTRIAN,SINGLE VEHICLE,CLEAR,DRY,DAYLIGHT,NO CONTROLS,NONE DETECTED,NONE DETECTED,6AF615B2-2EE8-405C-92D3-02F4004D3EFB,PEDESTRIAN,Cross/Enter not at Intersection,DART DASH,ON ROADWAY NOT AT CROSSWALK,Yes,SUSPECTED MINOR INJURY,NONE,39.0338525,-77.07308983,"    (39.0338525, -77.07308983)"
MCP229800FY,170535645,Montgomery County Police,Injury Crash,10/09/2017 13:52,,,,PARKING LOT OF 20906A FREDERICK ROAD,,PEDESTRIAN,OTHER,CLEAR,,DAYLIGHT,NO CONTROLS,NONE DETECTED,NONE DETECTED,6691EB75-8181-4FA7-8D73-2C6DD1F26123,PEDESTRIAN,Other,NO IMPROPER ACTIONS,AT INTERSECTION MARKED CROSSWALK,No,POSSIBLE INJURY,N/A,39.19894667,-77.247715,"    (39.19894667, -77.247715)"
HA2389000S,17001350,Maryland-National Capital,Property Damage Crash,10/09/2017 12:39,,SCHOLL MANOR WAY,LATROBE LANE,,N/A,OTHER,UNKNOWN,UNKNOWN,DRY,UNKNOWN,N/A,UNKNOWN,N/A,5FA86139-32E0-458C-A447-DAB0A66DB4CE,OTHER,N/A,N/A,INSIDE BUILDING,No,NO APPARENT INJURY,N/A,39.23431306,-77.27964655,"    (39.23431306, -77.27964655)"
MCP242500BB,170535583,Montgomery County Police,Injury Crash,10/09/2017 7:56,County,SCHINDLER DR,LA GRANDE RD,,N/A,PEDESTRIAN,SINGLE VEHICLE,N/A,WET,DAYLIGHT,NO CONTROLS,NONE DETECTED,NONE DETECTED,F5066003-F927-4F2F-B5D2-70E7AF21653D,PEDESTRIAN,Cross/Enter not at Intersection,DART DASH,ON ROADWAY NOT AT CROSSWALK,Yes,POSSIBLE INJURY,UNKNOWN,39.02773833,-76.99080667,"    (39.02773833, -76.99080667)"
MCP0036006Z,170535575,Montgomery County Police,Injury Crash,10/09/2017 7:16,County,MIDDLEBROOK RD,CRYSTAL ROCK DR,,N/A,PEDESTRIAN,SINGLE VEHICLE,RAINING,WET,DARK LIGHTS ON,TRAFFIC SIGNAL,NONE DETECTED,NONE DETECTED,00CF1254-F4DF-4E5F-92ED-07F2D8FC2EB7,PEDESTRIAN,Cross/Enter at Intersection,DART DASH,AT INTERSECTION MARKED CROSSWALK,Yes,SUSPECTED SERIOUS INJURY,NONE,39.17685264,-77.26438813,"    (39.17685264, -77.26438813)"
MCP2177002G,170535701,Montgomery County Police,Injury Crash,10/09/2017 6:33,County,TWINBROOK PKWY,ARDENNES AVE,,N/A,PEDESTRIAN,SINGLE VEHICLE,RAINING,WET,DARK LIGHTS ON,TRAFFIC SIGNAL,UNKNOWN,N/A,2D9C2A5B-D7DA-4AF1-AECF-6AA389CE2118,PEDESTRIAN,Cross/Enter at Intersection,NO IMPROPER ACTIONS,AT INTERSECTION MARKED CROSSWALK,No,SUSPECTED MINOR INJURY,NONE,39.06370527,-77.11604856,"    (39.06370527, -77.11604856)"
MCP2663000C,170535544,Montgomery County Police,Injury Crash,10/08/2017 22:26,Maryland (State),EAST WEST HWY,ROSEMARY HILLS RD,,N/A,PEDESTRIAN,SINGLE VEHICLE,RAINING,WET,DARK LIGHTS ON,TRAFFIC SIGNAL,NONE DETECTED,NONE DETECTED,3185EB49-1650-4291-AC91-E11A06402128,PEDESTRIAN,Walking/Riding w/Traffic,NO IMPROPER ACTIONS,ON ROADWAY AT CROSSWALK,No,POSSIBLE INJURY,N/A,38.99520167,-77.04244167,"    (38.99520167, -77.04244167)"
MCP2777003Q,170535372,Montgomery County Police,Injury Crash,10/07/2017 19:14,County,HAMPDEN LA,WOODMONT AVE,,N/A,PEDESTRIAN,SINGLE VEHICLE,CLEAR,DRY,DARK LIGHTS ON,TRAFFIC SIGNAL,NONE DETECTED,ALCOHOL PRESENT,2C54ED8A-D6B9-4F2C-A33F-6D9D80ACEA34,PEDESTRIAN,Cross/Enter at Intersection,NO IMPROPER ACTIONS,AT INTERSECTION MARKED CROSSWALK,No,POSSIBLE INJURY,NONE,38.98249667,-77.096145,"    (38.98249667, -77.096145)"
MCP2047001W,170535308,Montgomery County Police,Injury Crash,10/07/2017 11:37,County,CRABBS BRANCH WAY,REDLAND RD,,N/A,BICYCLIST,SINGLE VEHICLE,CLEAR,DRY,DAYLIGHT,TRAFFIC SIGNAL,NONE DETECTED,NONE DETECTED,39DF6ED0-AD52-459D-9080-90E96F94BAC4,BICYCLIST,Cross/Enter at Intersection,NO IMPROPER ACTIONS,ON ROADWAY AT CROSSWALK,No,SUSPECTED MINOR INJURY,NONE,39.12088,-77.158795,"    (39.12088, -77.158795)"
MCP271700DF,170535162,Montgomery County Police,Injury Crash,10/06/2017 16:20,County,ST ELMO AVE,OLD GEORGETOWN RD,,N/A,BICYCLIST,OTHER,CLEAR,DRY,DAYLIGHT,TRAFFIC SIGNAL,NONE DETECTED,NONE DETECTED,E0D63E65-14B3-43C1-B15C-D418CB168A50,BICYCLIST,Cross/Enter at Intersection,DART DASH,ON ROADWAY AT CROSSWALK,Yes,SUSPECTED MINOR INJURY,MC/BIKE HELMET,38.98773617,-77.09930067,"    (38.98773617, -77.09930067)"
MCP2917001Z,170534983,Montgomery County Police,Injury Crash,10/05/2017 19:09,,,,PARKING LOT OF 3111 HEWITT AVE,,PEDESTRIAN,OTHER,CLEAR,,DARK NO LIGHTS,NO CONTROLS,NONE DETECTED,NONE DETECTED,07A4251F-98A3-458A-BF72-02D3811BCA58,PEDESTRIAN,Other,DART DASH,ON ROADWAY NOT AT CROSSWALK,Yes,SUSPECTED MINOR INJURY,NONE,39.08025523,-77.06376761,"    (39.08025523, -77.06376761)"