Report Number,Local Case Number,Agency Name,ACRS Report Type,Crash Date/Time,Route Type,Road Name,Cross-Street Name,Off-Road Description,Municipality,Related Non-Motorist,Collision Type,Weather,Surface Condition,Light,Traffic Control,Driver Substance Abuse,Non-Motorist Substance Abuse,Person ID,Pedestrian Type,Pedestrian Movement,Pedestrian Actions,Pedestrian Location,At Fault,Injury Severity,Safety Equipment,Latitude,Longitude,Location
EJ78580016,170530283,Gaithersburg Police Depar,Injury Crash,09/13/2017 07:58:00 AM,Maryland (State),FREDERICK RD,MONTGOMERY AVE,,GAITHERSBURG,PEDESTRIAN,OTHER,RAINING,WET,DAYLIGHT,NO CONTROLS,NONE DETECTED,NONE DETECTED,F6373F7F-D10A-4324-B7FF-0FE6E159AED4,PEDESTRIAN,Cross/Enter not at Intersection,FAILURE TO YIELD RIGHT OF WAY,ON ROADWAY NOT AT CROSSWALK,Yes,SUSPECTED MINOR INJURY,N/A,39.14555667,-77.20349667,"    (39.14555667, -77.20349667)"
MCP2923003G,170530269,Montgomery County Police,Injury Crash,09/13/2017 06:27:00 AM,County,ARCOLA AVE,NAIRN RD,,N/A,PEDESTRIAN,OTHER,RAINING,WET,DAWN,N/A,NONE DETECTED,NONE DETECTED,C6C980DA-C4D4-4D50-8320-84ACF62662AF,PEDESTRIAN,Cross/Enter at Intersection,NO IMPROPER ACTIONS,ON ROADWAY AT CROSSWALK,No,SUSPECTED SERIOUS INJURY,NONE,39.04690833,-77.04253167,"    (39.04690833, -77.04253167)"
MCP9439000J,170530242,Montgomery County Police,Injury Crash,09/12/2017 23:09,County,IZAAK WALTON WAY,W WILLARD RD,,N/A,PEDESTRIAN,SINGLE VEHICLE,CLEAR,DRY,DARK NO LIGHTS,N/A,,NONE DETECTED,5B2DA453-67E9-4E60-B67D-6CCA3AC2C7D2,PEDESTRIAN,Getting off/on Vehicle,OTHER,OTHER,Yes,SUSPECTED MINOR INJURY,N/A,39.10005948,-77.41992474,"    (39.10005948, -77.41992474)"
MCP3052000F,170529958,Montgomery County Police,Injury Crash,09/11/2017 18:33,,,,PARKING LOT OF LOWES,,BICYCLIST,SINGLE VEHICLE,CLEAR,,DAYLIGHT,N/A,NONE DETECTED,NONE DETECTED,A51FB3FE-AC27-4503-A57D-B32394F39AF8,BICYCLIST,Walking/Riding w/Traffic,NO IMPROPER ACTIONS,ON ROADWAY NOT AT CROSSWALK,No,SUSPECTED MINOR INJURY,MC/BIKE HELMET,39.12475027,-77.23576427,"    (39.12475027, -77.23576427)"
MCP21980030,170529933,Montgomery County Police,Injury Crash,09/11/2017 16:38,County,SUMMIT AVE,CABLE DR,,N/A,PEDESTRIAN,SINGLE VEHICLE,CLOUDY,DRY,DAYLIGHT,N/A,N/A,N/A,914CA00E-7D3D-440E-A31E-BD325DFDD385,PEDESTRIAN,Walking to/from school,DART DASH,ON ROADWAY NOT AT CROSSWALK,Yes,SUSPECTED MINOR INJURY,N/A,39.12612667,-77.18322167,"    (39.12612667, -77.18322167)"
MCP2348002Z,170529727,Montgomery County Police,Injury Crash,09/10/2017 14:46,,,,PARKING LOT OF 2201 RANDOLPH RD,,PEDESTRIAN,SINGLE VEHICLE,CLEAR,,DAYLIGHT,NO CONTROLS,NONE DETECTED,NONE DETECTED,80B97B78-5A47-49EE-8DBF-D46FFA064ABF,PEDESTRIAN,Other,NO IMPROPER ACTIONS,OTHER,No,SUSPECTED MINOR INJURY,N/A,39.05990167,-77.04767167,"    (39.05990167, -77.04767167)"
MCP3052000D,170529640,Montgomery County Police,Injury Crash,09/09/2017 23:11,County,CONTOUR RD,LOST KNIFE RD,,N/A,PEDESTRIAN,SINGLE VEHICLE,N/A,DRY,DARK NO LIGHTS,WARNING SIGN,NONE DETECTED,NONE DETECTED,CA1DCA77-1D4A-4D13-BA0E-DCAA232A1086,PEDESTRIAN,Cross/Enter at Intersection,INATTENTIVE,ON ROADWAY AT CROSSWALK,No,POSSIBLE INJURY,NONE,39.15557976,-77.20001914,"    (39.15557976, -77.20001914)"
MCP2813003L,170529602,Montgomery County Police,Injury Crash,09/09/2017 17:23,County,RANDOLPH RD,BUSHEY DR,,N/A,BICYCLIST,SINGLE VEHICLE,CLOUDY,DRY,DAYLIGHT,NO CONTROLS,N/A,N/A,EBD58DB7-D6CB-48D0-9D15-BD671DBD76B5,BICYCLIST,Walking/Riding w/Traffic,NO IMPROPER ACTIONS,SHOULDER,No,SUSPECTED MINOR INJURY,N/A,39.05752127,-77.07789481,"    (39.05752127, -77.07789481)"
MCP28820025,170529585,Montgomery County Police,Injury Crash,09/09/2017 12:30,Municipality,SCHOOL DR,MUDDY BRANCH RD,,N/A,PEDESTRIAN,SINGLE VEHICLE,CLEAR,DRY,DAYLIGHT,STOP SIGN,UNKNOWN,NONE DETECTED,6E8CB83B-A39D-4DF6-AFA2-3EBFFF49FCC1,PEDESTRIAN,Cross/Enter at Intersection,NO IMPROPER ACTIONS,AT INTERSECTION MARKED CROSSWALK,No,SUSPECTED MINOR INJURY,REFLECTIVE CLOTHING,39.11765599,-77.21704245,"    (39.11765599, -77.21704245)"
MCP2827003B,170529433,Montgomery County Police,Injury Crash,09/08/2017 16:26,County,HINES RD,WELLFLEET DR,,N/A,BICYCLIST,OTHER,N/A,DRY,DAYLIGHT,NO CONTROLS,NONE DETECTED,NONE DETECTED,C5E9AE48-6E25-410E-8275-571002E5BCA5,BICYCLIST,Cross/Enter at Intersection,DART DASH,SHOULDER,Yes,POSSIBLE INJURY,NONE,39.14137796,-77.07808256,"    (39.14137796, -77.07808256)"
MCP2948001W,170529421,Montgomery County Police,Injury Crash,09/08/2017 15:43,Maryland (State),GEORGIA AVE,RANDOLPH RD,,N/A,PEDESTRIAN,OTHER,CLEAR,DRY,DAYLIGHT,NO CONTROLS,N/A,NONE DETECTED,5238E767-9998-4C83-A196-2F90960BA832,PEDESTRIAN,Other,IN ROADWAY IMPROPERLY,ON ROADWAY NOT AT CROSSWALK,Yes,SUSPECTED SERIOUS INJURY,N/A,39.05910103,-77.05020905,"    (39.05910103, -77.05020905)"
MCP21820010,170529342,Montgomery County Police,Injury Crash,09/08/2017 7:53,,,,"GLENMONT METRO GARAGE
LEVEL 2, BY ROW 2C
12501 GEORGIA AVE. SILVER SPRING, MD 20902.",,BICYCLIST,STRAIGHT MOVEMENT ANGLE,CLEAR,,DAYLIGHT,NO CONTROLS,NONE DETECTED,NONE DETECTED,C042C543-E6AC-4107-9277-D47757465856,BICYCLIST,Cross/Enter at Intersection,NO IMPROPER ACTIONS,INSIDE BUILDING,No,SUSPECTED MINOR INJURY,NONE,39.06579,-77.15987333,"    (39.06579, -77.15987333)"
MCP3059000K,170529469,Montgomery County Police,Injury Crash,09/07/2017 18:00,,,,PARKING LOT OF 1131 UNIVERSITY BLVD W,,PEDESTRIAN,OTHER,CLEAR,,DAYLIGHT,N/A,UNKNOWN,UNKNOWN,A70C279A-46B0-47E1-82CA-11272035BC5B,PEDESTRIAN,Standing,INATTENTIVE,ON ROADWAY NOT AT CROSSWALK,Unknown,SUSPECTED MINOR INJURY,N/A,39.03781133,-77.02776432,"    (39.03781133, -77.02776432)"
DD5621001F,170529129,Rockville Police Departme,Injury Crash,09/07/2017 8:55,Maryland (State),ROCKVILLE PIKE,DODGE ST,,N/A,PEDESTRIAN,SINGLE VEHICLE,CLEAR,DRY,DAYLIGHT,TRAFFIC SIGNAL,NONE DETECTED,NONE DETECTED,C33EB9B5-50A5-4844-9B6E-3BAEDE04C61B,PEDESTRIAN,Cross/Enter at Intersection,FAILURE TO OBEY TRAFFIC SIGNS SIGNALS OR OFFICER,ON ROADWAY AT CROSSWALK,Yes,SUSPECTED MINOR INJURY,NONE,39.08011233,-77.14363067,"    (39.08011233, -77.14363067)"
DD5623000C,170529119,Rockville Police Departme,Injury Crash,09/07/2017 7:49,Maryland (State),ROCKVILLE PIKE,RICHARD MONTGOMERY DR,,ROCKVILLE,PEDESTRIAN,OTHER,CLEAR,DRY,DAYLIGHT,TRAFFIC SIGNAL,NONE DETECTED,NONE DETECTED,7E3591CB-62F8-491C-A6A9-E34AA61A3084,PEDESTRIAN,Cross/Enter at Intersection,NO IMPROPER ACTIONS,AT INTERSECTION MARKED CROSSWALK,No,POSSIBLE INJURY,NONE,39.08063033,-77.14393733,"    (39.08063033, -77.14393733)"
MCP2563000M,170529091,Montgomery County Police,Fatal Crash,09/06/2017 21:43,Maryland (State),VEIRS MILL RD,NORRIS DR,,N/A,OTHER CONVEYANCE,STRAIGHT MOVEMENT ANGLE,RAINING,WET,DARK LIGHTS ON,STOP SIGN,NONE DETECTED,UNKNOWN,F51A769D-D703-40C1-8400-E2368770C0EC,OTHER CONVEYANCE,Cross/Enter at Intersection,FAILURE TO YIELD RIGHT OF WAY,ON ROADWAY NOT AT CROSSWALK,Yes,FATAL INJURY,MC/BIKE HELMET,39.04391833,-77.063205,"    (39.04391833, -77.063205)"
MCP29660038,170528869,Montgomery County Police,Injury Crash,09/05/2017 19:30,Maryland (State),GEORGIA AVE,HEATHFIELD RD,,N/A,PEDESTRIAN,OTHER,RAINING,WET,DARK -- UNKNOWN LIGHTING,NO CONTROLS,NONE DETECTED,NONE DETECTED,9462ADC1-0426-405E-8356-50A5BA05B34F,PEDESTRIAN,Cross/Enter at Intersection,DART DASH,AT INTERSECTION BUT NO CROSSWALK,Yes,SUSPECTED SERIOUS INJURY,NONE,39.08765,-77.07965833,"    (39.08765, -77.07965833)"
MCP2813003K,170528687,Montgomery County Police,Injury Crash,09/04/2017 20:37,County,RANDOLPH RD,CONNECTICUT AVE,,N/A,PEDESTRIAN,SINGLE VEHICLE,CLEAR,DRY,DARK LIGHTS ON,TRAFFIC SIGNAL,N/A,N/A,D3DCC408-BA7D-4F91-A6D5-EE097AC1585D,PEDESTRIAN,Walking/Riding against Traffic,FAILURE TO OBEY TRAFFIC SIGNS SIGNALS OR OFFICER,ON ROADWAY NOT AT CROSSWALK,Yes,POSSIBLE INJURY,N/A,39.057405,-77.07432167,"    (39.057405, -77.07432167)"
MCP3075000C,170528512,Montgomery County Police,Injury Crash,09/03/2017 17:35,County,FATHER HURLEY BLVD,WATERS LANDING DR,,N/A,PEDESTRIAN,SINGLE VEHICLE,CLEAR,DRY,DAYLIGHT,TRAFFIC SIGNAL,NONE DETECTED,NONE DETECTED,5EFA4A35-9957-45AC-ADF7-C57A03A8F7C3,PEDESTRIAN,Cross/Enter at Intersection,NO IMPROPER ACTIONS,AT INTERSECTION MARKED CROSSWALK,No,SUSPECTED MINOR INJURY,N/A,39.19143167,-77.27224833,"    (39.19143167, -77.27224833)"
MCP1425000B,170528335,Montgomery County Police,Property Damage Crash,09/02/2017 13:51,Maryland (State),FALLS RD,GLEN RD,,N/A,OTHER,SINGLE VEHICLE,RAINING,WET,DAYLIGHT,NO CONTROLS,N/A,N/A,6467E07E-6858-429C-924D-394EC1E80AE4,OTHER,N/A,N/A,N/A,No,NO APPARENT INJURY,N/A,39.04686,-77.19077667,"    (39.04686, -77.19077667)"
MCP91100010,170528191,Montgomery County Police,Injury Crash,09/01/2017 16:46,Maryland (State),CLOPPER RD,VILLAGE FOUNTAIN DR,,N/A,PEDESTRIAN,STRAIGHT MOVEMENT ANGLE,CLEAR,DRY,DAYLIGHT,TRAFFIC SIGNAL,NONE DETECTED,NONE DETECTED,256442B3-68A6-412F-9DD0-BA131151FF5D,PEDESTRIAN,Cross/Enter not at Intersection,IN ROADWAY IMPROPERLY,ON ROADWAY NOT AT CROSSWALK,Yes,SUSPECTED SERIOUS INJURY,N/A,39.1608614,-77.27916107,"    (39.1608614, -77.27916107)"
MCP3051000G,170528034,Montgomery County Police,Injury Crash,08/31/2017 06:17:00 PM,County,FERNWOOD RD,ROCKLEDGE DR,,N/A,BICYCLIST,OTHER,CLEAR,DRY,DAYLIGHT,TRAFFIC SIGNAL,UNKNOWN,UNKNOWN,3AB014C4-9B15-4A74-A4A1-403C68163E72,BICYCLIST,Walking/Riding w/Traffic,UNKNOWN,SHOULDER,Unknown,POSSIBLE INJURY,MC/BIKE HELMET,39.02619359,-77.13882923,"    (39.02619359, -77.13882923)"
MCP2048001F,170528029,Montgomery County Police,Injury Crash,08/31/2017 06:00:00 PM,County,RANDOLPH RD,BREGMAN RD,,N/A,BICYCLIST,OTHER,CLEAR,DRY,DAYLIGHT,NO CONTROLS,NONE DETECTED,NONE DETECTED,7FFBD7BF-7C87-443A-A1FA-2192C573AFAD,BICYCLIST,Cross/Enter at Intersection,FAILURE TO YIELD RIGHT OF WAY,OUTSIDE RIGHT OF WAY,Yes,SUSPECTED MINOR INJURY,N/A,39.07501833,-77.00487667,"    (39.07501833, -77.00487667)"
MCP2861002Y,170527855,Montgomery County Police,Injury Crash,08/30/2017 08:00:00 PM,County,DEMOCRACY BLVD,SPUR TO ROCKLEDGE RD,,N/A,PEDESTRIAN,SINGLE VEHICLE,CLEAR,DRY,DARK LIGHTS ON,NO CONTROLS,NONE DETECTED,NONE DETECTED,8D72DB93-73D8-43DF-AF9B-09A58BC19A2D,PEDESTRIAN,Cross/Enter not at Intersection,NO IMPROPER ACTIONS,ON ROADWAY AT CROSSWALK,No,SUSPECTED SERIOUS INJURY,NONE,39.02361833,-77.12876667,"    (39.02361833, -77.12876667)"
MCP2967002G,170527788,Montgomery County Police,Injury Crash,08/30/2017 03:44:00 PM,Maryland (State),OLD GEORGETOWN RD,WILDWOOD SHOPPING CENTER,,N/A,PEDESTRIAN,SINGLE VEHICLE,CLEAR,DRY,DAYLIGHT,N/A,N/A,N/A,A9AE0E00-4367-4427-AB48-534D93818A0C,PEDESTRIAN,Standing,NO IMPROPER ACTIONS,ON ROADWAY NOT AT CROSSWALK,No,SUSPECTED SERIOUS INJURY,NONE,39.0239,-77.12417833,"    (39.0239, -77.12417833)"
MCP21160070,170527771,Montgomery County Police,Injury Crash,08/30/2017 02:11:00 PM,County,SOUTHLAWN LA,E GUDE DR,,N/A,PEDESTRIAN,OPPOSITE DIRECTION SIDESWIPE,CLEAR,DRY,DAYLIGHT,PERSON,NONE DETECTED,NONE DETECTED,72FD1ED6-0D3E-421F-BF25-2BF1D1517A36,PEDESTRIAN,Unknown,NO IMPROPER ACTIONS,UNKNOWN,Yes,POSSIBLE INJURY,REFLECTIVE CLOTHING,39.09872,-77.13647333,"    (39.09872, -77.13647333)"
MCP3074000D,170527544,Montgomery County Police,Injury Crash,08/29/2017 01:08:00 PM,Maryland (State),UNIVERSITY BLVD E,COLESVILLE RD,,N/A,PEDESTRIAN,OTHER,RAINING,WET,DAYLIGHT,NO CONTROLS,NONE DETECTED,NONE DETECTED,D60EC608-ED00-4B2C-B37E-7435C336D344,PEDESTRIAN,Walking/Riding against Traffic,IN ROADWAY IMPROPERLY,ON ROADWAY NOT AT CROSSWALK,Yes,SUSPECTED MINOR INJURY,N/A,39.0207591,-77.01366663,"    (39.0207591, -77.01366663)"
EJ7826002G,17052,Gaithersburg Police Depar,Injury Crash,08/29/2017 05:30:00 AM,Maryland (State),QUINCE ORCHARD RD,W DIAMOND AVE,,N/A,BICYCLIST,STRAIGHT MOVEMENT ANGLE,RAINING,WET,DARK LIGHTS ON,TRAFFIC SIGNAL,N/A,N/A,3A1D28AE-D653-452C-88BA-38CB89E9C50A,BICYCLIST,Other,FAILURE TO OBEY TRAFFIC SIGNS SIGNALS OR OFFICER,ON ROADWAY AT CROSSWALK,Yes,POSSIBLE INJURY,NONE,39.14306167,-77.22071333,"    (39.14306167, -77.22071333)"
MCP29870025,170527293,Montgomery County Police,Injury Crash,08/28/2017 10:15:00 AM,Maryland (State),PINEY BRANCH RD,UNIVERSITY BLVD E,,N/A,PEDESTRIAN,STRAIGHT MOVEMENT ANGLE,CLEAR,DRY,DAYLIGHT,TRAFFIC SIGNAL,NONE DETECTED,NONE DETECTED,C36BE405-9965-4065-A823-44C1E95C4AB9,PEDESTRIAN,Cross/Enter at Intersection,NO IMPROPER ACTIONS,ON ROADWAY AT CROSSWALK,No,SUSPECTED MINOR INJURY,NONE,39.00000833,-76.99481667,"    (39.00000833, -76.99481667)"
MCP29640029,170527191,Montgomery County Police,Injury Crash,08/27/2017 04:54:00 PM,County,CLOPPERS MILL DR,GREAT SENECA HWY,,N/A,BICYCLIST,STRAIGHT MOVEMENT ANGLE,CLEAR,DRY,DAYLIGHT,TRAFFIC SIGNAL,NONE DETECTED,NONE DETECTED,DD958298-B4D5-4040-9142-98BE23B89BFD,BICYCLIST,Cross/Enter at Intersection,NO IMPROPER ACTIONS,AT INTERSECTION MARKED CROSSWALK,No,SUSPECTED MINOR INJURY,MC/BIKE HELMET,39.14877563,-77.27638431,"    (39.14877563, -77.27638431)"
MCP28270038,170527032,Montgomery County Police,Injury Crash,08/26/2017 04:06:00 PM,Maryland (State),GEORGIA AVE,GREGG RD,,N/A,BICYCLIST,SAME DIR REND LEFT TURN,CLEAR,DRY,DAYLIGHT,NO CONTROLS,NONE DETECTED,NONE DETECTED,6B1E8157-3E29-4966-A1EB-A3AA55D7398C,BICYCLIST,Walking/Riding w/Traffic,NO IMPROPER ACTIONS,SHOULDER,No,POSSIBLE INJURY,MC/BIKE HELMET,39.19945833,-77.06591,"    (39.19945833, -77.06591)"
MCP3026001C,170527011,Montgomery County Police,Injury Crash,08/26/2017 12:47:00 PM,County,CEDAR LA,ROCKVILLE PIKE,,N/A,BICYCLIST,OTHER,CLEAR,DRY,DAYLIGHT,TRAFFIC SIGNAL,NONE DETECTED,NONE DETECTED,9D40D505-53C0-4661-8B8C-6E91B3E6BFB0,BICYCLIST,Walking/Riding against Traffic,FAILURE TO OBEY TRAFFIC SIGNS SIGNALS OR OFFICER,ON ROADWAY AT CROSSWALK,Yes,SUSPECTED MINOR INJURY,MC/BIKE HELMET,39.00646918,-77.09745012,"    (39.00646918, -77.09745012)"
MCP2740003L,170526849,Montgomery County Police,Property Damage Crash,08/25/2017 05:20:00 PM,,,,PARKING LOT OF 10753 COLUMBIA PIKE,,BICYCLIST,STRAIGHT MOVEMENT ANGLE,CLEAR,,DAYLIGHT,NO CONTROLS,NONE DETECTED,NONE DETECTED,1575BA22-9088-4CD7-A12B-0F344659BD12,BICYCLIST,Other,NO IMPROPER ACTIONS,SIDEWALK,No,NO APPARENT INJURY,MC/BIKE HELMET,39.03207667,-77.00383333,"    (39.03207667, -77.00383333)"
MCP2857001Y,170526713,Montgomery County Police,Injury Crash,08/24/2017 11:28:00 PM,Maryland (State),WOODFIELD RD,MUNCASTER MILL RD,,N/A,PEDESTRIAN,SINGLE VEHICLE,RAINING,WET,DARK LIGHTS ON,TRAFFIC SIGNAL,NONE DETECTED,NONE DETECTED,4A333358-6408-4862-9967-B9D8FA615193,PEDESTRIAN,Cross/Enter at Intersection,IN ROADWAY IMPROPERLY,ON ROADWAY AT CROSSWALK,Yes,SUSPECTED MINOR INJURY,NONE,39.15921167,-77.16006333,"    (39.15921167, -77.16006333)"
MCP3060000C,170526624,Montgomery County Police,Injury Crash,08/24/2017 02:51:00 PM,County,CLUB DR,CONNECTICUT AVE,,N/A,PEDESTRIAN,OTHER,CLEAR,DRY,DAYLIGHT,NO CONTROLS,N/A,N/A,202F601C-8DC3-4F2D-856D-F5A3DCE0B88D,PEDESTRIAN,Cross/Enter at Intersection,NO IMPROPER ACTIONS,ON ROADWAY AT CROSSWALK,No,SUSPECTED MINOR INJURY,NONE,38.988995,-77.077025,"    (38.988995, -77.077025)"
MCP10640068,170526607,Montgomery County Police,Injury Crash,08/24/2017 12:37:00 PM,Maryland (State),NEW HAMPSHIRE AVE,SHERBROOK DR,,N/A,OTHER,SAME DIRECTION SIDESWIPE,CLOUDY,DRY,DAYLIGHT,N/A,N/A,N/A,90F7FE5F-AA7E-4641-BC7F-12F80898ADA0,OTHER,Other Working,OTHER,ON ROADWAY NOT AT CROSSWALK,No,POSSIBLE INJURY,REFLECTIVE CLOTHING,39.17845167,-77.13753667,"    (39.17845167, -77.13753667)"
MCP3054000B,170526568,Montgomery County Police,Injury Crash,08/24/2017 08:37:00 AM,Municipality,N VAN BUREN ST,W MIDDLE LA,,ROCKVILLE,PEDESTRIAN,SINGLE VEHICLE,CLEAR,DRY,DAYLIGHT,N/A,NONE DETECTED,NONE DETECTED,6F56C650-7178-4C49-824F-FE630319AA92,PEDESTRIAN,Cross/Enter at Intersection,NO IMPROPER ACTIONS,AT INTERSECTION MARKED CROSSWALK,No,SUSPECTED MINOR INJURY,NONE,39.08495177,-77.15656668,"    (39.08495177, -77.15656668)"
MCP30680008,170526461,Montgomery County Police,Injury Crash,08/23/2017 07:24:00 PM,Maryland (State),OLD GEORGETOWN RD,RAMP 4 FR MD 187 NB TO IS 495 EB,,N/A,BICYCLIST,HEAD ON LEFT TURN,CLEAR,DRY,DAYLIGHT,TRAFFIC SIGNAL,N/A,N/A,3792D5EB-1C1F-4090-9B6F-8C739F70A506,BICYCLIST,Walking/Cycling on Sidewalk,FAILURE TO OBEY TRAFFIC SIGNS SIGNALS OR OFFICER,ON ROADWAY AT CROSSWALK,Yes,POSSIBLE INJURY,MC/BIKE HELMET,39.01504167,-77.118695,"    (39.01504167, -77.118695)"
MCP1393001B,170526301,Montgomery County Police,Injury Crash,08/22/2017 09:15:00 PM,County,NEWCUT RD,ARORA HILLS DR,,N/A,PEDESTRIAN,SINGLE VEHICLE,CLEAR,DRY,DARK LIGHTS ON,OTHER,UNKNOWN,NONE DETECTED,12AF5987-8895-46EB-99E5-E46F52ACD236,PEDESTRIAN,Standing,NO IMPROPER ACTIONS,ON ROADWAY NOT AT CROSSWALK,No,SUSPECTED MINOR INJURY,N/A,39.23057167,-77.24775333,"    (39.23057167, -77.24775333)"
MCP242500B3,170526216,Montgomery County Police,Injury Crash,08/22/2017 01:47:00 PM,US (State),COLUMBIA PIKE,BEGIN BRIDGE,,N/A,PEDESTRIAN,SINGLE VEHICLE,N/A,DRY,DAYLIGHT,NO CONTROLS,NONE DETECTED,NONE DETECTED,B669AB88-B7D9-4C8D-8A3C-0413F795826B,PEDESTRIAN,Other Working,NO IMPROPER ACTIONS,OUTSIDE RIGHT OF WAY,No,SUSPECTED SERIOUS INJURY,REFLECTIVE CLOTHING,39.132875,-76.91826833,"    (39.132875, -76.91826833)"
MCP3035001J,170526353,Montgomery County Police,Injury Crash,08/21/2017 05:00:00 PM,Maryland (State),BRADLEY BLVD,YORK LA,,N/A,BICYCLIST,SINGLE VEHICLE,CLEAR,DRY,DAYLIGHT,NO CONTROLS,N/A,N/A,3F5FED51-86E1-40EC-91F5-2895D54CD6B2,BICYCLIST,Walking/Cycling on Sidewalk,UNKNOWN,SHOULDER,No,SUSPECTED MINOR INJURY,MC/BIKE HELMET,38.98858538,-77.11566299,"    (38.98858538, -77.11566299)"
MCP2664003L,170525978,Montgomery County Police,Injury Crash,08/21/2017 09:30:00 AM,Maryland (State),UNIVERSITY BLVD W,DENNIS AVE,,N/A,PEDESTRIAN,SINGLE VEHICLE,N/A,DRY,DAYLIGHT,TRAFFIC SIGNAL,NONE DETECTED,NONE DETECTED,492A875C-0792-4DB5-B622-F9365D45F730,PEDESTRIAN,Cross/Enter at Intersection,NO IMPROPER ACTIONS,AT INTERSECTION MARKED CROSSWALK,No,SUSPECTED MINOR INJURY,NONE,39.02660333,-77.02022,"    (39.02660333, -77.02022)"
MCP2928001W,170525926,Montgomery County Police,Injury Crash,08/20/2017 10:09:00 PM,Maryland (State),16TH ST,EAST WEST HWY,,N/A,PEDESTRIAN,SINGLE VEHICLE,CLEAR,DRY,DARK LIGHTS ON,TRAFFIC SIGNAL,NONE DETECTED,NONE DETECTED,D8A73013-5910-43AB-AE5D-2FFC67B38AB1,PEDESTRIAN,Cross/Enter at Intersection,NO IMPROPER ACTIONS,ON ROADWAY AT CROSSWALK,No,POSSIBLE INJURY,NONE,38.99440487,-77.03637555,"    (38.99440487, -77.03637555)"
MCP2753002S,170525843,Montgomery County Police,Injury Crash,08/20/2017 12:06:00 PM,County,GRIDLEY RD,CHARLES RD,,N/A,PEDESTRIAN,OTHER,CLEAR,DRY,DAYLIGHT,NO CONTROLS,NONE DETECTED,NONE DETECTED,FB5C8840-7988-4DBC-B754-1507528E1EC7,PEDESTRIAN,Playing,IN ROADWAY IMPROPERLY,ON ROADWAY NOT AT CROSSWALK,Yes,SUSPECTED MINOR INJURY,NONE,39.05568333,-77.087665,"    (39.05568333, -77.087665)"
MCP24380018,170525756,Montgomery County Police,Injury Crash,08/19/2017 06:31:00 PM,County,CHERRY HILL RD,PLUM ORCHARD DR,,N/A,PEDESTRIAN,OTHER,CLEAR,DRY,DAYLIGHT,PERSON,N/A,N/A,B5CBECD2-640B-497F-ADE8-D00E04DBEB99,PEDESTRIAN,Cross/Enter at Intersection,NO IMPROPER ACTIONS,AT INTERSECTION MARKED CROSSWALK,No,POSSIBLE INJURY,NONE,39.05248833,-76.95322333,"    (39.05248833, -76.95322333)"
MCP2991001Y,170525703,Montgomery County Police,Property Damage Crash,08/19/2017 12:05:00 PM,Maryland (State),OLNEY LAYTONSVILLE RD,BRIARS RD,,N/A,BICYCLIST,SINGLE VEHICLE,CLEAR,DRY,DAYLIGHT,NO CONTROLS,NONE DETECTED,N/A,AAA23C00-4B46-4858-8855-72911C7983D3,BICYCLIST,Other,OTHER,ON ROADWAY NOT AT CROSSWALK,Yes,NO APPARENT INJURY,NONE,39.16346667,-77.08177167,"    (39.16346667, -77.08177167)"
MCP28850023,170525609,Montgomery County Police,Injury Crash,08/18/2017 09:53:00 PM,Maryland (State),GEORGIA AVE,NORBECK RD,,N/A,PEDESTRIAN,OTHER,CLEAR,DRY,DARK LIGHTS ON,NO CONTROLS,NONE DETECTED,UNKNOWN,4088F118-AD6F-48C3-9FC7-19CDF49A70F1,PEDESTRIAN,Other,IN ROADWAY IMPROPERLY,ON ROADWAY NOT AT CROSSWALK,Yes,SUSPECTED SERIOUS INJURY,NONE,39.11042259,-77.07601458,"    (39.11042259, -77.07601458)"
MCP28820023,170525535,Montgomery County Police,Injury Crash,08/18/2017 02:55:00 PM,,,,PARKING LOT IN FRONT OF 19552 CRYSTAL ROCK DRIVE,,BICYCLIST,SINGLE VEHICLE,CLEAR,,DAYLIGHT,N/A,NONE DETECTED,NONE DETECTED,ED97011A-C539-43C8-8CE1-E640E8DCF638,BICYCLIST,Playing,INATTENTIVE,OTHER,Yes,SUSPECTED MINOR INJURY,NONE,39.17810167,-77.26309833,"    (39.17810167, -77.26309833)"
MCP28820023,170525535,Montgomery County Police,Injury Crash,08/18/2017 02:55:00 PM,,,,PARKING LOT IN FRONT OF 19552 CRYSTAL ROCK DRIVE,,BICYCLIST,SINGLE VEHICLE,CLEAR,,DAYLIGHT,N/A,NONE DETECTED,NONE DETECTED,30CB36A0-91F0-4487-950C-4A059417B60C,BICYCLIST,Playing,INATTENTIVE,OTHER,Yes,SUSPECTED MINOR INJURY,NONE,39.17810167,-77.26309833,"    (39.17810167, -77.26309833)"
MCP23530048,170525299,Montgomery County Police,Injury Crash,08/17/2017 09:35:00 AM,,,,SEARS PARKINGLOT OF 7101 DEMOCRACY BLVD,,PEDESTRIAN,SINGLE VEHICLE,CLOUDY,,DAYLIGHT,N/A,NONE DETECTED,NONE DETECTED,38C31FB1-E8A4-4D46-9321-3811B410CB39,PEDESTRIAN,Standing,NO IMPROPER ACTIONS,OTHER,No,SUSPECTED MINOR INJURY,NONE,39.02520667,-77.14488,"    (39.02520667, -77.14488)"
MCP2866003Z,170525191,Montgomery County Police,Injury Crash,08/16/2017 05:40:00 PM,Maryland (State),OLD GEORGETOWN RD,BATTERY LA,,N/A,BICYCLIST,STRAIGHT MOVEMENT ANGLE,CLEAR,DRY,DAYLIGHT,TRAFFIC SIGNAL,NONE DETECTED,NONE DETECTED,C4C4A38D-B951-4599-B8C1-27F9683C26F8,BICYCLIST,Walking/Riding against Traffic,WRONG WAY RIDING OR WALKING,AT INTERSECTION MARKED CROSSWALK,Yes,POSSIBLE INJURY,NONE,38.99046667,-77.10370833,"    (38.99046667, -77.10370833)"
MCP3065000B,170525195,Montgomery County Police,Injury Crash,08/16/2017 04:46:00 PM,Maryland (State),NEW HAMPSHIRE AVE,NORTHAMPTON DR,,N/A,BICYCLIST,SINGLE VEHICLE,CLEAR,DRY,DAYLIGHT,N/A,NONE DETECTED,ALCOHOL PRESENT,3F6F20BA-E788-4E3A-AD98-B1C7C2CAC2ED,BICYCLIST,Cross/Enter not at Intersection,FAILURE TO YIELD RIGHT OF WAY,ON ROADWAY NOT AT CROSSWALK,Yes,SUSPECTED SERIOUS INJURY,NONE,39.00792333,-76.97992,"    (39.00792333, -76.97992)"
MCP1148001X,170525124,Montgomery County Police,Injury Crash,08/16/2017 09:53:00 AM,County,MONTGOMERY LA,WOODMONT AVE,,N/A,PEDESTRIAN,SINGLE VEHICLE,CLEAR,DRY,DAYLIGHT,NO CONTROLS,UNKNOWN,NONE DETECTED,4D3435C5-85E7-42E0-A884-C2D38021E9E2,PEDESTRIAN,Walking/Cycling on Sidewalk,NO IMPROPER ACTIONS,SIDEWALK,No,POSSIBLE INJURY,N/A,38.983345,-77.09727,"    (38.983345, -77.09727)"