Report Number,Local Case Number,Agency Name,ACRS Report Type,Crash Date/Time,Route Type,Road Name,Cross-Street Name,Off-Road Description,Municipality,Related Non-Motorist,Collision Type,Weather,Surface Condition,Light,Traffic Control,Driver Substance Abuse,Non-Motorist Substance Abuse,Person ID,Pedestrian Type,Pedestrian Movement,Pedestrian Actions,Pedestrian Location,At Fault,Injury Severity,Safety Equipment,Latitude,Longitude,Location
MCP2703001K,170524793,Montgomery County Police,Injury Crash,08/14/2017 03:43:00 PM,County,LOCKWOOD DR,ENT TO BUSINESS,,N/A,PEDESTRIAN,N/A,CLOUDY,N/A,DAYLIGHT,NO CONTROLS,UNKNOWN,N/A,402EAD87-ABAE-464C-944C-2CB8F03E00DB,PEDESTRIAN,Cross/Enter not at Intersection,NO IMPROPER ACTIONS,UNKNOWN,No,POSSIBLE INJURY,N/A,39.04003833,-76.98950167,"    (39.04003833, -76.98950167)"
MCP30570008,170524769,Montgomery County Police,Property Damage Crash,08/14/2017 01:21:00 AM,,,,"WALMART PARKING LOT: 20910 FREDERICK RD., GERMANTOWN, MD",,PEDESTRIAN,OTHER,CLOUDY,,N/A,N/A,N/A,NONE DETECTED,1E383E5C-C7F5-48A4-95E9-175417221ADE,PEDESTRIAN,Other,NO IMPROPER ACTIONS,OTHER,No,NO APPARENT INJURY,N/A,39.19854624,-77.25206137,"    (39.19854624, -77.25206137)"
MCP3076000B,170524628,Montgomery County Police,Injury Crash,08/13/2017 02:57:00 PM,,,,"SAFEWAY PARKING LOT 
116 UNIVERSITY BOULEVARD
SILVER SPRING",,PEDESTRIAN,SINGLE VEHICLE,CLEAR,,DAYLIGHT,N/A,NONE DETECTED,NONE DETECTED,40058BC5-5AFA-40E3-9B1E-47D8869864FC,PEDESTRIAN,Other,NO IMPROPER ACTIONS,OTHER,No,POSSIBLE INJURY,NONE,39.02088934,-77.01516062,"    (39.02088934, -77.01516062)"
MCP2358003T,170524612,Montgomery County Police,Injury Crash,08/13/2017 12:07:00 PM,,,,DRIVEWAY 10501 DEMOCRACY LANE,,PEDESTRIAN,SINGLE VEHICLE,CLEAR,,DAYLIGHT,NO CONTROLS,,NONE DETECTED,2F08BA98-195A-413E-8A60-32D049D5D361,PEDESTRIAN,Other,OTHER,OTHER,Yes,SUSPECTED SERIOUS INJURY,N/A,39.027483,-77.166076,"    (39.027483, -77.166076)"
MCP21890005,170524568,Montgomery County Police,Injury Crash,08/13/2017 12:53:00 AM,County,LOST KNIFE RD,CONTOUR RD,,N/A,PEDESTRIAN,OTHER,N/A,WET,DARK LIGHTS ON,NO CONTROLS,NONE DETECTED,UNKNOWN,48022F78-6D13-4D0D-A6E6-4E04FCC2B083,PEDESTRIAN,Other,UNKNOWN,ON ROADWAY AT CROSSWALK,No,SUSPECTED SERIOUS INJURY,N/A,39.1564195,-77.20252264,"    (39.1564195, -77.20252264)"
EJ7833003W,170524565,Gaithersburg Police Depar,Injury Crash,08/12/2017 23:38,,,,"PARKING LOT OF 111 WATKINS STATION CIRCLE IN GAITHERSBURG, MD 20877",,PEDESTRIAN,OTHER,N/A,,DARK LIGHTS ON,NO CONTROLS,UNKNOWN,NONE DETECTED,8612D1E8-980E-47B4-AC2D-462CFE3AA978,PEDESTRIAN,Standing,OTHER,OTHER,No,POSSIBLE INJURY,NONE,39.16057648,-77.2195711,"    (39.16057648, -77.2195711)"
EJ7833003W,170524565,Gaithersburg Police Depar,Injury Crash,08/12/2017 23:38,,,,"PARKING LOT OF 111 WATKINS STATION CIRCLE IN GAITHERSBURG, MD 20877",,PEDESTRIAN,OTHER,N/A,,DARK LIGHTS ON,NO CONTROLS,UNKNOWN,ALCOHOL PRESENT,36CD596E-8654-4D8C-8BC5-DF30DFE126A0,PEDESTRIAN,Other,OTHER,OTHER,No,SUSPECTED SERIOUS INJURY,NONE,39.16057648,-77.2195711,"    (39.16057648, -77.2195711)"
EJ7833003W,170524565,Gaithersburg Police Depar,Injury Crash,08/12/2017 23:38,,,,"PARKING LOT OF 111 WATKINS STATION CIRCLE IN GAITHERSBURG, MD 20877",,PEDESTRIAN,OTHER,N/A,,DARK LIGHTS ON,NO CONTROLS,UNKNOWN,NONE DETECTED,E77DE94B-CB87-4888-AAA9-4DB6E575FACB,PEDESTRIAN,Standing,OTHER,OTHER,No,SUSPECTED MINOR INJURY,NONE,39.16057648,-77.2195711,"    (39.16057648, -77.2195711)"
MCP30760009,170524497,Montgomery County Police,Injury Crash,08/12/2017 13:50,,,,"SAFEWAY PARKING LOT
116 UNIVERSITY BLVD W",,PEDESTRIAN,SINGLE VEHICLE,CLEAR,,DAYLIGHT,N/A,NONE DETECTED,N/A,86AB30DF-F4FD-4D09-BEE9-0F0C42C196E5,PEDESTRIAN,N/A,NO IMPROPER ACTIONS,OTHER,No,POSSIBLE INJURY,N/A,39.02088309,-77.01513514,"    (39.02088309, -77.01513514)"
MCP3035001H,170524313,Montgomery County Police,Injury Crash,08/11/2017 11:00,Maryland (State),FALLS RD,WOOTTON PKWY,,ROCKVILLE,BICYCLIST,STRAIGHT MOVEMENT ANGLE,CLEAR,DRY,DAYLIGHT,TRAFFIC SIGNAL,UNKNOWN,NONE DETECTED,E35DAE46-E2C7-4DF1-8037-FF126F3EAA22,BICYCLIST,Cross/Enter at Intersection,IN ROADWAY IMPROPERLY,AT INTERSECTION MARKED CROSSWALK,Yes,SUSPECTED MINOR INJURY,N/A,39.06981272,-77.17000723,"    (39.06981272, -77.17000723)"
DD5598001Q,170524134,Rockville Police Departme,Injury Crash,08/10/2017 16:54,Municipality,E MIDDLE LA,ENT TO BUSINESS,,N/A,PEDESTRIAN,STRAIGHT MOVEMENT ANGLE,CLEAR,DRY,DAYLIGHT,OTHER,N/A,N/A,F5023A47-4723-4AF6-A706-C3429F21C598,PEDESTRIAN,Cross/Enter at Intersection,DART DASH,ON ROADWAY AT CROSSWALK,No,SUSPECTED SERIOUS INJURY,N/A,39.08517633,-77.15055417,"    (39.08517633, -77.15055417)"
MCP21070017,170523851,Montgomery County Police,Injury Crash,08/10/2017 11:05,Maryland (State),BEALLSVILLE RD,SELLMAN RD,,N/A,MACHINE OPERATOR/RIDER,OTHER,CLEAR,DRY,DAYLIGHT,NO CONTROLS,NONE DETECTED,NONE DETECTED,615971BA-6A17-418C-81B4-3533ABF3A8A0,MACHINE OPERATOR/RIDER,Other,FAILURE TO YIELD RIGHT OF WAY,OTHER,Yes,SUSPECTED MINOR INJURY,N/A,39.22051263,-77.37774298,"    (39.22051263, -77.37774298)"
MCP9390000W,170523992,Montgomery County Police,Injury Crash,08/09/2017 21:11,Maryland (State),KEY WEST AVE,DARNESTOWN RD,,N/A,BICYCLIST,OTHER,CLEAR,DRY,DARK LIGHTS ON,TRAFFIC SIGNAL,NONE DETECTED,N/A,1085C866-307D-4B21-B29B-0068DE59761D,BICYCLIST,Cross/Enter at Intersection,FAILURE TO YIELD RIGHT OF WAY,AT INTERSECTION MARKED CROSSWALK,Yes,SUSPECTED MINOR INJURY,N/A,39.10050492,-77.21343756,"    (39.10050492, -77.21343756)"
MCP2954003P,170523918,Montgomery County Police,Injury Crash,08/09/2017 16:00,County,FLOWER AVE,PINEY BRANCH RD,,N/A,BICYCLIST,STRAIGHT MOVEMENT ANGLE,CLEAR,DRY,DAYLIGHT,NO CONTROLS,NONE DETECTED,ALCOHOL PRESENT,EB7ACDFE-964D-4344-98E1-EA2FEC9F88F5,BICYCLIST,Cross/Enter at Intersection,FAILURE TO YIELD RIGHT OF WAY,AT INTERSECTION BUT NO CROSSWALK,Yes,POSSIBLE INJURY,NONE,38.99864333,-77.00348833,"    (38.99864333, -77.00348833)"
MCP2689003J,170523840,Montgomery County Police,Injury Crash,08/09/2017 10:24,Maryland (State),VEIRS MILL RD,ATLANTIC AVE,,ROCKVILLE,PEDESTRIAN,SINGLE VEHICLE,CLEAR,DRY,DAYLIGHT,TRAFFIC SIGNAL,NONE DETECTED,NONE DETECTED,9DB3D9AC-17BE-4B46-990F-589D5C5333B9,PEDESTRIAN,Cross/Enter at Intersection,NO IMPROPER ACTIONS,ON ROADWAY AT CROSSWALK,No,SUSPECTED MINOR INJURY,NONE,39.07487539,-77.11544976,"    (39.07487539, -77.11544976)"
MCP2689003J,170523840,Montgomery County Police,Injury Crash,08/09/2017 10:24,Maryland (State),VEIRS MILL RD,ATLANTIC AVE,,ROCKVILLE,PEDESTRIAN,SINGLE VEHICLE,CLEAR,DRY,DAYLIGHT,TRAFFIC SIGNAL,NONE DETECTED,NONE DETECTED,743D2934-9D2A-4737-9E39-9AEEA010B114,PEDESTRIAN,Cross/Enter at Intersection,NO IMPROPER ACTIONS,ON ROADWAY AT CROSSWALK,No,SUSPECTED MINOR INJURY,NONE,39.07487539,-77.11544976,"    (39.07487539, -77.11544976)"
MCP2689003J,170523840,Montgomery County Police,Injury Crash,08/09/2017 10:24,Maryland (State),VEIRS MILL RD,ATLANTIC AVE,,ROCKVILLE,PEDESTRIAN,SINGLE VEHICLE,CLEAR,DRY,DAYLIGHT,TRAFFIC SIGNAL,NONE DETECTED,NONE DETECTED,63C2D5ED-5B17-4DAC-B4ED-2D72DFF813F0,PEDESTRIAN,Cross/Enter at Intersection,NO IMPROPER ACTIONS,ON ROADWAY AT CROSSWALK,No,SUSPECTED MINOR INJURY,NONE,39.07487539,-77.11544976,"    (39.07487539, -77.11544976)"
MCP30180019,170524271,Montgomery County Police,Injury Crash,08/09/2017 9:00,,,,"PARKING LOT OF PANERA BREAD LOCATED AT 8541 GEORGIA AVENUE, SILVER SPRING, MD 20901",,PEDESTRIAN,OTHER,CLEAR,,DAYLIGHT,NO CONTROLS,UNKNOWN,UNKNOWN,3820D825-3AEA-47D9-A0F1-CA1C07DC8A56,PEDESTRIAN,Other,NO IMPROPER ACTIONS,OTHER,No,SUSPECTED MINOR INJURY,N/A,38.9960736,-77.02783942,"    (38.9960736, -77.02783942)"
MCP0487001P,170523655,Montgomery County Police,Injury Crash,08/08/2017 14:00,,,,"PARKING LOT OF 19300 FRENCHTON PLACE 
MONTGOMERY VILLAGE, MD 20886",,PEDESTRIAN,OTHER,CLOUDY,,DAYLIGHT,NO CONTROLS,NONE DETECTED,NONE DETECTED,3296E465-53F1-47EB-9D74-FED2DFD3FF47,PEDESTRIAN,Standing,NOT VISIBLE,CURB,No,POSSIBLE INJURY,REFLECTIVE CLOTHING,39.17207,-77.215765,"    (39.17207, -77.215765)"
MCP9130003S,170523644,Montgomery County Police,Injury Crash,08/08/2017 13:27,Maryland (State),PINEY BRANCH RD,UNIVERSITY BLVD E,,N/A,PEDESTRIAN,SINGLE VEHICLE,CLEAR,DRY,DAYLIGHT,TRAFFIC SIGNAL,NONE DETECTED,ALCOHOL CONTRIBUTED,232053AC-D1AB-4494-9FCE-785A29B1458F,PEDESTRIAN,Cross/Enter at Intersection,DART DASH,ON ROADWAY AT CROSSWALK,Yes,SUSPECTED MINOR INJURY,NONE,38.99965066,-76.99515939,"    (38.99965066, -76.99515939)"
EJ7826002C,170523488,Gaithersburg Police Depar,Injury Crash,08/07/2017 13:37,County,LOST KNIFE RD,ODENDHAL AVE,,N/A,PEDESTRIAN,OTHER,RAINING,WET,DAYLIGHT,NO CONTROLS,N/A,N/A,D66587A8-FBFF-4C69-BAE3-03917FA19271,PEDESTRIAN,Cross/Enter not at Intersection,NO IMPROPER ACTIONS,ON ROADWAY AT CROSSWALK,No,POSSIBLE INJURY,NONE,39.15290833,-77.19897667,"    (39.15290833, -77.19897667)"
MCP20080044,170523208,Montgomery County Police,Injury Crash,08/05/2017 16:34,,,,"PARKING LOT OF 
6301 RIVER RD",,PEDESTRIAN,OTHER,CLEAR,,DAYLIGHT,N/A,NONE DETECTED,NONE DETECTED,05C90650-22C7-4CD3-934F-0D92F354CB0D,PEDESTRIAN,Other,NO IMPROPER ACTIONS,OTHER,No,SUSPECTED SERIOUS INJURY,N/A,38.97602667,-77.12599833,"    (38.97602667, -77.12599833)"
MCP20080044,170523208,Montgomery County Police,Injury Crash,08/05/2017 16:34,,,,"PARKING LOT OF 
6301 RIVER RD",,PEDESTRIAN,OTHER,CLEAR,,DAYLIGHT,N/A,NONE DETECTED,NONE DETECTED,4C8DB713-3960-4E4D-9A56-066D032F3552,PEDESTRIAN,Other,NO IMPROPER ACTIONS,OTHER,No,NO APPARENT INJURY,N/A,38.97602667,-77.12599833,"    (38.97602667, -77.12599833)"
MCP20080044,170523208,Montgomery County Police,Injury Crash,08/05/2017 16:34,,,,"PARKING LOT OF 
6301 RIVER RD",,PEDESTRIAN,OTHER,CLEAR,,DAYLIGHT,N/A,NONE DETECTED,NONE DETECTED,B9D1D6D6-613A-45C7-B976-AC995CC74171,PEDESTRIAN,Other,NO IMPROPER ACTIONS,OTHER,No,SUSPECTED MINOR INJURY,N/A,38.97602667,-77.12599833,"    (38.97602667, -77.12599833)"
MCP28910040,170523155,Montgomery County Police,Injury Crash,08/05/2017 11:34,Maryland (State),GEORGIA AVE,FOREST GLEN RD,,N/A,PEDESTRIAN,SINGLE VEHICLE,CLEAR,DRY,DAYLIGHT,TRAFFIC SIGNAL,NONE DETECTED,NONE DETECTED,5A11D6D5-2A15-4381-B0E6-ECB4014CA598,PEDESTRIAN,Cross/Enter at Intersection,OTHER,AT INTERSECTION MARKED CROSSWALK,No,SUSPECTED SERIOUS INJURY,NONE,39.01587583,-77.0427145,"    (39.01587583, -77.0427145)"
DD56100032,170522986,Rockville Police Departme,Injury Crash,08/04/2017 15:39,Municipality,WATKINS POND BLVD,FREDERICK RD,,N/A,BICYCLIST,OTHER,CLEAR,DRY,DAYLIGHT,TRAFFIC SIGNAL,N/A,N/A,A5E40AB6-98D1-4600-8763-4AD354E2AF79,BICYCLIST,Cross/Enter at Intersection,UNKNOWN,ON ROADWAY AT CROSSWALK,Unknown,POSSIBLE INJURY,NONE,39.11211,-77.161845,"    (39.11211, -77.161845)"
MCP30330019,170522976,Montgomery County Police,Injury Crash,08/04/2017 14:31,US (State),COLUMBIA PIKE,INDUSTRIAL PKWY,,N/A,PEDESTRIAN,SINGLE VEHICLE,N/A,DRY,DAYLIGHT,TRAFFIC SIGNAL,NONE DETECTED,NONE DETECTED,D06D6849-ECC3-4A60-90E5-673D84B1DC3D,PEDESTRIAN,Cross/Enter at Intersection,INATTENTIVE,AT INTERSECTION MARKED CROSSWALK,Yes,POSSIBLE INJURY,NONE,39.05624972,-76.97145805,"    (39.05624972, -76.97145805)"
MCP1174002B,170522951,Montgomery County Police,Injury Crash,08/04/2017 12:40,Maryland (State),WISCONSIN AVE,ELM ST,,N/A,MACHINE OPERATOR/RIDER,SINGLE VEHICLE,CLEAR,DRY,DAYLIGHT,TRAFFIC SIGNAL,NONE DETECTED,NONE DETECTED,2A632BE1-2F27-4423-8DF6-C2228D658E5B,MACHINE OPERATOR/RIDER,Cross/Enter at Intersection,FAILURE TO OBEY TRAFFIC SIGNS SIGNALS OR OFFICER,AT INTERSECTION MARKED CROSSWALK,Yes,POSSIBLE INJURY,NONE,38.98222227,-77.09306002,"    (38.98222227, -77.09306002)"
MCP2116006P,170522772,Montgomery County Police,Injury Crash,08/03/2017 15:32,,,,DRIVE WAY AND SIDEWALK OF 1111 EDMONSTON DRIVE,,BICYCLIST,STRAIGHT MOVEMENT ANGLE,CLEAR,,DAYLIGHT,N/A,NONE DETECTED,NONE DETECTED,FEC49B82-D363-43FE-81E8-13C85DD8ABE1,BICYCLIST,Other,INATTENTIVE,SIDEWALK,Yes,POSSIBLE INJURY,NONE,39.07544667,-77.132775,"    (39.07544667, -77.132775)"
MCP9321001J,170522720,Montgomery County Police,Injury Crash,08/03/2017 11:09,County,RANDOLPH RD,GLENMONT CIR #1,,N/A,PEDESTRIAN,SINGLE VEHICLE,CLEAR,DRY,DAYLIGHT,TRAFFIC SIGNAL,NONE DETECTED,NONE DETECTED,4D55F6AB-9505-416F-BC1B-3535CB32CD74,PEDESTRIAN,Cross/Enter at Intersection,NO IMPROPER ACTIONS,ON ROADWAY AT CROSSWALK,No,SUSPECTED SERIOUS INJURY,N/A,39.05913833,-77.047445,"    (39.05913833, -77.047445)"
MCP9321001J,170522720,Montgomery County Police,Injury Crash,08/03/2017 11:09,County,RANDOLPH RD,GLENMONT CIR #1,,N/A,PEDESTRIAN,SINGLE VEHICLE,CLEAR,DRY,DAYLIGHT,TRAFFIC SIGNAL,NONE DETECTED,NONE DETECTED,74A8726B-ABD9-4831-8419-6C363D99780F,PEDESTRIAN,Cross/Enter at Intersection,NO IMPROPER ACTIONS,ON ROADWAY AT CROSSWALK,No,SUSPECTED SERIOUS INJURY,N/A,39.05913833,-77.047445,"    (39.05913833, -77.047445)"
MCP2212002F,170522534,Montgomery County Police,Injury Crash,08/02/2017 14:36,County,PLUM ORCHARD DR,BROADBIRCH DR,,N/A,PEDESTRIAN,OTHER,CLEAR,DRY,DAYLIGHT,STOP SIGN,NONE DETECTED,NONE DETECTED,A035EDE6-ADB7-48DB-B7B4-9E8EB30792D5,PEDESTRIAN,Cross/Enter at Intersection,NO IMPROPER ACTIONS,MIDBLOCK MARKED CROSSWALK,No,SUSPECTED MINOR INJURY,N/A,39.05551761,-76.95732951,"    (39.05551761, -76.95732951)"
MCP2951002D,170522394,Montgomery County Police,Injury Crash,08/01/2017 20:45,,LEISURE WORLD  BLVD,TWIN BRANCHES DR,,N/A,PEDESTRIAN,OTHER,N/A,N/A,DARK LIGHTS ON,NO CONTROLS,NONE DETECTED,NONE DETECTED,CDF84BF1-48F5-4519-8563-C8ACBFCF4B53,PEDESTRIAN,Cross/Enter at Intersection,NO IMPROPER ACTIONS,ON ROADWAY AT CROSSWALK,No,POSSIBLE INJURY,NONE,39.10769717,-77.072951,"    (39.10769717, -77.072951)"
MCP2395000P,170522165,Montgomery County Police,Injury Crash,07/31/2017 06:35:00 PM,County,CLUB HOLLOW RD,TRUNDLE RD,,N/A,OTHER,SINGLE VEHICLE,CLEAR,DRY,DAYLIGHT,NO CONTROLS,NONE DETECTED,N/A,3A52C989-AF48-43FB-8246-25AD4F6CB889,OTHER,N/A,N/A,N/A,No,NO APPARENT INJURY,N/A,39.13548333,-77.46941167,"    (39.13548333, -77.46941167)"
MCP1575005H,170522067,Montgomery County Police,Injury Crash,07/31/2017 09:06:00 AM,Maryland (State),FREDERICK RD,REDLAND RD,,N/A,BICYCLIST,OTHER,CLEAR,DRY,DAYLIGHT,NO CONTROLS,NONE DETECTED,NONE DETECTED,26C5B1FE-CAFE-4B52-A8A1-BF8627917602,BICYCLIST,Other,NO IMPROPER ACTIONS,SIDEWALK,No,POSSIBLE INJURY,NONE,39.11558333,-77.16568667,"    (39.11558333, -77.16568667)"
MCP2358003P,170521943,Montgomery County Police,Injury Crash,07/30/2017 09:40:00 AM,County,FALLS RD,BRICKYARD RD,,N/A,BICYCLIST,STRAIGHT MOVEMENT ANGLE,CLEAR,DRY,DAYLIGHT,NO CONTROLS,NONE DETECTED,NONE DETECTED,D88B9BF0-1AB4-4C1F-B6AD-42BD16E4322F,BICYCLIST,Walking/Riding w/Traffic,FAILURE TO YIELD RIGHT OF WAY,SHOULDER,Yes,SUSPECTED SERIOUS INJURY,MC/BIKE HELMET,39.002425,-77.226114,"    (39.002425, -77.226114)"
MCP2789003N,170521502,Montgomery County Police,Injury Crash,07/27/2017 05:07:00 PM,County,THAYER AVE,MAYOR LA,,N/A,PEDESTRIAN,SINGLE VEHICLE,CLEAR,DRY,DAYLIGHT,NO CONTROLS,N/A,N/A,5E583374-03F8-4A27-82CD-B56A268FE257,PEDESTRIAN,Cross/Enter not at Intersection,NOT VISIBLE,ON ROADWAY NOT AT CROSSWALK,Yes,POSSIBLE INJURY,NONE,38.99309167,-77.025915,"    (38.99309167, -77.025915)"
MCP2785002W,170521593,Montgomery County Police,Injury Crash,07/27/2017 10:37:00 AM,Other Public Roadway,CALVERTON BLVD,CHERRY HILL RD,,N/A,BICYCLIST,OTHER,CLEAR,DRY,DARK LIGHTS ON,NO CONTROLS,N/A,N/A,C8CC9813-42D2-4B33-9B4F-7A6892E71F94,BICYCLIST,Walking/Cycling on Sidewalk,FAILURE TO YIELD RIGHT OF WAY,SIDEWALK,Yes,SUSPECTED MINOR INJURY,NONE,39.05627,-76.95309833,"    (39.05627, -76.95309833)"
MCP2564001F,170521313,Montgomery County Police,Injury Crash,07/26/2017 04:10:00 PM,County,LOST KNIFE RD,ODENDHAL AVE,,N/A,PEDESTRIAN,STRAIGHT MOVEMENT ANGLE,N/A,DRY,DAYLIGHT,NO CONTROLS,UNKNOWN,NONE DETECTED,224A575E-83CF-4BDE-8A4D-2237DB1B857C,PEDESTRIAN,Cross/Enter at Intersection,NO IMPROPER ACTIONS,AT INTERSECTION BUT NO CROSSWALK,No,SUSPECTED MINOR INJURY,NONE,39.15363673,-77.19987094,"    (39.15363673, -77.19987094)"
MCP2607002P,170520587,Montgomery County Police,Property Damage Crash,07/22/2017 04:58:00 PM,County,AMITY CT,AMITY DR,,N/A,BICYCLIST,OTHER,RAINING,WET,DAYLIGHT,NO CONTROLS,NONE DETECTED,ALCOHOL PRESENT,B2E6EB7F-9BC8-4813-9BB0-19F25AC0F505,BICYCLIST,Cross/Enter at Intersection,INATTENTIVE,AT INTERSECTION BUT NO CROSSWALK,Yes,NO APPARENT INJURY,NONE,39.14524667,-77.16897667,"    (39.14524667, -77.16897667)"
MCP2077001S,170518841,Montgomery County Police,Injury Crash,07/21/2017 10:02:00 AM,,,,"PARKING LOT OF SUNOCO STATION; 14031 GEORGIA AVE, SILVER SPRING, MD",,PEDESTRIAN,OTHER,CLEAR,,DAYLIGHT,NO CONTROLS,N/A,NONE DETECTED,4E376801-EA3C-42CD-A353-22AE5735EBAC,PEDESTRIAN,Other,NO IMPROPER ACTIONS,OTHER,No,POSSIBLE INJURY,N/A,39.085032,-77.078111,"    (39.085032, -77.078111)"
MCP2080000D,170520175,Montgomery County Police,Property Damage Crash,07/20/2017 02:27:00 PM,,,,PARKING LOT 13661 CONNECTICUT AVE,,OTHER,OTHER,N/A,,DAYLIGHT,N/A,UNKNOWN,NONE DETECTED,234C6078-B3A4-4F12-864D-9F1A368CE4E9,OTHER,N/A,NO IMPROPER ACTIONS,N/A,No,NO APPARENT INJURY,N/A,39.07840838,-77.0797348,"    (39.07840838, -77.0797348)"
MCP2617003V,170519944,Montgomery County Police,Injury Crash,07/19/2017 11:44:00 AM,Municipality,DRUMMOND AVE,WISCONSIN AVE,,N/A,OTHER,OTHER,CLEAR,DRY,DAYLIGHT,NO CONTROLS,,NONE DETECTED,A3984CB1-0E58-459D-AF28-6F8623D54AB7,OTHER,Getting off/on Vehicle,OTHER,ON ROADWAY NOT AT CROSSWALK,Yes,SUSPECTED SERIOUS INJURY,NONE,38.997705,-77.09671833,"    (38.997705, -77.09671833)"
MCP2001000R,170519887,Montgomery County Police,Injury Crash,07/18/2017 09:23:00 PM,County,CONNECTICUT AVE,GEORGIA AVE,,N/A,PEDESTRIAN,SINGLE VEHICLE,CLEAR,DRY,DARK LIGHTS ON,NO CONTROLS,UNKNOWN,UNKNOWN,01BBCF6C-D9BE-494E-AD0D-758511F15CB8,PEDESTRIAN,Cross/Enter not at Intersection,UNKNOWN,ON ROADWAY NOT AT CROSSWALK,Unknown,SUSPECTED SERIOUS INJURY,N/A,39.08211036,-77.0797348,"    (39.08211036, -77.0797348)"
MCP27670031,170520436,Montgomery County Police,Injury Crash,07/18/2017 07:29:00 PM,,,,"IN PARKING LOT IN FRONT OF 13817 OUTLET DRIVE, SILVER SPRING MD.",,PEDESTRIAN,SINGLE VEHICLE,UNKNOWN,,DAYLIGHT,NO CONTROLS,UNKNOWN,NONE DETECTED,D2FE19BF-5890-4FAD-8FDD-35DBF60CD531,PEDESTRIAN,Other,NO IMPROPER ACTIONS,OTHER,No,SUSPECTED MINOR INJURY,NONE,39.08252156,-76.9451268,"    (39.08252156, -76.9451268)"
MCP23960026,170519725,Montgomery County Police,Injury Crash,07/18/2017 10:10:00 AM,County,BEL PRE RD,HOMECREST RD,,N/A,PEDESTRIAN,HEAD ON LEFT TURN,CLEAR,DRY,DAYLIGHT,TRAFFIC SIGNAL,NONE DETECTED,NONE DETECTED,21D1978F-14AF-4C43-A1BC-80636F70DEE4,PEDESTRIAN,Cross/Enter at Intersection,NO IMPROPER ACTIONS,ON ROADWAY AT CROSSWALK,No,SUSPECTED MINOR INJURY,NONE,39.09161167,-77.06272,"    (39.09161167, -77.06272)"
DD56170011,170519620,Rockville Police Departme,Injury Crash,07/17/2017 07:01:00 PM,,,,PARKING LOT OF 225 N WASHINGTON AVE,,PEDESTRIAN,SINGLE VEHICLE,CLEAR,,DUSK,NO CONTROLS,N/A,N/A,33F0F599-631D-449D-B4C2-27BF7A1087C9,PEDESTRIAN,Other,NO IMPROPER ACTIONS,OTHER,No,SUSPECTED MINOR INJURY,NONE,39.08618,-77.152725,"    (39.08618, -77.152725)"
MCP2588002W,170519407,Montgomery County Police,Property Damage Crash,07/16/2017 01:15:00 PM,County,RUSSETT RD,BAUER DR,,N/A,BICYCLIST,OTHER,CLEAR,DRY,DAYLIGHT,STOP SIGN,NONE DETECTED,NONE DETECTED,CF5AF66F-5316-442F-994E-4ECF7BBD4596,BICYCLIST,Cross/Enter at Intersection,FAILURE TO YIELD RIGHT OF WAY,ON ROADWAY AT CROSSWALK,Yes,NO APPARENT INJURY,NONE,39.05841167,-77.04803833,"    (39.05841167, -77.04803833)"
MCP2274001J,170519122,Montgomery County Police,Injury Crash,07/14/2017 04:57:00 PM,,,,"PARKING LOT OF 455 N. FREDERICK AVE, GAITHERSBURG, MONTGOMERY COUTNY, MARYLAND",,BICYCLIST,STRAIGHT MOVEMENT ANGLE,CLOUDY,,DAYLIGHT,NO CONTROLS,NONE DETECTED,NONE DETECTED,79FA7296-98DD-4755-85CF-461003B40A90,BICYCLIST,Walking/Cycling on Sidewalk,NO IMPROPER ACTIONS,SIDEWALK,No,SUSPECTED MINOR INJURY,NONE,39.14836833,-77.206515,"    (39.14836833, -77.206515)"
MCP2845002Y,170518812,Montgomery County Police,Injury Crash,07/13/2017 08:20:00 AM,County,LORAIN AVE,UNIVERSITY BLVD W,,N/A,BICYCLIST,STRAIGHT MOVEMENT ANGLE,CLEAR,DRY,DAYLIGHT,STOP SIGN,NONE DETECTED,NONE DETECTED,C9B522B3-9DD6-46C2-A517-0AFF5BCF3C02,BICYCLIST,Cross/Enter at Intersection,DART DASH,SIDEWALK,Yes,SUSPECTED MINOR INJURY,NONE,39.02186833,-77.01506333,"    (39.02186833, -77.01506333)"
MCP3004001P,170518567,Montgomery County Police,Property Damage Crash,07/11/2017 21:19,Municipality,ROSEMARY ST #2,CONNECTICUT AVE,,N/A,BICYCLIST,OTHER,CLEAR,DRY,DARK LIGHTS ON,TRAFFIC SIGNAL,UNKNOWN,NONE DETECTED,D72A766C-5E81-4AB6-B02D-3AF84C7106C9,BICYCLIST,Cross/Enter at Intersection,NO IMPROPER ACTIONS,AT INTERSECTION MARKED CROSSWALK,No,NO APPARENT INJURY,NONE,38.97785721,-77.07724303,"    (38.97785721, -77.07724303)"
DM8386000V,170518554,Takoma Park Police Depart,Injury Crash,07/11/2017 20:06,Municipality,ROANOKE AVE,HOUSTON AVE,,TAKOMA PARK,BICYCLIST,SAME DIRECTION SIDESWIPE,CLEAR,DRY,DAWN,N/A,NONE DETECTED,NONE DETECTED,EEF8BAE3-8779-4DAD-A9A2-BE5F15CC764C,BICYCLIST,Walking/Riding w/Traffic,N/A,ON ROADWAY NOT AT CROSSWALK,No,SUSPECTED MINOR INJURY,NONE,38.99124346,-77.00353593,"    (38.99124346, -77.00353593)"
MCP2260001R,170518519,Montgomery County Police,Injury Crash,07/11/2017 6:16,,,,SIDEWALK /DRIVEWAY OF 1911 ROCKVILLE PIKE,,PEDESTRIAN,OTHER,CLEAR,,DAYLIGHT,N/A,N/A,NONE DETECTED,9634C539-D7A4-44BC-8963-E0B0C0638C26,PEDESTRIAN,N/A,NO IMPROPER ACTIONS,OTHER,No,POSSIBLE INJURY,NONE,39.058555,-77.12148167,"    (39.058555, -77.12148167)"
DD5612000Y,170518304,Rockville Police Departme,Injury Crash,07/10/2017 15:10,,,,DRIVEWAY/EXIT OF 1560 ROCKVILLE PIKE,,PEDESTRIAN,SINGLE VEHICLE,CLEAR,,DAYLIGHT,N/A,UNKNOWN,NONE DETECTED,3DB1B9E6-F023-4D6F-9F07-23C3FFFCC350,PEDESTRIAN,Walking/Riding w/Traffic,NO IMPROPER ACTIONS,ON ROADWAY AT CROSSWALK,No,POSSIBLE INJURY,N/A,39.06480667,-77.12615333,"    (39.06480667, -77.12615333)"
DM83360010,170518092,Takoma Park Police Depart,Injury Crash,07/09/2017 2:47,County,MERRIMAC DR,UNIVERSITY BLVD E,,N/A,PEDESTRIAN,OTHER,CLEAR,DRY,DARK LIGHTS ON,N/A,,ALCOHOL PRESENT,85673EDF-27DC-49E6-97C8-DE527E735354,PEDESTRIAN,Other,OTHER,OTHER,Yes,POSSIBLE INJURY,N/A,38.99255995,-76.99145928,"    (38.99255995, -76.99145928)"