Report Number,Local Case Number,Agency Name,ACRS Report Type,Crash Date/Time,Route Type,Road Name,Cross-Street Name,Off-Road Description,Municipality,Related Non-Motorist,Collision Type,Weather,Surface Condition,Light,Traffic Control,Driver Substance Abuse,Non-Motorist Substance Abuse,Person ID,Pedestrian Type,Pedestrian Movement,Pedestrian Actions,Pedestrian Location,At Fault,Injury Severity,Safety Equipment,Latitude,Longitude,Location
DD5614002X,170514040,Rockville Police Departme,Injury Crash,06/16/2017 01:15:00 PM,Maryland (State),VEIRS MILL RD,ATLANTIC AVE,,ROCKVILLE,PEDESTRIAN,STRAIGHT MOVEMENT ANGLE,CLOUDY,DRY,DAYLIGHT,TRAFFIC SIGNAL,NONE DETECTED,NONE DETECTED,2C7E3393-B078-4EB5-BFD4-913D3DAD35BF,PEDESTRIAN,Cross/Enter at Intersection,NO IMPROPER ACTIONS,AT INTERSECTION MARKED CROSSWALK,No,SUSPECTED MINOR INJURY,NONE,39.07507685,-77.11564355,"    (39.07507685, -77.11564355)"
MCP28300032,170513777,Montgomery County Police,Injury Crash,06/15/2017 07:01:00 AM,Maryland (State),NEW HAMPSHIRE AVE,SPOTSWOOD DR,,N/A,BICYCLIST,STRAIGHT MOVEMENT ANGLE,N/A,DRY,DAYLIGHT,STOP SIGN,NONE DETECTED,NONE DETECTED,59072437-095F-4F8D-9F09-3F206A4FAAA6,BICYCLIST,Cross/Enter at Intersection,FAILURE TO YIELD RIGHT OF WAY,SHOULDER,Yes,SUSPECTED MINOR INJURY,LIGHTING,39.11898,-76.98926167,"    (39.11898, -76.98926167)"
MCP23300011,170513717,Montgomery County Police,Injury Crash,06/14/2017 07:22:00 PM,Maryland (State),GEORGIA AVE,ARCOLA AVE,,N/A,BICYCLIST,OTHER,CLEAR,DRY,DAYLIGHT,TRAFFIC SIGNAL,NONE DETECTED,NONE DETECTED,6103949E-024E-4911-8552-3849DFE81757,BICYCLIST,Cross/Enter at Intersection,N/A,AT INTERSECTION MARKED CROSSWALK,No,POSSIBLE INJURY,MC/BIKE HELMET,39.0470806,-77.05194443,"    (39.0470806, -77.05194443)"
DD5601002Y,170513709,Rockville Police Departme,Injury Crash,06/14/2017 07:16:00 PM,Municipality,PASTURE BROOK WAY,WOOTTON PKWY,,ROCKVILLE,BICYCLIST,OTHER,CLEAR,DRY,DAYLIGHT,STOP SIGN,N/A,N/A,D2762516-ADF6-4E7F-80AF-50E582B10DC2,BICYCLIST,Cross/Enter at Intersection,UNKNOWN,ON ROADWAY AT CROSSWALK,Unknown,SUSPECTED MINOR INJURY,MC/BIKE HELMET,39.06825333,-77.16766,"    (39.06825333, -77.16766)"
MCP137800H6,170513692,Montgomery County Police,Injury Crash,06/14/2017 06:02:00 PM,Maryland (State),GREAT SENECA HWY,SAM EIG HWY,,N/A,BICYCLIST,STRAIGHT MOVEMENT ANGLE,CLEAR,DRY,DAYLIGHT,TRAFFIC SIGNAL,NONE DETECTED,NONE DETECTED,68C640B1-4C11-494F-B762-0D0073A94B4E,BICYCLIST,Cross/Enter at Intersection,NO IMPROPER ACTIONS,ON ROADWAY AT CROSSWALK,No,SUSPECTED MINOR INJURY,MC/BIKE HELMET,39.10989667,-77.211555,"    (39.10989667, -77.211555)"
MCP21340011,170513638,Montgomery County Police,Injury Crash,06/14/2017 01:07:00 PM,,,,PARKING LOT OF 15200 SHADY GROVE ROAD,,PEDESTRIAN,OTHER,CLEAR,,DAYLIGHT,N/A,NONE DETECTED,NONE DETECTED,C46604D0-FF98-4E80-BF25-34DB41307F32,PEDESTRIAN,Other,OTHER,OTHER,No,SUSPECTED MINOR INJURY,N/A,39.10499667,-77.19169333,"    (39.10499667, -77.19169333)"
MCP2437002Q,170513484,Montgomery County Police,Injury Crash,06/13/2017 06:21:00 PM,Maryland (State),GEORGIA AVE,HEWITT AVE,,N/A,PEDESTRIAN,SINGLE VEHICLE,CLEAR,DRY,DAYLIGHT,TRAFFIC SIGNAL,NONE DETECTED,NONE DETECTED,D0FF4FC1-A35B-43EA-AB3D-3845578848AD,PEDESTRIAN,Cross/Enter at Intersection,NO IMPROPER ACTIONS,ON ROADWAY AT CROSSWALK,No,SUSPECTED MINOR INJURY,NONE,39.0777,-77.070905,"    (39.0777, -77.070905)"
DD5508003N,170513397,Rockville Police Departme,Injury Crash,06/13/2017 12:24:00 PM,Municipality,N WASHINGTON ST,WOOD LA,,ROCKVILLE,PEDESTRIAN,OTHER,CLEAR,DRY,DAYLIGHT,STOP SIGN,NONE DETECTED,NONE DETECTED,8E1CEC93-70C6-4D63-9660-9427A50558B6,PEDESTRIAN,Cross/Enter at Intersection,NO IMPROPER ACTIONS,ON ROADWAY AT CROSSWALK,No,SUSPECTED MINOR INJURY,N/A,39.08606,-77.15289833,"    (39.08606, -77.15289833)"
MCP2549005X,170513369,Montgomery County Police,Injury Crash,06/13/2017 09:48:00 AM,County,ELM ST,WOODMONT AVE,,N/A,PEDESTRIAN,OTHER,CLEAR,DRY,DAYLIGHT,TRAFFIC SIGNAL,NONE DETECTED,NONE DETECTED,57D0026D-EA8C-4A7C-B086-42A6B8DC0813,PEDESTRIAN,Cross/Enter at Intersection,NO IMPROPER ACTIONS,ON ROADWAY AT CROSSWALK,No,SUSPECTED MINOR INJURY,NONE,38.98218833,-77.09575833,"    (38.98218833, -77.09575833)"
MCP2970002V,170513352,Montgomery County Police,Injury Crash,06/13/2017 08:31:00 AM,Maryland (State),UNIVERSITY BLVD W,CROSSOVER,,N/A,PEDESTRIAN,SINGLE VEHICLE,CLEAR,DRY,DAYLIGHT,STOP SIGN,N/A,N/A,953F056A-E4D2-4EAB-BBD7-180DBD00EC37,PEDESTRIAN,Cross/Enter at Intersection,DART DASH,AT INTERSECTION BUT NO CROSSWALK,Yes,SUSPECTED MINOR INJURY,NONE,39.03638333,-77.027125,"    (39.03638333, -77.027125)"
MCP9386004T,170513166,Montgomery County Police,Injury Crash,06/12/2017 8:23,County,MARYKNOLL AVE,WILSON LA,,N/A,BICYCLIST,STRAIGHT MOVEMENT ANGLE,CLEAR,DRY,DAYLIGHT,STOP SIGN,NONE DETECTED,NONE DETECTED,73BFF3CF-0223-46FC-A8F2-34DD14E56FC2,BICYCLIST,Walking/Cycling on Sidewalk,FAILURE TO YIELD RIGHT OF WAY,SIDEWALK,Yes,SUSPECTED MINOR INJURY,UNKNOWN,38.98655267,-77.13406831,"    (38.98655267, -77.13406831)"
MCP23530041,170513155,Montgomery County Police,Injury Crash,06/12/2017 6:18,Maryland (State),EAST WEST HWY,SPUR FR JONES MILL RD,,N/A,BICYCLIST,STRAIGHT MOVEMENT ANGLE,CLOUDY,DRY,DAYLIGHT,NO CONTROLS,NONE DETECTED,NONE DETECTED,A1114331-0C38-40AF-8935-0257D6D6B277,BICYCLIST,Cross/Enter not at Intersection,INATTENTIVE,OUTSIDE RIGHT OF WAY,Yes,SUSPECTED MINOR INJURY,MC/BIKE HELMET,38.99326333,-77.06411,"    (38.99326333, -77.06411)"
MCP2082000Z,170513136,Montgomery County Police,Injury Crash,06/11/2017 23:59,Maryland (State),GEORGIA AVE,ENNALLS AVE,,N/A,PEDESTRIAN,SINGLE VEHICLE,CLEAR,DRY,DARK LIGHTS ON,NO CONTROLS,NONE DETECTED,ALCOHOL CONTRIBUTED,2139C4CD-C7A0-46EE-AF1B-8CEDC1432845,PEDESTRIAN,Cross/Enter not at Intersection,UNKNOWN,ON ROADWAY NOT AT CROSSWALK,Yes,SUSPECTED SERIOUS INJURY,NONE,39.07991333,-77.080315,"    (39.07991333, -77.080315)"
MCP2905002R,170513078,Montgomery County Police,Injury Crash,06/11/2017 15:48,Maryland (State),WILSON LA,MOORLAND LA,,N/A,PEDESTRIAN,STRAIGHT MOVEMENT ANGLE,CLEAR,DRY,DAYLIGHT,STOP SIGN,N/A,N/A,547D6A58-4FD3-4F93-B3A1-DE6CAD2CC26C,PEDESTRIAN,Standing,NO IMPROPER ACTIONS,SIDEWALK,No,SUSPECTED MINOR INJURY,N/A,38.98711,-77.10970333,"    (38.98711, -77.10970333)"
MCP2512002R,170513077,Montgomery County Police,Injury Crash,06/11/2017 15:30,Maryland (State),KEY WEST AVE,DARNESTOWN RD,,N/A,BICYCLIST,STRAIGHT MOVEMENT ANGLE,CLEAR,DRY,DAYLIGHT,STOP SIGN,NONE DETECTED,NONE DETECTED,31087CFA-0D13-4C56-9F1C-3A05700C9DF2,BICYCLIST,Walking/Riding w/Traffic,NO IMPROPER ACTIONS,IN BIKEWAY,No,SUSPECTED MINOR INJURY,MC/BIKE HELMET,39.10100032,-77.21216083,"    (39.10100032, -77.21216083)"
MCP2398001N,170512886,Montgomery County Police,Injury Crash,06/10/2017 12:46,Maryland (State),CLOPPER RD,PARKRIDGE DR,,N/A,PEDESTRIAN,STRAIGHT MOVEMENT ANGLE,CLEAR,DRY,DAYLIGHT,NO CONTROLS,NONE DETECTED,NONE DETECTED,55BCE39B-EE0A-4E9A-820F-A587F71498B0,PEDESTRIAN,Cross/Enter at Intersection,IN ROADWAY IMPROPERLY,ON ROADWAY NOT AT CROSSWALK,Yes,SUSPECTED MINOR INJURY,NONE,39.1485,-77.239515,"    (39.1485, -77.239515)"
MCP2177001W,170512885,Montgomery County Police,Injury Crash,06/10/2017 12:30,Maryland (State),DARNESTOWN RD,MUDDY BRANCH RD,,N/A,BICYCLIST,SAME DIRECTION RIGHT TURN,CLEAR,DRY,DAYLIGHT,TRAFFIC SIGNAL,UNKNOWN,NONE DETECTED,D611F962-0D1E-4FB0-A7D2-BCE994617E97,BICYCLIST,N/A,NO IMPROPER ACTIONS,IN BIKEWAY,No,SUSPECTED MINOR INJURY,MC/BIKE HELMET,39.102735,-77.22112333,"    (39.102735, -77.22112333)"
MCP2818002V,170512776,Montgomery County Police,Injury Crash,06/09/2017 19:44,County,SLIGO AVE,FENTON ST,,N/A,PEDESTRIAN,N/A,N/A,DRY,DAYLIGHT,TRAFFIC SIGNAL,NONE DETECTED,N/A,D4048872-45EC-4C03-986B-F828D2FC1DA2,PEDESTRIAN,Cross/Enter at Intersection,NO IMPROPER ACTIONS,ON ROADWAY AT CROSSWALK,No,POSSIBLE INJURY,N/A,38.990385,-77.02352,"    (38.990385, -77.02352)"
MCP1563003R,170512738,Montgomery County Police,Injury Crash,06/09/2017 16:30,Maryland (State),CONNECTICUT AVE,EAST WEST HWY,,N/A,BICYCLIST,STRAIGHT MOVEMENT ANGLE,CLEAR,DRY,DAYLIGHT,NO CONTROLS,UNKNOWN,NONE DETECTED,5393D388-92B9-440D-ADAC-B837D22F3980,BICYCLIST,Walking/Riding w/Traffic,NO IMPROPER ACTIONS,ON ROADWAY NOT AT CROSSWALK,No,SUSPECTED MINOR INJURY,MC/BIKE HELMET,38.98762115,-77.07727253,"    (38.98762115, -77.07727253)"
DD5617000V,170512462,Rockville Police Departme,Injury Crash,06/08/2017 10:45,Municipality,RESEARCH CT,RESEARCH BLVD,,ROCKVILLE,PEDESTRIAN,N/A,CLEAR,N/A,DAYLIGHT,N/A,UNKNOWN,UNKNOWN,FE8E7145-9E4F-43A0-BE3E-61ECCEBE8427,PEDESTRIAN,Cross/Enter not at Intersection,UNKNOWN,ON ROADWAY NOT AT CROSSWALK,Unknown,SUSPECTED MINOR INJURY,NONE,39.10516667,-77.19007833,"    (39.10516667, -77.19007833)"
MCP2339002G,170512551,Montgomery County Police,Injury Crash,06/08/2017 7:32,County,BRIGGS CHANEY RD,GOOD HOPE RD,,N/A,BICYCLIST,HEAD ON LEFT TURN,N/A,DRY,DAYLIGHT,NO CONTROLS,NONE DETECTED,NONE DETECTED,BBA9D4FB-1414-4CA9-9C38-58CEC03FB028,BICYCLIST,Cross/Enter at Intersection,N/A,AT INTERSECTION BUT NO CROSSWALK,No,SUSPECTED MINOR INJURY,MC/BIKE HELMET,39.101519,-76.980297,"    (39.101519, -76.980297)"
MCP23570029,170512262,Montgomery County Police,Injury Crash,06/07/2017 10:12,US (State),GEORGIA AVE,BONIFANT ST,,N/A,PEDESTRIAN,HEAD ON LEFT TURN,CLEAR,DRY,DAYLIGHT,TRAFFIC SIGNAL,NONE DETECTED,NONE DETECTED,375929CB-1480-433C-AF55-99F607C77CD1,PEDESTRIAN,Cross/Enter at Intersection,N/A,ON ROADWAY AT CROSSWALK,No,SUSPECTED MINOR INJURY,NONE,38.99361833,-77.02660833,"    (38.99361833, -77.02660833)"
MCP23850019,170512209,Montgomery County Police,Injury Crash,06/06/2017 11:24,,,,PARKING LOT OF 18701 LIBERTY MILL RD (SUNOCO GAS STATION),,PEDESTRIAN,SINGLE VEHICLE,CLEAR,,DARK LIGHTS ON,NO CONTROLS,NONE DETECTED,NONE DETECTED,CB76D08F-0917-4641-BF73-F7C234F0CEC5,PEDESTRIAN,Other,NO IMPROPER ACTIONS,OTHER,No,POSSIBLE INJURY,NONE,39.16229,-77.28059,"    (39.16229, -77.28059)"
MCP2801001Z,170511679,Montgomery County Police,Injury Crash,06/04/2017 2:51,County,SILVER SPRING AVE,MAYOR LA,,N/A,PEDESTRIAN,OTHER,CLEAR,DRY,DARK LIGHTS ON,NO CONTROLS,ALCOHOL PRESENT,N/A,E7AB3D13-89C9-4034-8AB3-2D89B3C4D4C6,PEDESTRIAN,N/A,NO IMPROPER ACTIONS,N/A,No,POSSIBLE INJURY,NONE,38.99164581,-77.02596992,"    (38.99164581, -77.02596992)"
MCP2801001Z,170511679,Montgomery County Police,Injury Crash,06/04/2017 2:51,County,SILVER SPRING AVE,MAYOR LA,,N/A,PEDESTRIAN,OTHER,CLEAR,DRY,DARK LIGHTS ON,NO CONTROLS,ALCOHOL PRESENT,N/A,41F52208-DF23-4744-84DF-6855779B62E9,PEDESTRIAN,N/A,OTHER,N/A,No,SUSPECTED MINOR INJURY,NONE,38.99164581,-77.02596992,"    (38.99164581, -77.02596992)"
MCP2348002M,170511431,Montgomery County Police,Injury Crash,06/02/2017 20:22,County,AMHERST AVE,BLUERIDGE AVE,,N/A,PEDESTRIAN,SINGLE VEHICLE,CLEAR,DRY,DAYLIGHT,N/A,NONE DETECTED,NONE DETECTED,82F8860B-BBDF-4F28-8136-63B84C08B567,PEDESTRIAN,Cross/Enter at Intersection,NO IMPROPER ACTIONS,ON ROADWAY AT CROSSWALK,No,SUSPECTED MINOR INJURY,N/A,39.04333616,-77.0478715,"    (39.04333616, -77.0478715)"
MCP2348002M,170511431,Montgomery County Police,Injury Crash,06/02/2017 20:22,County,AMHERST AVE,BLUERIDGE AVE,,N/A,PEDESTRIAN,SINGLE VEHICLE,CLEAR,DRY,DAYLIGHT,N/A,NONE DETECTED,NONE DETECTED,EA8A3B91-14E3-4C48-B9B9-ED068A02844E,PEDESTRIAN,Cross/Enter at Intersection,NO IMPROPER ACTIONS,ON ROADWAY AT CROSSWALK,No,SUSPECTED MINOR INJURY,N/A,39.04333616,-77.0478715,"    (39.04333616, -77.0478715)"
MCP2348002M,170511431,Montgomery County Police,Injury Crash,06/02/2017 20:22,County,AMHERST AVE,BLUERIDGE AVE,,N/A,PEDESTRIAN,SINGLE VEHICLE,CLEAR,DRY,DAYLIGHT,N/A,NONE DETECTED,NONE DETECTED,3B8E2A1B-7404-4227-9B1E-7790834F48F9,PEDESTRIAN,Cross/Enter at Intersection,NO IMPROPER ACTIONS,ON ROADWAY AT CROSSWALK,No,SUSPECTED MINOR INJURY,N/A,39.04333616,-77.0478715,"    (39.04333616, -77.0478715)"
MCP2676002N,170511356,Montgomery County Police,Injury Crash,06/02/2017 15:24,County,GOSHEN RD,EMORY GROVE RD,,N/A,PEDESTRIAN,OTHER,CLEAR,DRY,DAYLIGHT,TRAFFIC SIGNAL,N/A,N/A,3C0085F8-EEE3-4071-A39A-2DB9CBB745C8,PEDESTRIAN,Cross/Enter at Intersection,IN ROADWAY IMPROPERLY,ON ROADWAY NOT AT CROSSWALK,Yes,SUSPECTED MINOR INJURY,N/A,39.16034667,-77.19259333,"    (39.16034667, -77.19259333)"
MCP2201000Y,170511222,Montgomery County Police,Injury Crash,06/01/2017 20:14,Maryland (State),COLESVILLE RD,SECOND AVE,,N/A,PEDESTRIAN,STRAIGHT MOVEMENT ANGLE,CLEAR,DRY,DARK LIGHTS ON,TRAFFIC SIGNAL,NONE DETECTED,NONE DETECTED,72DE848E-5281-4623-827C-ACA573FED069,PEDESTRIAN,Cross/Enter at Intersection,DART DASH,ON ROADWAY AT CROSSWALK,Yes,POSSIBLE INJURY,NONE,38.99394417,-77.03144968,"    (38.99394417, -77.03144968)"
MCP9442000X,170510900,Montgomery County Police,Injury Crash,05/31/2017 02:06:00 PM,County,REDLAND RD,MUNCASTER MILL RD,,N/A,PEDESTRIAN,OTHER,CLEAR,DRY,DAYLIGHT,NO CONTROLS,NONE DETECTED,NONE DETECTED,A9C17BD1-E070-418D-A149-7358DC3AEF0F,PEDESTRIAN,Other,IN ROADWAY IMPROPERLY,ON ROADWAY NOT AT CROSSWALK,Yes,POSSIBLE INJURY,N/A,39.167925,-77.20516333,"    (39.167925, -77.20516333)"
MCP2046006W,170510819,Montgomery County Police,Injury Crash,05/31/2017 07:20:00 AM,County,DENNIS AVE,ROYALTON RD,,N/A,PEDESTRIAN,STRAIGHT MOVEMENT ANGLE,CLOUDY,WET,DAYLIGHT,NO CONTROLS,NONE DETECTED,NONE DETECTED,00585223-14D1-4513-AEDD-56F688689028,PEDESTRIAN,Cross/Enter not at Intersection,IN ROADWAY IMPROPERLY,ON ROADWAY NOT AT CROSSWALK,Yes,POSSIBLE INJURY,N/A,39.02742088,-77.01719239,"    (39.02742088, -77.01719239)"
EJ7836000M,170510539,Gaithersburg Police Depar,Injury Crash,05/29/2017 04:40:00 PM,,,,PARKING LOT IN FRONT OF 394 N SUMMIT AVENUE,,PEDESTRIAN,SINGLE VEHICLE,CLEAR,,DAYLIGHT,NO CONTROLS,N/A,N/A,787F78F0-2CC0-4567-8DCF-ED1A95C6AFE7,PEDESTRIAN,Playing,DART DASH,N/A,Yes,SUSPECTED MINOR INJURY,N/A,39.09755833,-77.206595,"    (39.09755833, -77.206595)"
EJ7836000M,170510539,Gaithersburg Police Depar,Injury Crash,05/29/2017 04:40:00 PM,,,,PARKING LOT IN FRONT OF 394 N SUMMIT AVENUE,,PEDESTRIAN,SINGLE VEHICLE,CLEAR,,DAYLIGHT,NO CONTROLS,N/A,N/A,DF54EEB3-ACEE-4FF0-A5CF-F7BC270065A5,PEDESTRIAN,Playing,DART DASH,N/A,Yes,SUSPECTED MINOR INJURY,N/A,39.09755833,-77.206595,"    (39.09755833, -77.206595)"
MCP2335000Y,17510298,Montgomery County Police,Injury Crash,05/27/2017 09:45:00 PM,Maryland (State),GREAT SENECA HWY,DAIRYMAID DR,,N/A,PEDESTRIAN,SINGLE VEHICLE,CLEAR,DRY,DARK LIGHTS ON,NO CONTROLS,NONE DETECTED,NONE DETECTED,DE7151F9-7CAD-4519-9DE0-FE8885C93A65,PEDESTRIAN,Cross/Enter at Intersection,FAILURE TO YIELD RIGHT OF WAY,ON ROADWAY AT CROSSWALK,No,SUSPECTED MINOR INJURY,N/A,39.157865,-77.27576167,"    (39.157865, -77.27576167)"
MCP3022000R,17510254,Montgomery County Police,Property Damage Crash,05/27/2017 04:45:00 PM,,,,PARKING LOT OF 19900 BLOCK OF CENTURY BLVD,,PEDESTRIAN,OTHER,CLEAR,,DAYLIGHT,STOP SIGN,N/A,N/A,DE111010-87A4-402B-AD00-5AF6F7A5E5BF,PEDESTRIAN,Unknown,UNKNOWN,AT INTERSECTION BUT NO CROSSWALK,Unknown,NO APPARENT INJURY,N/A,39.18317167,-77.26259167,"    (39.18317167, -77.26259167)"
EJ78650013,170510092,Gaithersburg Police Depar,Injury Crash,05/26/2017 07:59:00 PM,Municipality,BUTTRY RD,BRIARSTONE LA,,GAITHERSBURG,PEDESTRIAN,SINGLE VEHICLE,CLEAR,DRY,DAYLIGHT,NO CONTROLS,N/A,N/A,08A1AA00-4D91-4620-B2D1-680E2AAC0BC4,PEDESTRIAN,Playing,DART DASH,SHOULDER,Yes,POSSIBLE INJURY,N/A,39.13337773,-77.20451921,"    (39.13337773, -77.20451921)"
MCP2290000M,170509799,Montgomery County Police,Injury Crash,05/25/2017 12:05:00 PM,,,,PARKING LOT OF 12089 ROCKVILLE PIKE,,PEDESTRIAN,SINGLE VEHICLE,CLOUDY,,DAYLIGHT,NO CONTROLS,NONE DETECTED,NONE DETECTED,EE4F8BE4-3A3C-454D-8017-CCB72BAF907A,PEDESTRIAN,Other,NO IMPROPER ACTIONS,N/A,No,SUSPECTED SERIOUS INJURY,N/A,39.05568424,-77.11784363,"    (39.05568424, -77.11784363)"
MCP2008003R,170509660,Montgomery County Police,Injury Crash,05/24/2017 05:18:00 PM,County,LONE OAK DR,OLD GEORGETOWN RD,,N/A,BICYCLIST,STRAIGHT MOVEMENT ANGLE,CLOUDY,DRY,DAYLIGHT,TRAFFIC SIGNAL,NONE DETECTED,NONE DETECTED,A6849E6F-4821-41AD-912A-2820802F5CBC,BICYCLIST,Cross/Enter at Intersection,FAILURE TO OBEY TRAFFIC SIGNS SIGNALS OR OFFICER,AT INTERSECTION MARKED CROSSWALK,Yes,SUSPECTED MINOR INJURY,NONE,39.020575,-77.12265667,"    (39.020575, -77.12265667)"
MCP23570028,170509616,Montgomery County Police,Injury Crash,05/24/2017 02:20:00 PM,Maryland (State),PINEY BRANCH RD,WESSEX RD,,N/A,PEDESTRIAN,N/A,CLOUDY,DRY,DAYLIGHT,N/A,NONE DETECTED,NONE DETECTED,848DDCAE-C5B8-4444-8983-89275CC1FF3C,PEDESTRIAN,Cross/Enter not at Intersection,DART DASH,ON ROADWAY NOT AT CROSSWALK,Yes,POSSIBLE INJURY,OTHER,38.99185,-77.00989833,"    (38.99185, -77.00989833)"
MCP2094008J,170509552,Montgomery County Police,Injury Crash,05/24/2017 07:44:00 AM,County,WESTBARD AVE,WESTBARD CIR,,N/A,PEDESTRIAN,OTHER,CLOUDY,WET,DAYLIGHT,NO CONTROLS,NONE DETECTED,NONE DETECTED,48D59A83-9A90-40BF-894A-2B602162B679,PEDESTRIAN,Approach/Leaving Schoolbus,NO IMPROPER ACTIONS,ON ROADWAY AT CROSSWALK,No,SUSPECTED SERIOUS INJURY,N/A,38.96474476,-77.10705176,"    (38.96474476, -77.10705176)"
MCP30330012,170509475,Montgomery County Police,Injury Crash,05/23/2017 07:23:00 PM,,,,PARKING LOT OF 8860 PINEY BRANCH ROAD,,PEDESTRIAN,OTHER,RAINING,,DARK LIGHTS ON,NO CONTROLS,UNKNOWN,NONE DETECTED,0BDF779E-55BF-4F80-AE57-5F44B010272D,PEDESTRIAN,Other,NO IMPROPER ACTIONS,OTHER,No,SUSPECTED MINOR INJURY,NONE,39.00080545,-76.99174225,"    (39.00080545, -76.99174225)"
MCP11210028,170508938,Montgomery County Police,Injury Crash,05/20/2017 09:09:00 PM,County,SNOUFFERS SCHOOL RD,CHERRY LAUREL LA,,N/A,PEDESTRIAN,SINGLE VEHICLE,CLOUDY,DRY,DARK NO LIGHTS,NO CONTROLS,NONE DETECTED,ALCOHOL PRESENT,F98A0CD8-05B5-43E8-A88D-9C3CC0E5953D,PEDESTRIAN,Cross/Enter not at Intersection,DART DASH,DRIVEWAY ACCESS MARKED CROSSWALK,Yes,SUSPECTED MINOR INJURY,NONE,39.16332,-77.16625,"    (39.16332, -77.16625)"
MCP2475001V,170508891,Montgomery County Police,Injury Crash,05/20/2017 03:31:00 PM,,,,IN PARKING LOT OF 8750 ARLISS ST.,,PEDESTRIAN,OTHER,N/A,,DAYLIGHT,N/A,UNKNOWN,N/A,387137AE-57B1-4718-819A-E951D91A3F9F,PEDESTRIAN,Other Working,OTHER,OTHER,No,POSSIBLE INJURY,NONE,38.99927545,-77.00235844,"    (38.99927545, -77.00235844)"
MCP2738002B,170508751,Montgomery County Police,Injury Crash,05/19/2017 06:55:00 PM,,,,PARKING LOT OF 12028 CHERRY HILL RD,,PEDESTRIAN,N/A,N/A,,DAYLIGHT,NO CONTROLS,N/A,N/A,01950E4E-4B10-4FE0-A117-85B90DA219EC,PEDESTRIAN,Cross/Enter not at Intersection,INATTENTIVE,ON ROADWAY NOT AT CROSSWALK,Unknown,SUSPECTED MINOR INJURY,N/A,39.05500003,-76.95592538,"    (39.05500003, -76.95592538)"
DD5605003M,170508663,Rockville Police Departme,Injury Crash,05/19/2017 12:35:00 PM,Municipality,N WASHINGTON ST,MARTINS LA,,ROCKVILLE,PEDESTRIAN,OTHER,CLEAR,DRY,DAYLIGHT,TRAFFIC SIGNAL,NONE DETECTED,NONE DETECTED,C6E84E59-1114-49DE-9C65-4823196E1D1B,PEDESTRIAN,Cross/Enter at Intersection,NO IMPROPER ACTIONS,ON ROADWAY AT CROSSWALK,No,POSSIBLE INJURY,N/A,39.09087417,-77.15379283,"    (39.09087417, -77.15379283)"
MCP21340010,170508547,Montgomery County Police,Fatal Crash,05/18/2017 06:27:00 PM,Maryland (State),WOODFIELD RD,EMORY GROVE RD,,N/A,PEDESTRIAN,SINGLE VEHICLE,N/A,N/A,DAYLIGHT,TRAFFIC SIGNAL,NONE DETECTED,UNKNOWN,5F39F32D-3725-4A9F-971A-137D950FC4D6,PEDESTRIAN,Cross/Enter at Intersection,FAILURE TO OBEY TRAFFIC SIGNS SIGNALS OR OFFICER,ON ROADWAY AT CROSSWALK,Unknown,FATAL INJURY,NONE,39.15204492,-77.17238903,"    (39.15204492, -77.17238903)"
MCP2914004H,170508525,Montgomery County Police,Injury Crash,05/18/2017 04:40:00 PM,,,,APARTMENT COMPLEX PARKING LOT- INTERSECTION OF HAMPSHIRE GREEN LANE AND MT. PISGAH LANE,,PEDESTRIAN,OTHER,CLEAR,,DAYLIGHT,NO CONTROLS,N/A,N/A,CF4889F1-2623-4BA9-9642-FCB122646663,PEDESTRIAN,Cross/Enter not at Intersection,DART DASH,ON ROADWAY NOT AT CROSSWALK,Yes,SUSPECTED MINOR INJURY,NONE,39.015295,-76.976085,"    (39.015295, -76.976085)"
MCP30480011,170510990,Montgomery County Police,Injury Crash,05/18/2017 01:28:00 PM,County,E STANHOPE RD,BEACH DR,,N/A,PEDESTRIAN,OTHER,CLEAR,DRY,DAYLIGHT,STOP SIGN,NONE DETECTED,NONE DETECTED,C1489B7B-1035-4421-9374-D48644197A2C,PEDESTRIAN,Cross/Enter at Intersection,NO IMPROPER ACTIONS,AT INTERSECTION MARKED CROSSWALK,No,SUSPECTED MINOR INJURY,N/A,39.00940534,-77.07781434,"    (39.00940534, -77.07781434)"
MCP02510016,170508348,Montgomery County Police,Injury Crash,05/17/2017 06:09:00 PM,County,RIFFLE FORD RD,GERMANTOWN RD,,N/A,BICYCLIST,ANGLE MEETS LEFT HEAD ON,CLEAR,DRY,DAYLIGHT,NO CONTROLS,NONE DETECTED,NONE DETECTED,9E31895B-0E3F-4E3D-8BB9-94548F229AE4,BICYCLIST,Walking/Riding w/Traffic,FAILURE TO YIELD RIGHT OF WAY,ON ROADWAY NOT AT CROSSWALK,Yes,SUSPECTED SERIOUS INJURY,MC/BIKE HELMET,39.14782333,-77.29008167,"    (39.14782333, -77.29008167)"
MCP30330010,170508328,Montgomery County Police,Injury Crash,05/17/2017 04:00:00 PM,Maryland (State),UNIVERSITY BLVD E,COLESVILLE RD,,N/A,PEDESTRIAN,OTHER,CLEAR,DRY,DAYLIGHT,TRAFFIC SIGNAL,NONE DETECTED,NONE DETECTED,4C7617A1-8F9A-4B18-B41A-DBF232ACBE29,PEDESTRIAN,Cross/Enter not at Intersection,FAILURE TO OBEY TRAFFIC SIGNS SIGNALS OR OFFICER,ON ROADWAY AT CROSSWALK,Yes,POSSIBLE INJURY,NONE,39.01971092,-77.01315299,"    (39.01971092, -77.01315299)"
DD56210011,170508352,Rockville Police Departme,Injury Crash,05/17/2017 02:30:00 PM,Municipality,CHURCH ST,ROCKVILLE PIKE,,N/A,PEDESTRIAN,SINGLE VEHICLE,CLEAR,DRY,DAYLIGHT,TRAFFIC SIGNAL,UNKNOWN,NONE DETECTED,C9F2E02D-E815-4EA6-9F8F-478705A8F486,PEDESTRIAN,Cross/Enter at Intersection,UNKNOWN,AT INTERSECTION MARKED CROSSWALK,Unknown,SUSPECTED MINOR INJURY,NONE,39.08354633,-77.14731067,"    (39.08354633, -77.14731067)"
DD56210011,170508352,Rockville Police Departme,Injury Crash,05/17/2017 02:30:00 PM,Municipality,CHURCH ST,ROCKVILLE PIKE,,N/A,PEDESTRIAN,SINGLE VEHICLE,CLEAR,DRY,DAYLIGHT,TRAFFIC SIGNAL,UNKNOWN,NONE DETECTED,849B78CA-57BF-4B0A-A915-3780EF224F57,PEDESTRIAN,Cross/Enter at Intersection,UNKNOWN,AT INTERSECTION MARKED CROSSWALK,Unknown,SUSPECTED MINOR INJURY,NONE,39.08354633,-77.14731067,"    (39.08354633, -77.14731067)"
MCP0672000J,170508227,Montgomery County Police,Injury Crash,05/17/2017 04:26:00 AM,Maryland (State),W MONTGOMERY AVE,SHADY GROVE RD,,N/A,PEDESTRIAN,N/A,CLEAR,DRY,DARK LIGHTS ON,TRAFFIC SIGNAL,NONE DETECTED,UNKNOWN,0688A3A7-1D6C-4982-891D-A16AA86F95A7,PEDESTRIAN,Cross/Enter at Intersection,FAILURE TO YIELD RIGHT OF WAY,AT INTERSECTION MARKED CROSSWALK,Yes,SUSPECTED SERIOUS INJURY,N/A,39.10350847,-77.19058245,"    (39.10350847, -77.19058245)"