Report Number,Local Case Number,Agency Name,ACRS Report Type,Crash Date/Time,Route Type,Road Name,Cross-Street Name,Off-Road Description,Municipality,Related Non-Motorist,Collision Type,Weather,Surface Condition,Light,Traffic Control,Driver Substance Abuse,Non-Motorist Substance Abuse,Person ID,Pedestrian Type,Pedestrian Movement,Pedestrian Actions,Pedestrian Location,At Fault,Injury Severity,Safety Equipment,Latitude,Longitude,Location
MCP2695001F,170508116,Montgomery County Police,Injury Crash,05/16/2017 02:56:00 PM,Maryland (State),SANDY SPRING RD,DINO DR,,N/A,PEDESTRIAN,SINGLE VEHICLE,CLEAR,DRY,DAYLIGHT,NO CONTROLS,N/A,N/A,46FCBE15-A586-4438-A914-14FB6512A9CC,PEDESTRIAN,Other,NO IMPROPER ACTIONS,SHOULDER,No,SUSPECTED SERIOUS INJURY,N/A,39.10860151,-76.92221403,"    (39.10860151, -76.92221403)"
DD5611002T,170508075,Rockville Police Departme,Property Damage Crash,05/16/2017 11:16:00 AM,Maryland (State),FIRST ST,ROCKVILLE PIKE,,N/A,BICYCLIST,OTHER,CLEAR,DRY,DAYLIGHT,NO CONTROLS,NONE DETECTED,NONE DETECTED,86A5F832-D924-47E1-AF37-C4F0C82018C4,BICYCLIST,Cross/Enter not at Intersection,NO IMPROPER ACTIONS,DRIVEWAY ACCESS MARKED CROSSWALK,No,NO APPARENT INJURY,NONE,39.078675,-77.13873167,"    (39.078675, -77.13873167)"
DD5615003D,170508051,Rockville Police Departme,Injury Crash,05/16/2017 09:44:00 AM,Maryland (State),HUNGERFORD DR,FREDERICK AVE #2,,ROCKVILLE,PEDESTRIAN,OTHER,CLEAR,DRY,DAYLIGHT,NO CONTROLS,NONE DETECTED,NONE DETECTED,C13115A6-3D85-4FFD-ADB1-FA97086F90C0,PEDESTRIAN,Cross/Enter not at Intersection,FAILURE TO YIELD RIGHT OF WAY,OUTSIDE RIGHT OF WAY,Yes,POSSIBLE INJURY,NONE,39.09451,-77.15309667,"    (39.09451, -77.15309667)"
MCP137800GZ,170507982,Montgomery County Police,Injury Crash,05/15/2017 08:51:00 PM,Maryland (State),FREDERICK RD,MARYLAND AVE,,GAITHERSBURG,BICYCLIST,SINGLE VEHICLE,CLEAR,DRY,DARK LIGHTS ON,NO CONTROLS,NONE DETECTED,NONE DETECTED,38A18412-C2FF-42A7-861B-495EA098428E,BICYCLIST,Cross/Enter not at Intersection,IN ROADWAY IMPROPERLY,ON ROADWAY NOT AT CROSSWALK,Yes,SUSPECTED SERIOUS INJURY,NONE,39.14518272,-77.20309764,"    (39.14518272, -77.20309764)"
MCP29670022,170507915,Montgomery County Police,Injury Crash,05/15/2017 04:52:00 PM,County,FALLS RD,RIVER RD,,N/A,PEDESTRIAN,OTHER,CLEAR,DRY,DAYLIGHT,TRAFFIC SIGNAL,N/A,N/A,5946CC77-76F1-444A-97B7-D87F824058D2,PEDESTRIAN,Cross/Enter at Intersection,NO IMPROPER ACTIONS,AT INTERSECTION MARKED CROSSWALK,No,SUSPECTED MINOR INJURY,NONE,39.01734833,-77.21019167,"    (39.01734833, -77.21019167)"
MCP29670022,170507915,Montgomery County Police,Injury Crash,05/15/2017 04:52:00 PM,County,FALLS RD,RIVER RD,,N/A,PEDESTRIAN,OTHER,CLEAR,DRY,DAYLIGHT,TRAFFIC SIGNAL,N/A,N/A,90E909D4-3E0C-4CEB-B18F-CE99C62BA612,PEDESTRIAN,Cross/Enter at Intersection,NO IMPROPER ACTIONS,ON ROADWAY AT CROSSWALK,No,SUSPECTED MINOR INJURY,NONE,39.01734833,-77.21019167,"    (39.01734833, -77.21019167)"
MCP2977002F,170507852,Montgomery County Police,Injury Crash,05/15/2017 10:22:00 AM,County,MANCHESTER RD,BRADFORD RD,,N/A,PEDESTRIAN,OTHER,CLEAR,DRY,DAYLIGHT,NO CONTROLS,N/A,N/A,179229BD-A698-4490-B31C-15DEFBD314FE,PEDESTRIAN,Cross/Enter at Intersection,OTHER,ON ROADWAY NOT AT CROSSWALK,Yes,POSSIBLE INJURY,NONE,38.99829833,-77.00686,"    (38.99829833, -77.00686)"
MCP29730031,170507704,Montgomery County Police,Injury Crash,05/14/2017 12:12:00 PM,,,,ASPEN HILL SHOPPING CENTER - CAPITAL ONE BANK - 13601 CONNECTICUT AVE SILVER SPRING MD 20906,,PEDESTRIAN,OTHER,CLEAR,,DAYLIGHT,NO CONTROLS,NONE DETECTED,NONE DETECTED,5356F370-20A6-4E57-A59A-8D67183D57D3,PEDESTRIAN,Other,NO IMPROPER ACTIONS,OTHER,No,POSSIBLE INJURY,N/A,39.07822411,-77.07972005,"    (39.07822411, -77.07972005)"
MCP3034000N,170507489,Montgomery County Police,Injury Crash,05/12/2017 22:36,Maryland (State),PINEY BRANCH RD,GREENWOOD AVE,,N/A,PEDESTRIAN,N/A,RAINING,WET,DARK LIGHTS ON,TRAFFIC SIGNAL,,NONE DETECTED,036D96BF-B47B-427B-B15A-D10428932C05,PEDESTRIAN,Cross/Enter at Intersection,NO IMPROPER ACTIONS,AT INTERSECTION MARKED CROSSWALK,No,SUSPECTED MINOR INJURY,NONE,38.99821,-77.00249833,"    (38.99821, -77.00249833)"
MCP137800GW,170507434,Montgomery County Police,Injury Crash,05/12/2017 16:56,County,SNOUFFERS SCHOOL RD,WELBECK WAY,,N/A,PEDESTRIAN,SINGLE VEHICLE,RAINING,WET,DAYLIGHT,NO CONTROLS,NONE DETECTED,NONE DETECTED,4EB65E5A-E3FF-49FC-BD9E-F6104FB70A19,PEDESTRIAN,Cross/Enter not at Intersection,DART DASH,ON ROADWAY NOT AT CROSSWALK,Yes,SUSPECTED MINOR INJURY,NONE,39.18528667,-77.183645,"    (39.18528667, -77.183645)"
MCP2798002Y,170507244,Montgomery County Police,Property Damage Crash,05/11/2017 15:39,County,CHERRY HILL RD,PLUM ORCHARD DR,,N/A,PEDESTRIAN,SINGLE VEHICLE,RAINING,WET,DAYLIGHT,TRAFFIC SIGNAL,NONE DETECTED,NONE DETECTED,48F63274-57BE-4CC8-BA52-B1A2B340CCC5,PEDESTRIAN,Cross/Enter at Intersection,FAILURE TO OBEY TRAFFIC SIGNS SIGNALS OR OFFICER,AT INTERSECTION MARKED CROSSWALK,Yes,NO APPARENT INJURY,NONE,39.05293167,-76.95316333,"    (39.05293167, -76.95316333)"
MCP28290034,170507166,Montgomery County Police,Injury Crash,05/11/2017 5:08,Maryland (State),PINEY BRANCH RD,UNIVERSITY BLVD E,,N/A,BICYCLIST,OTHER,CLOUDY,DRY,DARK LIGHTS ON,N/A,UNKNOWN,NONE DETECTED,FFA78389-F251-43A3-8891-A0DE8EC2B311,BICYCLIST,Walking/Riding w/Traffic,NO IMPROPER ACTIONS,ON ROADWAY NOT AT CROSSWALK,No,SUSPECTED SERIOUS INJURY,MC/BIKE HELMET,38.99609,-77.11640667,"    (38.99609, -77.11640667)"
MCP2847001W,170507160,Montgomery County Police,Injury Crash,05/11/2017 2:20,County,CONNECTICUT AVE,ROAD END - GATE,,N/A,OTHER,SINGLE VEHICLE,CLEAR,DRY,DARK LIGHTS ON,NO CONTROLS,,N/A,683EABA1-22F7-446A-9986-9AF970829AF4,OTHER,Other,OTHER,OTHER,Yes,SUSPECTED MINOR INJURY,N/A,39.093625,-77.06889,"    (39.093625, -77.06889)"
EJ78510027,170507003,Gaithersburg Police Depar,Injury Crash,05/10/2017 10:29,County,SHADY GROVE RD,FREDERICK RD,,N/A,PEDESTRIAN,OTHER,CLEAR,DRY,DAYLIGHT,TRAFFIC SIGNAL,UNKNOWN,NONE DETECTED,B30D8B19-B4C8-4912-8758-F7B4A9F22514,PEDESTRIAN,Cross/Enter at Intersection,N/A,ON ROADWAY AT CROSSWALK,No,SUSPECTED MINOR INJURY,NONE,39.12408442,-77.17586517,"    (39.12408442, -77.17586517)"
MCP2260001P,170506649,Montgomery County Police,Injury Crash,05/08/2017 16:53,County,HUNTERS LA,RANDOLPH RD,,N/A,BICYCLIST,OTHER,N/A,DRY,DUSK,N/A,NONE DETECTED,N/A,1BEF9CB9-4725-4200-A202-90D27387981B,BICYCLIST,Other,UNKNOWN,ON ROADWAY AT CROSSWALK,No,POSSIBLE INJURY,NONE,39.05365167,-77.099125,"    (39.05365167, -77.099125)"
MCP29730030,170506596,Montgomery County Police,Injury Crash,05/08/2017 12:00,Maryland (State),GEORGIA AVE,CONNECTICUT AVE,,N/A,PEDESTRIAN,OTHER,CLEAR,DRY,DAYLIGHT,NO CONTROLS,NONE DETECTED,NONE DETECTED,E66DFBCD-B20A-480E-9212-CFC0A4D73FF2,PEDESTRIAN,Walking/Cycling on Sidewalk,NO IMPROPER ACTIONS,SIDEWALK,No,POSSIBLE INJURY,N/A,39.08232689,-77.07722157,"    (39.08232689, -77.07722157)"
MCP2752001P,170506457,Montgomery County Police,Injury Crash,05/07/2017 16:10,County,MARYLAND AVE,MACARTHUR BLVD,,N/A,BICYCLIST,STRAIGHT MOVEMENT ANGLE,CLEAR,DRY,DAYLIGHT,STOP SIGN,N/A,N/A,7A8BC406-D329-4BD4-9AF0-60906DA5E386,BICYCLIST,Cross/Enter at Intersection,NO IMPROPER ACTIONS,ON ROADWAY AT CROSSWALK,No,SUSPECTED MINOR INJURY,MC/BIKE HELMET,38.96556133,-77.13695267,"    (38.96556133, -77.13695267)"
MCP27530029,170506434,Montgomery County Police,Injury Crash,05/07/2017 12:09,County,CONNECTICUT AVE,BEL PRE RD,,N/A,PEDESTRIAN,OTHER,CLOUDY,DRY,DAYLIGHT,NO CONTROLS,NONE DETECTED,NONE DETECTED,E8FA8B23-6455-44B3-A6C7-AD5F52A04BA2,PEDESTRIAN,Cross/Enter at Intersection,FAILURE TO YIELD RIGHT OF WAY,ON ROADWAY NOT AT CROSSWALK,Yes,SUSPECTED MINOR INJURY,N/A,39.09151833,-77.070715,"    (39.09151833, -77.070715)"
DD5617000T,170506125,Rockville Police Departme,Injury Crash,05/05/2017 18:01,Municipality,BAYLOR AVE,PRINCETON PL,,ROCKVILLE,BICYCLIST,OTHER,CLOUDY,DRY,DAYLIGHT,NO CONTROLS,NONE DETECTED,N/A,09754351-FBE4-4CC3-81BE-542870901319,BICYCLIST,Cross/Enter not at Intersection,DART DASH,ON ROADWAY NOT AT CROSSWALK,Yes,SUSPECTED MINOR INJURY,NONE,39.10110833,-77.166145,"    (39.10110833, -77.166145)"
MCP28740024,170506089,Montgomery County Police,Injury Crash,05/05/2017 15:51,County,AMHERST AVE,EVANS PKWY,,N/A,PEDESTRIAN,SINGLE VEHICLE,CLOUDY,DRY,DAYLIGHT,OTHER,NONE DETECTED,NONE DETECTED,E9853992-2AB6-4C93-9E34-3C094F53C594,PEDESTRIAN,Cross/Enter at Intersection,NO IMPROPER ACTIONS,ON ROADWAY AT CROSSWALK,No,POSSIBLE INJURY,NONE,39.04309667,-77.047665,"    (39.04309667, -77.047665)"
MCP2928001Q,170505971,Montgomery County Police,Injury Crash,05/04/2017 22:07,US (State),GEORGIA AVE,BLAIR RD,,N/A,PEDESTRIAN,SINGLE VEHICLE,RAINING,WET,DARK LIGHTS ON,NO CONTROLS,NONE DETECTED,ALCOHOL CONTRIBUTED,0939C8A3-8FA4-4108-9340-A243C6401B53,PEDESTRIAN,Cross/Enter not at Intersection,IN ROADWAY IMPROPERLY,OTHER,Yes,SUSPECTED MINOR INJURY,NONE,38.98448341,-77.0261094,"    (38.98448341, -77.0261094)"
MCP26890033,170505880,Montgomery County Police,Injury Crash,05/04/2017 13:24,County,E JEFFERSON ST,ENT TO FEDERAL PLAZA SC,,N/A,OTHER CONVEYANCE,STRAIGHT MOVEMENT ANGLE,CLEAR,DRY,DAYLIGHT,NO CONTROLS,NONE DETECTED,NONE DETECTED,11CF6C28-F81E-4FA7-A012-C07343FB7F16,OTHER CONVEYANCE,Cross/Enter at Intersection,NO IMPROPER ACTIONS,OTHER,No,POSSIBLE INJURY,NONE,39.05785451,-77.12624967,"    (39.05785451, -77.12624967)"
MCP14170079,170505844,Montgomery County Police,Injury Crash,05/04/2017 10:54,,,,PARKING LOT OF 417 N. FREDERICK ROAD,,PEDESTRIAN,SINGLE VEHICLE,N/A,,DAYLIGHT,NO CONTROLS,NONE DETECTED,NONE DETECTED,F3528174-F13B-46F2-8497-784D338894D4,PEDESTRIAN,Walking/Cycling on Sidewalk,NO IMPROPER ACTIONS,SIDEWALK,No,SUSPECTED MINOR INJURY,NONE,39.1466118,-77.20472306,"    (39.1466118, -77.20472306)"
MCP2650000H,170505778,Montgomery County Police,Injury Crash,05/03/2017 19:48,Maryland (State),WISCONSIN AVE,CHELTENHAM DR,,N/A,BICYCLIST,STRAIGHT MOVEMENT ANGLE,N/A,DRY,DUSK,TRAFFIC SIGNAL,NONE DETECTED,NONE DETECTED,7380CF9D-ECF0-483F-9A59-BB447A35D72A,BICYCLIST,Cross/Enter at Intersection,NO IMPROPER ACTIONS,ON ROADWAY AT CROSSWALK,No,SUSPECTED MINOR INJURY,N/A,38.98834667,-77.09484833,"    (38.98834667, -77.09484833)"
MCP2617003J,170503941,Montgomery County Police,Injury Crash,05/03/2017 17:30,County,WOODMONT AVE,ELM ST,,N/A,PEDESTRIAN,OTHER,CLEAR,DRY,DAYLIGHT,TRAFFIC SIGNAL,NONE DETECTED,NONE DETECTED,01A29EA0-EB12-48C7-8330-2722F6AE8F2A,PEDESTRIAN,Cross/Enter at Intersection,NO IMPROPER ACTIONS,AT INTERSECTION MARKED CROSSWALK,No,SUSPECTED MINOR INJURY,NONE,38.98214721,-77.09608555,"    (38.98214721, -77.09608555)"
MCP271700BX,170505676,Montgomery County Police,Injury Crash,05/03/2017 13:20,County,ELM ST,WISCONSIN AVE,,N/A,PEDESTRIAN,OTHER,CLEAR,DRY,DAYLIGHT,TRAFFIC SIGNAL,NONE DETECTED,NONE DETECTED,1AB604B0-C6AB-4BCE-9C7B-2BE431077056,PEDESTRIAN,Cross/Enter at Intersection,FAILURE TO YIELD RIGHT OF WAY,ON ROADWAY AT CROSSWALK,Yes,SUSPECTED MINOR INJURY,NONE,38.98229883,-77.09302983,"    (38.98229883, -77.09302983)"
MCP1550002K,170505627,Montgomery County Police,Injury Crash,05/03/2017 7:25,County,LANDON LA,LEESBURG DR,,N/A,BICYCLIST,SAME DIRECTION SIDESWIPE,CLEAR,DRY,DAYLIGHT,N/A,NONE DETECTED,NONE DETECTED,F60FD10E-0776-44A4-A958-F72ED998825D,BICYCLIST,Walking/Riding against Traffic,IMPROPER TURN MERGE,ON ROADWAY NOT AT CROSSWALK,Yes,SUSPECTED MINOR INJURY,UNKNOWN,38.98502,-77.12902667,"    (38.98502, -77.12902667)"
MCP2534001T,170505599,Montgomery County Police,Injury Crash,05/03/2017 0:27,County,HOLDRIDGE RD,VALLEYWOOD DR,,N/A,PEDESTRIAN,SINGLE VEHICLE,CLEAR,DRY,DARK LIGHTS ON,N/A,ALCOHOL PRESENT,ALCOHOL PRESENT,9692FFC9-9D5F-44ED-B180-6C72934A7AD7,PEDESTRIAN,Other,NO IMPROPER ACTIONS,OTHER,No,SUSPECTED MINOR INJURY,N/A,39.0717,-77.06804,"    (39.0717, -77.06804)"
MCP27540018,170505519,Montgomery County Police,Injury Crash,05/02/2017 18:21,Maryland (State),PINEY BRANCH RD,ENT TO APTS,,N/A,PEDESTRIAN,OTHER,OTHER,DRY,DAYLIGHT,N/A,NONE DETECTED,NONE DETECTED,7D6453BD-3DE3-45A9-A6FB-9C9E46617A1C,PEDESTRIAN,Walking/Cycling on Sidewalk,N/A,SIDEWALK,No,POSSIBLE INJURY,N/A,38.99862667,-77.00000667,"    (38.99862667, -77.00000667)"
MCP27540018,170505519,Montgomery County Police,Injury Crash,05/02/2017 18:21,Maryland (State),PINEY BRANCH RD,ENT TO APTS,,N/A,PEDESTRIAN,OTHER,OTHER,DRY,DAYLIGHT,N/A,NONE DETECTED,N/A,775922F7-4D73-41D3-900C-8B9A6E082A50,PEDESTRIAN,Walking/Cycling on Sidewalk,NO IMPROPER ACTIONS,SIDEWALK,No,POSSIBLE INJURY,N/A,38.99862667,-77.00000667,"    (38.99862667, -77.00000667)"
MCP2846002T,170505454,Montgomery County Police,Injury Crash,05/02/2017 14:02,Maryland (State),UNIVERSITY BLVD W,EAST AVE,,N/A,PEDESTRIAN,HEAD ON LEFT TURN,CLEAR,DRY,DAYLIGHT,OTHER,NONE DETECTED,NONE DETECTED,BA9F621C-C69E-416F-9D44-4B9DA4D7C3FA,PEDESTRIAN,Standing,NO IMPROPER ACTIONS,SIDEWALK,No,SUSPECTED SERIOUS INJURY,NONE,39.058355,-77.04861667,"    (39.058355, -77.04861667)"
MCP14170076,170505369,Montgomery County Police,Injury Crash,05/02/2017 7:36,County,STEDWICK RD,MONTGOMERY VILLAGE AVE,,N/A,BICYCLIST,SINGLE VEHICLE,N/A,DRY,DAYLIGHT,TRAFFIC SIGNAL,NONE DETECTED,NONE DETECTED,38AB2F4E-D93D-4B3E-A6D3-D1B8F7123954,BICYCLIST,Cross/Enter at Intersection,OTHER,ON ROADWAY AT CROSSWALK,No,SUSPECTED MINOR INJURY,NONE,39.1697111,-77.20451251,"    (39.1697111, -77.20451251)"
MCP2823002R,170505270,Montgomery County Police,Property Damage Crash,05/01/2017 16:13,County,VEIRS MILL RD,GAYNOR RD,,N/A,BICYCLIST,OTHER,CLOUDY,DRY,DAYLIGHT,NO CONTROLS,UNKNOWN,NONE DETECTED,8BA7A91A-FA78-4A3A-AD0A-1B9125BD52BE,BICYCLIST,Walking/Riding w/Traffic,N/A,OTHER,No,NO APPARENT INJURY,MC/BIKE HELMET,39.06103273,-77.09166527,"    (39.06103273, -77.09166527)"
MCP271700BS,170505237,Montgomery County Police,Injury Crash,05/01/2017 13:05,County,ALTA VISTA RD,OLD GEORGETOWN RD,,N/A,BICYCLIST,OTHER,CLEAR,DRY,DAYLIGHT,STOP SIGN,NONE DETECTED,NONE DETECTED,FF365E85-24CF-4BEE-AEC2-77F9AFE964DB,BICYCLIST,Cross/Enter at Intersection,FAILURE TO YIELD RIGHT OF WAY,ON ROADWAY AT CROSSWALK,Yes,SUSPECTED MINOR INJURY,MC/BIKE HELMET,39.00650933,-77.11167067,"    (39.00650933, -77.11167067)"
MCP11740024,170505199,Montgomery County Police,Injury Crash,05/01/2017 5:58,County,LAUDERDALE DR,RANDOLPH RD,,N/A,PEDESTRIAN,SINGLE VEHICLE,CLEAR,DRY,DAWN,TRAFFIC SIGNAL,UNKNOWN,NONE DETECTED,A19FE517-58A6-42C7-B3E3-493888B2B743,PEDESTRIAN,Walking/Riding against Traffic,NO IMPROPER ACTIONS,ON ROADWAY AT CROSSWALK,No,SUSPECTED MINOR INJURY,NONE,39.05363471,-77.10421801,"    (39.05363471, -77.10421801)"
MCP2386001D,170505158,Montgomery County Police,Injury Crash,04/30/2017 03:30:00 PM,Maryland (State),UNIVERSITY BLVD E,MERRIMAC DR,,TAKOMA PARK,BICYCLIST,STRAIGHT MOVEMENT ANGLE,CLEAR,DRY,DAYLIGHT,STOP SIGN,UNKNOWN,OTHER,2DD37BAF-282B-4EBA-A612-59116939DDE7,BICYCLIST,Cross/Enter at Intersection,NO IMPROPER ACTIONS,ON ROADWAY AT CROSSWALK,No,SUSPECTED MINOR INJURY,NONE,38.99255474,-76.99164033,"    (38.99255474, -76.99164033)"
MCP27530027,170504937,Montgomery County Police,Injury Crash,04/29/2017 01:42:00 PM,,,,IN FRONT OF 3834 INTERNATIONAL DRIVE,,PEDESTRIAN,OTHER,CLEAR,,DAYLIGHT,NO CONTROLS,NONE DETECTED,NONE DETECTED,53376429-D91A-4848-B6C8-E9B2E4D8047B,PEDESTRIAN,Cross/Enter not at Intersection,UNKNOWN,ON ROADWAY NOT AT CROSSWALK,No,SUSPECTED MINOR INJURY,N/A,39.10255333,-77.07530833,"    (39.10255333, -77.07530833)"
MCP137800GP,170504827,Montgomery County Police,Injury Crash,04/28/2017 08:46:00 PM,County,GOSHEN RD,CENTERWAY RD,,N/A,BICYCLIST,SINGLE VEHICLE,CLEAR,DRY,DARK LIGHTS ON,TRAFFIC SIGNAL,NONE DETECTED,NONE DETECTED,56D1AABC-B81D-41A9-B98B-6A15B4CEA98E,BICYCLIST,Cross/Enter at Intersection,NO IMPROPER ACTIONS,ON ROADWAY AT CROSSWALK,No,POSSIBLE INJURY,NONE,39.16960297,-77.19067499,"    (39.16960297, -77.19067499)"
MCP2837001F,170504783,Montgomery County Police,Injury Crash,04/28/2017 05:57:00 PM,County,TRAVILLE  GATEWAY DR,SHADY GROVE RD,,N/A,BICYCLIST,ANGLE MEETS RIGHT TURN,N/A,DRY,DAYLIGHT,TRAFFIC SIGNAL,NONE DETECTED,N/A,ED73E468-2AAD-4384-A998-47B03B9EEACB,BICYCLIST,Cross/Enter at Intersection,NO IMPROPER ACTIONS,AT INTERSECTION MARKED CROSSWALK,No,POSSIBLE INJURY,MC/BIKE HELMET,39.09124667,-77.204485,"    (39.09124667, -77.204485)"
EJ78540019,170504652,Gaithersburg Police Depar,Property Damage Crash,04/28/2017 05:47:00 AM,Maryland (State),W DIAMOND AVE,RAMP 6 FR MD 117 EB TO IS 270 SB,,N/A,BICYCLIST,SINGLE VEHICLE,N/A,DRY,N/A,NO CONTROLS,NONE DETECTED,NONE DETECTED,F90EC444-B74C-4061-9FF1-650AE692748D,BICYCLIST,Cross/Enter at Intersection,NO IMPROPER ACTIONS,ON ROADWAY AT CROSSWALK,No,NO APPARENT INJURY,MC/BIKE HELMET,39.14066,-77.21434333,"    (39.14066, -77.21434333)"
MCP1595000Q,170504644,Montgomery County Police,Injury Crash,04/28/2017 02:16:00 AM,County,ELKIN ST,PRICE AVE,,N/A,PEDESTRIAN,SAME DIRECTION SIDESWIPE,CLEAR,DRY,DARK LIGHTS ON,NO CONTROLS,UNKNOWN,ALCOHOL PRESENT,100C0D18-7757-4824-8790-D4EDB434833D,PEDESTRIAN,Standing,NO IMPROPER ACTIONS,CURB,No,SUSPECTED MINOR INJURY,NONE,39.04091233,-77.05039009,"    (39.04091233, -77.05039009)"
MCP2339002C,170504595,Montgomery County Police,Injury Crash,04/27/2017 08:07:00 PM,Maryland (State),DR BIRD RD,BATCHELLORS FOREST RD,,N/A,BICYCLIST,OTHER,N/A,DRY,DUSK,NO CONTROLS,UNKNOWN,NONE DETECTED,FB2A0579-364E-4779-AAC0-0B109C8AA8CF,BICYCLIST,Walking/Riding w/Traffic,UNKNOWN,SHOULDER,No,SUSPECTED SERIOUS INJURY,UNKNOWN,39.142901,-77.040811,"    (39.142901, -77.040811)"
MCP28400013,170504579,Montgomery County Police,Injury Crash,04/27/2017 06:30:00 PM,Maryland (State),NEW HAMPSHIRE AVE,SHAW AVE E,,N/A,PEDESTRIAN,SAME DIR REAR END,N/A,DRY,DAYLIGHT,NO CONTROLS,"N/A, NONE DETECTED",N/A,B4D5073C-DEF5-4D4D-982A-4A1B0D41DC6C,PEDESTRIAN,Standing,NO IMPROPER ACTIONS,SHOULDER,No,SUSPECTED MINOR INJURY,N/A,39.06878816,-77.00289488,"    (39.06878816, -77.00289488)"
MCP2722002F,170504449,Montgomery County Police,Injury Crash,04/27/2017 05:47:00 AM,County,ASPEN HILL RD,PARKLAND DR,,N/A,PEDESTRIAN,STRAIGHT MOVEMENT ANGLE,FOGGY,DRY,DARK LIGHTS ON,TRAFFIC SIGNAL,N/A,N/A,39BB0265-5932-4DCB-B7A8-A2628564940A,PEDESTRIAN,Cross/Enter at Intersection,NO IMPROPER ACTIONS,ON ROADWAY AT CROSSWALK,No,SUSPECTED MINOR INJURY,NONE,39.079225,-77.0874,"    (39.079225, -77.0874)"
MCP3041000D,170504434,Montgomery County Police,Injury Crash,04/26/2017 11:18:00 PM,Municipality,ROLLINS AVE,ROAD END,,N/A,PEDESTRIAN,SINGLE VEHICLE,CLEAR,DRY,DARK -- UNKNOWN LIGHTING,N/A,N/A,ALCOHOL PRESENT,027D9AB4-A0F2-4BCA-9368-CAA4DA3F9561,PEDESTRIAN,Standing,UNKNOWN,OTHER,Unknown,POSSIBLE INJURY,N/A,39.05758375,-77.13183403,"    (39.05758375, -77.13183403)"
MCP2893002Y,170504362,Montgomery County Police,Injury Crash,04/26/2017 04:56:00 PM,County,SCENERY DR,ENT TO PLUM GAR COMMUNITY CENTER,,N/A,BICYCLIST,SINGLE VEHICLE,CLEAR,DRY,DAYLIGHT,NO CONTROLS,NONE DETECTED,NONE DETECTED,2E978FC3-F34B-4129-951A-8BBBA590BBED,BICYCLIST,Playing,FAILURE TO YIELD RIGHT OF WAY,ON ROADWAY NOT AT CROSSWALK,Yes,SUSPECTED MINOR INJURY,NONE,39.17705667,-77.23413,"    (39.17705667, -77.23413)"
EJ7833002Z,170504343,Gaithersburg Police Depar,Injury Crash,04/26/2017 02:45:00 PM,County,N WESTLAND DR,S FREDERICK RD,,N/A,PEDESTRIAN,OTHER,CLEAR,DRY,DAYLIGHT,STOP SIGN,NONE DETECTED,NONE DETECTED,45530A02-DA22-417B-B963-5FC2EA343932,PEDESTRIAN,Cross/Enter at Intersection,NO IMPROPER ACTIONS,AT INTERSECTION MARKED CROSSWALK,No,POSSIBLE INJURY,N/A,39.12802119,-77.18507051,"    (39.12802119, -77.18507051)"
MCP09420015,170504129,Montgomery County Police,Injury Crash,04/25/2017 02:54:00 PM,,,,6930 ARLINGTON RD-BRADLEY SHOPPING CENTER,,PEDESTRIAN,OTHER,RAINING,,DAYLIGHT,TRAFFIC SIGNAL,NONE DETECTED,NONE DETECTED,58C7F0A1-6799-4FC4-80E3-AFDB4300F3AA,PEDESTRIAN,Cross/Enter at Intersection,NO IMPROPER ACTIONS,AT INTERSECTION MARKED CROSSWALK,No,SUSPECTED MINOR INJURY,NONE,38.9795885,-77.09880167,"    (38.9795885, -77.09880167)"
MCP2939001P,170504228,Montgomery County Police,Property Damage Crash,04/25/2017 10:32:00 AM,Maryland (State),GERMANTOWN RD,MIDDLEBROOK RD,,N/A,PEDESTRIAN,STRAIGHT MOVEMENT ANGLE,RAINING,WET,DARK LIGHTS ON,NO CONTROLS,NONE DETECTED,N/A,A9D66F17-F637-4089-9548-0AA9C4567CBC,PEDESTRIAN,Walking/Riding against Traffic,IN ROADWAY IMPROPERLY,ON ROADWAY NOT AT CROSSWALK,Yes,NO APPARENT INJURY,NONE,39.17996167,-77.26466167,"    (39.17996167, -77.26466167)"
MCP1522001F,170504061,Montgomery County Police,Injury Crash,04/25/2017 09:17:00 AM,,,,PARKING LOT OF 24001 RIDGE RD,,PEDESTRIAN,OTHER,CLOUDY,,DAYLIGHT,NO CONTROLS,N/A,N/A,FACF7CEB-B599-4B59-97ED-DC06D9E7A26D,PEDESTRIAN,Standing,IN ROADWAY IMPROPERLY,ON ROADWAY NOT AT CROSSWALK,No,SUSPECTED MINOR INJURY,N/A,39.24937055,-77.23324299,"    (39.24937055, -77.23324299)"
MCP2727001D,170504059,Montgomery County Police,Injury Crash,04/25/2017 08:44:00 AM,Maryland (State),FREDERICK RD,LITTLE SENECA PKWY,,N/A,PEDESTRIAN,OTHER,N/A,DRY,DAYLIGHT,TRAFFIC SIGNAL,NONE DETECTED,NONE DETECTED,3780A9FD-FFF2-4108-8C4A-FEC2B24A59DE,PEDESTRIAN,Cross/Enter at Intersection,FAILURE TO OBEY TRAFFIC SIGNS SIGNALS OR OFFICER,AT INTERSECTION MARKED CROSSWALK,Yes,SUSPECTED MINOR INJURY,NONE,39.22321833,-77.26053333,"    (39.22321833, -77.26053333)"
MCP25040026,170503962,Montgomery County Police,Injury Crash,04/24/2017 06:35:00 PM,,PARK POTOMAC AVENUE,CADBURY AVENUE,,N/A,PEDESTRIAN,STRAIGHT MOVEMENT ANGLE,RAINING,WET,DAYLIGHT,STOP SIGN,NONE DETECTED,NONE DETECTED,938F15C5-AEF4-4766-8C71-934613559B48,PEDESTRIAN,Cross/Enter at Intersection,NO IMPROPER ACTIONS,ON ROADWAY AT CROSSWALK,No,SUSPECTED MINOR INJURY,N/A,39.06017167,-77.15780833,"    (39.06017167, -77.15780833)"
MCP3031000S,170503973,Montgomery County Police,Injury Crash,04/24/2017 06:17:00 PM,County,RANDOLPH RD,GLENMONT CIR #1,,N/A,PEDESTRIAN,SINGLE VEHICLE,CLOUDY,WET,DAYLIGHT,TRAFFIC SIGNAL,NONE DETECTED,NONE DETECTED,219E28DD-7D9E-4AD2-AE7C-CEC7778E5864,PEDESTRIAN,Cross/Enter at Intersection,DART DASH,AT INTERSECTION BUT NO CROSSWALK,Yes,POSSIBLE INJURY,NONE,39.05928333,-77.04705833,"    (39.05928333, -77.04705833)"