Report Number,Local Case Number,Agency Name,ACRS Report Type,Crash Date/Time,Route Type,Road Name,Cross-Street Name,Off-Road Description,Municipality,Related Non-Motorist,Collision Type,Weather,Surface Condition,Light,Traffic Control,Driver Substance Abuse,Non-Motorist Substance Abuse,Person ID,Pedestrian Type,Pedestrian Movement,Pedestrian Actions,Pedestrian Location,At Fault,Injury Severity,Safety Equipment,Latitude,Longitude,Location
MCP2094007Z,17010504,Montgomery County Police,Injury Crash,02/27/2017 02:11:00 PM,,,,"PARKING LOT OF 

10100 RIVER RD",,PEDESTRIAN,OTHER,CLOUDY,,DAYLIGHT,N/A,NONE DETECTED,NONE DETECTED,6BD704BD-F065-44EB-8F8E-FA33E5FF54FD,PEDESTRIAN,Other,NO IMPROPER ACTIONS,OTHER,No,SUSPECTED SERIOUS INJURY,N/A,39.01692,-77.20789333,"    (39.01692, -77.20789333)"
MCP2565003V,17010234,Montgomery County Police,Injury Crash,02/25/2017 06:07:00 PM,Maryland (State),ROCKVILLE PIKE,TUCKERMAN LA,,N/A,BICYCLIST,SAME DIR REAR END,CLEAR,DRY,DARK LIGHTS ON,NO CONTROLS,NONE DETECTED,NONE DETECTED,DEF8D76B-3DEB-4AAF-9A37-3F05701EBEB5,BICYCLIST,Walking/Riding w/Traffic,N/A,ON ROADWAY NOT AT CROSSWALK,No,POSSIBLE INJURY,NONE,39.02486626,-77.10308746,"    (39.02486626, -77.10308746)"
EJ78530025,17010105,Gaithersburg Police Depar,Injury Crash,02/24/2017 09:24:00 PM,,GIRARD ST.,GLORIA WAY,,N/A,BICYCLIST,STRAIGHT MOVEMENT ANGLE,CLEAR,DRY,DARK LIGHTS ON,STOP SIGN,NONE DETECTED,NONE DETECTED,376C0364-B1D5-4316-93C4-3B0B66F4FD9B,BICYCLIST,Walking/Riding w/Traffic,NO IMPROPER ACTIONS,OTHER,No,SUSPECTED MINOR INJURY,NONE,39.14461483,-77.18357921,"    (39.14461483, -77.18357921)"
MCP2717009T,17010018,Montgomery County Police,Property Damage Crash,02/24/2017 03:00:00 PM,,,,10201 OLD GEORGETOWN ROAD (WILDWOOD SHOPPING CENTER PARKING-LOT),,PEDESTRIAN,SINGLE VEHICLE,CLEAR,,DAYLIGHT,NO CONTROLS,UNKNOWN,NONE DETECTED,2A278E7E-53D4-404A-88FA-459CA0EB0D09,PEDESTRIAN,Cross/Enter at Intersection,NO IMPROPER ACTIONS,ON ROADWAY AT CROSSWALK,No,NO APPARENT INJURY,NONE,39.02411833,-77.12386717,"    (39.02411833, -77.12386717)"
MCP2875002K,17009918,Montgomery County Police,Injury Crash,02/24/2017 12:56:00 AM,Maryland (State),GERMANTOWN RD,RICHTER FARM RD,,N/A,PEDESTRIAN,OTHER,CLEAR,DRY,DARK NO LIGHTS,NO CONTROLS,NONE DETECTED,ALCOHOL PRESENT,93D36B4E-6474-435D-8601-5772ACEAC78C,PEDESTRIAN,Cross/Enter not at Intersection,FAILURE TO YIELD RIGHT OF WAY,ON ROADWAY NOT AT CROSSWALK,Yes,SUSPECTED MINOR INJURY,NONE,39.15264395,-77.28839993,"    (39.15264395, -77.28839993)"
MCP25040021,17009821,Montgomery County Police,Injury Crash,02/23/2017 04:26:00 PM,Municipality,WOOTTON PKWY,GREENPLACE TERR,,ROCKVILLE,PEDESTRIAN,STRAIGHT MOVEMENT ANGLE,CLEAR,DRY,DAYLIGHT,TRAFFIC SIGNAL,NONE DETECTED,NONE DETECTED,C08AE31C-7880-423F-BACF-016E9DB09C7E,PEDESTRIAN,Cross/Enter at Intersection,NO IMPROPER ACTIONS,ON ROADWAY AT CROSSWALK,No,SUSPECTED MINOR INJURY,NONE,39.07463833,-77.18233667,"    (39.07463833, -77.18233667)"
MCP2975001H,17009667,Montgomery County Police,Injury Crash,02/22/2017 11:12:00 PM,Maryland (State),GEORGIA AVE,VERONA DR,,N/A,BICYCLIST,SAME DIR REAR END,N/A,DRY,DARK LIGHTS ON,NO CONTROLS,ALCOHOL PRESENT,NONE DETECTED,B445C9D4-AF8A-487F-A58B-FA7E2A6A3F6C,BICYCLIST,Walking/Riding w/Traffic,NO IMPROPER ACTIONS,OTHER,No,SUSPECTED MINOR INJURY,MC/BIKE HELMET,39.07427333,-77.067235,"    (39.07427333, -77.067235)"
MCP2094007Y,17009536,Montgomery County Police,Injury Crash,02/22/2017 12:44:00 PM,,,,"PARKING LOT OF
2015 EAST WEST HWY",,PEDESTRIAN,OTHER,CLEAR,,DAYLIGHT,N/A,NONE DETECTED,NONE DETECTED,4138826F-3B96-441F-A3E4-65EF5DA2A065,PEDESTRIAN,Standing,NO IMPROPER ACTIONS,OTHER,No,SUSPECTED SERIOUS INJURY,N/A,38.99501333,-77.04428,"    (38.99501333, -77.04428)"
MCP21950009,15035166,Montgomery County Police,Injury Crash,02/22/2017 12:10:00 PM,County,E GUDE DR,FREDERICK RD,,N/A,BICYCLIST,OTHER,CLEAR,DRY,DAYLIGHT,NO CONTROLS,NONE DETECTED,NONE DETECTED,0382707F-A1D8-41D5-B842-59380286DA85,BICYCLIST,Walking/Cycling on Sidewalk,NO IMPROPER ACTIONS,SIDEWALK,No,POSSIBLE INJURY,NONE,39.10954983,-77.18127283,"    (39.10954983, -77.18127283)"
MCP2987001K,17009316,Montgomery County Police,Injury Crash,02/21/2017 10:40:00 AM,Maryland (State),PINEY BRANCH RD,ARLISS ST,,N/A,PEDESTRIAN,STRAIGHT MOVEMENT ANGLE,CLEAR,DRY,DAYLIGHT,TRAFFIC SIGNAL,NONE DETECTED,NONE DETECTED,FFBFAEFF-90EC-44BD-9556-3EDA9AA47C56,PEDESTRIAN,Cross/Enter at Intersection,NO IMPROPER ACTIONS,ON ROADWAY AT CROSSWALK,No,SUSPECTED MINOR INJURY,NONE,38.99820667,-77.00123167,"    (38.99820667, -77.00123167)"
MCP2286001K,17009248,Montgomery County Police,Injury Crash,02/20/2017 06:38:00 PM,,,,"SAM'S CLUM PARKING LOT, 610 N FREDERICK AVE, GAITHERSBURG, MD 20877",,PEDESTRIAN,STRAIGHT MOVEMENT ANGLE,CLEAR,,DUSK,OTHER,N/A,NONE DETECTED,4FA5573B-7839-48C0-9F5E-CF8DD6987928,PEDESTRIAN,Other,NO IMPROPER ACTIONS,ON ROADWAY AT CROSSWALK,No,SUSPECTED MINOR INJURY,NONE,39.15127012,-77.21286625,"    (39.15127012, -77.21286625)"
MCP2765003N,17009224,Montgomery County Police,Injury Crash,02/20/2017 05:00:00 PM,,,,7949 TUCKERMAN LA - CABIN JOHN SHOPPING CENTER,,PEDESTRIAN,SINGLE VEHICLE,CLEAR,,DAYLIGHT,NO CONTROLS,NONE DETECTED,NONE DETECTED,E6B20618-6054-4990-8F42-2AA3CA303C8D,PEDESTRIAN,Cross/Enter not at Intersection,UNKNOWN,ON ROADWAY NOT AT CROSSWALK,Yes,POSSIBLE INJURY,NONE,39.04094333,-77.15739333,"    (39.04094333, -77.15739333)"
MCP2689002T,17009131,Montgomery County Police,Injury Crash,02/20/2017 07:47:00 AM,County,TWINBROOK PKWY,PARKLAWN DR,,N/A,PEDESTRIAN,SINGLE VEHICLE,CLEAR,DRY,DAYLIGHT,TRAFFIC SIGNAL,NONE DETECTED,NONE DETECTED,164A863C-A1FB-4CD9-A5B9-F4D54B17273A,PEDESTRIAN,Cross/Enter at Intersection,NO IMPROPER ACTIONS,AT INTERSECTION MARKED CROSSWALK,No,SUSPECTED MINOR INJURY,REFLECTIVE CLOTHING,39.06148051,-77.11623296,"    (39.06148051, -77.11623296)"
MCP2134000Y,17008899,Montgomery County Police,Injury Crash,02/18/2017 04:35:00 PM,,,,PARKING LOT OF 8208 ROANOKE AVE,,PEDESTRIAN,OTHER,CLEAR,,DAYLIGHT,N/A,N/A,N/A,5393FDD0-75B2-46DD-A153-1577C1E8015B,PEDESTRIAN,Playing,UNKNOWN,OTHER,Unknown,SUSPECTED SERIOUS INJURY,NONE,38.99135186,-77.00431913,"    (38.99135186, -77.00431913)"
MCP2954002Y,17008657,Montgomery County Police,Injury Crash,02/17/2017 03:12:00 PM,,,,10801 LOCKWOOD DR IN THE PARKING LOT TO THE REAR NEAR THE ENTRANCE,,PEDESTRIAN,SINGLE VEHICLE,CLEAR,,DAYLIGHT,NO CONTROLS,UNKNOWN,NONE DETECTED,8B95DAC6-2678-4587-A9F8-C0BBD10C7A6C,PEDESTRIAN,Other,N/A,ON ROADWAY AT CROSSWALK,No,POSSIBLE INJURY,N/A,39.03250899,-77.00229138,"    (39.03250899, -77.00229138)"
MCP2586002L,17008486,Montgomery County Police,Injury Crash,02/16/2017 06:36:00 PM,Maryland (State),SANDY SPRING RD,MCKNEW RD,,N/A,PEDESTRIAN,OTHER,CLEAR,DRY,DARK LIGHTS ON,TRAFFIC SIGNAL,NONE DETECTED,NONE DETECTED,568D25D5-E0FB-4958-975A-E3D980599D07,PEDESTRIAN,Unknown,IN ROADWAY IMPROPERLY,ON ROADWAY NOT AT CROSSWALK,Yes,SUSPECTED MINOR INJURY,N/A,39.10613667,-76.918495,"    (39.10613667, -76.918495)"
MCP3048000B,17008480,Montgomery County Police,Injury Crash,02/16/2017 06:00:00 PM,,,,DRIVEWAY OF 11810 PARKLAWN DRIVE,,PEDESTRIAN,OTHER,CLEAR,,DARK LIGHTS ON,NO CONTROLS,UNKNOWN,NONE DETECTED,A99F7BE4-7782-435F-9E36-63ADB213D84B,PEDESTRIAN,Walking/Cycling on Sidewalk,NO IMPROPER ACTIONS,SIDEWALK,No,POSSIBLE INJURY,N/A,39.04966565,-77.10281119,"    (39.04966565, -77.10281119)"
DD56050038,17008304,Rockville Police Departme,Injury Crash,02/15/2017 07:49:00 PM,County,SHADY GROVE RD,FALLSGROVE BLVD,,ROCKVILLE,PEDESTRIAN,OTHER,CLEAR,DRY,DARK LIGHTS ON,OTHER,NONE DETECTED,NONE DETECTED,804CEEDC-D86B-4747-B706-CBD6751AB020,PEDESTRIAN,Cross/Enter not at Intersection,FAILURE TO YIELD RIGHT OF WAY,OUTSIDE RIGHT OF WAY,Yes,POSSIBLE INJURY,N/A,39.09768883,-77.19250517,"    (39.09768883, -77.19250517)"
MCP3031000C,17008136,Montgomery County Police,Injury Crash,02/14/2017 09:36:00 PM,County,HEWITT AVE,GEORGIA AVE,,N/A,PEDESTRIAN,SINGLE VEHICLE,CLEAR,DRY,N/A,N/A,NONE DETECTED,NONE DETECTED,99EC0EDB-7520-4EAB-A853-AFC6C99AD818,PEDESTRIAN,Cross/Enter at Intersection,NO IMPROPER ACTIONS,ON ROADWAY AT CROSSWALK,No,POSSIBLE INJURY,NONE,39.07932869,-77.06799611,"    (39.07932869, -77.06799611)"
MCP2675001D,17007959,Montgomery County Police,Injury Crash,02/13/2017 09:49:00 PM,County,REEDIE DR,GEORGIA AVE,,N/A,PEDESTRIAN,SINGLE VEHICLE,CLEAR,DRY,DARK LIGHTS ON,TRAFFIC SIGNAL,NONE DETECTED,NONE DETECTED,24F2D624-4838-4284-8D49-6E15F8AAD356,PEDESTRIAN,Cross/Enter at Intersection,NO IMPROPER ACTIONS,AT INTERSECTION MARKED CROSSWALK,No,SUSPECTED MINOR INJURY,N/A,39.03864883,-77.05099359,"    (39.03864883, -77.05099359)"
MCP3050000C,17007929,Montgomery County Police,Injury Crash,02/13/2017 07:00:00 PM,Other Public Roadway,GLENMONT CIR #1,GLENMONT CIR #2,,N/A,PEDESTRIAN,SINGLE VEHICLE,OTHER,DRY,DARK LIGHTS ON,NO CONTROLS,NONE DETECTED,NONE DETECTED,F7531DBE-B5E8-4670-85B6-3417AA1C3E26,PEDESTRIAN,Other,NO IMPROPER ACTIONS,OTHER,No,NO APPARENT INJURY,N/A,39.05893754,-77.04736322,"    (39.05893754, -77.04736322)"
MCP3050000C,17007929,Montgomery County Police,Injury Crash,02/13/2017 07:00:00 PM,Other Public Roadway,GLENMONT CIR #1,GLENMONT CIR #2,,N/A,PEDESTRIAN,SINGLE VEHICLE,OTHER,DRY,DARK LIGHTS ON,NO CONTROLS,NONE DETECTED,NONE DETECTED,82C88819-8BAF-4971-9F79-19D468324430,PEDESTRIAN,Other,NO IMPROPER ACTIONS,OTHER,No,SUSPECTED SERIOUS INJURY,N/A,39.05893754,-77.04736322,"    (39.05893754, -77.04736322)"
MCP2658001M,17007893,Montgomery County Police,Injury Crash,02/13/2017 04:45:00 PM,County,APRIL LA,CUL DE SAC,,N/A,PEDESTRIAN,STRAIGHT MOVEMENT ANGLE,N/A,N/A,DAYLIGHT,N/A,,N/A,8305E55A-8674-42BD-B609-679E27D320F9,PEDESTRIAN,Playing,IN ROADWAY IMPROPERLY,AT INTERSECTION BUT NO CROSSWALK,Unknown,SUSPECTED SERIOUS INJURY,N/A,39.04603593,-76.97854042,"    (39.04603593, -76.97854042)"
MCP3010001V,17007867,Montgomery County Police,Injury Crash,02/13/2017 03:03:00 PM,,,,11790 PARKLAWN DR PARKING LOT,,PEDESTRIAN,OTHER,CLEAR,,DAYLIGHT,NO CONTROLS,N/A,N/A,2A706F29-852B-4FC8-AE3B-7EC141DAE009,PEDESTRIAN,Standing,NO IMPROPER ACTIONS,OTHER,Unknown,SUSPECTED MINOR INJURY,NONE,39.048465,-77.102195,"    (39.048465, -77.102195)"
DD56120006,17007723,Rockville Police Departme,Injury Crash,02/12/2017 18:21,Maryland (State),E JEFFERSON ST,MONROE ST,,ROCKVILLE,PEDESTRIAN,SINGLE VEHICLE,CLEAR,DRY,DARK LIGHTS ON,TRAFFIC SIGNAL,NONE DETECTED,UNKNOWN,BB91F50E-3442-4584-ABAD-87AEE51CB93F,PEDESTRIAN,Cross/Enter at Intersection,FAILURE TO OBEY TRAFFIC SIGNS SIGNALS OR OFFICER,AT INTERSECTION MARKED CROSSWALK,Yes,SUSPECTED MINOR INJURY,NONE,39.08196045,-77.14913964,"    (39.08196045, -77.14913964)"
EJ78530024,17007184,Gaithersburg Police Depar,Injury Crash,02/12/2017 6:30,,,,"408 N. FREDERICK AVE. GAITHERSBURG, MARYLAND 20877",,PEDESTRIAN,OTHER,N/A,,N/A,NO CONTROLS,N/A,NONE DETECTED,666DEC13-F939-4F91-B1C1-7F1C5B0701F3,PEDESTRIAN,Standing,OTHER,OTHER,No,POSSIBLE INJURY,NONE,39.139945,-77.19556833,"    (39.139945, -77.19556833)"
EJ7809000W,17007620,Gaithersburg Police Depar,Injury Crash,02/12/2017 3:34,,,,"117 E. DIAMOND AVE. GAITHERSBURG, MD. 20877 (CANCUN RESTAURANT / REAR PARKING LOT)",,PEDESTRIAN,SINGLE VEHICLE,CLEAR,,DARK LIGHTS ON,NO CONTROLS,ALCOHOL CONTRIBUTED,ALCOHOL PRESENT,238B93E8-B145-4560-8329-BA6A820EA1F8,PEDESTRIAN,Unknown,N/A,OTHER,No,SUSPECTED MINOR INJURY,N/A,39.14187307,-77.19475061,"    (39.14187307, -77.19475061)"
EJ7809000W,17007620,Gaithersburg Police Depar,Injury Crash,02/12/2017 3:34,,,,"117 E. DIAMOND AVE. GAITHERSBURG, MD. 20877 (CANCUN RESTAURANT / REAR PARKING LOT)",,PEDESTRIAN,SINGLE VEHICLE,CLEAR,,DARK LIGHTS ON,NO CONTROLS,ALCOHOL CONTRIBUTED,ALCOHOL PRESENT,5C03597E-91BA-46E1-92EB-24EA8930EF08,PEDESTRIAN,Unknown,UNKNOWN,OTHER,No,SUSPECTED MINOR INJURY,N/A,39.14187307,-77.19475061,"    (39.14187307, -77.19475061)"
EJ7809000W,17007620,Gaithersburg Police Depar,Injury Crash,02/12/2017 3:34,,,,"117 E. DIAMOND AVE. GAITHERSBURG, MD. 20877 (CANCUN RESTAURANT / REAR PARKING LOT)",,PEDESTRIAN,SINGLE VEHICLE,CLEAR,,DARK LIGHTS ON,NO CONTROLS,ALCOHOL CONTRIBUTED,ALCOHOL PRESENT,353155E3-6333-4DF5-B57F-8F3113FA76F2,PEDESTRIAN,Unknown,UNKNOWN,OTHER,No,SUSPECTED MINOR INJURY,N/A,39.14187307,-77.19475061,"    (39.14187307, -77.19475061)"
MCP25460029,17007535,Montgomery County Police,Property Damage Crash,02/11/2017 16:19,County,ATHERTON DR,ISBELL ST,,N/A,BICYCLIST,SINGLE VEHICLE,CLOUDY,DRY,DAYLIGHT,NO CONTROLS,NONE DETECTED,NONE DETECTED,F7624F05-DF97-475B-8248-155A5E23844D,BICYCLIST,Playing,DART DASH,ON ROADWAY NOT AT CROSSWALK,Yes,NO APPARENT INJURY,NONE,39.06413333,-77.07593167,"    (39.06413333, -77.07593167)"
HA22880009,17000154,Maryland-National Capital,Property Damage Crash,02/11/2017 12:10,,BEACH DRIVE,CONNECTICUT AVENUE,,N/A,BICYCLIST,SAME DIR REAR END,CLOUDY,DRY,DAYLIGHT,N/A,N/A,N/A,127BCEEC-06C3-43C5-AC67-C066A362F756,BICYCLIST,N/A,INATTENTIVE,N/A,Yes,NO APPARENT INJURY,N/A,39.0080777,-77.0801197,"    (39.0080777, -77.0801197)"
MCP30040014,17007352,Montgomery County Police,Injury Crash,02/10/2017 15:20,,,,"11325 SEVEN LOCKS RD POTOMAC, MD 20854, CABIN JOHN SHOPPING CENTER REAR PARKING LOT BEHIND GIANT",,PEDESTRIAN,OTHER,CLEAR,,DAYLIGHT,N/A,UNKNOWN,N/A,3168BDBD-0193-49E7-9FEC-70EEA6A905C5,PEDESTRIAN,Approach/Leaving Schoolbus,N/A,OTHER,No,SUSPECTED MINOR INJURY,N/A,39.04146439,-77.15633333,"    (39.04146439, -77.15633333)"
MCP1334004Q,17007266,Montgomery County Police,Injury Crash,02/10/2017 9:22,Municipality,QUINCE ORCHARD BLVD,RABBITT RD,,GAITHERSBURG,PEDESTRIAN,SINGLE VEHICLE,CLEAR,DRY,DAYLIGHT,N/A,NONE DETECTED,NONE DETECTED,DB908F9F-B715-4AA5-8136-B3894606A373,PEDESTRIAN,Cross/Enter not at Intersection,DART DASH,ON ROADWAY NOT AT CROSSWALK,Yes,SUSPECTED SERIOUS INJURY,NONE,39.14060305,-77.22857192,"    (39.14060305, -77.22857192)"
MCP3035000B,17006938,Montgomery County Police,Injury Crash,02/08/2017 17:03,County,MARSTON LA,THOMAS FARM RD,,N/A,PEDESTRIAN,SINGLE VEHICLE,CLEAR,DRY,DAYLIGHT,N/A,NONE DETECTED,NONE DETECTED,18C3CE11-B7BB-40C7-9142-FFEBE00CA9B0,PEDESTRIAN,Standing,NO IMPROPER ACTIONS,SIDEWALK,No,SUSPECTED SERIOUS INJURY,N/A,39.17397283,-77.197193,"    (39.17397283, -77.197193)"
DM83740015,17006921,Takoma Park Police Depart,Property Damage Crash,02/08/2017 16:16,Maryland (State),NEW HAMPSHIRE AVE,HOLTON LA,,TAKOMA PARK,PEDESTRIAN,OTHER,CLEAR,DRY,DAYLIGHT,TRAFFIC SIGNAL,UNKNOWN,N/A,04AC473C-BE38-4D96-9B38-3C1B2942A8CB,PEDESTRIAN,Cross/Enter at Intersection,N/A,ON ROADWAY AT CROSSWALK,No,NO APPARENT INJURY,N/A,38.98581167,-76.98761333,"    (38.98581167, -76.98761333)"
EJ7852001K,17007003,Gaithersburg Police Depar,Injury Crash,02/08/2017 10:11,Maryland (State),CLOPPER RD,FIRSTFIELD RD,,GAITHERSBURG,PEDESTRIAN,OTHER,CLEAR,DRY,DARK LIGHTS ON,TRAFFIC SIGNAL,NONE DETECTED,NONE DETECTED,7CB64214-6003-4779-98E7-16022AF1B980,PEDESTRIAN,Cross/Enter at Intersection,UNKNOWN,ON ROADWAY AT CROSSWALK,No,SUSPECTED MINOR INJURY,NONE,39.14376194,-77.22382441,"    (39.14376194, -77.22382441)"
MCP2846002L,17006835,Montgomery County Police,Injury Crash,02/08/2017 8:36,Maryland (State),VEIRS MILL RD,UNIVERSITY BLVD W,,N/A,PEDESTRIAN,SINGLE VEHICLE,CLEAR,DRY,DAYLIGHT,TRAFFIC SIGNAL,NONE DETECTED,NONE DETECTED,2C99D4FD-A6C8-42C7-A228-618291AA025D,PEDESTRIAN,Cross/Enter at Intersection,NO IMPROPER ACTIONS,ON ROADWAY AT CROSSWALK,No,POSSIBLE INJURY,NONE,39.03860833,-77.054455,"    (39.03860833, -77.054455)"
MCP29810015,17006783,Montgomery County Police,Injury Crash,02/07/2017 23:13,Maryland (State),ROCKVILLE PIKE,SOUTHWOOD DR,,N/A,BICYCLIST,HEAD ON LEFT TURN,CLEAR,DRY,DARK LIGHTS ON,TRAFFIC SIGNAL,NONE DETECTED,NONE DETECTED,0EBAEACA-7EBD-458C-9786-97D2BA163527,BICYCLIST,Cross/Enter at Intersection,NOT VISIBLE,ON ROADWAY NOT AT CROSSWALK,Unknown,SUSPECTED MINOR INJURY,LIGHTING,38.99963,-77.09677833,"    (38.99963, -77.09677833)"
DD56140022,17006536,Rockville Police Departme,Injury Crash,02/06/2017 18:15,Municipality,MONROE ST,MONROE PL,,N/A,PEDESTRIAN,STRAIGHT MOVEMENT ANGLE,CLEAR,DRY,DARK LIGHTS ON,STOP SIGN,NONE DETECTED,NONE DETECTED,C1816816-AADD-423D-AEB1-10873A6BE69E,PEDESTRIAN,Cross/Enter at Intersection,NO IMPROPER ACTIONS,ON ROADWAY AT CROSSWALK,No,POSSIBLE INJURY,NONE,39.08324367,-77.14895067,"    (39.08324367, -77.14895067)"
MCP2182000L,17006278,Montgomery County Police,Injury Crash,02/05/2017 9:56,,,,"4414 MUNCASTERMILL RD.
CHINESE BIBLE CHURCH",,PEDESTRIAN,OTHER,CLEAR,,DAYLIGHT,N/A,NONE DETECTED,NONE DETECTED,E5725F9C-0AE0-44CE-ACCC-81799EA76FCF,PEDESTRIAN,Getting off/on Vehicle,N/A,OTHER,No,SUSPECTED MINOR INJURY,N/A,39.07470167,-76.94016833,"    (39.07470167, -76.94016833)"
MCP0973000J,17006142,Montgomery County Police,Injury Crash,02/04/2017 11:50,County,BATTERY LA,WISCONSIN AVE,,N/A,PEDESTRIAN,SINGLE VEHICLE,CLEAR,DRY,DAYLIGHT,TRAFFIC SIGNAL,NONE DETECTED,N/A,17E5E963-ACF5-44D1-B311-281C01D83368,PEDESTRIAN,Cross/Enter at Intersection,NO IMPROPER ACTIONS,ON ROADWAY AT CROSSWALK,No,SUSPECTED MINOR INJURY,N/A,38.99288167,-77.09630333,"    (38.99288167, -77.09630333)"
DM8453000N,17006006,Takoma Park Police Depart,Injury Crash,02/03/2017 18:21,Maryland (State),CARROLL AVE,MANOR CIR,,TAKOMA PARK,PEDESTRIAN,OTHER,CLEAR,DRY,DARK LIGHTS ON,NO CONTROLS,NONE DETECTED,NONE DETECTED,C5A949BB-070A-461D-A7AB-160E5356B3B8,PEDESTRIAN,Cross/Enter not at Intersection,DART DASH,N/A,Yes,POSSIBLE INJURY,N/A,38.97959931,-77.00479656,"    (38.97959931, -77.00479656)"
MCP2757001K,17005896,Montgomery County Police,Injury Crash,02/03/2017 4:57,Maryland (State),GEORGIA AVE,RANDOLPH RD,,N/A,PEDESTRIAN,SINGLE VEHICLE,CLEAR,DRY,DARK LIGHTS ON,TRAFFIC SIGNAL,NONE DETECTED,NONE DETECTED,B09B25D9-5D5C-429C-B39E-FC5AE27013E4,PEDESTRIAN,Cross/Enter at Intersection,DART DASH,ON ROADWAY NOT AT CROSSWALK,Yes,SUSPECTED MINOR INJURY,NONE,39.0580305,-77.04965785,"    (39.0580305, -77.04965785)"
MCP20080038,17005817,Montgomery County Police,Injury Crash,02/02/2017 16:38,County,SEVEN LOCKS RD,CHARRED OAK DR,,N/A,PEDESTRIAN,OTHER,CLEAR,DRY,DAYLIGHT,NO CONTROLS,NONE DETECTED,NONE DETECTED,54A22FE4-1C96-4553-A34A-C9F03930CCE3,PEDESTRIAN,Cross/Enter at Intersection,DART DASH,AT INTERSECTION BUT NO CROSSWALK,Yes,SUSPECTED MINOR INJURY,NONE,39.00313167,-77.15984333,"    (39.00313167, -77.15984333)"
MCP2353003K,17005729,Montgomery County Police,Injury Crash,02/02/2017 9:01,Maryland (State),ROCKVILLE PIKE,CEDAR CROFT DR,,N/A,BICYCLIST,STRAIGHT MOVEMENT ANGLE,CLOUDY,DRY,DAYLIGHT,NO CONTROLS,NONE DETECTED,NONE DETECTED,39A5D048-7C40-4343-BA4A-68BF23FD524F,BICYCLIST,Cross/Enter at Intersection,FAILURE TO YIELD RIGHT OF WAY,AT INTERSECTION BUT NO CROSSWALK,Yes,POSSIBLE INJURY,MC/BIKE HELMET,39.00850167,-77.09802833,"    (39.00850167, -77.09802833)"
MCP2961001S,17005654,Montgomery County Police,Injury Crash,02/01/2017 18:20,,,,PARKING LOT ENTRANCE LOCATED AT 2424 UNIVERSITY BLVD W,,PEDESTRIAN,OTHER,N/A,,DARK LIGHTS ON,NO CONTROLS,UNKNOWN,NONE DETECTED,0039A590-D2C1-41B5-808A-69F7B3C1DDB0,PEDESTRIAN,Walking/Cycling on Sidewalk,NO IMPROPER ACTIONS,SIDEWALK,No,POSSIBLE INJURY,NONE,39.04144668,-77.05142811,"    (39.04144668, -77.05142811)"
MCP28680027,17005637,Montgomery County Police,Injury Crash,02/01/2017 17:31,County,WAVERLY ST,MONTGOMERY AVE,,N/A,PEDESTRIAN,SINGLE VEHICLE,CLEAR,DRY,DUSK,TRAFFIC SIGNAL,NONE DETECTED,N/A,3C6E83EC-F36F-4E02-A86F-0CF79C7EA835,PEDESTRIAN,Cross/Enter at Intersection,NO IMPROPER ACTIONS,ON ROADWAY AT CROSSWALK,No,SUSPECTED MINOR INJURY,NONE,38.98410167,-77.09234333,"    (38.98410167, -77.09234333)"
MCP2001000N,17005653,Montgomery County Police,Fatal Crash,02/01/2017 17:06,,,,PARKING LOT OF CRESTHAVEN ELEMENTARY SCHOOL (1234 CRESTHAVEN DRIVE),,PEDESTRIAN,SINGLE VEHICLE,CLEAR,,DAYLIGHT,STOP SIGN,NONE DETECTED,NONE DETECTED,C80A180A-AE48-4E95-854B-A8979CCCA982,PEDESTRIAN,Unknown,UNKNOWN,DRIVEWAY ACCESS MARKED CROSSWALK,Unknown,FATAL INJURY,N/A,39.02718717,-76.98797643,"    (39.02718717, -76.98797643)"
MCP2354000W,17005688,Montgomery County Police,Injury Crash,02/01/2017 11:17,Maryland (State),ROCKVILLE PIKE,OLD GEORGETOWN RD,,N/A,PEDESTRIAN,OTHER,CLEAR,DRY,DARK LIGHTS ON,YIELD SIGN,NONE DETECTED,NONE DETECTED,4127F919-ECA3-4AD3-B407-19C55FF0233A,PEDESTRIAN,Cross/Enter at Intersection,NO IMPROPER ACTIONS,ON ROADWAY AT CROSSWALK,No,SUSPECTED MINOR INJURY,NONE,39.04970167,-77.11462,"    (39.04970167, -77.11462)"
DD56140020,17005546,Rockville Police Departme,Injury Crash,02/01/2017 7:44,Municipality,HURLEY AVE,WATTS BRANCH PKWY,,ROCKVILLE,PEDESTRIAN,STRAIGHT MOVEMENT ANGLE,CLEAR,DRY,DAWN,NO CONTROLS,NONE DETECTED,NONE DETECTED,25F72564-CBDC-4369-9C7E-593B8A351E10,PEDESTRIAN,Cross/Enter at Intersection,NO IMPROPER ACTIONS,MIDBLOCK MARKED CROSSWALK,No,POSSIBLE INJURY,NONE,39.08888814,-77.17847899,"    (39.08888814, -77.17847899)"
MCP2358002P,17005428,Montgomery County Police,Injury Crash,01/31/2017 03:07:00 PM,County,SEVEN LOCKS RD,SCOTLAND DR,,N/A,PEDESTRIAN,OTHER,CLEAR,DRY,DAYLIGHT,N/A,NONE DETECTED,NONE DETECTED,93E74115-6CF6-463D-ADD7-80F742037504,PEDESTRIAN,Cross/Enter at Intersection,NO IMPROPER ACTIONS,ON ROADWAY AT CROSSWALK,No,SUSPECTED MINOR INJURY,N/A,39.03110833,-77.16127,"    (39.03110833, -77.16127)"
MCP23390024,17005423,Montgomery County Police,Injury Crash,01/31/2017 02:54:00 PM,Maryland (State),NEW HAMPSHIRE AVE,GOOD HOPE RD,,N/A,PEDESTRIAN,SINGLE VEHICLE,CLEAR,DRY,DAYLIGHT,TRAFFIC SIGNAL,NONE DETECTED,NONE DETECTED,37C6F7EA-DEFB-46CA-A42B-C6C60D7BE1B3,PEDESTRIAN,Cross/Enter at Intersection,NO IMPROPER ACTIONS,ON ROADWAY AT CROSSWALK,No,SUSPECTED MINOR INJURY,N/A,39.09610167,-77.00206167,"    (39.09610167, -77.00206167)"
MCP2936001H,17005282,Montgomery County Police,Injury Crash,01/30/2017 07:04:00 PM,Maryland (State),WISCONSIN AVE,SOMERSET TERRACE,,N/A,PEDESTRIAN,OTHER,CLEAR,DRY,DARK LIGHTS ON,NO CONTROLS,NONE DETECTED,NONE DETECTED,E9EE8979-153E-42FA-A612-BA63CB487B32,PEDESTRIAN,Cross/Enter not at Intersection,FAILURE TO YIELD RIGHT OF WAY,ON ROADWAY NOT AT CROSSWALK,Yes,SUSPECTED SERIOUS INJURY,NONE,38.964665,-77.08758833,"    (38.964665, -77.08758833)"