Report Number,Local Case Number,Agency Name,ACRS Report Type,Crash Date/Time,Route Type,Road Name,Cross-Street Name,Off-Road Description,Municipality,Related Non-Motorist,Collision Type,Weather,Surface Condition,Light,Traffic Control,Driver Substance Abuse,Non-Motorist Substance Abuse,Person ID,Pedestrian Type,Pedestrian Movement,Pedestrian Actions,Pedestrian Location,At Fault,Injury Severity,Safety Equipment,Latitude,Longitude,Location
MCP1227000L,16062682,Montgomery County Police,Fatal Crash,12/06/2016 17:41,Municipality,CHAPMAN AVE,BOUIC AVE,,ROCKVILLE,PEDESTRIAN,SINGLE VEHICLE,RAINING,WET,DARK LIGHTS ON,N/A,NONE DETECTED,NONE DETECTED,ADBD8F30-FD12-4F37-9B78-3C61D1E2B690,PEDESTRIAN,Cross/Enter at Intersection,UNKNOWN,ON ROADWAY AT CROSSWALK,Unknown,FATAL INJURY,NONE,39.06111552,-77.12100327,"    (39.06111552, -77.12100327)"
DD56200009,16062592,Rockville Police Departme,Injury Crash,12/06/2016 11:18,Maryland (State),HUNGERFORD DR,A ST,,ROCKVILLE,PEDESTRIAN,SINGLE VEHICLE,RAINING,WET,DAYLIGHT,TRAFFIC SIGNAL,UNKNOWN,NONE DETECTED,9AB1DD10-092D-4EBD-AF51-4B399B8E6EB0,PEDESTRIAN,Cross/Enter at Intersection,NO IMPROPER ACTIONS,SIDEWALK,No,POSSIBLE INJURY,NONE,39.0919869,-77.15315223,"    (39.0919869, -77.15315223)"
MCP30040013,16062484,Montgomery County Police,Injury Crash,12/05/2016 17:27,Maryland (State),MASSACHUSETTS AVE,WESTBARD AVE,,N/A,PEDESTRIAN,OTHER,CLEAR,DRY,DARK LIGHTS ON,TRAFFIC SIGNAL,NONE DETECTED,N/A,3EDD368A-107D-4B8D-856A-16F4D3617EDD,PEDESTRIAN,Cross/Enter at Intersection,NO IMPROPER ACTIONS,AT INTERSECTION MARKED CROSSWALK,No,SUSPECTED MINOR INJURY,N/A,38.95827523,-77.1097447,"    (38.95827523, -77.1097447)"
DD5508002X,16062458,Rockville Police Departme,Injury Crash,12/05/2016 16:02,,,,PARKING LOT OF 1675 ROCKVILLE PIKE,,PEDESTRIAN,OTHER,CLEAR,,DAYLIGHT,N/A,NONE DETECTED,NONE DETECTED,F35D4FC2-3208-4B0F-91CE-4F2DEFC2E254,PEDESTRIAN,Cross/Enter at Intersection,NO IMPROPER ACTIONS,ON ROADWAY AT CROSSWALK,No,SUSPECTED MINOR INJURY,NONE,39.06129,-77.12630833,"    (39.06129, -77.12630833)"
MCP25460023,16061971,Montgomery County Police,Injury Crash,12/02/2016 19:45,,SNOWDEN FARM PKWY,NEWCUT RD,,N/A,PEDESTRIAN,SAME DIR REAR END,CLEAR,DRY,DARK LIGHTS ON,NO CONTROLS,NONE DETECTED,NONE DETECTED,B601E8C3-C502-46A2-9C5D-7DDE12BAACFA,PEDESTRIAN,Other,UNKNOWN,ON ROADWAY NOT AT CROSSWALK,Unknown,SUSPECTED SERIOUS INJURY,NONE,39.22891333,-77.2513,"    (39.22891333, -77.2513)"
MCP2087000K,16061603,Montgomery County Police,Injury Crash,12/01/2016 6:51,Maryland (State),VEIRS MILL RD,CENTERHILL ST,,N/A,PEDESTRIAN,OTHER,CLEAR,DRY,DARK LIGHTS ON,NO CONTROLS,NONE DETECTED,NONE DETECTED,5273D124-E7F5-43BF-A965-7A906CC16AF2,PEDESTRIAN,Cross/Enter at Intersection,DART DASH,ON ROADWAY NOT AT CROSSWALK,Yes,SUSPECTED SERIOUS INJURY,NONE,39.05046833,-77.07252167,"    (39.05046833, -77.07252167)"
MCP2717008P,16061535,Montgomery County Police,Injury Crash,11/30/2016 07:00:00 PM,,,,6101 WILSON LANE (LANDON SCHOOL),,PEDESTRIAN,OTHER,RAINING,,DARK LIGHTS ON,NO CONTROLS,NONE DETECTED,NONE DETECTED,F6B0BC83-A055-4819-9677-4DB2B918D84F,PEDESTRIAN,Cross/Enter not at Intersection,DART DASH,ON ROADWAY NOT AT CROSSWALK,Yes,SUSPECTED MINOR INJURY,NONE,38.99070667,-77.12529333,"    (38.99070667, -77.12529333)"
MCP2789002Z,16061280,Montgomery County Police,Injury Crash,11/29/2016 05:16:00 PM,County,LINDEN LA,SECOND AVE,,N/A,PEDESTRIAN,SINGLE VEHICLE,RAINING,WET,DARK LIGHTS ON,TRAFFIC SIGNAL,N/A,N/A,D0D3EADF-11E3-4B7D-B279-5EAB73B17069,PEDESTRIAN,Cross/Enter at Intersection,FAILURE TO OBEY TRAFFIC SIGNS SIGNALS OR OFFICER,ON ROADWAY AT CROSSWALK,Yes,POSSIBLE INJURY,N/A,38.99923,-77.02607167,"    (38.99923, -77.02607167)"
MCP26370016,16061165,Montgomery County Police,Injury Crash,11/29/2016 07:33:00 AM,County,SEVEN LOCKS RD,TUCKERMAN LA,,N/A,PEDESTRIAN,OTHER,RAINING,WET,DAWN,TRAFFIC SIGNAL,NONE DETECTED,NONE DETECTED,1E3CFBA6-4D72-4D31-8379-82E990A3CE16,PEDESTRIAN,Cross/Enter at Intersection,NO IMPROPER ACTIONS,AT INTERSECTION MARKED CROSSWALK,No,POSSIBLE INJURY,N/A,39.04061963,-77.15897799,"    (39.04061963, -77.15897799)"
MCP2658001D,16061111,Montgomery County Police,Injury Crash,11/28/2016 06:45:00 PM,US (State),COLUMBIA PIKE,TECH RD,,N/A,PEDESTRIAN,SINGLE VEHICLE,CLEAR,DRY,DARK LIGHTS ON,TRAFFIC SIGNAL,NONE DETECTED,NONE DETECTED,C2DF6BC1-E0BD-4D05-B49D-8A9B726628A6,PEDESTRIAN,Walking/Cycling on Sidewalk,FAILURE TO OBEY TRAFFIC SIGNS SIGNALS OR OFFICER,AT INTERSECTION MARKED CROSSWALK,Yes,POSSIBLE INJURY,NONE,39.05784618,-76.96839496,"    (39.05784618, -76.96839496)"
MCP29710020,16061109,Montgomery County Police,Injury Crash,11/28/2016 06:24:00 PM,,,,"PARKING LOT OF 15618 OLD COLUMBIA PIKE, GIANT",,PEDESTRIAN,OTHER,N/A,,DARK LIGHTS ON,STOP SIGN,NONE DETECTED,NONE DETECTED,366DFBE2-23E7-44F3-89FC-D4906260D3BA,PEDESTRIAN,Cross/Enter not at Intersection,INATTENTIVE,ON ROADWAY NOT AT CROSSWALK,Unknown,POSSIBLE INJURY,NONE,39.11252666,-76.93456292,"    (39.11252666, -76.93456292)"
MCP2612001K,16061094,Montgomery County Police,Injury Crash,11/28/2016 05:21:00 PM,Maryland (State),CONNECTICUT AVE,ASPEN HILL RD,,N/A,PEDESTRIAN,OTHER,CLEAR,DRY,DARK LIGHTS ON,OTHER,NONE DETECTED,NONE DETECTED,76F2ED77-1EAD-4A21-A185-A66102DB85E6,PEDESTRIAN,Cross/Enter at Intersection,NO IMPROPER ACTIONS,ON ROADWAY AT CROSSWALK,No,SUSPECTED MINOR INJURY,N/A,39.08044333,-77.08018333,"    (39.08044333, -77.08018333)"
MCP2717008M,16061097,Montgomery County Police,Injury Crash,11/28/2016 05:54:00 AM,County,FRIENDSHIP BLVD,WASHINGTON DC/LINE,,N/A,PEDESTRIAN,OTHER,CLEAR,DRY,DARK LIGHTS ON,NO CONTROLS,NONE DETECTED,NONE DETECTED,8683FAA7-B569-4104-B2E0-9D9DB10B5AD7,PEDESTRIAN,Cross/Enter at Intersection,NO IMPROPER ACTIONS,ON ROADWAY AT CROSSWALK,No,SUSPECTED MINOR INJURY,NONE,38.98394833,-77.09252333,"    (38.98394833, -77.09252333)"
MCP9134000G,16060824,Montgomery County Police,Injury Crash,11/26/2016 10:57:00 PM,County,WAYNE AVE,GEORGIA AVE,,N/A,PEDESTRIAN,OTHER,CLEAR,DRY,DARK LIGHTS ON,TRAFFIC SIGNAL,NONE DETECTED,ALCOHOL PRESENT,A8332BA4-EACB-4534-A1EF-AFFBFE2487BF,PEDESTRIAN,Cross/Enter at Intersection,IN ROADWAY IMPROPERLY,ON ROADWAY AT CROSSWALK,Yes,SUSPECTED MINOR INJURY,NONE,38.99450833,-77.02728667,"    (38.99450833, -77.02728667)"
EJ7809000V,16060797,Gaithersburg Police Depar,Property Damage Crash,11/26/2016 08:47:00 PM,Maryland (State),S FREDERICK RD,CEDAR AVE,,GAITHERSBURG,PEDESTRIAN,SINGLE VEHICLE,CLEAR,DRY,DARK LIGHTS ON,NO CONTROLS,NONE DETECTED,NONE DETECTED,298EE32F-4D36-4EA4-A983-BADE1D1B3C61,PEDESTRIAN,Cross/Enter not at Intersection,DART DASH,ON ROADWAY NOT AT CROSSWALK,Yes,NO APPARENT INJURY,N/A,39.13965754,-77.1964176,"    (39.13965754, -77.1964176)"
MCP2966002M,16060779,Montgomery County Police,Injury Crash,11/26/2016 07:11:00 PM,County,ASPEN HILL RD,CONNECTICUT AVE,,N/A,PEDESTRIAN,OTHER,CLEAR,DRY,DARK LIGHTS ON,NO CONTROLS,NONE DETECTED,NONE DETECTED,653C17ED-D8A4-404E-846C-9FCFDC0FA949,PEDESTRIAN,Cross/Enter at Intersection,NO IMPROPER ACTIONS,ON ROADWAY AT CROSSWALK,No,SUSPECTED SERIOUS INJURY,NONE,39.08068167,-77.07763167,"    (39.08068167, -77.07763167)"
MCP2891002Z,16060748,Montgomery County Police,Injury Crash,11/26/2016 02:58:00 PM,Maryland (State),GEORGIA AVE,AUGUST DR,,N/A,PEDESTRIAN,SINGLE VEHICLE,CLEAR,DRY,DAYLIGHT,TRAFFIC SIGNAL,NONE DETECTED,NONE DETECTED,28B63E30-379A-4371-8CAE-E070E802F150,PEDESTRIAN,Cross/Enter at Intersection,NO IMPROPER ACTIONS,AT INTERSECTION MARKED CROSSWALK,No,SUSPECTED MINOR INJURY,N/A,39.02143,-77.04466,"    (39.02143, -77.04466)"
MCP2891002Z,16060748,Montgomery County Police,Injury Crash,11/26/2016 02:58:00 PM,Maryland (State),GEORGIA AVE,AUGUST DR,,N/A,PEDESTRIAN,SINGLE VEHICLE,CLEAR,DRY,DAYLIGHT,TRAFFIC SIGNAL,NONE DETECTED,NONE DETECTED,95EAD03C-F76E-4DBE-A42F-68F165F45774,PEDESTRIAN,Cross/Enter at Intersection,NO IMPROPER ACTIONS,AT INTERSECTION MARKED CROSSWALK,No,SUSPECTED MINOR INJURY,N/A,39.02143,-77.04466,"    (39.02143, -77.04466)"
MCP2608001Q,16060615,Montgomery County Police,Injury Crash,11/25/2016 06:39:00 PM,US (State),GEORGIA AVE,KING ST,,N/A,PEDESTRIAN,STRAIGHT MOVEMENT ANGLE,CLEAR,DRY,DARK LIGHTS ON,NO CONTROLS,NONE DETECTED,NONE DETECTED,42B0165A-75A6-4C51-BD24-105086CC16F1,PEDESTRIAN,Cross/Enter not at Intersection,NO IMPROPER ACTIONS,ON ROADWAY NOT AT CROSSWALK,Yes,POSSIBLE INJURY,N/A,38.98569167,-77.02673833,"    (38.98569167, -77.02673833)"
MCP2608001R,16060484,Montgomery County Police,Injury Crash,11/24/2016 07:30:00 PM,Maryland (State),16TH ST,EAST WEST HWY,,N/A,PEDESTRIAN,STRAIGHT MOVEMENT ANGLE,CLEAR,DRY,DARK LIGHTS ON,TRAFFIC SIGNAL,N/A,NONE DETECTED,C94474E5-62EA-4DB2-92D2-3E3AEA5BE326,PEDESTRIAN,Cross/Enter at Intersection,NO IMPROPER ACTIONS,ON ROADWAY AT CROSSWALK,No,SUSPECTED MINOR INJURY,NONE,38.99449764,-77.03621864,"    (38.99449764, -77.03621864)"
MCP23480025,16060327,Montgomery County Police,Injury Crash,11/23/2016 07:13:00 PM,,,,DRIVEWAY OF 10820 GEORGIA AVE.,,PEDESTRIAN,SINGLE VEHICLE,CLEAR,,DARK LIGHTS ON,NO CONTROLS,NONE DETECTED,NONE DETECTED,46F97782-4222-4A49-BE41-2E4903AC42EB,PEDESTRIAN,Walking/Cycling on Sidewalk,NO IMPROPER ACTIONS,SIDEWALK,No,SUSPECTED MINOR INJURY,N/A,39.03336333,-77.04893667,"    (39.03336333, -77.04893667)"
MCP1475000X,16060320,Montgomery County Police,Injury Crash,11/23/2016 06:07:00 PM,County,LOST KNIFE RD,CONTOUR RD,,N/A,PEDESTRIAN,SINGLE VEHICLE,CLEAR,DRY,DARK LIGHTS ON,NO CONTROLS,UNKNOWN,NONE DETECTED,1ADEF327-75F3-44E5-9B36-559ADD6237FA,PEDESTRIAN,Cross/Enter at Intersection,NOT VISIBLE,ON ROADWAY AT CROSSWALK,No,SUSPECTED MINOR INJURY,N/A,39.15629835,-77.20232785,"    (39.15629835, -77.20232785)"
MCP2889001X,16060101,Montgomery County Police,Injury Crash,11/22/2016 04:00:00 PM,Maryland (State),VEIRS MILL RD,UNIVERSITY BLVD W,,N/A,PEDESTRIAN,OTHER,CLEAR,DRY,DAYLIGHT,NO CONTROLS,NONE DETECTED,N/A,318BAE19-7318-490D-A4C3-077F553D51F1,PEDESTRIAN,Cross/Enter not at Intersection,IN ROADWAY IMPROPERLY,ON ROADWAY NOT AT CROSSWALK,Yes,POSSIBLE INJURY,NONE,39.039435,-77.05494333,"    (39.039435, -77.05494333)"
MCP2552001B,16059773,Montgomery County Police,Injury Crash,11/20/2016 05:53:00 PM,,,,"ALLEYWAY ADJACENT TO PARKING GARAGE OF 5700 BOU AVENUE, ROCKVILLE, MD 20852.",,PEDESTRIAN,OTHER,CLEAR,,DARK LIGHTS ON,NO CONTROLS,N/A,N/A,93957546-D642-48F4-8ABC-8E9629C2FF1B,PEDESTRIAN,Cross/Enter not at Intersection,N/A,OTHER,No,SUSPECTED MINOR INJURY,NONE,39.05621327,-77.1154511,"    (39.05621327, -77.1154511)"
MCP2710001C,16059651,Montgomery County Police,Injury Crash,11/19/2016 05:40:00 PM,County,GOSHEN RD,MIDCOUNTY HWY,,N/A,PEDESTRIAN,OTHER,RAINING,WET,DARK NO LIGHTS,N/A,NONE DETECTED,NONE DETECTED,758B50BC-C9F1-40E7-877D-0A8B506732E8,PEDESTRIAN,Cross/Enter not at Intersection,DART DASH,ON ROADWAY NOT AT CROSSWALK,Yes,POSSIBLE INJURY,NONE,39.15700667,-77.19197167,"    (39.15700667, -77.19197167)"
MCP2456001C,16059594,Montgomery County Police,Injury Crash,11/19/2016 11:24:00 AM,Maryland (State),FLOWER AVE,DOMER AVE,,TAKOMA PARK,OTHER,STRAIGHT MOVEMENT ANGLE,CLEAR,DRY,DAYLIGHT,NO CONTROLS,NONE DETECTED,NONE DETECTED,4374D5B2-2324-4E89-AFC2-E6C5CC26809C,OTHER,Other,NO IMPROPER ACTIONS,SIDEWALK,No,NO APPARENT INJURY,N/A,38.99662333,-77.00298667,"    (38.99662333, -77.00298667)"
DM84230014,16059447,Takoma Park Police Depart,Injury Crash,11/18/2016 04:15:00 PM,County,MERRIMAC DR,UNIVERSITY BLVD E,,N/A,PEDESTRIAN,OTHER,CLEAR,DRY,DAYLIGHT,NO CONTROLS,N/A,N/A,4E64F5A3-AFD0-49C1-BDE1-2E04F126605D,PEDESTRIAN,Cross/Enter not at Intersection,INATTENTIVE,ON ROADWAY NOT AT CROSSWALK,Yes,SUSPECTED SERIOUS INJURY,N/A,38.99547333,-77.024265,"    (38.99547333, -77.024265)"
MCP1220004H,16059430,Montgomery County Police,Injury Crash,11/18/2016 02:33:00 PM,,,,"9500 GEORGIA AVE (DRIVEWAY)
SILVER SPRING, MD 20910",,PEDESTRIAN,SINGLE VEHICLE,CLEAR,,DAYLIGHT,N/A,,NONE DETECTED,5938C8FF-57B6-470C-8C09-6D81EA018D01,PEDESTRIAN,Standing,NO IMPROPER ACTIONS,OTHER,No,POSSIBLE INJURY,NONE,39.01030833,-77.04112167,"    (39.01030833, -77.04112167)"
MCP2358002G,16059235,Montgomery County Police,Injury Crash,11/17/2016 02:37:00 PM,Maryland (State),RIVER RD,COUNSELMAN RD,,N/A,BICYCLIST,STRAIGHT MOVEMENT ANGLE,CLEAR,DRY,DAYLIGHT,TRAFFIC SIGNAL,NONE DETECTED,NONE DETECTED,54290F89-19F4-490E-826D-7F373C768303,BICYCLIST,Walking/Riding w/Traffic,NO IMPROPER ACTIONS,ON ROADWAY NOT AT CROSSWALK,No,SUSPECTED MINOR INJURY,MC/BIKE HELMET,39.01725833,-77.207855,"    (39.01725833, -77.207855)"
MCP23530036,16059188,Montgomery County Police,Injury Crash,11/17/2016 10:05:00 AM,Maryland (State),ROCKVILLE PIKE,EDSON LA,,N/A,PEDESTRIAN,SINGLE VEHICLE,N/A,DRY,DAYLIGHT,PERSON,NONE DETECTED,NONE DETECTED,64AFB968-E313-4409-8DDF-93DFA53AF9BF,PEDESTRIAN,Cross/Enter at Intersection,NO IMPROPER ACTIONS,ON ROADWAY AT CROSSWALK,No,POSSIBLE INJURY,NONE,39.04076833,-77.10961167,"    (39.04076833, -77.10961167)"
MCP2395000G,16058910,Montgomery County Police,Property Damage Crash,11/15/2016 06:06:00 PM,County,WASCHE RD,W HUNTER RD,,N/A,OTHER,SINGLE VEHICLE,CLEAR,DRY,DARK NO LIGHTS,N/A,NONE DETECTED,N/A,BFA01931-03CF-452C-834B-3217F73507EA,OTHER,N/A,N/A,N/A,No,NO APPARENT INJURY,N/A,39.170425,-77.44684833,"    (39.170425, -77.44684833)"
MCP2717008H,16058916,Montgomery County Police,Injury Crash,11/15/2016 05:57:00 PM,Maryland (State),OLD GEORGETOWN RD,BEECH AVE,,N/A,BICYCLIST,OTHER,CLEAR,DRY,DARK LIGHTS ON,TRAFFIC SIGNAL,NONE DETECTED,NONE DETECTED,5688F534-FA23-4047-A86E-6841AF2B3A0D,BICYCLIST,Cross/Enter at Intersection,NO IMPROPER ACTIONS,ON ROADWAY AT CROSSWALK,No,SUSPECTED MINOR INJURY,MC/BIKE HELMET,39.01030333,-77.11492167,"    (39.01030333, -77.11492167)"
MCP29420021,16058920,Montgomery County Police,Injury Crash,11/15/2016 05:00:00 PM,,,,PARKING LOT OF 5601 RIVER RD,,PEDESTRIAN,SINGLE VEHICLE,CLEAR,,DARK LIGHTS ON,N/A,NONE DETECTED,NONE DETECTED,4244226D-5659-434E-94DF-9434FED3330C,PEDESTRIAN,Other Working,NO IMPROPER ACTIONS,OTHER,No,POSSIBLE INJURY,N/A,38.97077833,-77.11158,"    (38.97077833, -77.11158)"
MCP26370015,16058857,Montgomery County Police,Injury Crash,11/15/2016 02:33:00 PM,County,OWENS GLEN WAY,OWENS GLEN TERR,,N/A,OTHER,SINGLE VEHICLE,N/A,DRY,DAYLIGHT,NO CONTROLS,,NONE DETECTED,51CF42EB-0614-4E4C-918A-D61E2E0CAD8C,OTHER,Other,OTHER,OTHER,Yes,POSSIBLE INJURY,NONE,39.11015333,-77.24271333,"    (39.11015333, -77.24271333)"
DD5606003W,16058724,Rockville Police Departme,Injury Crash,11/14/2016 07:32:00 PM,Maryland (State),VEIRS MILL RD,ATLANTIC AVE,,ROCKVILLE,PEDESTRIAN,SINGLE VEHICLE,CLOUDY,N/A,DARK LIGHTS ON,TRAFFIC SIGNAL,UNKNOWN,NONE DETECTED,E9E8BB67-9478-4533-B993-D6C9232735DA,PEDESTRIAN,Cross/Enter at Intersection,INATTENTIVE,ON ROADWAY AT CROSSWALK,Yes,SUSPECTED MINOR INJURY,NONE,39.07497066,-77.11555973,"    (39.07497066, -77.11555973)"
DD55830020,16058717,Rockville Police Departme,Injury Crash,11/14/2016 06:56:00 PM,,,,PARKING LOT BETWEEN 7408 AND 7406 WESTMORE RD ROCKVILLE,,PEDESTRIAN,OTHER,CLEAR,,DARK NO LIGHTS,N/A,NONE DETECTED,NONE DETECTED,152E1B65-0314-4E72-ABA3-2AB6700CC1B3,PEDESTRIAN,Other,NOT VISIBLE,OTHER,Yes,SUSPECTED MINOR INJURY,NONE,39.09847022,-77.15177223,"    (39.09847022, -77.15177223)"
MCP1020001T,16058598,Montgomery County Police,Injury Crash,11/14/2016 07:37:00 AM,County,TAPWOOD RD,SCHAEFFER RD,,N/A,PEDESTRIAN,SAME DIR REAR END,CLEAR,DRY,DAYLIGHT,NO CONTROLS,NONE DETECTED,NONE DETECTED,C92D0957-62FF-48F3-B128-03473B80CD68,PEDESTRIAN,Walking/Riding w/Traffic,NO IMPROPER ACTIONS,ON ROADWAY NOT AT CROSSWALK,No,SUSPECTED MINOR INJURY,N/A,39.15917333,-77.29155167,"    (39.15917333, -77.29155167)"
MCP27650035,16058570,Montgomery County Police,Injury Crash,11/13/2016 09:25:00 PM,County,GAINSBOROUGH RD,SEVEN LOCKS RD,,N/A,BICYCLIST,SINGLE VEHICLE,CLEAR,DRY,DARK LIGHTS ON,TRAFFIC SIGNAL,NONE DETECTED,ALCOHOL PRESENT,C154AF58-9458-41E3-AA1A-8EF6199A7546,BICYCLIST,Cross/Enter at Intersection,NO IMPROPER ACTIONS,ON ROADWAY AT CROSSWALK,No,POSSIBLE INJURY,NONE,39.04797,-77.16203833,"    (39.04797, -77.16203833)"
MCP28370016,16058356,Montgomery County Police,Property Damage Crash,11/12/2016 12:31,County,PINEY MEETINGHOUSE RD,CAVANAUGH DR,,N/A,BICYCLIST,STRAIGHT MOVEMENT ANGLE,CLEAR,DRY,DAYLIGHT,FLASHING TRAFFIC SIGNAL,NONE DETECTED,NONE DETECTED,B2574634-5201-4FC6-8664-768CAAE51AD9,BICYCLIST,Cross/Enter at Intersection,NO IMPROPER ACTIONS,ON ROADWAY NOT AT CROSSWALK,No,NO APPARENT INJURY,REFLECTIVE CLOTHING,39.08269833,-77.21685,"    (39.08269833, -77.21685)"
DD56200006,16058258,Rockville Police Departme,Injury Crash,11/11/2016 19:52,Maryland (State),E JEFFERSON ST,MONROE ST,,ROCKVILLE,PEDESTRIAN,OTHER,CLEAR,DRY,DARK LIGHTS ON,TRAFFIC SIGNAL,NONE DETECTED,NONE DETECTED,FB9464D0-DDA4-4E56-8A4B-A49E60D700C3,PEDESTRIAN,Cross/Enter at Intersection,NO IMPROPER ACTIONS,AT INTERSECTION MARKED CROSSWALK,No,SUSPECTED MINOR INJURY,NONE,39.08189382,-77.14920402,"    (39.08189382, -77.14920402)"
DD56200006,16058258,Rockville Police Departme,Injury Crash,11/11/2016 19:52,Maryland (State),E JEFFERSON ST,MONROE ST,,ROCKVILLE,PEDESTRIAN,OTHER,CLEAR,DRY,DARK LIGHTS ON,TRAFFIC SIGNAL,NONE DETECTED,NONE DETECTED,E105D145-85D5-4D36-9BE1-75242B8D5C7A,PEDESTRIAN,Cross/Enter at Intersection,NO IMPROPER ACTIONS,AT INTERSECTION MARKED CROSSWALK,No,SUSPECTED MINOR INJURY,NONE,39.08189382,-77.14920402,"    (39.08189382, -77.14920402)"
MCP2008002X,16058233,Montgomery County Police,Injury Crash,11/11/2016 17:46,Maryland (State),WILSON LA,MOORLAND LA,,N/A,PEDESTRIAN,HEAD ON,CLEAR,DRY,DARK LIGHTS ON,NO CONTROLS,NONE DETECTED,NONE DETECTED,E298529C-E573-4BD3-B451-CF2C94E1F47E,PEDESTRIAN,Cross/Enter at Intersection,NO IMPROPER ACTIONS,ON ROADWAY AT CROSSWALK,No,SUSPECTED MINOR INJURY,NONE,38.9871,-77.10963167,"    (38.9871, -77.10963167)"
MCP2797001B,16058215,Montgomery County Police,Injury Crash,11/11/2016 16:02,Maryland (State),UNIVERSITY BLVD W,GRANDVIEW AVE,,N/A,PEDESTRIAN,OTHER,CLEAR,DRY,DAYLIGHT,TRAFFIC SIGNAL,NONE DETECTED,N/A,A79C5274-23FB-4D04-8F3C-8743199B5100,PEDESTRIAN,Cross/Enter at Intersection,NO IMPROPER ACTIONS,AT INTERSECTION MARKED CROSSWALK,No,POSSIBLE INJURY,N/A,39.04110833,-77.053285,"    (39.04110833, -77.053285)"
MCP3000001G,16058070,Montgomery County Police,Injury Crash,11/10/2016 20:12,,,,18909 KINGSVIEW RD PARKING LOT OF GERMANTOWN OUTDOOR POOL,,PEDESTRIAN,N/A,CLEAR,,DARK LIGHTS ON,NO CONTROLS,NONE DETECTED,NONE DETECTED,14863F27-8FD4-4A23-86F9-EE0910508DE2,PEDESTRIAN,Playing,OTHER,OTHER,Yes,SUSPECTED MINOR INJURY,N/A,39.165225,-77.28609667,"    (39.165225, -77.28609667)"
MCP27360040,16057852,Montgomery County Police,Injury Crash,11/09/2016 17:49,Maryland (State),KNOWLES AVE,HOWARD AVE,,N/A,PEDESTRIAN,STRAIGHT MOVEMENT ANGLE,RAINING,WET,DARK LIGHTS ON,NO CONTROLS,NONE DETECTED,NONE DETECTED,302471BD-6988-4EB2-96D4-F9EF8B0216EF,PEDESTRIAN,Cross/Enter at Intersection,IN ROADWAY IMPROPERLY,ON ROADWAY NOT AT CROSSWALK,Yes,SUSPECTED MINOR INJURY,NONE,39.03023667,-77.08485167,"    (39.03023667, -77.08485167)"
MCP2863001C,16057560,Montgomery County Police,Injury Crash,11/08/2016 8:23,,,,"PARKING LOT OF 20300 PLEASANT RIDGE DR ,MCG (NORTHGATE CHURCH)",,PEDESTRIAN,SINGLE VEHICLE,CLEAR,,DAYLIGHT,NO CONTROLS,NONE DETECTED,NONE DETECTED,FA71C52E-4F65-41A9-91F7-95AD7F056A52,PEDESTRIAN,Walking to/from school,NO IMPROPER ACTIONS,OTHER,No,POSSIBLE INJURY,N/A,39.19190167,-77.19156333,"    (39.19190167, -77.19156333)"
MCP2863001C,16057560,Montgomery County Police,Injury Crash,11/08/2016 8:23,,,,"PARKING LOT OF 20300 PLEASANT RIDGE DR ,MCG (NORTHGATE CHURCH)",,PEDESTRIAN,SINGLE VEHICLE,CLEAR,,DAYLIGHT,NO CONTROLS,NONE DETECTED,NONE DETECTED,55E233D9-9E9E-452D-9418-05A4919132F8,PEDESTRIAN,Walking to/from school,NO IMPROPER ACTIONS,OTHER,No,POSSIBLE INJURY,N/A,39.19190167,-77.19156333,"    (39.19190167, -77.19156333)"
MCP229800B9,16057493,Montgomery County Police,Injury Crash,11/07/2016 20:01,Maryland (State),CLOPPER RD,LIBERTY MILL RD,,N/A,BICYCLIST,OTHER,CLEAR,N/A,DARK LIGHTS ON,NO CONTROLS,NONE DETECTED,ILLEGAL DRUG PRESENT,1BE559DC-EAE2-4CD8-AF04-54880E437CB8,BICYCLIST,Cross/Enter at Intersection,NO IMPROPER ACTIONS,AT INTERSECTION BUT NO CROSSWALK,No,NO APPARENT INJURY,NONE,39.16217474,-77.28160657,"    (39.16217474, -77.28160657)"
MCP229800B9,16057493,Montgomery County Police,Injury Crash,11/07/2016 20:01,Maryland (State),CLOPPER RD,LIBERTY MILL RD,,N/A,BICYCLIST,OTHER,CLEAR,N/A,DARK LIGHTS ON,NO CONTROLS,NONE DETECTED,ILLEGAL DRUG PRESENT,73047F75-5907-4BF0-9951-374611F33CF0,BICYCLIST,Cross/Enter at Intersection,NO IMPROPER ACTIONS,AT INTERSECTION BUT NO CROSSWALK,No,POSSIBLE INJURY,NONE,39.16217474,-77.28160657,"    (39.16217474, -77.28160657)"
MCP229800B9,16057493,Montgomery County Police,Injury Crash,11/07/2016 20:01,Maryland (State),CLOPPER RD,LIBERTY MILL RD,,N/A,BICYCLIST,OTHER,CLEAR,N/A,DARK LIGHTS ON,NO CONTROLS,NONE DETECTED,ILLEGAL DRUG PRESENT,BF837599-E1B6-48FB-8A75-8626103AFF81,BICYCLIST,Cross/Enter at Intersection,NOT VISIBLE,AT INTERSECTION BUT NO CROSSWALK,No,SUSPECTED MINOR INJURY,NONE,39.16217474,-77.28160657,"    (39.16217474, -77.28160657)"
MCP28510023,16057442,Montgomery County Police,Injury Crash,11/07/2016 15:47,Maryland (State),GREAT SENECA HWY,MIDDLEBROOK RD,,N/A,PEDESTRIAN,SINGLE VEHICLE,CLEAR,DRY,DAYLIGHT,TRAFFIC SIGNAL,NONE DETECTED,NONE DETECTED,4F693368-D7C0-4535-AA41-CAAF0129485B,PEDESTRIAN,Cross/Enter at Intersection,FAILURE TO OBEY TRAFFIC SIGNS SIGNALS OR OFFICER,ON ROADWAY AT CROSSWALK,Yes,SUSPECTED MINOR INJURY,NONE,39.17465833,-77.26129667,"    (39.17465833, -77.26129667)"
MCP1580006G,16057394,Montgomery County Police,Injury Crash,11/07/2016 11:16,County,SNOUFFERS SCHOOL RD,WOODFIELD RD,,N/A,PEDESTRIAN,SINGLE VEHICLE,CLEAR,DRY,DAYLIGHT,NO CONTROLS,NONE DETECTED,ALCOHOL PRESENT,386103CF-67FE-4ABA-BF12-9970B2AA9C60,PEDESTRIAN,Cross/Enter not at Intersection,DART DASH,ON ROADWAY NOT AT CROSSWALK,Yes,SUSPECTED SERIOUS INJURY,N/A,39.16039667,-77.16304,"    (39.16039667, -77.16304)"