Report Number,Local Case Number,Agency Name,ACRS Report Type,Crash Date/Time,Route Type,Road Name,Cross-Street Name,Off-Road Description,Municipality,Related Non-Motorist,Collision Type,Weather,Surface Condition,Light,Traffic Control,Driver Substance Abuse,Non-Motorist Substance Abuse,Person ID,Pedestrian Type,Pedestrian Movement,Pedestrian Actions,Pedestrian Location,At Fault,Injury Severity,Safety Equipment,Latitude,Longitude,Location
MCP93100004,16043509,Montgomery County Police,Property Damage Crash,08/26/2016 08:30:00 PM,County,CONNECTICUT AVE,BEL PRE RD,,N/A,PEDESTRIAN,OTHER,CLEAR,DRY,DARK LIGHTS ON,TRAFFIC SIGNAL,NONE DETECTED,NONE DETECTED,C34C652D-50F7-41FA-9A4D-DAA0BF307DC9,PEDESTRIAN,Cross/Enter at Intersection,UNKNOWN,ON ROADWAY AT CROSSWALK,No,NO APPARENT INJURY,NONE,39.09172833,-77.070555,"    (39.09172833, -77.070555)"
MCP26890023,16043493,Montgomery County Police,Injury Crash,08/26/2016 06:27:00 PM,County,NEEDWOOD RD,REDLAND RD,,N/A,BICYCLIST,STRAIGHT MOVEMENT ANGLE,CLEAR,DRY,DAYLIGHT,STOP SIGN,NONE DETECTED,NONE DETECTED,09FE3146-3615-4749-845C-A148691B52BD,BICYCLIST,Cross/Enter at Intersection,NO IMPROPER ACTIONS,ON ROADWAY AT CROSSWALK,No,SUSPECTED MINOR INJURY,MC/BIKE HELMET,39.12307833,-77.15676167,"    (39.12307833, -77.15676167)"
MCP27640017,16043306,Montgomery County Police,Injury Crash,08/25/2016 07:52:00 PM,County,BERRY ST,WEISMAN RD,,N/A,BICYCLIST,STRAIGHT MOVEMENT ANGLE,CLEAR,DRY,DUSK,STOP SIGN,NONE DETECTED,NONE DETECTED,FBA6AE2C-7DFC-4B06-BD52-AFE97DD66271,BICYCLIST,Cross/Enter at Intersection,OTHER,AT INTERSECTION BUT NO CROSSWALK,Yes,SUSPECTED SERIOUS INJURY,NONE,39.05738589,-77.06286907,"    (39.05738589, -77.06286907)"
MCP1563002N,16043196,Montgomery County Police,Property Damage Crash,08/25/2016 11:15:00 AM,Municipality,PINE PL,MAPLE AVE,,CHEVY CHASE #4,BICYCLIST,STRAIGHT MOVEMENT ANGLE,CLEAR,DRY,DAYLIGHT,NO CONTROLS,NONE DETECTED,NONE DETECTED,CFC78374-98B4-4C6F-919A-5109867C124B,BICYCLIST,Walking/Cycling on Sidewalk,NO IMPROPER ACTIONS,SIDEWALK,No,NO APPARENT INJURY,MC/BIKE HELMET,38.97712167,-77.08058,"    (38.97712167, -77.08058)"
MCP29820012,16042990,Montgomery County Police,Injury Crash,08/24/2016 10:27:00 AM,County,MISSISSIPPI AVE,PINEY BRANCH RD,,N/A,PEDESTRIAN,OTHER,CLEAR,DRY,DAYLIGHT,NO CONTROLS,NONE DETECTED,NONE DETECTED,82E6EE9B-6511-45C5-8B6B-E20EF2AD1FB8,PEDESTRIAN,Walking/Riding against Traffic,NO IMPROPER ACTIONS,CURB,No,POSSIBLE INJURY,N/A,38.988915,-77.01157667,"    (38.988915, -77.01157667)"
DD5538001R,16042854,Rockville Police Departme,Injury Crash,08/23/2016 04:50:00 PM,Maryland (State),ROCKVILLE PIKE,ENT TO BUSINESS,,N/A,PEDESTRIAN,SINGLE VEHICLE,CLEAR,DRY,DAYLIGHT,NO CONTROLS,N/A,NONE DETECTED,4F0451CF-6550-46BF-8CA7-50CA1D072E62,PEDESTRIAN,Walking/Cycling on Sidewalk,NO IMPROPER ACTIONS,DRIVEWAY ACCESS MARKED CROSSWALK,No,SUSPECTED MINOR INJURY,NONE,39.06837167,-77.12969333,"    (39.06837167, -77.12969333)"
DD5595002X,16042686,Rockville Police Departme,Injury Crash,08/22/2016 09:51:00 AM,Maryland (State),HUNGERFORD DR,ENT TO BUSINESSES,,N/A,PEDESTRIAN,SINGLE VEHICLE,CLEAR,DRY,DARK LIGHTS ON,TRAFFIC SIGNAL,NONE DETECTED,UNKNOWN,E285F94E-2C02-440A-837B-35F0909B33D0,PEDESTRIAN,Cross/Enter at Intersection,FAILURE TO YIELD RIGHT OF WAY,AT INTERSECTION MARKED CROSSWALK,Yes,SUSPECTED SERIOUS INJURY,NONE,39.08950867,-77.15169083,"    (39.08950867, -77.15169083)"
MCP20160019,16042551,Montgomery County Police,Injury Crash,08/22/2016 08:55:00 AM,,,,"AMAZON SHIPPING WAREHOUSE LOCATED AT 861 E GUDE DRIVE ROCKVILLE, MD 20852",,PEDESTRIAN,OTHER,N/A,,DAYLIGHT,N/A,N/A,N/A,4FCFA298-6A89-454B-99C5-DC0877E803D1,PEDESTRIAN,Other,NO IMPROPER ACTIONS,N/A,No,SUSPECTED MINOR INJURY,N/A,39.10652333,-77.15140833,"    (39.10652333, -77.15140833)"
MCP24460024,16042471,Montgomery County Police,Injury Crash,08/21/2016 03:21:00 PM,,,,IN FRONT OF 19603 CRYSTAL ROCK DR.,,BICYCLIST,STRAIGHT MOVEMENT ANGLE,CLEAR,,DAYLIGHT,NO CONTROLS,NONE DETECTED,NONE DETECTED,CBC79EDA-C7CD-4FD5-8DE4-F64B83347980,BICYCLIST,Playing,FAILURE TO YIELD RIGHT OF WAY,ON ROADWAY NOT AT CROSSWALK,Yes,SUSPECTED MINOR INJURY,UNKNOWN,39.178009,-77.259878,"    (39.178009, -77.259878)"
MCP2891002P,16042267,Montgomery County Police,Injury Crash,08/21/2016 10:00:00 AM,County,WAYNE AVE,SLIGO CREEK PKWY,,N/A,BICYCLIST,SINGLE VEHICLE,CLEAR,DRY,DAYLIGHT,TRAFFIC SIGNAL,NONE DETECTED,NONE DETECTED,36265B6F-ABC4-4A54-A108-701E5E11B17C,BICYCLIST,Cross/Enter at Intersection,NO IMPROPER ACTIONS,ON ROADWAY AT CROSSWALK,No,SUSPECTED MINOR INJURY,MC/BIKE HELMET,38.99967254,-77.01058879,"    (38.99967254, -77.01058879)"
EJ7846001H,16042355,Gaithersburg Police Depar,Property Damage Crash,08/20/2016 09:00:00 PM,,,,PARKING LOT OF 18 ONEILL DR.,,PEDESTRIAN,SINGLE VEHICLE,CLEAR,,DARK LIGHTS ON,NO CONTROLS,NONE DETECTED,NONE DETECTED,0664F25F-F0E1-44D7-81BE-EA6C7987B35E,PEDESTRIAN,Cross/Enter not at Intersection,NO IMPROPER ACTIONS,CURB,No,NO APPARENT INJURY,N/A,39.124215,-77.22279667,"    (39.124215, -77.22279667)"
MCP2695000T,16042284,Montgomery County Police,Injury Crash,08/20/2016 12:40:00 PM,Maryland (State),NEW HAMPSHIRE AVE,ADELPHI RD,,N/A,PEDESTRIAN,OTHER,CLEAR,DRY,DAYLIGHT,TRAFFIC SIGNAL,N/A,N/A,7060BB8F-8823-4688-90BA-F920971E4602,PEDESTRIAN,Cross/Enter at Intersection,NO IMPROPER ACTIONS,ON ROADWAY AT CROSSWALK,No,POSSIBLE INJURY,N/A,39.01136446,-76.97909832,"    (39.01136446, -76.97909832)"
MCP23580025,16042259,Montgomery County Police,Injury Crash,08/20/2016 07:10:00 AM,County,DEMOCRACY BLVD,RAMP 2 FR DEMOCRACY BLVD TO IS 270Y NB,,N/A,BICYCLIST,OTHER,CLEAR,DRY,DAYLIGHT,N/A,NONE DETECTED,NONE DETECTED,C25F76CE-397F-4B74-AE45-739FB95C24AB,BICYCLIST,Walking/Riding w/Traffic,NO IMPROPER ACTIONS,OTHER,No,SUSPECTED SERIOUS INJURY,UNKNOWN,38.99748,-77.10974,"    (38.99748, -77.10974)"
MCP137800BR,16042097,Montgomery County Police,Injury Crash,08/19/2016 10:40:00 AM,County,DECOVERLY DR,DIAMONDBACK DR,,N/A,BICYCLIST,STRAIGHT MOVEMENT ANGLE,CLEAR,DRY,DAYLIGHT,STOP SIGN,NONE DETECTED,NONE DETECTED,EF06A045-9AD2-4F41-BA7F-C6663A1CBF61,BICYCLIST,Cross/Enter at Intersection,NO IMPROPER ACTIONS,ON ROADWAY AT CROSSWALK,No,SUSPECTED MINOR INJURY,NONE,39.10734025,-77.20289916,"    (39.10734025, -77.20289916)"
MCP1257000R,16042082,Montgomery County Police,Injury Crash,08/19/2016 09:26:00 AM,County,FATHER HURLEY BLVD,PALMETTO CIR,,N/A,BICYCLIST,STRAIGHT MOVEMENT ANGLE,CLEAR,DRY,DAYLIGHT,STOP SIGN,NONE DETECTED,NONE DETECTED,427AE9C6-A291-4154-8872-8B2C880CFB13,BICYCLIST,Cross/Enter at Intersection,DART DASH,AT INTERSECTION MARKED CROSSWALK,Yes,SUSPECTED MINOR INJURY,MC/BIKE HELMET,39.173525,-77.28379333,"    (39.173525, -77.28379333)"
MCP1048001X,16042020,Montgomery County Police,Property Damage Crash,08/18/2016 10:41:00 PM,,,,PARKING LOT OF MONTGOMERY COUNTY FAIR GROUNDS.,,PEDESTRIAN,SINGLE VEHICLE,CLEAR,,DARK NO LIGHTS,N/A,N/A,N/A,01921220-096F-4B01-993D-D2FD6CE7611B,PEDESTRIAN,Other,INATTENTIVE,ON ROADWAY NOT AT CROSSWALK,No,NO APPARENT INJURY,N/A,39.14752861,-77.2139103,"    (39.14752861, -77.2139103)"
MCP3010001C,16041940,Montgomery County Police,Injury Crash,08/18/2016 02:04:00 PM,County,TUCKERMAN LA,KINGS RIDING WAY,,N/A,BICYCLIST,OTHER,CLEAR,DRY,DAYLIGHT,OTHER,NONE DETECTED,NONE DETECTED,671F286B-347B-44BF-9371-F0A8565BA65C,BICYCLIST,Cross/Enter at Intersection,NO IMPROPER ACTIONS,ON ROADWAY AT CROSSWALK,No,SUSPECTED MINOR INJURY,MC/BIKE HELMET,39.02982167,-77.112625,"    (39.02982167, -77.112625)"
MCP28450021,16041930,Montgomery County Police,Injury Crash,08/18/2016 01:10:00 PM,,,,SIDEWALK PARALLEL TO 10008 COLESVILLE ROAD,,BICYCLIST,SINGLE VEHICLE,CLEAR,,DAYLIGHT,NO CONTROLS,NONE DETECTED,NONE DETECTED,12E9569A-45E2-424C-8F6D-F3ECC535EDD2,BICYCLIST,Walking/Cycling on Sidewalk,WRONG WAY RIDING OR WALKING,SIDEWALK,No,POSSIBLE INJURY,MC/BIKE HELMET,39.01908783,-77.01417089,"    (39.01908783, -77.01417089)"
MCP22980098,16041928,Montgomery County Police,Injury Crash,08/18/2016 01:00:00 PM,County,SHAKESPEARE BLVD,FREDERICK RD,,N/A,BICYCLIST,OTHER,CLEAR,DRY,N/A,TRAFFIC SIGNAL,NONE DETECTED,N/A,08281D21-C5D4-407C-BA37-460388DBC3FA,BICYCLIST,Cross/Enter at Intersection,NO IMPROPER ACTIONS,ON ROADWAY AT CROSSWALK,No,POSSIBLE INJURY,MC/BIKE HELMET,39.19834669,-77.24505812,"    (39.19834669, -77.24505812)"
DD5602000F,16041851,Rockville Police Departme,Injury Crash,08/18/2016 01:35:00 AM,Municipality,MONROE ST,MT VERNON PL,,ROCKVILLE,PEDESTRIAN,OTHER,N/A,WET,DARK NO LIGHTS,NO CONTROLS,UNKNOWN,ALCOHOL PRESENT,BA21D37A-8CDC-49D6-AD3B-906F263182D5,PEDESTRIAN,Walking/Riding w/Traffic,IN ROADWAY IMPROPERLY,ON ROADWAY NOT AT CROSSWALK,Yes,POSSIBLE INJURY,NONE,39.07894833,-77.15103,"    (39.07894833, -77.15103)"
MCP26590015,16041846,Montgomery County Police,Property Damage Crash,08/18/2016 12:45:00 AM,Maryland (State),GEORGIA AVE,COLESVILLE RD,,N/A,PEDESTRIAN,OTHER,RAINING,WET,DARK LIGHTS ON,TRAFFIC SIGNAL,NONE DETECTED,NONE DETECTED,4A6FBC7D-FBC7-49E1-8B03-84AA830ADBB4,PEDESTRIAN,Cross/Enter at Intersection,NO IMPROPER ACTIONS,ON ROADWAY AT CROSSWALK,No,NO APPARENT INJURY,NONE,38.99596167,-77.02816167,"    (38.99596167, -77.02816167)"
MCP2378000P,16041783,Montgomery County Police,Property Damage Crash,08/17/2016 05:23:00 PM,Municipality,DORSET AVE,WARWICK PL,,SOMERSET,BICYCLIST,HEAD ON LEFT TURN,CLEAR,DRY,DAYLIGHT,STOP SIGN,NONE DETECTED,NONE DETECTED,BB349278-7CA9-4DC8-A632-1FE317B6C6FA,BICYCLIST,Walking/Riding w/Traffic,FAILURE TO YIELD RIGHT OF WAY,AT INTERSECTION MARKED CROSSWALK,Yes,NO APPARENT INJURY,NONE,38.96773219,-77.09322497,"    (38.96773219, -77.09322497)"
MCP9130002M,16041699,Montgomery County Police,Injury Crash,08/17/2016 08:39:00 AM,County,FOREST GLEN RD,SLIGO CREEK PKWY,,N/A,BICYCLIST,SINGLE VEHICLE,CLEAR,DRY,DAYLIGHT,TRAFFIC SIGNAL,NONE DETECTED,NONE DETECTED,6DC14489-E1F4-4DEC-9B42-6A6A0452CBB4,BICYCLIST,Cross/Enter at Intersection,NO IMPROPER ACTIONS,ON ROADWAY AT CROSSWALK,No,SUSPECTED MINOR INJURY,NONE,39.01609333,-77.032545,"    (39.01609333, -77.032545)"
MCP2436001Y,16041568,Montgomery County Police,Injury Crash,08/16/2016 02:20:00 PM,County,DOMER AVE,FLOWER AVE,,N/A,PEDESTRIAN,SINGLE VEHICLE,CLEAR,DRY,DAYLIGHT,STOP SIGN,NONE DETECTED,NONE DETECTED,7C6E8DDA-2592-4391-AA72-1C2410EE7843,PEDESTRIAN,Cross/Enter at Intersection,NO IMPROPER ACTIONS,AT INTERSECTION BUT NO CROSSWALK,No,SUSPECTED MINOR INJURY,NONE,38.99653333,-77.00288833,"    (38.99653333, -77.00288833)"
MCP2929001Q,16041572,Montgomery County Police,Injury Crash,08/16/2016 10:30:00 AM,County,PRINCE PHILIP DR,OLNEY SANDY SPRING RD,,N/A,OTHER,OTHER,N/A,DRY,DAYLIGHT,NO CONTROLS,NONE DETECTED,NONE DETECTED,381161B4-3118-4BA5-A6F6-1C4D7613FD84,OTHER,Getting off/on Vehicle,N/A,SHOULDER,No,SUSPECTED MINOR INJURY,N/A,39.15071372,-77.05721498,"    (39.15071372, -77.05721498)"
MCP28180022,16041124,Montgomery County Police,Injury Crash,08/13/2016 05:37:00 PM,County,FENTON ST,COLESVILLE RD,,N/A,PEDESTRIAN,OTHER,CLEAR,DRY,N/A,TRAFFIC SIGNAL,NONE DETECTED,NONE DETECTED,DAE2F9D7-3E9E-4983-AA6B-FEB3A35895BE,PEDESTRIAN,Cross/Enter at Intersection,NO IMPROPER ACTIONS,AT INTERSECTION MARKED CROSSWALK,No,SUSPECTED MINOR INJURY,N/A,38.99752833,-77.02718167,"    (38.99752833, -77.02718167)"
MCP28180022,16041124,Montgomery County Police,Injury Crash,08/13/2016 05:37:00 PM,County,FENTON ST,COLESVILLE RD,,N/A,PEDESTRIAN,OTHER,CLEAR,DRY,N/A,TRAFFIC SIGNAL,NONE DETECTED,NONE DETECTED,726029E9-22E4-401B-BF8F-47182A4389B4,PEDESTRIAN,Cross/Enter at Intersection,NO IMPROPER ACTIONS,AT INTERSECTION MARKED CROSSWALK,No,SUSPECTED MINOR INJURY,N/A,38.99752833,-77.02718167,"    (38.99752833, -77.02718167)"
MCP2730000V,16041084,Montgomery County Police,Injury Crash,08/13/2016 12:45:00 PM,County,WATERS LANDING DR,FATHER HURLEY BLVD,,N/A,PEDESTRIAN,OTHER,CLEAR,DRY,DAYLIGHT,TRAFFIC SIGNAL,NONE DETECTED,NONE DETECTED,2A35316D-4EC1-4D22-98EA-0B90FFD4BA23,PEDESTRIAN,Cross/Enter at Intersection,NO IMPROPER ACTIONS,SIDEWALK,No,SUSPECTED MINOR INJURY,N/A,39.19165325,-77.2718668,"    (39.19165325, -77.2718668)"
MCP2986000Z,16040906,Montgomery County Police,Injury Crash,08/12/2016 12:20,County,CAMERON ST,FENTON ST,,N/A,PEDESTRIAN,SINGLE VEHICLE,CLEAR,DRY,DAYLIGHT,TRAFFIC SIGNAL,NONE DETECTED,NONE DETECTED,12313B9D-C120-4EEE-83AC-AFBDEF3E170A,PEDESTRIAN,Cross/Enter at Intersection,UNKNOWN,AT INTERSECTION MARKED CROSSWALK,Unknown,SUSPECTED MINOR INJURY,NONE,38.99834667,-77.02863167,"    (38.99834667, -77.02863167)"
MCP1595000G,16040812,Montgomery County Police,Injury Crash,08/11/2016 16:22,,,,PARKING LOT OF 4816 BOILING BROOK PARKWAY,,PEDESTRIAN,SINGLE VEHICLE,CLEAR,,DAYLIGHT,NO CONTROLS,UNKNOWN,UNKNOWN,40DA36B9-CA65-404B-9EBA-337275035094,PEDESTRIAN,Standing,NO IMPROPER ACTIONS,OTHER,No,POSSIBLE INJURY,N/A,39.03954833,-77.05194833,"    (39.03954833, -77.05194833)"
MCP1020001N,16040706,Montgomery County Police,Injury Crash,08/11/2016 12:28,,,,PARKING LOT OF 20938 FREDERICK RD,,PEDESTRIAN,OTHER,CLEAR,,DAYLIGHT,NO CONTROLS,NONE DETECTED,NONE DETECTED,43E937B6-DEC5-43E1-82BB-D32F0B9DD022,PEDESTRIAN,Other,NO IMPROPER ACTIONS,OTHER,No,SUSPECTED MINOR INJURY,N/A,39.20270667,-77.24945167,"    (39.20270667, -77.24945167)"
MCP137800BN,16040533,Montgomery County Police,Injury Crash,08/10/2016 13:50,County,SNOUFFERS SCHOOL RD,BONANZA WAY,,N/A,PEDESTRIAN,SINGLE VEHICLE,CLOUDY,DRY,DAYLIGHT,N/A,NONE DETECTED,UNKNOWN,FFF76577-61B8-4AD0-9045-6A02DA98E246,PEDESTRIAN,Standing,OTHER,ON ROADWAY NOT AT CROSSWALK,No,SUSPECTED SERIOUS INJURY,REFLECTIVE CLOTHING,39.16663333,-77.17156333,"    (39.16663333, -77.17156333)"
HA22880002,16001012,Maryland-National Capital,Injury Crash,08/10/2016 10:30,,,,CAPITAL CRESENT TRAIL@LITTLE FALLS PKWY,,BICYCLIST,STRAIGHT MOVEMENT ANGLE,CLEAR,,DAYLIGHT,STOP SIGN,N/A,NONE DETECTED,178C3CAC-140D-4BD1-BC89-12699E1E0904,BICYCLIST,Cross/Enter at Intersection,NO IMPROPER ACTIONS,AT INTERSECTION MARKED CROSSWALK,No,SUSPECTED MINOR INJURY,N/A,38.97379945,-77.10178927,"    (38.97379945, -77.10178927)"
MCP2820002C,16040495,Montgomery County Police,Injury Crash,08/10/2016 8:54,Maryland (State),GEORGIA AVE,ASPEN HILL RD,,N/A,BICYCLIST,STRAIGHT MOVEMENT ANGLE,CLEAR,N/A,DAYLIGHT,NO CONTROLS,UNKNOWN,NONE DETECTED,90485684-4F65-44C9-9AF3-A1F1E080ABCE,BICYCLIST,Walking/Riding w/Traffic,NO IMPROPER ACTIONS,ON ROADWAY NOT AT CROSSWALK,No,POSSIBLE INJURY,MC/BIKE HELMET,39.07884147,-77.07236409,"    (39.07884147, -77.07236409)"
MCP2932000Y,16040458,Montgomery County Police,Injury Crash,08/10/2016 0:08,County,WAYNE AVE,GEORGIA AVE,,N/A,PEDESTRIAN,OTHER,CLEAR,N/A,DARK LIGHTS ON,TRAFFIC SIGNAL,NONE DETECTED,UNKNOWN,D1FCCBF7-4C80-4A4B-9FA3-F0BC77E59055,PEDESTRIAN,Cross/Enter at Intersection,FAILURE TO OBEY TRAFFIC SIGNS SIGNALS OR OFFICER,AT INTERSECTION MARKED CROSSWALK,Yes,POSSIBLE INJURY,NONE,38.99447262,-77.02666461,"    (38.99447262, -77.02666461)"
EJ78470021,16040457,Gaithersburg Police Depar,Injury Crash,08/10/2016 0:05,Municipality,S SUMMIT AVE,E DIAMOND AVE,,GAITHERSBURG,PEDESTRIAN,SINGLE VEHICLE,CLEAR,DRY,DARK LIGHTS ON,TRAFFIC SIGNAL,NONE DETECTED,NONE DETECTED,62637BD7-7EA1-403E-B9FB-FCAB354F8A76,PEDESTRIAN,Cross/Enter at Intersection,DART DASH,AT INTERSECTION MARKED CROSSWALK,Unknown,SUSPECTED MINOR INJURY,NONE,39.14178833,-77.19426,"    (39.14178833, -77.19426)"
MCP2008002J,16040174,Montgomery County Police,Injury Crash,08/08/2016 15:07,County,CORDELL AVE,WOODMONT AVE,,N/A,PEDESTRIAN,OTHER,N/A,DRY,DAYLIGHT,N/A,UNKNOWN,NONE DETECTED,653E79CC-6353-4AEC-A084-9E499EB5CBB7,PEDESTRIAN,Cross/Enter not at Intersection,IN ROADWAY IMPROPERLY,ON ROADWAY NOT AT CROSSWALK,No,SUSPECTED MINOR INJURY,N/A,38.99047667,-77.09696167,"    (38.99047667, -77.09696167)"
MCP0685002G,16040164,Montgomery County Police,Injury Crash,08/08/2016 13:41,Maryland (State),FREDERICK RD,ENT TO MONT CO WASTE TRANSFER STATION,,N/A,BICYCLIST,SINGLE VEHICLE,N/A,DRY,DAYLIGHT,TRAFFIC SIGNAL,NONE DETECTED,NONE DETECTED,56BA49E0-E6F8-43E6-9EFC-7B9B5B0FDA47,BICYCLIST,Cross/Enter at Intersection,NO IMPROPER ACTIONS,ON ROADWAY AT CROSSWALK,No,SUSPECTED MINOR INJURY,NONE,39.11931,-77.17144167,"    (39.11931, -77.17144167)"
HA22800009,16001004,Maryland-National Capital,Injury Crash,08/08/2016 13:26,Government,BEACH DR,KNOWLES AVE,,N/A,BICYCLIST,SAME DIR REAR END,CLEAR,DRY,DAYLIGHT,NO CONTROLS,NONE DETECTED,NONE DETECTED,08C4C122-5F8D-47FB-9556-F4A9ADD7F958,BICYCLIST,Walking/Riding w/Traffic,NO IMPROPER ACTIONS,ON ROADWAY NOT AT CROSSWALK,No,SUSPECTED MINOR INJURY,MC/BIKE HELMET,39.03010333,-77.08701833,"    (39.03010333, -77.08701833)"
MCP2967001J,16040037,Montgomery County Police,Injury Crash,08/07/2016 16:46,County,GROSVENOR LA,ROCKVILLE PIKE,,N/A,BICYCLIST,HEAD ON,CLEAR,DRY,DAYLIGHT,TRAFFIC SIGNAL,N/A,N/A,F733B27E-F2AD-41D6-88C4-B4285CD43513,BICYCLIST,Walking/Riding against Traffic,IN ROADWAY IMPROPERLY,ON ROADWAY NOT AT CROSSWALK,Yes,POSSIBLE INJURY,MC/BIKE HELMET,39.022385,-77.10254167,"    (39.022385, -77.10254167)"
MCP28460026,16039995,Montgomery County Police,Injury Crash,08/07/2016 9:45,County,RANDOLPH RD,GEORGIA AVE,,N/A,PEDESTRIAN,SINGLE VEHICLE,CLEAR,DRY,DAYLIGHT,TRAFFIC SIGNAL,NONE DETECTED,NONE DETECTED,7F67E126-A3FD-4CAA-ADD8-CEF13C77ED51,PEDESTRIAN,Cross/Enter at Intersection,NO IMPROPER ACTIONS,ON ROADWAY AT CROSSWALK,No,SUSPECTED MINOR INJURY,NONE,39.05859333,-77.04772833,"    (39.05859333, -77.04772833)"
MCP1182001C,16039810,Montgomery County Police,Injury Crash,08/06/2016 9:37,County,BEECH AVE,OLD GEORGETOWN RD,,N/A,PEDESTRIAN,OTHER,CLEAR,DRY,DAYLIGHT,TRAFFIC SIGNAL,NONE DETECTED,NONE DETECTED,25457A34-F52F-4989-A32C-74475A44C9BE,PEDESTRIAN,Cross/Enter not at Intersection,NO IMPROPER ACTIONS,AT INTERSECTION BUT NO CROSSWALK,No,SUSPECTED MINOR INJURY,NONE,39.00998833,-77.11470833,"    (39.00998833, -77.11470833)"
MCP2867002L,16039800,Montgomery County Police,Injury Crash,08/06/2016 8:17,US (State),COLESVILLE RD,UNIVERSITY BLVD E,,N/A,BICYCLIST,OTHER,CLEAR,DRY,DAYLIGHT,N/A,NONE DETECTED,NONE DETECTED,0088FE1A-AD33-4D5F-973F-60D132A9E711,BICYCLIST,Walking/Cycling on Sidewalk,N/A,SIDEWALK,Yes,SUSPECTED MINOR INJURY,NONE,39.02016624,-77.0127064,"    (39.02016624, -77.0127064)"
MCP137800BL,16039644,Montgomery County Police,Injury Crash,08/05/2016 13:12,Ramp,RAMP 6 FR MD 117 EB TO IS 270 SB,W DIAMOND AVE,,N/A,BICYCLIST,STRAIGHT MOVEMENT ANGLE,CLOUDY,DRY,DAYLIGHT,NO CONTROLS,NONE DETECTED,NONE DETECTED,44DCEDE5-EBA1-4D3B-B023-870AB4E2F811,BICYCLIST,Cross/Enter at Intersection,OTHER,ON ROADWAY AT CROSSWALK,Yes,POSSIBLE INJURY,NONE,39.14056456,-77.21473575,"    (39.14056456, -77.21473575)"
MCP30060014,16039639,Montgomery County Police,Injury Crash,08/05/2016 13:00,Maryland (State),UNIVERSITY BLVD W,DENNIS AVE,,N/A,BICYCLIST,HEAD ON LEFT TURN,N/A,DRY,DAYLIGHT,TRAFFIC SIGNAL,NONE DETECTED,NONE DETECTED,85CF0FC2-EAA6-4C20-A0B0-1738413B790E,BICYCLIST,Walking/Riding w/Traffic,NO IMPROPER ACTIONS,AT INTERSECTION BUT NO CROSSWALK,No,SUSPECTED MINOR INJURY,MC/BIKE HELMET,39.02615667,-77.02019333,"    (39.02615667, -77.02019333)"
MCP2001000J,16039546,Montgomery County Police,Fatal Crash,08/04/2016 21:20,Maryland (State),LAYHILL RD,ENT TO LAYHILL SHOPPING CENTER,,N/A,PEDESTRIAN,SINGLE VEHICLE,CLEAR,DRY,DARK NO LIGHTS,NO CONTROLS,UNKNOWN,UNKNOWN,07F64B53-C239-459E-B8B4-0FBC327C182A,PEDESTRIAN,Unknown,UNKNOWN,ON ROADWAY NOT AT CROSSWALK,Unknown,FATAL INJURY,UNKNOWN,39.09240845,-77.04520404,"    (39.09240845, -77.04520404)"
MCP20770016,16039435,Montgomery County Police,Injury Crash,08/04/2016 12:40,County,RANDOLPH RD,VEIRS MILL RD,,N/A,BICYCLIST,SAME DIR REAR END,CLOUDY,DRY,DAYLIGHT,NO CONTROLS,NONE DETECTED,NONE DETECTED,E966D925-2154-43DD-8D58-5C3F18698209,BICYCLIST,Walking/Riding w/Traffic,NO IMPROPER ACTIONS,OTHER,No,POSSIBLE INJURY,NONE,39.05607,-77.08310167,"    (39.05607, -77.08310167)"
MCP05390027,16039408,Montgomery County Police,Injury Crash,08/04/2016 8:26,County,OREBAUGH AVE,ARCOLA AVE,,N/A,BICYCLIST,HEAD ON LEFT TURN,CLEAR,DRY,DAYLIGHT,NO CONTROLS,NONE DETECTED,NONE DETECTED,B41EA458-8ED1-4E6C-A6C7-623B30EB172E,BICYCLIST,Cross/Enter at Intersection,OTHER,ON ROADWAY AT CROSSWALK,No,SUSPECTED SERIOUS INJURY,MC/BIKE HELMET,39.12033667,-77.09731833,"    (39.12033667, -77.09731833)"
MCP9130002L,16039257,Montgomery County Police,Property Damage Crash,08/03/2016 13:53,Maryland (State),UNIVERSITY BLVD E,CARROLL AVE,,N/A,OTHER,SINGLE VEHICLE,CLEAR,DRY,DAYLIGHT,PERSON,NONE DETECTED,NONE DETECTED,633CAA4E-3116-480E-8F37-8529F74F9083,OTHER,Standing,NO IMPROPER ACTIONS,OTHER,No,NO APPARENT INJURY,OTHER,38.99418,-76.99272,"    (38.99418, -76.99272)"
MCP1015000Q,16039202,Montgomery County Police,Injury Crash,08/03/2016 8:08,Maryland (State),FREDERICK RD,MIDDLEBROOK RD,,N/A,PEDESTRIAN,SINGLE VEHICLE,CLOUDY,DRY,DAYLIGHT,TRAFFIC SIGNAL,NONE DETECTED,NONE DETECTED,93D9CD44-22D6-4E2C-AFD6-611DFB10BC2D,PEDESTRIAN,Cross/Enter at Intersection,NO IMPROPER ACTIONS,AT INTERSECTION MARKED CROSSWALK,No,POSSIBLE INJURY,NONE,39.181275,-77.237905,"    (39.181275, -77.237905)"
MCP27530018,16039020,Montgomery County Police,Injury Crash,08/02/2016 9:15,,,,"PARKING LOT OF 3876 INTERNATIONAL DRIVE, SILVER SPRING MD 20906",,OTHER,OTHER,CLEAR,,DAYLIGHT,NO CONTROLS,NONE DETECTED,NONE DETECTED,E0EDD0A5-0C05-43CB-B008-55D4469CEED6,OTHER,N/A,N/A,OTHER,No,NO APPARENT INJURY,N/A,39.103295,-77.07598,"    (39.103295, -77.07598)"
MCP2878001V,16038757,Montgomery County Police,Injury Crash,07/31/2016 04:44:00 PM,Maryland (State),FREDERICK RD,GUNNERS BRANCH RD,,N/A,PEDESTRIAN,OTHER,CLOUDY,DRY,DAYLIGHT,TRAFFIC SIGNAL,UNKNOWN,NONE DETECTED,7A522873-5F89-43A2-9824-E7E5ACD0EE2E,PEDESTRIAN,Cross/Enter at Intersection,NO IMPROPER ACTIONS,AT INTERSECTION MARKED CROSSWALK,No,SUSPECTED MINOR INJURY,N/A,39.17842245,-77.23861814,"    (39.17842245, -77.23861814)"
MCP2881001H,16038682,Montgomery County Police,Injury Crash,07/31/2016 06:20:00 AM,,,,"IFO 27 PICKERING CT, GERMANTOWN MD",,PEDESTRIAN,OTHER,N/A,,DAYLIGHT,NO CONTROLS,N/A,N/A,26793BCC-D4C5-46E8-8DC7-29BD2BD01196,PEDESTRIAN,Other,NO IMPROPER ACTIONS,OTHER,No,POSSIBLE INJURY,NONE,39.18234833,-77.24242333,"    (39.18234833, -77.24242333)"