Report Number,Local Case Number,Agency Name,ACRS Report Type,Crash Date/Time,Route Type,Road Name,Cross-Street Name,Off-Road Description,Municipality,Related Non-Motorist,Collision Type,Weather,Surface Condition,Light,Traffic Control,Driver Substance Abuse,Non-Motorist Substance Abuse,Person ID,Pedestrian Type,Pedestrian Movement,Pedestrian Actions,Pedestrian Location,At Fault,Injury Severity,Safety Equipment,Latitude,Longitude,Location
MCP2886001L,16026787,Montgomery County Police,Injury Crash,05/29/2016 03:03:00 PM,Maryland (State),CONNECTICUT AVE,WELLER RD,,N/A,PEDESTRIAN,SINGLE VEHICLE,CLEAR,DRY,DAYLIGHT,N/A,NONE DETECTED,NONE DETECTED,E47CB9B1-F806-471B-8FD6-FABD055329E7,PEDESTRIAN,Cross/Enter at Intersection,NO IMPROPER ACTIONS,ON ROADWAY AT CROSSWALK,No,POSSIBLE INJURY,NONE,39.063535,-77.07347167,"    (39.063535, -77.07347167)"
MCP29270010,16026289,Montgomery County Police,Property Damage Crash,05/26/2016 08:02:00 PM,County,WAYNE AVE,SLIGO CREEK PKWY,,N/A,BICYCLIST,HEAD ON LEFT TURN,CLEAR,DRY,DAYLIGHT,TRAFFIC SIGNAL,NONE DETECTED,NONE DETECTED,EFC21E43-6AA4-4479-B31D-D841A71EB42F,BICYCLIST,Cross/Enter at Intersection,NO IMPROPER ACTIONS,ON ROADWAY AT CROSSWALK,No,NO APPARENT INJURY,MC/BIKE HELMET,38.99964857,-77.01058343,"    (38.99964857, -77.01058343)"
MCP2773001T,16026276,Montgomery County Police,Injury Crash,05/26/2016 07:08:00 PM,,,,SIDE WALK IN FRONT OF PARKING LOT OF 420 UNIVERSITY BLVD E,,PEDESTRIAN,OTHER,CLEAR,,DAYLIGHT,NO CONTROLS,NONE DETECTED,NONE DETECTED,ED64C75A-46C4-474D-A408-A784AA5D1B25,PEDESTRIAN,Walking/Cycling on Sidewalk,NO IMPROPER ACTIONS,SIDEWALK,No,POSSIBLE INJURY,NONE,39.008748,-76.99865,"    (39.008748, -76.99865)"
MCP2773001T,16026276,Montgomery County Police,Injury Crash,05/26/2016 07:08:00 PM,,,,SIDE WALK IN FRONT OF PARKING LOT OF 420 UNIVERSITY BLVD E,,PEDESTRIAN,OTHER,CLEAR,,DAYLIGHT,NO CONTROLS,NONE DETECTED,N/A,8C3617C0-C5A6-483D-A450-A2A72F006B40,PEDESTRIAN,Other,NO IMPROPER ACTIONS,SIDEWALK,No,POSSIBLE INJURY,OTHER,39.008748,-76.99865,"    (39.008748, -76.99865)"
MCP0617000L,16025109,Montgomery County Police,Injury Crash,05/26/2016 02:06:00 PM,,,,PARKING LOT OF 18207 VILLAGE CENTER DR,,PEDESTRIAN,OTHER,CLOUDY,,DAYLIGHT,NO CONTROLS,N/A,ALCOHOL PRESENT,52D5C223-AF1C-492D-86BB-C70A6121E333,PEDESTRIAN,Other,INATTENTIVE,OTHER,Yes,SUSPECTED MINOR INJURY,N/A,39.12148667,-77.00988333,"    (39.12148667, -77.00988333)"
MCP2274000R,16026160,Montgomery County Police,Injury Crash,05/26/2016 08:35:00 AM,Municipality,BANK ST,QUINCE ORCHARD RD,,N/A,BICYCLIST,HEAD ON LEFT TURN,CLEAR,DRY,DAYLIGHT,NO CONTROLS,NONE DETECTED,NONE DETECTED,AC598001-1D24-4EAF-8F5A-D6216B0D8047,BICYCLIST,Cross/Enter at Intersection,FAILURE TO YIELD RIGHT OF WAY,UNKNOWN,Yes,SUSPECTED SERIOUS INJURY,UNKNOWN,39.14035833,-77.22306833,"    (39.14035833, -77.22306833)"
MCP2311002B,16026138,Montgomery County Police,Injury Crash,05/26/2016 01:46:00 AM,County,MONTGOMERY VILLAGE AVE,WALKERS CHOICE RD,,N/A,BICYCLIST,SAME DIR REAR END,CLEAR,DRY,DARK NO LIGHTS,N/A,N/A,N/A,C2C964E2-0C7D-4B2C-8FBB-42D9302E3F2D,BICYCLIST,Walking/Riding w/Traffic,NOT VISIBLE,ON ROADWAY NOT AT CROSSWALK,No,SUSPECTED MINOR INJURY,N/A,39.16437333,-77.20392167,"    (39.16437333, -77.20392167)"
MCP2971001B,16025851,Montgomery County Police,Injury Crash,05/24/2016 05:54:00 PM,,,,"PARKING LOT IN FRONT OF 11507 FEBRUARY CIRCLE, SILVER SPRING, MARYLAND",,BICYCLIST,HEAD ON,CLEAR,,DAYLIGHT,NO CONTROLS,NONE DETECTED,NONE DETECTED,F4CC3E12-5FAA-4C2F-B969-F678B45DB89E,BICYCLIST,Cross/Enter not at Intersection,FAILURE TO YIELD RIGHT OF WAY,ON ROADWAY NOT AT CROSSWALK,Yes,POSSIBLE INJURY,NONE,39.04771489,-76.97713494,"    (39.04771489, -76.97713494)"
MCP2740001X,16024977,Montgomery County Police,Injury Crash,05/19/2016 09:40:00 PM,Maryland (State),PINEY BRANCH RD,UNIVERSITY BLVD E,,N/A,PEDESTRIAN,SINGLE VEHICLE,CLEAR,DRY,DARK LIGHTS ON,TRAFFIC SIGNAL,NONE DETECTED,NONE DETECTED,D2BBFF7A-E4D2-4DC4-ABB8-743E73D93BEF,PEDESTRIAN,Cross/Enter at Intersection,NO IMPROPER ACTIONS,ON ROADWAY AT CROSSWALK,No,SUSPECTED MINOR INJURY,N/A,38.9996788,-76.99525595,"    (38.9996788, -76.99525595)"
MCP2740001X,16024977,Montgomery County Police,Injury Crash,05/19/2016 09:40:00 PM,Maryland (State),PINEY BRANCH RD,UNIVERSITY BLVD E,,N/A,PEDESTRIAN,SINGLE VEHICLE,CLEAR,DRY,DARK LIGHTS ON,TRAFFIC SIGNAL,NONE DETECTED,NONE DETECTED,501AE1CA-F78D-4753-91DE-50893635737E,PEDESTRIAN,Cross/Enter at Intersection,NO IMPROPER ACTIONS,ON ROADWAY AT CROSSWALK,No,SUSPECTED MINOR INJURY,N/A,38.9996788,-76.99525595,"    (38.9996788, -76.99525595)"
MCP2617001W,16024882,Montgomery County Police,Property Damage Crash,05/19/2016 02:45:00 PM,County,HIGHLAND AVE,ALLEY,,N/A,PEDESTRIAN,SINGLE VEHICLE,CLEAR,DRY,DAYLIGHT,NO CONTROLS,NONE DETECTED,NONE DETECTED,332E4387-B2CE-4CD4-9713-0E029707E415,PEDESTRIAN,Other,NOT VISIBLE,OTHER,No,NO APPARENT INJURY,NONE,38.99093333,-77.09504167,"    (38.99093333, -77.09504167)"
DD5614000N,16024847,Rockville Police Departme,Injury Crash,05/19/2016 11:16:00 AM,Maryland (State),E JEFFERSON ST,MONROE ST,,ROCKVILLE,PEDESTRIAN,SAME DIRECTION SIDESWIPE,CLOUDY,DRY,DAYLIGHT,TRAFFIC SIGNAL,NONE DETECTED,NONE DETECTED,B2AEEA5B-821B-4F9A-B201-14433270D67F,PEDESTRIAN,Cross/Enter at Intersection,NO IMPROPER ACTIONS,AT INTERSECTION MARKED CROSSWALK,No,SUSPECTED MINOR INJURY,NONE,39.08122167,-77.14769,"    (39.08122167, -77.14769)"
MCP2695000J,16024315,Montgomery County Police,Injury Crash,05/16/2016 02:43:00 PM,US (State),COLUMBIA PIKE,MUSGROVE RD,,N/A,PEDESTRIAN,SINGLE VEHICLE,CLEAR,DRY,DAYLIGHT,NO CONTROLS,UNKNOWN,N/A,301C1A61-5816-46F8-A25B-EE83F8A967C8,PEDESTRIAN,Standing,OTHER,DRIVEWAY ACCESS MARKED CROSSWALK,No,SUSPECTED MINOR INJURY,NONE,39.06766051,-76.95820525,"    (39.06766051, -76.95820525)"
MCP2952001X,16024236,Montgomery County Police,Injury Crash,05/16/2016 07:36:00 AM,Maryland (State),16TH ST,EAST WEST HWY,,N/A,BICYCLIST,HEAD ON LEFT TURN,CLEAR,DRY,DAYLIGHT,TRAFFIC SIGNAL,NONE DETECTED,NONE DETECTED,9A1BC954-DCA3-4202-A7D6-830D9F402958,BICYCLIST,Other,NO IMPROPER ACTIONS,SIDEWALK,No,SUSPECTED MINOR INJURY,NONE,38.99429,-77.03634833,"    (38.99429, -77.03634833)"
MCP15310006,16024201,Montgomery County Police,Injury Crash,05/15/2016 09:02:00 PM,Maryland (State),WILSON LA,RIVER RD,,N/A,PEDESTRIAN,SINGLE VEHICLE,CLEAR,DRY,DARK LIGHTS ON,TRAFFIC SIGNAL,,NONE DETECTED,D334EEB5-0D56-4A95-9592-47E2492F5A8E,PEDESTRIAN,Standing,OTHER,ON ROADWAY NOT AT CROSSWALK,Yes,SUSPECTED MINOR INJURY,N/A,39.37427667,-77.29101333,"    (39.37427667, -77.29101333)"
MCP2559000S,16023994,Montgomery County Police,Injury Crash,05/14/2016 02:16:00 PM,Municipality,W DEER PARK RD,BUTTRY RD,,GAITHERSBURG,PEDESTRIAN,OTHER,CLOUDY,DRY,DAYLIGHT,NO CONTROLS,NONE DETECTED,NONE DETECTED,0B3CF2D7-F72C-4C2E-9A9E-F8C876448D2A,PEDESTRIAN,Walking/Riding w/Traffic,IN ROADWAY IMPROPERLY,CURB,No,POSSIBLE INJURY,NONE,39.13469365,-77.20471635,"    (39.13469365, -77.20471635)"
MCP2298008T,16023783,Montgomery County Police,Injury Crash,05/13/2016 01:07:00 PM,,,,PARKING LOT OF 13069 WISTERIA DR,,PEDESTRIAN,SINGLE VEHICLE,RAINING,,DAYLIGHT,NO CONTROLS,NONE DETECTED,NONE DETECTED,282D4AD0-6C7E-4607-AE8E-B916BB2D0920,PEDESTRIAN,Other,NO IMPROPER ACTIONS,ON ROADWAY NOT AT CROSSWALK,No,SUSPECTED MINOR INJURY,N/A,39.17852,-77.271585,"    (39.17852, -77.271585)"
MCP1575003Z,16023555,Montgomery County Police,Injury Crash,05/12/2016 10:09,,,,PK LOT 14939 SHADY GROVE RD.,,PEDESTRIAN,SINGLE VEHICLE,CLOUDY,,DAYLIGHT,NO CONTROLS,NONE DETECTED,NONE DETECTED,40C9AEBC-4C73-4FA5-BBE5-0F89A0760720,PEDESTRIAN,Other,NO IMPROPER ACTIONS,OTHER,No,POSSIBLE INJURY,NONE,39.09776167,-77.19276,"    (39.09776167, -77.19276)"
MCP94280013,16023526,Montgomery County Police,Property Damage Crash,05/12/2016 5:35,Maryland (State),DAMASCUS RD,CHROME MINE RD,,N/A,IN ANIMAL-DRAWN VEH,STRAIGHT MOVEMENT ANGLE,FOGGY,N/A,DAWN,NO CONTROLS,N/A,N/A,A8C041DC-35A9-405B-8DF4-3B1CC356ABB4,IN ANIMAL-DRAWN VEH,Other,DART DASH,SHOULDER,No,NO APPARENT INJURY,N/A,39.26200167,-77.14981667,"    (39.26200167, -77.14981667)"
DM8374000Q,16023271,Takoma Park Police Depart,Injury Crash,05/10/2016 20:19,Municipality,MAPLE AVE,PHILADELPHIA AVE,,N/A,PEDESTRIAN,OTHER,CLOUDY,DRY,DARK LIGHTS ON,TRAFFIC SIGNAL,N/A,N/A,36CD0868-4E7C-4A49-B677-0957FDFDC313,PEDESTRIAN,Cross/Enter at Intersection,UNKNOWN,ON ROADWAY AT CROSSWALK,No,SUSPECTED MINOR INJURY,N/A,38.981335,-77.01154,"    (38.981335, -77.01154)"
MCP27650028,16023211,Montgomery County Police,Injury Crash,05/10/2016 16:18,County,GAITHER RD,SHADY GROVE RD,,N/A,PEDESTRIAN,SINGLE VEHICLE,CLEAR,DRY,DAYLIGHT,TRAFFIC SIGNAL,NONE DETECTED,NONE DETECTED,7E883F1D-BB67-44B2-822C-B3F722888199,PEDESTRIAN,Cross/Enter at Intersection,DART DASH,ON ROADWAY AT CROSSWALK,No,POSSIBLE INJURY,NONE,39.11387,-77.18640833,"    (39.11387, -77.18640833)"
MCP2987000Q,16023118,Montgomery County Police,Injury Crash,05/10/2016 7:30,,,,"IN DRIVEWAY OF 509 HARDING DR, SILVER SPRING MD 20901",,PEDESTRIAN,SINGLE VEHICLE,CLEAR,,DAYLIGHT,NO CONTROLS,NONE DETECTED,NONE DETECTED,05240AE3-201B-43C4-8CD8-8092A6BD84F2,PEDESTRIAN,Standing,NOT VISIBLE,OTHER,Yes,SUSPECTED MINOR INJURY,NONE,39.01157833,-76.98385667,"    (39.01157833, -76.98385667)"
MCP27500021,16022884,Montgomery County Police,Injury Crash,05/08/2016 19:40,County,CLARIDGE RD,MEDWAY ST,,N/A,PEDESTRIAN,STRAIGHT MOVEMENT ANGLE,CLEAR,DRY,DAYLIGHT,NO CONTROLS,UNKNOWN,NONE DETECTED,EDA18A4D-721D-43A2-B6DF-A6E6887AB542,PEDESTRIAN,Cross/Enter not at Intersection,DART DASH,ON ROADWAY NOT AT CROSSWALK,Yes,SUSPECTED MINOR INJURY,NONE,39.05222666,-77.0651865,"    (39.05222666, -77.0651865)"
HA2399000M,16000538,Maryland-National Capital,Injury Crash,05/08/2016 13:18,Government,LITTLE FALLS PKWY,ARLINGTON RD,,N/A,BICYCLIST,OTHER,CLEAR,DRY,DAYLIGHT,N/A,NONE DETECTED,N/A,BB1D698A-BD1D-4008-AD66-20D87EA83B0B,BICYCLIST,Cross/Enter at Intersection,NO IMPROPER ACTIONS,MIDBLOCK MARKED CROSSWALK,Yes,POSSIBLE INJURY,UNKNOWN,38.97340833,-77.10141333,"    (38.97340833, -77.10141333)"
MCP15940003,16022502,Montgomery County Police,Injury Crash,05/06/2016 18:01,County,DIXON AVE,WAYNE AVE,,N/A,PEDESTRIAN,HEAD ON LEFT TURN,RAINING,WET,DAYLIGHT,NO CONTROLS,NONE DETECTED,NONE DETECTED,2A2C7E3B-F86C-41E5-A41A-723B56687A1E,PEDESTRIAN,Cross/Enter not at Intersection,IN ROADWAY IMPROPERLY,OUTSIDE RIGHT OF WAY,Yes,SUSPECTED MINOR INJURY,NONE,38.99375551,-77.0279789,"    (38.99375551, -77.0279789)"
MCP2437001N,16022480,Montgomery County Police,Injury Crash,05/06/2016 15:57,,,,"PARKING LOT OF 13639 GEORGIA AVE, SILVER SPRING, MD",,PEDESTRIAN,SINGLE VEHICLE,RAINING,,DAYLIGHT,NO CONTROLS,NONE DETECTED,NONE DETECTED,F9B558EB-4F51-40F8-A5FB-3407A8D5609D,PEDESTRIAN,N/A,NO IMPROPER ACTIONS,OTHER,No,SUSPECTED MINOR INJURY,NONE,39.07999667,-77.07225833,"    (39.07999667, -77.07225833)"
MCP2498000P,16022376,Montgomery County Police,Injury Crash,05/06/2016 5:15,Maryland (State),GERMANTOWN RD,RAMP 6 FR MD 118 EB TO IS 270 SB,,N/A,BICYCLIST,OTHER,RAINING,WET,DARK LIGHTS ON,NO CONTROLS,UNKNOWN,NONE DETECTED,B3C5F9E9-880C-4A45-8C12-21B0E39388B0,BICYCLIST,Walking/Riding w/Traffic,NO IMPROPER ACTIONS,AT INTERSECTION BUT NO CROSSWALK,No,SUSPECTED MINOR INJURY,MC/BIKE HELMET,39.18266182,-77.25869447,"    (39.18266182, -77.25869447)"
MCP2353002Q,16021980,Montgomery County Police,Injury Crash,05/04/2016 7:24,Maryland (State),OLD GEORGETOWN RD,COMMERCE LA,,N/A,PEDESTRIAN,SINGLE VEHICLE,CLOUDY,DRY,DAYLIGHT,TRAFFIC SIGNAL,NONE DETECTED,NONE DETECTED,A94562CC-4D55-4112-972A-317A5D53AC2A,PEDESTRIAN,Cross/Enter at Intersection,NO IMPROPER ACTIONS,ON ROADWAY AT CROSSWALK,No,POSSIBLE INJURY,NONE,38.98552833,-77.095945,"    (38.98552833, -77.095945)"
MCP2919001H,16021979,Montgomery County Police,Injury Crash,05/04/2016 7:03,County,FENWICK LA,SECOND AVE,,N/A,PEDESTRIAN,OTHER,CLEAR,DRY,DAYLIGHT,STOP SIGN,NONE DETECTED,NONE DETECTED,522EBCA0-C842-4DE3-BF9D-8345A852F0E1,PEDESTRIAN,Cross/Enter at Intersection,NO IMPROPER ACTIONS,ON ROADWAY AT CROSSWALK,No,SUSPECTED MINOR INJURY,N/A,38.99726833,-77.03342667,"    (38.99726833, -77.03342667)"
MCP1378009D,16021859,Montgomery County Police,Injury Crash,05/03/2016 16:02,County,COMPRINT CT,SHADY GROVE RD,,N/A,PEDESTRIAN,SINGLE VEHICLE,CLOUDY,DRY,DAYLIGHT,TRAFFIC SIGNAL,NONE DETECTED,NONE DETECTED,8331B717-AB5E-4AD4-8C3C-BBEDFC727A3F,PEDESTRIAN,Cross/Enter at Intersection,NO IMPROPER ACTIONS,ON ROADWAY AT CROSSWALK,No,POSSIBLE INJURY,N/A,39.11944333,-77.18282667,"    (39.11944333, -77.18282667)"
MCP1378009D,16021859,Montgomery County Police,Injury Crash,05/03/2016 16:02,County,COMPRINT CT,SHADY GROVE RD,,N/A,PEDESTRIAN,SINGLE VEHICLE,CLOUDY,DRY,DAYLIGHT,TRAFFIC SIGNAL,NONE DETECTED,NONE DETECTED,14E9E571-71A7-4BAE-AA88-E434E5E47C7B,PEDESTRIAN,Cross/Enter at Intersection,NO IMPROPER ACTIONS,ON ROADWAY AT CROSSWALK,No,NO APPARENT INJURY,N/A,39.11944333,-77.18282667,"    (39.11944333, -77.18282667)"
MCP2723001H,16021617,Montgomery County Police,Injury Crash,05/03/2016 14:33,Maryland (State),NEW HAMPSHIRE AVE,RANDOLPH RD,,N/A,PEDESTRIAN,OTHER,CLEAR,DRY,DAYLIGHT,TRAFFIC SIGNAL,N/A,N/A,D6344036-DA59-489F-94DB-B3F4C14C464E,PEDESTRIAN,Cross/Enter not at Intersection,FAILURE TO YIELD RIGHT OF WAY,ON ROADWAY NOT AT CROSSWALK,Yes,POSSIBLE INJURY,NONE,39.0758098,-77.00192928,"    (39.0758098, -77.00192928)"
MCP2846001Z,16031511,Montgomery County Police,Injury Crash,05/03/2016 14:00,Maryland (State),VEIRS MILL RD,CENTERHILL ST,,N/A,BICYCLIST,OTHER,UNKNOWN,DRY,DAYLIGHT,STOP SIGN,UNKNOWN,NONE DETECTED,BFB725AF-109C-413F-A373-B20074FF1E63,BICYCLIST,Cross/Enter at Intersection,NO IMPROPER ACTIONS,AT INTERSECTION MARKED CROSSWALK,No,POSSIBLE INJURY,NONE,39.05956,-77.047535,"    (39.05956, -77.047535)"
DD5502002C,16021808,Rockville Police Departme,Injury Crash,05/03/2016 12:15,Maryland (State),HUNGERFORD DR,A ST,,ROCKVILLE,PEDESTRIAN,OTHER,CLOUDY,DRY,DAYLIGHT,TRAFFIC SIGNAL,UNKNOWN,NONE DETECTED,31922C59-4345-4AF0-9B63-18A795503581,PEDESTRIAN,Cross/Enter at Intersection,NO IMPROPER ACTIONS,ON ROADWAY AT CROSSWALK,No,SUSPECTED MINOR INJURY,OTHER,39.09198065,-77.15315089,"    (39.09198065, -77.15315089)"
DD5502002C,16021808,Rockville Police Departme,Injury Crash,05/03/2016 12:15,Maryland (State),HUNGERFORD DR,A ST,,ROCKVILLE,PEDESTRIAN,OTHER,CLOUDY,DRY,DAYLIGHT,TRAFFIC SIGNAL,UNKNOWN,NONE DETECTED,305316F3-D050-4DC5-920B-76A02F99EE4F,PEDESTRIAN,Cross/Enter at Intersection,NO IMPROPER ACTIONS,ON ROADWAY AT CROSSWALK,No,SUSPECTED MINOR INJURY,NONE,39.09198065,-77.15315089,"    (39.09198065, -77.15315089)"
MCP1251000T,16021786,Montgomery County Police,Injury Crash,05/03/2016 9:04,County,MACARTHUR BLVD,CLARA BARTON PKWY,,N/A,BICYCLIST,SINGLE VEHICLE,CLOUDY,WET,DAYLIGHT,TRAFFIC SIGNAL,NONE DETECTED,NONE DETECTED,8ACB5DDB-41E2-4659-ACE1-89E7E4D4281D,BICYCLIST,Cross/Enter at Intersection,NO IMPROPER ACTIONS,IN BIKEWAY,No,SUSPECTED MINOR INJURY,MC/BIKE HELMET,38.96449763,-77.13603973,"    (38.96449763, -77.13603973)"
MCP2485000J,16021742,Montgomery County Police,Injury Crash,05/03/2016 3:53,County,DAIRYMAID DR,GREAT SENECA HWY,,N/A,PEDESTRIAN,UNKNOWN,RAINING,WET,DARK NO LIGHTS,NO CONTROLS,,UNKNOWN,606617CE-AD74-4261-A932-154789F984F6,PEDESTRIAN,Cross/Enter at Intersection,UNKNOWN,AT INTERSECTION MARKED CROSSWALK,Unknown,POSSIBLE INJURY,NONE,39.15737,-77.27599667,"    (39.15737, -77.27599667)"
MCP2768000B,16021724,Montgomery County Police,Injury Crash,05/02/2016 22:00,,,,PARKING LOT,,PEDESTRIAN,OTHER,RAINING,,DARK LIGHTS ON,N/A,UNKNOWN,NONE DETECTED,80A344E5-5078-405D-930B-6BE83A06A249,PEDESTRIAN,Cross/Enter not at Intersection,INATTENTIVE,ON ROADWAY NOT AT CROSSWALK,No,SUSPECTED MINOR INJURY,NONE,39.12399702,-77.20119596,"    (39.12399702, -77.20119596)"
MCP2369000P,16021573,Montgomery County Police,Property Damage Crash,05/02/2016 8:48,County,EDEN RD,KATHRYN RD,,N/A,OTHER,OTHER,RAINING,N/A,DAYLIGHT,STOP SIGN,NONE DETECTED,N/A,06B985E2-B9D4-49E2-BA2A-D8690E430D74,OTHER,N/A,N/A,N/A,No,NO APPARENT INJURY,N/A,39.04995,-76.98717833,"    (39.04995, -76.98717833)"
MCP0961000S,16021560,Montgomery County Police,Injury Crash,05/02/2016 8:04,Maryland (State),CLOPPER RD,LONGDRAFT RD,,GAITHERSBURG,PEDESTRIAN,SINGLE VEHICLE,RAINING,WET,DAYLIGHT,NO CONTROLS,NONE DETECTED,NONE DETECTED,9F494E2E-C211-42DA-961F-B5B21CEB5D49,PEDESTRIAN,Standing,NO IMPROPER ACTIONS,SIDEWALK,No,SUSPECTED MINOR INJURY,NONE,39.14811333,-77.23741,"    (39.14811333, -77.23741)"
MCP15500020,16021671,Montgomery County Police,Injury Crash,05/02/2016 7:35,Maryland (State),UNIVERSITY BLVD W,ST PAUL ST,,N/A,PEDESTRIAN,OTHER,CLOUDY,WET,DAYLIGHT,NO CONTROLS,N/A,UNKNOWN,4C1E2CC4-7AB1-4967-B161-D3084BBE5EF0,PEDESTRIAN,Cross/Enter not at Intersection,IN ROADWAY IMPROPERLY,ON ROADWAY NOT AT CROSSWALK,Yes,POSSIBLE INJURY,N/A,38.98367333,-77.09318,"    (38.98367333, -77.09318)"
MCP1035000B,16021376,Montgomery County Police,Fatal Crash,04/30/2016 11:02:00 PM,County,E GUDE DR,CALHOUN DR,,N/A,OTHER CONVEYANCE,SINGLE VEHICLE,RAINING,WET,DARK NO LIGHTS,FLASHING TRAFFIC SIGNAL,NONE DETECTED,ALCOHOL PRESENT,0183822A-1745-4CBC-836E-8BB89D283078,OTHER CONVEYANCE,Cross/Enter at Intersection,UNKNOWN,UNKNOWN,Unknown,FATAL INJURY,NONE,39.105695,-77.14482,"    (39.105695, -77.14482)"
MCP2964001H,16021317,Montgomery County Police,Injury Crash,04/30/2016 04:08:00 PM,Maryland (State),FREDERICK RD,MIDDLEBROOK RD,,N/A,BICYCLIST,STRAIGHT MOVEMENT ANGLE,CLOUDY,DRY,DAYLIGHT,YIELD SIGN,NONE DETECTED,NONE DETECTED,C9C78F9A-B57D-4AA9-A18A-ADC1BD43341A,BICYCLIST,Cross/Enter at Intersection,INATTENTIVE,ON ROADWAY AT CROSSWALK,Yes,SUSPECTED MINOR INJURY,NONE,39.18076775,-77.23862886,"    (39.18076775, -77.23862886)"
MCP10480023,16021115,Montgomery County Police,Property Damage Crash,04/29/2016 12:30:00 PM,County,SHADY GROVE RD,TRAVILLE  GATEWAY DR,,N/A,PEDESTRIAN,SINGLE VEHICLE,CLEAR,DRY,DAYLIGHT,NO CONTROLS,NONE DETECTED,NONE DETECTED,898A0534-FE0D-43F3-AA6C-AD68DA886D14,PEDESTRIAN,Cross/Enter at Intersection,NO IMPROPER ACTIONS,ON ROADWAY AT CROSSWALK,No,NO APPARENT INJURY,NONE,39.09212429,-77.20683396,"    (39.09212429, -77.20683396)"
EJ78350002,16021016,Gaithersburg Police Depar,Injury Crash,04/28/2016 10:02:00 PM,Municipality,N SUMMIT AVE,BROOKS AVE,,GAITHERSBURG,PEDESTRIAN,SAME DIRECTION LEFT TURN,OTHER,WET,DARK LIGHTS ON,TRAFFIC SIGNAL,N/A,NONE DETECTED,2961D03A-E3F1-4E6D-9649-9836D3DF08C0,PEDESTRIAN,Cross/Enter at Intersection,DART DASH,ON ROADWAY AT CROSSWALK,No,SUSPECTED MINOR INJURY,N/A,39.14427667,-77.19286167,"    (39.14427667, -77.19286167)"
DD55020029,16020780,Rockville Police Departme,Injury Crash,04/27/2016 05:44:00 PM,Municipality,PICCARD DR,CURIE CT,,ROCKVILLE,PEDESTRIAN,OTHER,CLOUDY,DRY,DAYLIGHT,NO CONTROLS,NONE DETECTED,NONE DETECTED,9D99EAA8-F5CC-4BB1-9ED6-AF7D7ED95A7D,PEDESTRIAN,Cross/Enter at Intersection,INATTENTIVE,ON ROADWAY NOT AT CROSSWALK,Yes,POSSIBLE INJURY,NONE,39.10587333,-77.17983,"    (39.10587333, -77.17983)"
MCP11480018,16020683,Montgomery County Police,Injury Crash,04/27/2016 08:30:00 AM,County,WOODMONT AVE,HAMPDEN LA,,N/A,PEDESTRIAN,SINGLE VEHICLE,RAINING,WET,DAYLIGHT,TRAFFIC SIGNAL,UNKNOWN,NONE DETECTED,98882C8F-A94B-40FC-A2E0-76CD6E692D43,PEDESTRIAN,Other Working,N/A,ON ROADWAY NOT AT CROSSWALK,No,SUSPECTED MINOR INJURY,NONE,38.982795,-77.09604667,"    (38.982795, -77.09604667)"
MCP2919001F,16020556,Montgomery County Police,Property Damage Crash,04/26/2016 12:49:00 PM,Maryland (State),GEORGIA AVE,CORWIN DR,,N/A,OTHER,OTHER,CLEAR,DRY,DAYLIGHT,NO CONTROLS,NONE DETECTED,NONE DETECTED,FEEBCBA3-8092-40B9-A768-FFA070C3C26B,OTHER,N/A,OTHER,INSIDE BUILDING,Yes,NO APPARENT INJURY,N/A,39.00801309,-77.03996971,"    (39.00801309, -77.03996971)"
MCP2515000L,16020448,Montgomery County Police,Injury Crash,04/25/2016 07:50:00 PM,Maryland (State),RIDGE RD,SUNSET DR,,N/A,PEDESTRIAN,SINGLE VEHICLE,CLEAR,DRY,DAYLIGHT,NO CONTROLS,UNKNOWN,NONE DETECTED,74E61F56-5B8C-467C-AECE-40F0F59EA1F1,PEDESTRIAN,Walking/Riding against Traffic,NO IMPROPER ACTIONS,IN BIKEWAY,No,SUSPECTED MINOR INJURY,NONE,39.27839,-77.21242667,"    (39.27839, -77.21242667)"
DD5508001V,16020395,Rockville Police Departme,Injury Crash,04/25/2016 04:40:00 PM,,,,PARKING LOT OF 1700 CHAPMAN AVE (TWINBROOK METRO),,PEDESTRIAN,N/A,CLEAR,,DAYLIGHT,NO CONTROLS,NONE DETECTED,NONE DETECTED,725290D0-BE9B-456A-9674-1B00184C231D,PEDESTRIAN,Other,NO IMPROPER ACTIONS,ON ROADWAY AT CROSSWALK,No,POSSIBLE INJURY,N/A,39.06263333,-77.11968167,"    (39.06263333, -77.11968167)"
MCP2436001H,16020303,Montgomery County Police,Injury Crash,04/25/2016 09:29:00 AM,,,,PARKING LOT OF 2131 INDUSTRIAL PARKWAY (WHITE OAK MVA),,PEDESTRIAN,OTHER,CLEAR,,DAYLIGHT,NO CONTROLS,NONE DETECTED,NONE DETECTED,D3B56208-FE51-458E-BA82-140DCD94037B,PEDESTRIAN,Standing,OTHER,OTHER,Unknown,POSSIBLE INJURY,NONE,39.055835,-76.970855,"    (39.055835, -76.970855)"
MCP9379000R,16020539,Montgomery County Police,Injury Crash,04/24/2016 11:54:00 AM,,,,DRIVEWAY OF TRANSFER STATION 16101 FREDERICK RD,,PEDESTRIAN,OTHER,CLEAR,,DAYLIGHT,PERSON,N/A,N/A,D0FB99E4-1D81-4C98-97EA-F13DB1528863,PEDESTRIAN,Other Working,OTHER,OTHER,No,POSSIBLE INJURY,NONE,39.12094833,-77.17141,"    (39.12094833, -77.17141)"
MCP20080026,16020098,Montgomery County Police,Injury Crash,04/23/2016 11:15:00 PM,Maryland (State),CONNECTICUT AVE,JONES BRIDGE RD,,N/A,PEDESTRIAN,SAME DIR REAR END,N/A,DRY,DARK LIGHTS ON,N/A,"ALCOHOL PRESENT, UNKNOWN",UNKNOWN,F6735FAD-037C-4EBB-ADAE-AEA27463328A,PEDESTRIAN,Unknown,UNKNOWN,ON ROADWAY NOT AT CROSSWALK,Unknown,SUSPECTED SERIOUS INJURY,NONE,38.99861667,-77.077115,"    (38.99861667, -77.077115)"
MCP28790010,16019873,Montgomery County Police,Injury Crash,04/22/2016 07:05:00 PM,County,REDLAND RD,CRABBS BRANCH WAY,,N/A,PEDESTRIAN,N/A,CLEAR,DRY,DAYLIGHT,TRAFFIC SIGNAL,NONE DETECTED,NONE DETECTED,F44FA641-0B63-4F9D-A433-E6BFAC290A08,PEDESTRIAN,Cross/Enter at Intersection,NO IMPROPER ACTIONS,AT INTERSECTION MARKED CROSSWALK,No,SUSPECTED MINOR INJURY,NONE,39.12080667,-77.15868,"    (39.12080667, -77.15868)"