Report Number,Local Case Number,Agency Name,ACRS Report Type,Crash Date/Time,Route Type,Road Name,Cross-Street Name,Off-Road Description,Municipality,Related Non-Motorist,Collision Type,Weather,Surface Condition,Light,Traffic Control,Driver Substance Abuse,Non-Motorist Substance Abuse,Person ID,Pedestrian Type,Pedestrian Movement,Pedestrian Actions,Pedestrian Location,At Fault,Injury Severity,Safety Equipment,Latitude,Longitude,Location
MCP2874001B,16019861,Montgomery County Police,Injury Crash,04/22/2016 04:47:00 PM,Maryland (State),GEORGIA AVE,RANDOLPH RD,,N/A,PEDESTRIAN,OTHER,N/A,DRY,DAYLIGHT,TRAFFIC SIGNAL,NONE DETECTED,NONE DETECTED,36396FBE-A778-4904-8D7A-D5728E5CC236,PEDESTRIAN,Cross/Enter at Intersection,DART DASH,ON ROADWAY NOT AT CROSSWALK,Yes,SUSPECTED MINOR INJURY,N/A,39.05656333,-77.05006667,"    (39.05656333, -77.05006667)"
MCP2231001Y,16019835,Montgomery County Police,Injury Crash,04/22/2016 02:57:00 PM,County,AUGUSTA LA,MARLYN DR,,N/A,PEDESTRIAN,SINGLE VEHICLE,CLOUDY,DRY,DAYLIGHT,NO CONTROLS,NONE DETECTED,NONE DETECTED,52FF3653-ED82-464E-AC66-6685DD1AECB1,PEDESTRIAN,Standing,NO IMPROPER ACTIONS,SHOULDER,No,POSSIBLE INJURY,NONE,38.96081869,-77.11842299,"    (38.96081869, -77.11842299)"
DM8336000R,16019660,Takoma Park Police Depart,Injury Crash,04/21/2016 04:55:00 PM,Municipality,HOLTON LA,JACKSON AVE,,TAKOMA PARK,PEDESTRIAN,OTHER,CLEAR,DRY,DAYLIGHT,N/A,NONE DETECTED,NONE DETECTED,4C64B792-A274-4F2E-870F-3BF817485E18,PEDESTRIAN,Standing,INATTENTIVE,N/A,Unknown,SUSPECTED MINOR INJURY,N/A,38.98579377,-76.99170068,"    (38.98579377, -76.99170068)"
MCP2977001F,16019630,Montgomery County Police,Injury Crash,04/21/2016 02:06:00 PM,,,,PARKING LOT OF CENTRAL SQUARE SHOPPING CENTER 8555 PINEY BRANCH RD,,PEDESTRIAN,SINGLE VEHICLE,CLEAR,,DAYLIGHT,NO CONTROLS,N/A,N/A,414196DE-D091-4D9A-ABF8-FC2755E7C782,PEDESTRIAN,Other,NO IMPROPER ACTIONS,OTHER,No,POSSIBLE INJURY,N/A,38.99818942,-77.00109109,"    (38.99818942, -77.00109109)"
DD56190005,16019567,Rockville Police Departme,Injury Crash,04/21/2016 07:51:00 AM,Municipality,MARTINS LA,N WASHINGTON ST,,ROCKVILLE,BICYCLIST,SINGLE VEHICLE,CLEAR,DRY,DAYLIGHT,TRAFFIC SIGNAL,NONE DETECTED,NONE DETECTED,ADAE4B91-826C-49E4-B037-81E3C6BC6F88,BICYCLIST,Cross/Enter at Intersection,NO IMPROPER ACTIONS,AT INTERSECTION MARKED CROSSWALK,No,POSSIBLE INJURY,NONE,39.09064,-77.15372833,"    (39.09064, -77.15372833)"
MCP2531000H,16019244,Montgomery County Police,Property Damage Crash,04/19/2016 05:40:00 PM,County,MEDICAL CENTER DR,KEY WEST AVE,,N/A,BICYCLIST,STRAIGHT MOVEMENT ANGLE,CLEAR,DRY,DAYLIGHT,TRAFFIC SIGNAL,N/A,N/A,8A8CE7D5-A5EB-495E-B6E0-3C22F2810EA9,BICYCLIST,Cross/Enter at Intersection,FAILURE TO OBEY TRAFFIC SIGNS SIGNALS OR OFFICER,AT INTERSECTION MARKED CROSSWALK,Yes,NO APPARENT INJURY,NONE,39.10509333,-77.19660167,"    (39.10509333, -77.19660167)"
MCP20080023,16019246,Montgomery County Police,Injury Crash,04/19/2016 05:38:00 PM,Maryland (State),OLD GEORGETOWN RD,RAMP 2 FR IS 270 WB TO MD 187 NB,,N/A,BICYCLIST,STRAIGHT MOVEMENT ANGLE,CLEAR,DRY,DAYLIGHT,YIELD SIGN,NONE DETECTED,NONE DETECTED,1DAE1FA4-230D-48D5-BCB7-C0994A7651D1,BICYCLIST,Cross/Enter at Intersection,DART DASH,AT INTERSECTION MARKED CROSSWALK,Yes,POSSIBLE INJURY,MC/BIKE HELMET,39.03156667,-77.1259,"    (39.03156667, -77.1259)"
MCP3010000V,16018936,Montgomery County Police,Property Damage Crash,04/18/2016 08:27:00 AM,County,MARINELLI RD,CITADEL AVE,,N/A,OTHER,SAME DIRECTION SIDESWIPE,CLEAR,DRY,DAYLIGHT,NO CONTROLS,NONE DETECTED,N/A,2A4630D2-CC5B-4ABC-B555-14EE6FE22B48,OTHER,N/A,N/A,N/A,No,NO APPARENT INJURY,N/A,39.04766167,-77.10837833,"    (39.04766167, -77.10837833)"
MCP2785001C,16018657,Montgomery County Police,Injury Crash,04/16/2016 12:18:00 PM,,,,"PARKING LOT OF MCDONALD'S LOCATED AT 13800 OUTLET DR, SILVER SPRING MD 20904",,PEDESTRIAN,OTHER,CLEAR,,DAYLIGHT,N/A,N/A,N/A,4C672B2E-8711-4A9B-A93D-36889B6DB91D,PEDESTRIAN,Other,INATTENTIVE,OTHER,Unknown,POSSIBLE INJURY,NONE,39.045425,-76.99073667,"    (39.045425, -76.99073667)"
MCP3005000S,16018653,Montgomery County Police,Injury Crash,04/16/2016 11:54:00 AM,County,CHESTER MILL RD,NARROWS TERR,,N/A,BICYCLIST,HEAD ON LEFT TURN,N/A,DRY,DAYLIGHT,NO CONTROLS,NONE DETECTED,NONE DETECTED,B1F190BA-91AD-4E08-A6FB-5F79FC7F15BD,BICYCLIST,Cross/Enter at Intersection,FAILURE TO YIELD RIGHT OF WAY,ON ROADWAY NOT AT CROSSWALK,Yes,POSSIBLE INJURY,NONE,39.11881833,-77.04032167,"    (39.11881833, -77.04032167)"
MCP2970001M,16018649,Montgomery County Police,Property Damage Crash,04/16/2016 11:23:00 AM,County,ARCOLA AVE,KEMP MILL RD,,N/A,BICYCLIST,SAME DIR REND LEFT TURN,CLEAR,DRY,DAYLIGHT,TRAFFIC SIGNAL,N/A,N/A,2B08AF23-2EFD-4927-8386-F47444F04330,BICYCLIST,Walking/Riding w/Traffic,FAILURE TO YIELD RIGHT OF WAY,IN BIKEWAY,Yes,NO APPARENT INJURY,NONE,39.04602,-77.03212667,"    (39.04602, -77.03212667)"
HA23680008,16000440,Maryland-National Capital,Injury Crash,04/16/2016 11:00:00 AM,Government,LITTLE FALLS PKWY,HILLANDALE RD,,N/A,BICYCLIST,STRAIGHT MOVEMENT ANGLE,CLEAR,DRY,DAYLIGHT,OTHER,NONE DETECTED,NONE DETECTED,371634CF-EE91-44E7-9241-8DE7758A79A3,BICYCLIST,Other,NO IMPROPER ACTIONS,ON ROADWAY AT CROSSWALK,No,POSSIBLE INJURY,NONE,38.9733897,-77.10132122,"    (38.9733897, -77.10132122)"
MCP14530031,16018392,Montgomery County Police,Injury Crash,04/15/2016 07:22:00 AM,,DAMASCUS MANOR LN,VALLEY PARK DR,,N/A,PEDESTRIAN,SINGLE VEHICLE,CLEAR,DRY,DAYLIGHT,NO CONTROLS,NONE DETECTED,NONE DETECTED,D163006A-8441-4A9D-BC3A-E57480721E0B,PEDESTRIAN,Cross/Enter at Intersection,NO IMPROPER ACTIONS,ON ROADWAY AT CROSSWALK,No,POSSIBLE INJURY,NONE,39.27377328,-77.21392035,"    (39.27377328, -77.21392035)"
MCP2039001J,16018390,Montgomery County Police,Property Damage Crash,04/15/2016 06:12:00 AM,Maryland (State),CONNECTICUT AVE,KAYSON ST,,N/A,OTHER,STRAIGHT MOVEMENT ANGLE,CLEAR,DRY,DARK NO LIGHTS,STOP SIGN,N/A,N/A,3693B532-251E-4BEF-856F-C68D3FF4C778,OTHER,N/A,N/A,INSIDE BUILDING,No,NO APPARENT INJURY,N/A,39.06792499,-77.07523137,"    (39.06792499, -77.07523137)"
MCP0036003X,16018262,Montgomery County Police,Injury Crash,04/14/2016 01:44:00 PM,,,,ON OBSERVATION DR AT 20200 OBSERVATION DR ON THE CAMPUS OF MONTGOMERY COLLEGE,,BICYCLIST,STRAIGHT MOVEMENT ANGLE,CLEAR,,DAYLIGHT,YIELD SIGN,NONE DETECTED,NONE DETECTED,33CDB54A-1A1B-4B4C-9B91-C157573536C2,BICYCLIST,Cross/Enter at Intersection,NO IMPROPER ACTIONS,ON ROADWAY AT CROSSWALK,No,SUSPECTED SERIOUS INJURY,NONE,39.18691667,-77.24864667,"    (39.18691667, -77.24864667)"
MCP2908001L,16018081,Montgomery County Police,Injury Crash,04/13/2016 02:42:00 PM,,,,"2 UNIVERSITY BLVD W SILVER SPRING, MD 20901

7-11 PARKING LOT",,PEDESTRIAN,SINGLE VEHICLE,CLEAR,,DAYLIGHT,NO CONTROLS,N/A,NONE DETECTED,A96B15FE-9B64-4A8E-9A1B-03ACD13254A9,PEDESTRIAN,Cross/Enter at Intersection,NO IMPROPER ACTIONS,SIDEWALK,No,POSSIBLE INJURY,NONE,39.02034,-77.01328667,"    (39.02034, -77.01328667)"
MCP1170001C,16018039,Montgomery County Police,Injury Crash,04/13/2016 10:30:00 AM,,,,PARKING LOT OF 13100 OLD COLUMBIA PIKE,,PEDESTRIAN,OTHER,N/A,,DAYLIGHT,NO CONTROLS,NONE DETECTED,N/A,AF4527E3-19D7-415D-A3E7-3B22A2CF0029,PEDESTRIAN,Other,OTHER,AT INTERSECTION MARKED CROSSWALK,Yes,SUSPECTED MINOR INJURY,N/A,39.065965,-77.159755,"    (39.065965, -77.159755)"
DD5614000J,16017902,Rockville Police Departme,Injury Crash,04/12/2016 15:40,Maryland (State),ROCKVILLE PIKE,WOOTTON PKWY,,ROCKVILLE,BICYCLIST,STRAIGHT MOVEMENT ANGLE,CLEAR,DRY,DAYLIGHT,NO CONTROLS,NONE DETECTED,NONE DETECTED,5501E3B2-8913-4C41-A5CA-B40C49BA344C,BICYCLIST,Walking/Cycling on Sidewalk,NO IMPROPER ACTIONS,SIDEWALK,No,SUSPECTED MINOR INJURY,MC/BIKE HELMET,39.07647,-77.13926,"    (39.07647, -77.13926)"
MCP3014000M,16017776,Montgomery County Police,Injury Crash,04/11/2016 18:00,,,,PEDESTRIAN STRUCK ON SIDEWALK IN THE ENTRANCE TO PARKING LOT OF 13205 TWINBROOK PKWY.,,PEDESTRIAN,STRAIGHT MOVEMENT ANGLE,UNKNOWN,,UNKNOWN,NO CONTROLS,UNKNOWN,NONE DETECTED,F4623942-C3AD-47C9-B843-DB8A17587FC0,PEDESTRIAN,Walking/Cycling on Sidewalk,N/A,SIDEWALK,No,SUSPECTED MINOR INJURY,N/A,39.07276031,-77.11248726,"    (39.07276031, -77.11248726)"
MCP2861001V,16017730,Montgomery County Police,Injury Crash,04/11/2016 17:00,County,RIDGEFIELD RD,NEWINGTON RD,,N/A,PEDESTRIAN,OTHER,CLEAR,DRY,DAYLIGHT,NO CONTROLS,N/A,NONE DETECTED,BC6710C9-66AC-4190-BEEB-C870D3151504,PEDESTRIAN,Other Working,ENTERING EXITING PARKED STANDING VEHICLE,ON ROADWAY NOT AT CROSSWALK,No,POSSIBLE INJURY,NONE,38.96633167,-77.10915167,"    (38.96633167, -77.10915167)"
MCP2973001C,16017657,Montgomery County Police,Injury Crash,04/11/2016 10:41,Maryland (State),VEIRS MILL RD,GRIDLEY RD,,N/A,PEDESTRIAN,SAME DIR REND RIGHT TURN,CLOUDY,DRY,DAYLIGHT,PERSON,NONE DETECTED,NONE DETECTED,1CFE73BD-E13E-45CF-9590-9EA9E9AAD0FC,PEDESTRIAN,Cross/Enter at Intersection,NO IMPROPER ACTIONS,ON ROADWAY AT CROSSWALK,No,POSSIBLE INJURY,NONE,39.05712241,-77.08442867,"    (39.05712241, -77.08442867)"
MCP2837000X,16017506,Montgomery County Police,Injury Crash,04/10/2016 12:10,Maryland (State),DARNESTOWN RD,SENECA RD,,N/A,BICYCLIST,HEAD ON LEFT TURN,N/A,DRY,DAYLIGHT,NO CONTROLS,NONE DETECTED,NONE DETECTED,AD3701A4-C2C2-46FA-8607-49DEC5037B98,BICYCLIST,Cross/Enter not at Intersection,NO IMPROPER ACTIONS,ON ROADWAY NOT AT CROSSWALK,No,POSSIBLE INJURY,MC/BIKE HELMET,39.103765,-77.292745,"    (39.103765, -77.292745)"
MCP2837000W,16017365,Montgomery County Police,Injury Crash,04/09/2016 14:13,,,,PARKING LOT IN FRONT OF CICI'S PIZZA AT 12111 ROCKVILLE PIKE,,PEDESTRIAN,OTHER,CLOUDY,,DAYLIGHT,NO CONTROLS,NONE DETECTED,NONE DETECTED,9D703D64-815F-4497-87A6-5233D66A6EF1,PEDESTRIAN,Other,OTHER,OTHER,No,POSSIBLE INJURY,N/A,39.05717667,-77.11872,"    (39.05717667, -77.11872)"
MCP22600017,16017022,Montgomery County Police,Injury Crash,04/07/2016 18:11,,,,PARKING LOT OF 1776 EAST JEFFERSON STREET,,PEDESTRIAN,SINGLE VEHICLE,N/A,,DAYLIGHT,N/A,N/A,N/A,C2A5315E-EFD2-4147-AF84-B9FE5C3CFAAC,PEDESTRIAN,Other,NO IMPROPER ACTIONS,OTHER,No,SUSPECTED MINOR INJURY,N/A,39.057725,-77.124665,"    (39.057725, -77.124665)"
DM83700009,16017058,Takoma Park Police Depart,Injury Crash,04/07/2016 9:47,,,,SCHOOL PARKING LOT,,PEDESTRIAN,OTHER,RAINING,,DARK LIGHTS ON,NO CONTROLS,,NONE DETECTED,66DB8A63-A1C6-4394-B2B3-11ED61E99D6B,PEDESTRIAN,Other,DART DASH,N/A,Unknown,SUSPECTED MINOR INJURY,N/A,38.98521833,-77.01335667,"    (38.98521833, -77.01335667)"
MCP3012000S,16016902,Montgomery County Police,Injury Crash,04/07/2016 7:42,,,,ASPEN HILL SHOPPING CENTER PARKING LOT,,PEDESTRIAN,N/A,RAINING,,DAYLIGHT,NO CONTROLS,NONE DETECTED,NONE DETECTED,EB0FE60D-7D1D-481E-B9D6-F74CC581B516,PEDESTRIAN,Walking/Cycling on Sidewalk,NO IMPROPER ACTIONS,ON ROADWAY AT CROSSWALK,No,SUSPECTED MINOR INJURY,NONE,39.07721738,-77.0799011,"    (39.07721738, -77.0799011)"
MCP2877002D,16016900,Montgomery County Police,Injury Crash,04/07/2016 7:30,County,GRACE CHURCH RD,GEORGIA AVE,,N/A,PEDESTRIAN,STRAIGHT MOVEMENT ANGLE,RAINING,WET,DAWN,NO CONTROLS,NONE DETECTED,NONE DETECTED,4F633922-8438-4AE7-9370-764EDEFCF9D4,PEDESTRIAN,Cross/Enter at Intersection,OTHER,AT INTERSECTION BUT NO CROSSWALK,No,SUSPECTED MINOR INJURY,NONE,39.00518682,-77.03779578,"    (39.00518682, -77.03779578)"
MCP2637000X,16016717,Montgomery County Police,Injury Crash,04/06/2016 5:59,Maryland (State),FALLS RD,WOOTTON PKWY,,ROCKVILLE,PEDESTRIAN,OTHER,CLEAR,DRY,DARK NO LIGHTS,TRAFFIC SIGNAL,NONE DETECTED,NONE DETECTED,64F14083-39C8-4506-9AB7-0C68AE597AA3,PEDESTRIAN,Cross/Enter at Intersection,FAILURE TO OBEY TRAFFIC SIGNS SIGNALS OR OFFICER,ON ROADWAY NOT AT CROSSWALK,Yes,POSSIBLE INJURY,NONE,39.06994599,-77.16995358,"    (39.06994599, -77.16995358)"
MCP27080012,16016278,Montgomery County Police,Injury Crash,04/03/2016 15:58,Maryland (State),PINEY BRANCH RD,ENT TO APTS,,N/A,BICYCLIST,STRAIGHT MOVEMENT ANGLE,CLEAR,DRY,DAYLIGHT,NO CONTROLS,NONE DETECTED,NONE DETECTED,1FA2E4C8-2AB7-4D6E-8C76-C13BC2CC7EF3,BICYCLIST,Walking/Riding against Traffic,WRONG WAY RIDING OR WALKING,ON ROADWAY NOT AT CROSSWALK,Yes,POSSIBLE INJURY,NONE,38.99974863,-76.99305989,"    (38.99974863, -76.99305989)"
MCP2881001D,16016087,Montgomery County Police,Injury Crash,04/02/2016 12:53,County,CRYSTAL ROCK DR,GERMANTOWN RD,,N/A,PEDESTRIAN,OTHER,CLEAR,N/A,DAYLIGHT,TRAFFIC SIGNAL,N/A,N/A,9D260BB3-19D3-4DC4-B54C-A73097E68DC2,PEDESTRIAN,Cross/Enter at Intersection,NO IMPROPER ACTIONS,AT INTERSECTION MARKED CROSSWALK,No,POSSIBLE INJURY,NONE,39.17998167,-77.26487667,"    (39.17998167, -77.26487667)"
MCP2464000J,16015960,Montgomery County Police,Injury Crash,04/01/2016 17:24,County,DEMOCRACY BLVD,FERNWOOD RD,,N/A,BICYCLIST,STRAIGHT MOVEMENT ANGLE,CLEAR,DRY,DAYLIGHT,TRAFFIC SIGNAL,NONE DETECTED,NONE DETECTED,3878E335-34FC-4D8D-BACD-3EC374E7784D,BICYCLIST,Cross/Enter at Intersection,FAILURE TO YIELD RIGHT OF WAY,ON ROADWAY AT CROSSWALK,Yes,SUSPECTED MINOR INJURY,NONE,39.02188167,-77.1351,"    (39.02188167, -77.1351)"
MCP20940064,16015934,Montgomery County Police,Injury Crash,04/01/2016 15:28,County,WESTLAKE DR,LAKEVIEW DR,,N/A,PEDESTRIAN,OTHER,CLEAR,DRY,DAYLIGHT,OTHER,N/A,NONE DETECTED,83B01788-4F40-442E-9EB4-65FA6570F22D,PEDESTRIAN,Other,NO IMPROPER ACTIONS,ON ROADWAY AT CROSSWALK,No,SUSPECTED MINOR INJURY,NONE,39.02545833,-77.14909333,"    (39.02545833, -77.14909333)"
MCP29730017,16015925,Montgomery County Police,Injury Crash,04/01/2016 14:47,Maryland (State),VEIRS MILL RD,UNIVERSITY BLVD W,,N/A,PEDESTRIAN,SINGLE VEHICLE,CLEAR,DRY,DAYLIGHT,NO CONTROLS,NONE DETECTED,NONE DETECTED,ADDBFD5E-AABA-4B00-8E4A-AD3474884ACC,PEDESTRIAN,Cross/Enter not at Intersection,FAILURE TO YIELD RIGHT OF WAY,ON ROADWAY NOT AT CROSSWALK,Yes,POSSIBLE INJURY,NONE,39.04029881,-77.05611527,"    (39.04029881, -77.05611527)"
MCP2195000P,16015880,Montgomery County Police,Injury Crash,04/01/2016 9:50,County,SOUTHLAWN LA,E GUDE DR,,N/A,PEDESTRIAN,STRAIGHT MOVEMENT ANGLE,RAINING,WET,DAYLIGHT,PERSON,NONE DETECTED,NONE DETECTED,6FF96CB5-39BC-490F-ADE7-B58104D84751,PEDESTRIAN,Cross/Enter at Intersection,NO IMPROPER ACTIONS,AT INTERSECTION MARKED CROSSWALK,No,POSSIBLE INJURY,N/A,39.09779667,-77.13708167,"    (39.09779667, -77.13708167)"
MCP2110000S,16015611,Montgomery County Police,Injury Crash,03/30/2016 07:23:00 PM,County,SHADY GROVE RD,CRABBS BRANCH WAY,,N/A,PEDESTRIAN,SINGLE VEHICLE,CLEAR,DRY,DUSK,TRAFFIC SIGNAL,N/A,N/A,701C326B-F38A-44F2-ACD5-3E3E93AC74DF,PEDESTRIAN,Cross/Enter at Intersection,FAILURE TO OBEY TRAFFIC SIGNS SIGNALS OR OFFICER,ON ROADWAY AT CROSSWALK,Unknown,SUSPECTED MINOR INJURY,NONE,39.12895833,-77.167165,"    (39.12895833, -77.167165)"
MCP1573000V,16015612,MONTGOMERY,Injury Crash,03/30/2016 07:19:00 PM,Maryland (State),GEORGIA AVE,HATHAWAY DR,,N/A,PEDESTRIAN,SINGLE VEHICLE,CLEAR,DRY,DAYLIGHT,OTHER,NONE DETECTED,NONE DETECTED,5A95192B-31BD-4653-8E7D-83653A3DF5B6,PEDESTRIAN,Cross/Enter at Intersection,NO IMPROPER ACTIONS,AT INTERSECTION MARKED CROSSWALK,No,SUSPECTED MINOR INJURY,N/A,39.06708667,-77.06004333,"    (39.06708667, -77.06004333)"
MCP1475000Q,16015424,Montgomery County Police,Injury Crash,03/29/2016 06:00:00 PM,,,,PARKING LOT OF 9659 LOST KNIFE ROAD,,PEDESTRIAN,OTHER,CLEAR,,DAYLIGHT,N/A,NONE DETECTED,UNKNOWN,77D47AB4-2721-4792-B33C-A907F0BE2384,PEDESTRIAN,Cross/Enter not at Intersection,IN ROADWAY IMPROPERLY,ON ROADWAY NOT AT CROSSWALK,Yes,SUSPECTED MINOR INJURY,N/A,39.153467,-77.198422,"    (39.153467, -77.198422)"
MCP1475000Q,16015424,Montgomery County Police,Injury Crash,03/29/2016 06:00:00 PM,,,,PARKING LOT OF 9659 LOST KNIFE ROAD,,PEDESTRIAN,OTHER,CLEAR,,DAYLIGHT,N/A,NONE DETECTED,UNKNOWN,5B9D77E5-AA15-4692-8600-B4C466C77A47,PEDESTRIAN,Cross/Enter not at Intersection,IN ROADWAY IMPROPERLY,ON ROADWAY NOT AT CROSSWALK,Yes,SUSPECTED MINOR INJURY,N/A,39.153467,-77.198422,"    (39.153467, -77.198422)"
DD55930022,16015181,Rockville Police Departme,Injury Crash,03/28/2016 03:23:00 PM,Maryland (State),ROCKVILLE PIKE,EDMONSTON DR,,ROCKVILLE,BICYCLIST,ANGLE MEETS RIGHT TURN,SEVERE WINDS,DRY,DAYLIGHT,NO CONTROLS,NONE DETECTED,NONE DETECTED,767519DF-8A12-42C5-886C-AD555FA6430D,BICYCLIST,Cross/Enter at Intersection,NO IMPROPER ACTIONS,SIDEWALK,No,SUSPECTED MINOR INJURY,NONE,39.07397667,-77.13543333,"    (39.07397667, -77.13543333)"
MCP2682000H,16015156,Montgomery County Police,Injury Crash,03/28/2016 02:27:00 PM,County,WATKINS MILL RD,APPLE RIDGE RD,,N/A,BICYCLIST,HEAD ON,CLEAR,DRY,DAYLIGHT,TRAFFIC SIGNAL,NONE DETECTED,NONE DETECTED,4471D236-B436-4353-A16D-4FCC62E83CAD,BICYCLIST,Cross/Enter at Intersection,FAILURE TO OBEY TRAFFIC SIGNS SIGNALS OR OFFICER,ON ROADWAY AT CROSSWALK,Yes,SUSPECTED MINOR INJURY,NONE,39.184465,-77.21097167,"    (39.184465, -77.21097167)"
MCP2347000B,16015117,Montgomery County Police,Injury Crash,03/28/2016 09:44:00 AM,County,GRACEFIELD RD,CALVERTON BLVD,,N/A,PEDESTRIAN,OTHER,CLEAR,DRY,DAYLIGHT,STOP SIGN,N/A,NONE DETECTED,4CB5A2DD-5229-41D1-BE88-E5DC7A4BCE96,PEDESTRIAN,Cross/Enter at Intersection,DART DASH,AT INTERSECTION MARKED CROSSWALK,Yes,SUSPECTED MINOR INJURY,NONE,39.04097167,-76.98741333,"    (39.04097167, -76.98741333)"
DM8447000V,16015057,Takoma Park Police Depart,Injury Crash,03/27/2016 09:09:00 PM,Maryland (State),UNIVERSITY BLVD E,MERRIMAC DR,,TAKOMA PARK,PEDESTRIAN,STRAIGHT MOVEMENT ANGLE,RAINING,WET,DARK LIGHTS ON,NO CONTROLS,NONE DETECTED,UNKNOWN,5441A21A-CD0E-47EF-BCFA-6D67B8B2FDF0,PEDESTRIAN,Cross/Enter not at Intersection,UNKNOWN,ON ROADWAY NOT AT CROSSWALK,Yes,POSSIBLE INJURY,NONE,38.992718,-76.991393,"    (38.992718, -76.991393)"
MCP2986000K,16015043,Montgomery County Police,Injury Crash,03/27/2016 06:00:00 PM,County,E WAYNE AVE,FLOWER AVE,,N/A,OTHER,SINGLE VEHICLE,N/A,DRY,DUSK,NO CONTROLS,NONE DETECTED,NONE DETECTED,AD76393A-831F-4E8B-B70E-F7FBE63144CE,OTHER,N/A,NO IMPROPER ACTIONS,INSIDE BUILDING,No,NO APPARENT INJURY,NONE,39.00237833,-77.00699167,"    (39.00237833, -77.00699167)"
MCP0704000P,16014748,MONTGOMERY,Injury Crash,03/25/2016 05:04:00 PM,County,WAVERLY ST,MONTGOMERY AVE,,N/A,PEDESTRIAN,SINGLE VEHICLE,CLEAR,DRY,DAYLIGHT,TRAFFIC SIGNAL,NONE DETECTED,NONE DETECTED,D7BB9408-34FB-4200-909B-81691383A704,PEDESTRIAN,Cross/Enter at Intersection,NO IMPROPER ACTIONS,ON ROADWAY AT CROSSWALK,No,SUSPECTED MINOR INJURY,N/A,38.98379833,-77.093055,"    (38.98379833, -77.093055)"
MCP3007000N,16014539,Montgomery County Police,Injury Crash,03/24/2016 06:17:00 PM,County,ASPEN HILL RD,VEIRS MILL RD,,N/A,PEDESTRIAN,SINGLE VEHICLE,CLEAR,N/A,DAYLIGHT,TRAFFIC SIGNAL,NONE DETECTED,NONE DETECTED,58B8AA1E-E34F-49FA-ADC5-097C8F1337E5,PEDESTRIAN,Cross/Enter at Intersection,NO IMPROPER ACTIONS,N/A,No,POSSIBLE INJURY,NONE,39.06919632,-77.1048148,"    (39.06919632, -77.1048148)"
HA22900002,16000332,Maryland-National Capital,Injury Crash,03/24/2016 09:02:00 AM,County,KENSINGTON PKWY,BEACH DR,,N/A,BICYCLIST,STRAIGHT MOVEMENT ANGLE,CLEAR,DRY,DAYLIGHT,STOP SIGN,NONE DETECTED,NONE DETECTED,3E29C04B-E2BC-41A8-B4A0-272E98D9EF62,BICYCLIST,Cross/Enter at Intersection,FAILURE TO YIELD RIGHT OF WAY,AT INTERSECTION MARKED CROSSWALK,Yes,SUSPECTED MINOR INJURY,MC/BIKE HELMET,39.010214,-77.07392246,"    (39.010214, -77.07392246)"
EJ7851001F,16014440,Gaithersburg Police Depar,Injury Crash,03/24/2016 08:00:00 AM,Maryland (State),FREDERICK RD,DALAMAR ST,,GAITHERSBURG,PEDESTRIAN,OTHER,CLEAR,DRY,DAYLIGHT,N/A,NONE DETECTED,NONE DETECTED,A284AA65-5A49-41A6-A106-ACDCC31B9813,PEDESTRIAN,Cross/Enter at Intersection,NO IMPROPER ACTIONS,SIDEWALK,No,POSSIBLE INJURY,NONE,39.14614584,-77.20441461,"    (39.14614584, -77.20441461)"
MCP3008000F,16014307,MONTGOMERY,Injury Crash,03/23/2016 05:13:00 PM,US (State),GEORGIA AVE,BLAIR RD,,N/A,BICYCLIST,SAME DIR REAR END,CLEAR,DRY,DAYLIGHT,NO CONTROLS,NONE DETECTED,NONE DETECTED,07980B56-FC4B-4E52-89CE-D0E291747461,BICYCLIST,Walking/Riding w/Traffic,NO IMPROPER ACTIONS,SHOULDER,No,SUSPECTED MINOR INJURY,MC/BIKE HELMET,38.98898833,-77.02691667,"    (38.98898833, -77.02691667)"
MCP29780010,16014332,MONTGOMERY,Injury Crash,03/23/2016 11:45:00 AM,Maryland (State),ROCKVILLE PIKE,FIRST ST,,N/A,BICYCLIST,STRAIGHT MOVEMENT ANGLE,CLEAR,DRY,DAYLIGHT,STOP SIGN,UNKNOWN,NONE DETECTED,3AD24FDE-36B0-4BE9-904F-0ECF731E7499,BICYCLIST,Walking/Cycling on Sidewalk,NO IMPROPER ACTIONS,DRIVEWAY ACCESS MARKED CROSSWALK,No,SUSPECTED MINOR INJURY,UNKNOWN,39.07634285,-77.138502,"    (39.07634285, -77.138502)"
MCP11190029,16014195,Montgomery County Police,Injury Crash,03/23/2016 08:56:00 AM,,,,DRIVEWAY OF 12512 BARBARA RD,,PEDESTRIAN,OTHER,CLEAR,,DAYLIGHT,NO CONTROLS,NONE DETECTED,NONE DETECTED,F17984F7-2221-42EA-8402-C908E10A1F17,PEDESTRIAN,Walking/Cycling on Sidewalk,NO IMPROPER ACTIONS,SIDEWALK,No,SUSPECTED MINOR INJURY,NONE,39.06175167,-77.08125167,"    (39.06175167, -77.08125167)"
MCP1366004D,16014186,Montgomery County Police,Injury Crash,03/23/2016 07:52:00 AM,County,POSTOAK RD,MILBERN DR,,N/A,PEDESTRIAN,STRAIGHT MOVEMENT ANGLE,CLEAR,DRY,DAWN,STOP SIGN,NONE DETECTED,NONE DETECTED,30DE92F8-896F-4E46-A981-C98E2EC008EC,PEDESTRIAN,Cross/Enter at Intersection,NO IMPROPER ACTIONS,ON ROADWAY AT CROSSWALK,No,SUSPECTED SERIOUS INJURY,N/A,39.05091857,-77.17730284,"    (39.05091857, -77.17730284)"
MCP2508000C,16014050,MONTGOMERY,Injury Crash,03/22/2016 02:30:00 PM,,,,PARKING LOT OF 19840 CENTURY BLVD.,,PEDESTRIAN,OTHER,CLEAR,,DAYLIGHT,NO CONTROLS,NONE DETECTED,NONE DETECTED,52C05DB0-1E0C-4A41-A1D5-A97CF93A89E5,PEDESTRIAN,Cross/Enter not at Intersection,NO IMPROPER ACTIONS,ON ROADWAY NOT AT CROSSWALK,No,POSSIBLE INJURY,NONE,39.18159167,-77.26644667,"    (39.18159167, -77.26644667)"
MCP2875001R,16013916,MONTGOMERY,Injury Crash,03/21/2016 08:25:00 PM,County,CRYSTAL ROCK DR,MIDDLEBROOK RD,,N/A,PEDESTRIAN,OTHER,CLEAR,DRY,DARK LIGHTS ON,TRAFFIC SIGNAL,UNKNOWN,NONE DETECTED,1F2A83CA-EAF3-47CB-B4B6-2021AC110960,PEDESTRIAN,Cross/Enter at Intersection,NO IMPROPER ACTIONS,SIDEWALK,No,NO APPARENT INJURY,N/A,39.17714,-77.26406833,"    (39.17714, -77.26406833)"
MCP2875001R,16013916,MONTGOMERY,Injury Crash,03/21/2016 08:25:00 PM,County,CRYSTAL ROCK DR,MIDDLEBROOK RD,,N/A,PEDESTRIAN,OTHER,CLEAR,DRY,DARK LIGHTS ON,TRAFFIC SIGNAL,UNKNOWN,NONE DETECTED,788573A4-D25A-47D5-A48F-314E111B9102,PEDESTRIAN,Cross/Enter at Intersection,NO IMPROPER ACTIONS,SIDEWALK,No,SUSPECTED MINOR INJURY,N/A,39.17714,-77.26406833,"    (39.17714, -77.26406833)"