Report Number,Local Case Number,Agency Name,ACRS Report Type,Crash Date/Time,Route Type,Road Name,Cross-Street Name,Off-Road Description,Municipality,Related Non-Motorist,Collision Type,Weather,Surface Condition,Light,Traffic Control,Driver Substance Abuse,Non-Motorist Substance Abuse,Person ID,Pedestrian Type,Pedestrian Movement,Pedestrian Actions,Pedestrian Location,At Fault,Injury Severity,Safety Equipment,Latitude,Longitude,Location
EJ7833001K,15065800,Gaithersburg Police Depar,Injury Crash,12/23/2015 05:20:00 PM,Municipality,CHESTERTOWN ST,TSCHIFFELY SQUARE RD,,GAITHERSBURG,PEDESTRIAN,OTHER,CLOUDY,WET,DARK LIGHTS ON,NO CONTROLS,NONE DETECTED,NONE DETECTED,F814F2D7-40B0-4564-BF8F-82264EFC4CB6,PEDESTRIAN,Cross/Enter at Intersection,NOT VISIBLE,ON ROADWAY AT CROSSWALK,No,SUSPECTED MINOR INJURY,NONE,39.12399333,-77.24435667,"    (39.12399333, -77.24435667)"
MCP2531000C,15065793,MONTGOMERY,Injury Crash,12/23/2015 05:00:00 PM,Municipality,WASHINGTONIAN BLVD,RIO BLVD,,GAITHERSBURG,PEDESTRIAN,SINGLE VEHICLE,RAINING,WET,DARK -- UNKNOWN LIGHTING,YIELD SIGN,N/A,N/A,AFBFC24B-E0FC-4FD0-8591-AF34BFE7E5FB,PEDESTRIAN,Cross/Enter at Intersection,NO IMPROPER ACTIONS,AT INTERSECTION MARKED CROSSWALK,No,SUSPECTED SERIOUS INJURY,NONE,39.116915,-77.20144,"    (39.116915, -77.20144)"
DD5616000K,15065670,ROCKVILLE,Injury Crash,12/23/2015 07:20:00 AM,Municipality,MONROE PL,ROCKVILLE PIKE,,N/A,PEDESTRIAN,N/A,FOGGY,WET,DAWN,TRAFFIC SIGNAL,NONE DETECTED,NONE DETECTED,8317457E-E69A-4421-930F-A67503F477C7,PEDESTRIAN,Cross/Enter at Intersection,NO IMPROPER ACTIONS,AT INTERSECTION MARKED CROSSWALK,No,POSSIBLE INJURY,N/A,39.08353863,-77.14712262,"    (39.08353863, -77.14712262)"
MCP2565002G,15065549,Montgomery County Police,Injury Crash,12/22/2015 05:15:00 PM,Maryland (State),OLD GEORGETOWN RD,TILDEN LA,,N/A,PEDESTRIAN,SINGLE VEHICLE,RAINING,WET,DARK LIGHTS ON,TRAFFIC SIGNAL,NONE DETECTED,NONE DETECTED,3FE115DE-8FB9-4197-9979-66DF6C3522A0,PEDESTRIAN,Cross/Enter at Intersection,NO IMPROPER ACTIONS,AT INTERSECTION MARKED CROSSWALK,No,SUSPECTED MINOR INJURY,NONE,39.04474491,-77.12067738,"    (39.04474491, -77.12067738)"
MCP2378000K,15065374,MONTGOMERY,Injury Crash,12/21/2015 09:35:00 PM,,,,"PARKING LOT OF 11509 AMHERST AVENUE WHEATON, MD",,PEDESTRIAN,SINGLE VEHICLE,CLEAR,,DARK LIGHTS ON,N/A,NONE DETECTED,NONE DETECTED,3460A41A-23E5-41E3-9039-57A918DD1B97,PEDESTRIAN,Standing,UNKNOWN,OTHER,No,SUSPECTED MINOR INJURY,N/A,38.99006,-77.09686667,"    (38.99006, -77.09686667)"
MCP2909000W,15065349,Montgomery County Police,Injury Crash,12/21/2015 06:46:00 PM,County,EDGEMOOR LA,ARLINGTON RD,,N/A,PEDESTRIAN,OTHER,CLEAR,DRY,DARK LIGHTS ON,TRAFFIC SIGNAL,NONE DETECTED,NONE DETECTED,68DA21B4-2489-47F9-A979-B92196F4E3D0,PEDESTRIAN,Cross/Enter at Intersection,NO IMPROPER ACTIONS,AT INTERSECTION MARKED CROSSWALK,No,SUSPECTED MINOR INJURY,NONE,38.98720167,-77.09895667,"    (38.98720167, -77.09895667)"
MCP2864001H,15065163,MONTGOMERY,Injury Crash,12/20/2015 07:34:00 PM,Maryland (State),ROCKVILLE PIKE,HALPINE RD,,ROCKVILLE,PEDESTRIAN,OTHER,CLEAR,DRY,DARK LIGHTS ON,TRAFFIC SIGNAL,NONE DETECTED,NONE DETECTED,E8D5A850-15C1-405B-9CD7-7EDFA294EAC3,PEDESTRIAN,Cross/Enter at Intersection,NO IMPROPER ACTIONS,ON ROADWAY AT CROSSWALK,No,SUSPECTED MINOR INJURY,NONE,39.06229667,-77.1241,"    (39.06229667, -77.1241)"
MCP2864001H,15065163,MONTGOMERY,Injury Crash,12/20/2015 07:34:00 PM,Maryland (State),ROCKVILLE PIKE,HALPINE RD,,ROCKVILLE,PEDESTRIAN,OTHER,CLEAR,DRY,DARK LIGHTS ON,TRAFFIC SIGNAL,NONE DETECTED,NONE DETECTED,BF054CA2-1D26-4BCB-9979-5E6267597CA0,PEDESTRIAN,Cross/Enter at Intersection,NO IMPROPER ACTIONS,ON ROADWAY AT CROSSWALK,No,SUSPECTED MINOR INJURY,NONE,39.06229667,-77.1241,"    (39.06229667, -77.1241)"
MCP2812001S,15064832,Montgomery County Police,Injury Crash,12/18/2015 11:40:00 PM,Maryland (State),GEORGIA AVE,SPRING ST,,N/A,PEDESTRIAN,SINGLE VEHICLE,CLEAR,DRY,DARK LIGHTS ON,TRAFFIC SIGNAL,N/A,N/A,EA145D40-83EC-4E85-A363-91A17B1DA7E5,PEDESTRIAN,Cross/Enter at Intersection,DART DASH,ON ROADWAY AT CROSSWALK,Unknown,SUSPECTED MINOR INJURY,N/A,38.99944794,-77.03172594,"    (38.99944794, -77.03172594)"
MCP25630009,15064811,MONTGOMERY,Injury Crash,12/18/2015 07:09:00 PM,County,E RANDOLPH RD,SERPENTINE WAY,,N/A,PEDESTRIAN,SINGLE VEHICLE,CLEAR,DRY,DARK LIGHTS ON,TRAFFIC SIGNAL,NONE DETECTED,UNKNOWN,32215F20-D5E7-4FC6-A6F3-2A5F44713AD0,PEDESTRIAN,Unknown,UNKNOWN,ON ROADWAY NOT AT CROSSWALK,Unknown,SUSPECTED SERIOUS INJURY,NONE,39.06437221,-76.96906283,"    (39.06437221, -76.96906283)"
MCP2961000V,15064766,MONTGOMERY,Injury Crash,12/18/2015 05:00:00 PM,Maryland (State),CONNECTICUT AVE,RANDOLPH RD,,N/A,PEDESTRIAN,SINGLE VEHICLE,N/A,DRY,DARK LIGHTS ON,NO CONTROLS,N/A,N/A,63B84238-CCF9-4925-982C-15C5E8FD96E9,PEDESTRIAN,Cross/Enter at Intersection,FAILURE TO YIELD RIGHT OF WAY,ON ROADWAY NOT AT CROSSWALK,Unknown,SUSPECTED MINOR INJURY,NONE,39.0565611,-77.07360595,"    (39.0565611, -77.07360595)"
EJ7829001T,54142,GAITHERSBURG,Injury Crash,12/18/2015 03:54:00 PM,,,,PARKING LOT OF GAITHERSURG ELEMENTARY SCHOOL 35 N. SUMMIT AVE,,PEDESTRIAN,SINGLE VEHICLE,CLOUDY,,DAYLIGHT,N/A,NONE DETECTED,N/A,E3792BD0-C4E3-4659-81E4-3AA303C4012E,PEDESTRIAN,Cross/Enter not at Intersection,DART DASH,ON ROADWAY NOT AT CROSSWALK,Yes,POSSIBLE INJURY,NONE,39.14419047,-77.19281673,"    (39.14419047, -77.19281673)"
EJ78520018,15064548,GAITHERSBURG,Injury Crash,12/17/2015 06:36:00 PM,Municipality,BOOTH ST,KENTLANDS BLVD,,GAITHERSBURG,PEDESTRIAN,HEAD ON LEFT TURN,FOGGY,WET,DARK LIGHTS ON,STOP SIGN,NONE DETECTED,NONE DETECTED,1F5EACAB-907B-4C5D-8204-5C438E54178E,PEDESTRIAN,Cross/Enter at Intersection,UNKNOWN,UNKNOWN,Unknown,POSSIBLE INJURY,NONE,39.12469833,-77.24017833,"    (39.12469833, -77.24017833)"
MCP2740001H,15064496,MONTGOMERY,Injury Crash,12/17/2015 03:35:00 PM,County,BUCKINGHAM DR,UNIVERSITY BLVD E,,N/A,PEDESTRIAN,OTHER,RAINING,WET,DAYLIGHT,TRAFFIC SIGNAL,NONE DETECTED,NONE DETECTED,3F588D77-9AE9-4563-AF86-604A5E3066CD,PEDESTRIAN,Cross/Enter at Intersection,NO IMPROPER ACTIONS,ON ROADWAY AT CROSSWALK,No,SUSPECTED MINOR INJURY,NONE,39.00629462,-76.99746877,"    (39.00629462, -76.99746877)"
MCP2818001H,15063888,MONTGOMERY,Injury Crash,12/14/2015 05:20:00 PM,Maryland (State),GEORGIA AVE,CAMERON ST,,N/A,PEDESTRIAN,N/A,RAINING,WET,DARK NO LIGHTS,TRAFFIC SIGNAL,UNKNOWN,NONE DETECTED,14582517-2166-4199-AFA6-6D30E9185F65,PEDESTRIAN,Cross/Enter at Intersection,NO IMPROPER ACTIONS,AT INTERSECTION MARKED CROSSWALK,No,SUSPECTED MINOR INJURY,N/A,38.99755333,-77.02970333,"    (38.99755333, -77.02970333)"
MCP2246000S,15063900,MONTGOMERY,Injury Crash,12/14/2015 05:10:00 PM,County,SPRING ST,SECOND AVE,,N/A,PEDESTRIAN,OTHER,RAINING,WET,DARK LIGHTS ON,TRAFFIC SIGNAL,NONE DETECTED,NONE DETECTED,F8AF28FE-D37C-467E-B4ED-C07429B68266,PEDESTRIAN,Cross/Enter at Intersection,NO IMPROPER ACTIONS,ON ROADWAY AT CROSSWALK,No,SUSPECTED MINOR INJURY,NONE,38.99112833,-77.027345,"    (38.99112833, -77.027345)"
MCP2861001K,15063868,MONTGOMERY,Injury Crash,12/14/2015 03:30:00 PM,County,BULLS RUN PKWY,ADELAIDE DR,,N/A,"BICYCLIST, OTHER",STRAIGHT MOVEMENT ANGLE,CLEAR,DRY,DAYLIGHT,NO CONTROLS,NONE DETECTED,NONE DETECTED,2B50DEDF-457C-42C8-9A0D-779334516E20,BICYCLIST,Cross/Enter at Intersection,DART DASH,AT INTERSECTION BUT NO CROSSWALK,Yes,POSSIBLE INJURY,MC/BIKE HELMET,39.00966378,-77.12620139,"    (39.00966378, -77.12620139)"
MCP2861001K,15063868,MONTGOMERY,Injury Crash,12/14/2015 03:30:00 PM,County,BULLS RUN PKWY,ADELAIDE DR,,N/A,"BICYCLIST, OTHER",STRAIGHT MOVEMENT ANGLE,CLEAR,DRY,DAYLIGHT,NO CONTROLS,NONE DETECTED,NONE DETECTED,4328BEC6-CF99-43B2-9470-0B2E77B6BEBC,OTHER,Other,OTHER,OTHER,No,NO APPARENT INJURY,OTHER,39.00966378,-77.12620139,"    (39.00966378, -77.12620139)"
MCP2937001J,15063824,Montgomery County Police,Injury Crash,12/14/2015 10:32:00 AM,County,BLACKBURN RD,CUL DE SAC,,N/A,PEDESTRIAN,SINGLE VEHICLE,N/A,DRY,DAYLIGHT,NO CONTROLS,NONE DETECTED,NONE DETECTED,18393E1A-62CC-40F3-A1C4-ADE27F337B22,PEDESTRIAN,Cross/Enter not at Intersection,FAILURE TO YIELD RIGHT OF WAY,ON ROADWAY NOT AT CROSSWALK,Yes,POSSIBLE INJURY,NONE,39.09888966,-76.92820072,"    (39.09888966, -76.92820072)"
MCP2363000M,15063599,Montgomery County Police,Fatal Crash,12/12/2015 18:54,County,E GUDE DR,SOUTHLAWN LA,,N/A,BICYCLIST,STRAIGHT MOVEMENT ANGLE,CLEAR,DRY,DARK LIGHTS ON,TRAFFIC SIGNAL,NONE DETECTED,ALCOHOL PRESENT,BC2ACF21-39F0-44D4-A3A5-EE5F0C7898D6,BICYCLIST,Cross/Enter at Intersection,IN ROADWAY IMPROPERLY,AT INTERSECTION MARKED CROSSWALK,Yes,FATAL INJURY,NONE,39.09762823,-77.13656545,"    (39.09762823, -77.13656545)"
MCP2633000R,15063411,MONTGOMERY,Injury Crash,12/11/2015 20:54,Maryland (State),WOODFIELD RD,MUNCASTER MILL RD,,N/A,PEDESTRIAN,SINGLE VEHICLE,CLEAR,DRY,DARK -- UNKNOWN LIGHTING,NO CONTROLS,NONE DETECTED,ALCOHOL PRESENT,786AE399-3FF2-470F-9518-57E3189AA23D,PEDESTRIAN,Cross/Enter not at Intersection,IN ROADWAY IMPROPERLY,ON ROADWAY NOT AT CROSSWALK,Yes,POSSIBLE INJURY,NONE,39.16014333,-77.15950333,"    (39.16014333, -77.15950333)"
EJ7829001R,15063391,GAITHERSBURG,Injury Crash,12/11/2015 18:50,Municipality,W DEER PARK RD,DUVALL LA,,GAITHERSBURG,PEDESTRIAN,SINGLE VEHICLE,CLEAR,DRY,DARK LIGHTS ON,STOP SIGN,NONE DETECTED,NONE DETECTED,F7888C59-A21D-404F-9A30-868A47C1F47B,PEDESTRIAN,Cross/Enter at Intersection,IN ROADWAY IMPROPERLY,AT INTERSECTION BUT NO CROSSWALK,Yes,SUSPECTED MINOR INJURY,N/A,39.12748,-77.19744,"    (39.12748, -77.19744)"
MCP9130001W,15063278,MONTGOMERY,Injury Crash,12/11/2015 6:03,County,OAKVIEW DR,NEW HAMPSHIRE AVE,,N/A,PEDESTRIAN,SINGLE VEHICLE,CLEAR,DRY,DARK LIGHTS ON,TRAFFIC SIGNAL,NONE DETECTED,NONE DETECTED,C045DEB2-0DD3-485E-AB05-D849DF201A52,PEDESTRIAN,Cross/Enter at Intersection,NO IMPROPER ACTIONS,AT INTERSECTION MARKED CROSSWALK,No,POSSIBLE INJURY,NONE,39.01544924,-76.97772503,"    (39.01544924, -76.97772503)"
MCP2008001R,15063186,MONTGOMERY,Injury Crash,12/10/2015 18:35,Maryland (State),ROCKVILLE PIKE,SPUR TO MD 547,,N/A,PEDESTRIAN,OTHER,CLEAR,DRY,DARK LIGHTS ON,N/A,NONE DETECTED,NONE DETECTED,5C2F5472-3D85-4BB0-B469-DDAA20769EB9,PEDESTRIAN,Cross/Enter at Intersection,NO IMPROPER ACTIONS,AT INTERSECTION MARKED CROSSWALK,No,POSSIBLE INJURY,N/A,39.03442667,-77.106525,"    (39.03442667, -77.106525)"
DD5502001V,15063161,ROCKVILLE,Injury Crash,12/10/2015 17:19,Maryland (State),ROCKVILLE PIKE,RICHARD MONTGOMERY DR,,ROCKVILLE,PEDESTRIAN,ANGLE MEETS RIGHT TURN,CLEAR,DRY,DARK LIGHTS ON,OTHER,NONE DETECTED,NONE DETECTED,6DD461F8-A64E-4F9D-B807-21B1AAC1824B,PEDESTRIAN,Walking/Cycling on Sidewalk,NO IMPROPER ACTIONS,SIDEWALK,No,SUSPECTED MINOR INJURY,N/A,39.08007667,-77.144365,"    (39.08007667, -77.144365)"
MCP27520015,15062939,MONTGOMERY,Injury Crash,12/09/2015 18:28,County,BROOKDALE RD,RIVER RD,,N/A,BICYCLIST,STRAIGHT MOVEMENT ANGLE,CLEAR,DRY,DARK LIGHTS ON,STOP SIGN,NONE DETECTED,NONE DETECTED,6A04F885-D91A-4972-ADA2-DC8E1760D21E,BICYCLIST,Cross/Enter at Intersection,NO IMPROPER ACTIONS,SIDEWALK,No,SUSPECTED MINOR INJURY,MC/BIKE HELMET,38.96303167,-77.09431667,"    (38.96303167, -77.09431667)"
MCP2973000Y,15062871,MONTGOMERY,Injury Crash,12/09/2015 14:20,County,ASPEN HILL RD,CONNECTICUT AVE,,N/A,PEDESTRIAN,OTHER,CLOUDY,DRY,DAYLIGHT,OTHER,NONE DETECTED,NONE DETECTED,84E722CA-5700-4216-87B0-7C9714E1C7C5,PEDESTRIAN,Cross/Enter at Intersection,NO IMPROPER ACTIONS,ON ROADWAY AT CROSSWALK,No,POSSIBLE INJURY,NONE,39.08028854,-77.07865119,"    (39.08028854, -77.07865119)"
MCP1580004X,15062796,MONTGOMERY,Injury Crash,12/09/2015 6:37,County,GAITHER RD,SHADY GROVE RD,,N/A,PEDESTRIAN,OTHER,N/A,DRY,DARK LIGHTS ON,TRAFFIC SIGNAL,NONE DETECTED,UNKNOWN,F7C502CF-9CE1-40B0-9186-5614EACFAD09,PEDESTRIAN,Cross/Enter at Intersection,NO IMPROPER ACTIONS,AT INTERSECTION MARKED CROSSWALK,No,POSSIBLE INJURY,N/A,39.11731,-77.18363667,"    (39.11731, -77.18363667)"
MCP2933000S,15062717,MONTGOMERY,Injury Crash,12/08/2015 15:00,County,WHITTIER BLVD,LANDON LA,,N/A,PEDESTRIAN,OTHER,CLEAR,DRY,DAYLIGHT,STOP SIGN,N/A,NONE DETECTED,E5D1741E-AB16-4726-983F-0AFBFE3C118A,PEDESTRIAN,Cross/Enter at Intersection,NO IMPROPER ACTIONS,AT INTERSECTION MARKED CROSSWALK,No,SUSPECTED MINOR INJURY,N/A,38.98529965,-77.12677002,"    (38.98529965, -77.12677002)"
MCP29690019,15062641,MONTGOMERY,Injury Crash,12/08/2015 10:30,County,AMHERST AVE,REEDIE DR,,N/A,PEDESTRIAN,OTHER,CLEAR,DRY,DAYLIGHT,STOP SIGN,UNKNOWN,NONE DETECTED,B2EB067D-2E82-449B-A8E0-38A327B4DC35,PEDESTRIAN,Cross/Enter at Intersection,NO IMPROPER ACTIONS,ON ROADWAY AT CROSSWALK,No,SUSPECTED MINOR INJURY,NONE,39.03945667,-77.04855333,"    (39.03945667, -77.04855333)"
MCP2244000R,15062552,MONTGOMERY,Injury Crash,12/07/2015 19:00,County,TIMBERWOOD AVE,SUTHERLAND RD,,N/A,PEDESTRIAN,OTHER,CLEAR,DRY,DARK NO LIGHTS,NO CONTROLS,NONE DETECTED,NONE DETECTED,401FD56A-FFCE-4A78-8586-15572C6D821E,PEDESTRIAN,Cross/Enter at Intersection,NO IMPROPER ACTIONS,ON ROADWAY AT CROSSWALK,No,SUSPECTED MINOR INJURY,NONE,39.02183436,-77.01278687,"    (39.02183436, -77.01278687)"
MCP2960000S,15062441,Montgomery County Police,Injury Crash,12/07/2015 9:59,,TWIN BRANCHES DRIVE,BASSET LANE,,N/A,PEDESTRIAN,OTHER,CLEAR,DRY,DAYLIGHT,NO CONTROLS,NONE DETECTED,NONE DETECTED,01E53812-006A-4B2E-8323-59C1AC0D6055,PEDESTRIAN,Cross/Enter at Intersection,UNKNOWN,ON ROADWAY NOT AT CROSSWALK,Yes,POSSIBLE INJURY,NONE,39.10870333,-77.07305833,"    (39.10870333, -77.07305833)"
MCP29340018,15062319,MONTGOMERY,Injury Crash,12/06/2015 12:30,Maryland (State),WISCONSIN AVE,BRADLEY LA,,N/A,PEDESTRIAN,OTHER,CLEAR,DRY,DAYLIGHT,TRAFFIC SIGNAL,NONE DETECTED,NONE DETECTED,06CAC865-308A-4F07-B3BB-A6CD9FCEDD45,PEDESTRIAN,Cross/Enter at Intersection,NO IMPROPER ACTIONS,AT INTERSECTION MARKED CROSSWALK,No,POSSIBLE INJURY,NONE,38.97686667,-77.09065,"    (38.97686667, -77.09065)"
MCP29340017,15062309,MONTGOMERY,Injury Crash,12/06/2015 11:40,County,MACARTHUR BLVD,WILSON LA,,N/A,BICYCLIST,OTHER,CLEAR,DRY,DAYLIGHT,NO CONTROLS,NONE DETECTED,NONE DETECTED,BC06799B-20C3-460D-929C-A764C619F901,BICYCLIST,Walking/Riding w/Traffic,NO IMPROPER ACTIONS,SHOULDER,No,POSSIBLE INJURY,MC/BIKE HELMET,38.972745,-77.14698667,"    (38.972745, -77.14698667)"
MCP2825000M,15062229,MONTGOMERY,Injury Crash,12/05/2015 22:34,Maryland (State),GEORGIA AVE,PLYERS MILL RD,,N/A,PEDESTRIAN,OTHER,CLEAR,DRY,DARK LIGHTS ON,TRAFFIC SIGNAL,NONE DETECTED,NONE DETECTED,4B0651D8-73E8-4E5F-86FA-2E51FBFE318E,PEDESTRIAN,Cross/Enter at Intersection,NO IMPROPER ACTIONS,ON ROADWAY AT CROSSWALK,No,SUSPECTED MINOR INJURY,N/A,39.03007749,-77.04779506,"    (39.03007749, -77.04779506)"
MCP2635002K,15062211,MONTGOMERY,Injury Crash,12/05/2015 20:11,County,OLD BALTIMORE RD,COVERED WAGON WAY,,N/A,PEDESTRIAN,SINGLE VEHICLE,CLEAR,DRY,DARK LIGHTS ON,NO CONTROLS,N/A,ALCOHOL CONTRIBUTED,E394E13E-4743-45CC-B7C2-257386EDF7E2,PEDESTRIAN,Walking/Riding w/Traffic,UNKNOWN,ON ROADWAY NOT AT CROSSWALK,Yes,SUSPECTED MINOR INJURY,NONE,39.13942667,-77.06134167,"    (39.13942667, -77.06134167)"
MCP2789001X,15062188,MONTGOMERY,Property Damage Crash,12/05/2015 17:45,US (State),COLESVILLE RD,DALE DR,,N/A,PEDESTRIAN,SINGLE VEHICLE,N/A,DRY,DARK LIGHTS ON,TRAFFIC SIGNAL,N/A,N/A,DFDAD423-87DB-4882-9DF9-EEB2CC8707C1,PEDESTRIAN,Cross/Enter at Intersection,NO IMPROPER ACTIONS,ON ROADWAY AT CROSSWALK,No,NO APPARENT INJURY,NONE,39.00511833,-77.02262,"    (39.00511833, -77.02262)"
MCP2611000Z,15062006,MONTGOMERY,Injury Crash,12/04/2015 17:00,US (State),COLUMBIA PIKE,TECH RD,,N/A,BICYCLIST,STRAIGHT MOVEMENT ANGLE,CLEAR,DRY,DARK LIGHTS ON,TRAFFIC SIGNAL,NONE DETECTED,NONE DETECTED,A7BB529C-783B-499E-9D7A-35F48D93B653,BICYCLIST,Cross/Enter at Intersection,FAILURE TO OBEY TRAFFIC SIGNS SIGNALS OR OFFICER,ON ROADWAY NOT AT CROSSWALK,Yes,POSSIBLE INJURY,NONE,39.05772538,-76.96849823,"    (39.05772538, -76.96849823)"
MCP1575003J,15061927,MONTGOMERY,Injury Crash,12/04/2015 10:16,County,SHADY GROVE RD,TRAVILLE  GATEWAY DR,,N/A,PEDESTRIAN,OTHER,N/A,DRY,DAYLIGHT,TRAFFIC SIGNAL,NONE DETECTED,NONE DETECTED,ED59A379-0930-455E-A395-66ACA65A31D3,PEDESTRIAN,Cross/Enter at Intersection,IN ROADWAY IMPROPERLY,ON ROADWAY AT CROSSWALK,Yes,SUSPECTED SERIOUS INJURY,NONE,39.09114667,-77.20452833,"    (39.09114667, -77.20452833)"
MCP1301000H,15061863,MONTGOMERY,Injury Crash,12/03/2015 21:47,Maryland (State),ROCKVILLE PIKE,EDMONSTON DR,,ROCKVILLE,PEDESTRIAN,SAME DIRECTION SIDESWIPE,CLEAR,DRY,DARK LIGHTS ON,N/A,ALCOHOL PRESENT,N/A,86C13B3E-6898-4CC8-89A9-78CE341A4C49,PEDESTRIAN,Other Working,NO IMPROPER ACTIONS,OTHER,No,SUSPECTED SERIOUS INJURY,REFLECTIVE CLOTHING,39.0777754,-77.13333607,"    (39.0777754, -77.13333607)"
MCP0685001R,15061744,MONTGOMERY,Injury Crash,12/03/2015 12:55,County,BOU AVE,ROCKVILLE PIKE,,N/A,PEDESTRIAN,SINGLE VEHICLE,N/A,DRY,DAYLIGHT,N/A,NONE DETECTED,NONE DETECTED,5D3E17B8-2F62-4076-A476-EAA8270C4A37,PEDESTRIAN,Cross/Enter not at Intersection,IN ROADWAY IMPROPERLY,ON ROADWAY NOT AT CROSSWALK,Yes,POSSIBLE INJURY,N/A,39.05630075,-77.11891651,"    (39.05630075, -77.11891651)"
MCP0539001Y,15061690,MONTGOMERY,Injury Crash,12/03/2015 8:28,County,BEL PRE RD,GRAND PRE RD,,N/A,PEDESTRIAN,SINGLE VEHICLE,CLEAR,DRY,DAYLIGHT,NO CONTROLS,NONE DETECTED,NONE DETECTED,992B7C72-4677-4D02-9E91-DFF48F738A56,PEDESTRIAN,Other,NO IMPROPER ACTIONS,ON ROADWAY AT CROSSWALK,No,SUSPECTED SERIOUS INJURY,NONE,39.09335667,-77.07518167,"    (39.09335667, -77.07518167)"
MCP2182000D,15061921,MONTGOMERY,Injury Crash,12/03/2015 7:30,,,,"Rear parking lot of Sherwood High School
300 Olney Sandy Spring Rd. Olney, MD 20860",,PEDESTRIAN,SINGLE VEHICLE,CLEAR,,DAYLIGHT,N/A,NONE DETECTED,NONE DETECTED,0F5F17EB-81A4-476A-9B08-845FB9C85A73,PEDESTRIAN,Playing,OTHER,CURB,No,SUSPECTED MINOR INJURY,N/A,39.04169,-77.05867833,"    (39.04169, -77.05867833)"
MCP2676001Q,15061648,MONTGOMERY,Injury Crash,12/02/2015 22:44,County,MIDCOUNTY HWY,WOODFIELD RD,,N/A,PEDESTRIAN,OTHER,N/A,DRY,DARK NO LIGHTS,NO CONTROLS,N/A,N/A,D62B14F8-463B-4614-BC02-0AF98F52E704,PEDESTRIAN,Other,DART DASH,OTHER,Yes,SUSPECTED MINOR INJURY,NONE,39.15505667,-77.18051076,"    (39.15505667, -77.18051076)"
MCP2767001L,15061598,MONTGOMERY,Injury Crash,12/02/2015 19:20,,,,"In parking lot of Target store @ 11160 Veirs Mill Road, Wheaton MD 20902, Westfield Shopping Plaza.",,PEDESTRIAN,SINGLE VEHICLE,RAINING,,DARK LIGHTS ON,NO CONTROLS,NONE DETECTED,NONE DETECTED,1212E1EE-7839-4C3F-8846-51DEBEC33A63,PEDESTRIAN,Cross/Enter at Intersection,FAILURE TO YIELD RIGHT OF WAY,OUTSIDE RIGHT OF WAY,Yes,SUSPECTED MINOR INJURY,N/A,39.03631,-77.056795,"    (39.03631, -77.056795)"
DD5582000S,15061597,ROCKVILLE,Injury Crash,12/02/2015 18:43,Other Public Roadway,MARYLAND AVE,BEALL AVE #2,,ROCKVILLE,PEDESTRIAN,OTHER,RAINING,WET,DARK LIGHTS ON,N/A,NONE DETECTED,NONE DETECTED,D7787508-2E8F-4144-9F96-CA8F3C3F6B63,PEDESTRIAN,Cross/Enter at Intersection,NO IMPROPER ACTIONS,AT INTERSECTION MARKED CROSSWALK,No,SUSPECTED MINOR INJURY,N/A,39.08703333,-77.15138333,"    (39.08703333, -77.15138333)"
MCP2617001D,15061577,Montgomery County Police,Injury Crash,12/02/2015 17:34,County,OLD GEORGETOWN RD,ROCKVILLE PIKE,,N/A,PEDESTRIAN,OTHER,RAINING,WET,DARK LIGHTS ON,NO CONTROLS,NONE DETECTED,NONE DETECTED,0378A0C3-C3A4-41A2-BFC9-287D1B6597CB,PEDESTRIAN,Cross/Enter not at Intersection,NO IMPROPER ACTIONS,AT INTERSECTION BUT NO CROSSWALK,No,SUSPECTED SERIOUS INJURY,NONE,39.04984,-77.11290333,"    (39.04984, -77.11290333)"
MCP29420019,15061579,MONTGOMERY,Injury Crash,12/02/2015 17:20,Maryland (State),WISCONSIN AVE,BRADLEY LA,,N/A,BICYCLIST,STRAIGHT MOVEMENT ANGLE,FOGGY,WET,DARK LIGHTS ON,TRAFFIC SIGNAL,NONE DETECTED,NONE DETECTED,6CB45660-2F5C-4EA5-9324-9EA5046B5A55,BICYCLIST,Walking/Riding w/Traffic,FAILURE TO YIELD RIGHT OF WAY,ON ROADWAY NOT AT CROSSWALK,Yes,SUSPECTED MINOR INJURY,MC/BIKE HELMET,38.97717641,-77.09067822,"    (38.97717641, -77.09067822)"
MCP2975000W,15061429,MONTGOMERY,Injury Crash,12/01/2015 21:05,County,HARBOUR TOWN DR,HILTON HEAD CT,,N/A,PEDESTRIAN,OTHER,CLOUDY,WET,DARK LIGHTS ON,OTHER,NONE DETECTED,NONE DETECTED,7358FECB-5C03-49EA-9711-78AC9F0F6A61,PEDESTRIAN,Walking/Cycling on Sidewalk,NO IMPROPER ACTIONS,SIDEWALK,No,SUSPECTED MINOR INJURY,NONE,39.130925,-77.00749833,"    (39.130925, -77.00749833)"
MCP0251000T,15061391,MONTGOMERY,Injury Crash,12/01/2015 11:00,,,,"parking lot of 951 N. Frederick Rd. Gaithersburg,  Md. 20879",,PEDESTRIAN,SINGLE VEHICLE,UNKNOWN,,DAYLIGHT,N/A,UNKNOWN,UNKNOWN,BD53182E-F203-48A7-8CFA-5DE6D71820BD,PEDESTRIAN,Standing,NO IMPROPER ACTIONS,OTHER,No,POSSIBLE INJURY,NONE,39.155988,-77.215948,"    (39.155988, -77.215948)"
MCP26080016,15061219,MONTGOMERY,Injury Crash,11/30/2015 09:00:00 PM,County,FENTON ST,WAYNE AVE,,N/A,PEDESTRIAN,STRAIGHT MOVEMENT ANGLE,RAINING,WET,DARK LIGHTS ON,TRAFFIC SIGNAL,NONE DETECTED,NONE DETECTED,8B288893-493E-40F7-80F4-414D4BEF8D00,PEDESTRIAN,Cross/Enter at Intersection,NO IMPROPER ACTIONS,ON ROADWAY AT CROSSWALK,No,POSSIBLE INJURY,NONE,38.99559333,-77.024345,"    (38.99559333, -77.024345)"
MCP2388000L,15061167,MONTGOMERY,Injury Crash,11/30/2015 05:10:00 PM,County,YELLOWSTONE WAY,REDLAND RD,,N/A,PEDESTRIAN,OTHER,RAINING,WET,DARK LIGHTS ON,STOP SIGN,NONE DETECTED,NONE DETECTED,567A7518-339B-480E-B0B6-BBBC3E085D7F,PEDESTRIAN,Cross/Enter at Intersection,NO IMPROPER ACTIONS,AT INTERSECTION BUT NO CROSSWALK,No,POSSIBLE INJURY,NONE,39.11927667,-77.16090667,"    (39.11927667, -77.16090667)"
MCP2493000Q,15061008,MONTGOMERY,Injury Crash,11/29/2015 07:54:00 PM,Maryland (State),FREDERICK RD,MIDDLEBROOK RD,,N/A,PEDESTRIAN,OTHER,CLEAR,DRY,DARK NO LIGHTS,NO CONTROLS,NONE DETECTED,UNKNOWN,6A65C822-90FF-403A-8C3A-52BA7AECD544,PEDESTRIAN,Cross/Enter not at Intersection,IN ROADWAY IMPROPERLY,ON ROADWAY NOT AT CROSSWALK,Yes,SUSPECTED SERIOUS INJURY,N/A,39.178895,-77.23851,"    (39.178895, -77.23851)"