Report Number,Local Case Number,Agency Name,ACRS Report Type,Crash Date/Time,Route Type,Road Name,Cross-Street Name,Off-Road Description,Municipality,Related Non-Motorist,Collision Type,Weather,Surface Condition,Light,Traffic Control,Driver Substance Abuse,Non-Motorist Substance Abuse,Person ID,Pedestrian Type,Pedestrian Movement,Pedestrian Actions,Pedestrian Location,At Fault,Injury Severity,Safety Equipment,Latitude,Longitude,Location
MCP2910001S,15060915,MONTGOMERY,Injury Crash,11/29/2015 06:52:00 AM,US (State),GEORGIA AVE,WAYNE AVE,,N/A,PEDESTRIAN,OTHER,RAINING,WET,DARK LIGHTS ON,TRAFFIC SIGNAL,NONE DETECTED,ALCOHOL CONTRIBUTED,E9CBAB56-7B32-44D2-9C96-99476309D5E0,PEDESTRIAN,Cross/Enter at Intersection,FAILURE TO YIELD RIGHT OF WAY,ON ROADWAY NOT AT CROSSWALK,Yes,POSSIBLE INJURY,NONE,38.994665,-77.02704833,"    (38.994665, -77.02704833)"
MCP2720001P,15060836,MONTGOMERY,Injury Crash,11/28/2015 07:18:00 PM,County,CONNECTICUT AVE,GRAND PRE RD,,N/A,PEDESTRIAN,SINGLE VEHICLE,CLEAR,DRY,DARK -- UNKNOWN LIGHTING,NO CONTROLS,NONE DETECTED,UNKNOWN,020DC8F9-B4C5-43A3-8152-19B4A1E47C93,PEDESTRIAN,Cross/Enter not at Intersection,IN ROADWAY IMPROPERLY,ON ROADWAY NOT AT CROSSWALK,Yes,POSSIBLE INJURY,NONE,39.08699167,-77.07413333,"    (39.08699167, -77.07413333)"
DD5522002B,15060186,ROCKVILLE,Injury Crash,11/24/2015 10:45:00 PM,Municipality,CABIN JOHN PKWY,W LYNFIELD DR,,ROCKVILLE,PEDESTRIAN,OTHER,CLEAR,DRY,DARK LIGHTS ON,NO CONTROLS,NONE DETECTED,NONE DETECTED,5A854FC2-6E51-4175-9A0A-754BFAA32F2A,PEDESTRIAN,Walking/Riding w/Traffic,UNKNOWN,CURB,Yes,POSSIBLE INJURY,NONE,39.08370833,-77.15323167,"    (39.08370833, -77.15323167)"
MCP26230025,15060091,MONTGOMERY,Injury Crash,11/24/2015 02:52:00 PM,County,CEDAR ST,WAYNE AVE,,N/A,BICYCLIST,OTHER,CLEAR,DRY,DAYLIGHT,TRAFFIC SIGNAL,NONE DETECTED,NONE DETECTED,F2AA8D51-0211-4F11-B6BE-9D35C009967A,BICYCLIST,Cross/Enter at Intersection,N/A,ON ROADWAY AT CROSSWALK,No,SUSPECTED MINOR INJURY,MC/BIKE HELMET,38.99713833,-77.02170833,"    (38.99713833, -77.02170833)"
MCP2620000Z,15059904,MONTGOMERY,Injury Crash,11/23/2015 04:37:00 PM,Maryland (State),CONNECTICUT AVE,WELLER RD,,N/A,PEDESTRIAN,STRAIGHT MOVEMENT ANGLE,CLEAR,DRY,DAYLIGHT,TRAFFIC SIGNAL,NONE DETECTED,NONE DETECTED,5CAE8144-2E19-4822-86A8-3817EF8F7D7C,PEDESTRIAN,Cross/Enter at Intersection,DART DASH,AT INTERSECTION MARKED CROSSWALK,Yes,SUSPECTED MINOR INJURY,NONE,39.06304873,-77.07349062,"    (39.06304873, -77.07349062)"
MCP2717003Z,15059859,MONTGOMERY,Injury Crash,11/23/2015 12:45:00 PM,Maryland (State),EAST WEST HWY,SUNDALE DR,,N/A,PEDESTRIAN,OTHER,CLEAR,DRY,DAYLIGHT,TRAFFIC SIGNAL,NONE DETECTED,NONE DETECTED,6EFC3D70-55A5-4906-BC3F-7912DAF922F4,PEDESTRIAN,Cross/Enter at Intersection,NO IMPROPER ACTIONS,ON ROADWAY AT CROSSWALK,No,SUSPECTED MINOR INJURY,N/A,38.99438667,-77.04426667,"    (38.99438667, -77.04426667)"
MCP2931000T,15059747,MONTGOMERY,Injury Crash,11/22/2015 08:05:00 PM,,,,Exit heading onto southbound Rockville Pike from Congressional Plaza,,PEDESTRIAN,OTHER,CLEAR,,DARK LIGHTS ON,N/A,N/A,N/A,EBB16B67-3116-4FD2-A02D-F98C7B15CB8D,PEDESTRIAN,Standing,NO IMPROPER ACTIONS,MEDIAN,No,SUSPECTED MINOR INJURY,N/A,39.065325,-77.12755667,"    (39.065325, -77.12755667)"
MCP2654000V,15057183,MONTGOMERY,Injury Crash,11/21/2015 06:22:00 PM,County,SILVER SPRING AVE,FENTON ST,,N/A,PEDESTRIAN,SINGLE VEHICLE,RAINING,WET,DARK LIGHTS ON,TRAFFIC SIGNAL,UNKNOWN,NONE DETECTED,5418369F-8951-446F-BE21-1B3AEA94CDB8,PEDESTRIAN,Cross/Enter at Intersection,NO IMPROPER ACTIONS,ON ROADWAY AT CROSSWALK,No,SUSPECTED MINOR INJURY,NONE,38.99169584,-77.02401996,"    (38.99169584, -77.02401996)"
MCP2878001F,15059542,MONTGOMERY,Property Damage Crash,11/21/2015 03:48:00 PM,,,,"Parking Lot 12001 Sylark Rd. Clarksburg, MD 
Ovid Hazen Wells Park",,PEDESTRIAN,SINGLE VEHICLE,CLEAR,,DAYLIGHT,NO CONTROLS,NONE DETECTED,N/A,19406F68-AEA2-45C8-91E6-17C1EEB38603,PEDESTRIAN,Walking/Cycling on Sidewalk,NO IMPROPER ACTIONS,SIDEWALK,No,NO APPARENT INJURY,N/A,39.23923667,-77.25051167,"    (39.23923667, -77.25051167)"
MCP2231001J,15059475,MONTGOMERY,Injury Crash,11/21/2015 08:20:00 AM,Maryland (State),BRADLEY BLVD,HOWELL RD,,N/A,PEDESTRIAN,SAME DIR REAR END,CLEAR,DRY,DAYLIGHT,NO CONTROLS,NONE DETECTED,NONE DETECTED,D38A91E8-A45A-4D26-80AA-F32424F6713B,PEDESTRIAN,Other Working,NO IMPROPER ACTIONS,SHOULDER,No,SUSPECTED MINOR INJURY,REFLECTIVE CLOTHING,38.99733333,-77.13142833,"    (38.99733333, -77.13142833)"
MCP25150008,15059340,MONTGOMERY,Injury Crash,11/20/2015 04:30:00 PM,County,BARTON MANOR LA,OLNEY LAYTONSVILLE RD,,N/A,PEDESTRIAN,N/A,CLEAR,DRY,DAYLIGHT,STOP SIGN,NONE DETECTED,NONE DETECTED,7FAB2C91-94CB-4D0C-8A8D-59432FD2E655,PEDESTRIAN,Standing,INATTENTIVE,ON ROADWAY NOT AT CROSSWALK,No,SUSPECTED MINOR INJURY,NONE,39.20126667,-77.136455,"    (39.20126667, -77.136455)"
MCP1205001L,15059306,MONTGOMERY,Injury Crash,11/20/2015 01:36:00 PM,,,,Parking area of 7851 Old Georgetown Road.,,PEDESTRIAN,OTHER,CLEAR,,DAYLIGHT,N/A,NONE DETECTED,NONE DETECTED,742381F1-6DE6-42A6-B5F0-312A65D25D6C,PEDESTRIAN,Other,NO IMPROPER ACTIONS,OTHER,No,SUSPECTED MINOR INJURY,N/A,38.98836856,-77.10028052,"    (38.98836856, -77.10028052)"
MCP29190010,15059249,MONTGOMERY,Injury Crash,11/20/2015 08:44:00 AM,Maryland (State),16TH ST,EAST WEST HWY,,N/A,PEDESTRIAN,SINGLE VEHICLE,CLEAR,DRY,DAYLIGHT,PERSON,NONE DETECTED,NONE DETECTED,3CDB75AB-A77F-437A-BF69-F0C057ED9BDE,PEDESTRIAN,Cross/Enter at Intersection,NO IMPROPER ACTIONS,ON ROADWAY AT CROSSWALK,No,POSSIBLE INJURY,N/A,38.99442259,-77.03610063,"    (38.99442259, -77.03610063)"
MCP2008001L,15059160,MONTGOMERY,Injury Crash,11/19/2015 05:47:00 PM,Maryland (State),CONNECTICUT AVE,PLYERS MILL RD,,N/A,PEDESTRIAN,OTHER,RAINING,WET,DARK LIGHTS ON,TRAFFIC SIGNAL,NONE DETECTED,NONE DETECTED,38F0F74D-6826-4A57-A079-F32FD1AFE20E,PEDESTRIAN,Cross/Enter at Intersection,NO IMPROPER ACTIONS,ON ROADWAY AT CROSSWALK,No,SUSPECTED SERIOUS INJURY,N/A,39.03023,-77.07536,"    (39.03023, -77.07536)"
MCP2492000G,15059115,MONTGOMERY,Property Damage Crash,11/19/2015 03:08:00 PM,Municipality,MAIN ST,DARNESTOWN RD,,N/A,BICYCLIST,OTHER,RAINING,WET,DAYLIGHT,TRAFFIC SIGNAL,N/A,N/A,F3A1A7CA-1D8E-4486-AB4D-0316DB3BBD8D,BICYCLIST,Cross/Enter at Intersection,FAILURE TO OBEY TRAFFIC SIGNS SIGNALS OR OFFICER,ON ROADWAY AT CROSSWALK,Yes,NO APPARENT INJURY,NONE,39.11228577,-77.24056005,"    (39.11228577, -77.24056005)"
MCP26120018,15059112,MONTGOMERY,Injury Crash,11/19/2015 02:47:00 PM,County,INTERNATIONAL DR,GEORGIA AVE,,N/A,PEDESTRIAN,SINGLE VEHICLE,RAINING,WET,DAYLIGHT,STOP SIGN,NONE DETECTED,NONE DETECTED,B3EB9EB8-302D-46D9-B0A0-F55C50235E28,PEDESTRIAN,Cross/Enter at Intersection,IN ROADWAY IMPROPERLY,ON ROADWAY NOT AT CROSSWALK,Yes,SUSPECTED MINOR INJURY,NONE,39.10398167,-77.07608667,"    (39.10398167, -77.07608667)"
MCP2730000M,15059015,MONTGOMERY,Injury Crash,11/19/2015 05:30:00 AM,Maryland (State),GERMANTOWN RD,CRYSTAL ROCK DR,,N/A,PEDESTRIAN,OTHER,RAINING,WET,DARK LIGHTS ON,NO CONTROLS,N/A,N/A,4A201E9E-E1D0-4CE4-ACB8-0E8454E57D12,PEDESTRIAN,Walking/Cycling on Sidewalk,NO IMPROPER ACTIONS,SIDEWALK,No,SUSPECTED MINOR INJURY,N/A,39.18418,-77.26321,"    (39.18418, -77.26321)"
MCP2978000T,15058952,MONTGOMERY,Injury Crash,11/18/2015 10:00:00 PM,County,PLATINUM DR,OUTPOST DR,,N/A,PEDESTRIAN,SINGLE VEHICLE,CLEAR,DRY,DARK LIGHTS ON,STOP SIGN,NONE DETECTED,NONE DETECTED,B12627B4-2935-4228-AED2-4B4BAC35E24F,PEDESTRIAN,Cross/Enter at Intersection,FAILURE TO YIELD RIGHT OF WAY,ON ROADWAY NOT AT CROSSWALK,Yes,SUSPECTED MINOR INJURY,NONE,39.09175374,-77.21927136,"    (39.09175374, -77.21927136)"
MCP24110006,15058987,MONTGOMERY,Injury Crash,11/18/2015 08:30:00 PM,Municipality,E JEFFERSON ST,ROLLINS AVE,,ROCKVILLE,PEDESTRIAN,OTHER,CLEAR,DRY,DARK -- UNKNOWN LIGHTING,TRAFFIC SIGNAL,N/A,N/A,F37F32F1-E8B8-42FE-9BF2-E923D41D927E,PEDESTRIAN,Cross/Enter not at Intersection,IN ROADWAY IMPROPERLY,ON ROADWAY NOT AT CROSSWALK,No,POSSIBLE INJURY,N/A,39.05850016,-77.12604046,"    (39.05850016, -77.12604046)"
MCP29700014,15058902,MONTGOMERY,Injury Crash,11/18/2015 01:54:00 PM,County,GRANDVIEW AVE,ENNALLS AVE,,N/A,PEDESTRIAN,SINGLE VEHICLE,CLOUDY,DRY,DAYLIGHT,STOP SIGN,N/A,N/A,EF5ED284-D620-4B88-A2CD-78DAB2E97A0D,PEDESTRIAN,Cross/Enter at Intersection,NO IMPROPER ACTIONS,ON ROADWAY AT CROSSWALK,No,SUSPECTED MINOR INJURY,N/A,39.04006912,-77.05277927,"    (39.04006912, -77.05277927)"
MCP2796002F,15058687,MONTGOMERY,Injury Crash,11/17/2015 01:47:00 PM,,,,"Parking lot of KMart store located at 14014 Connecticut Avenue, Silver Spring",,PEDESTRIAN,SINGLE VEHICLE,CLEAR,,DAYLIGHT,N/A,N/A,NONE DETECTED,D9E844C2-E353-41E5-827A-FD615D20BA7F,PEDESTRIAN,Other,NO IMPROPER ACTIONS,OTHER,No,SUSPECTED MINOR INJURY,N/A,39.08544,-77.07649167,"    (39.08544, -77.07649167)"
MCP0113000J,15058620,MONTGOMERY,Injury Crash,11/17/2015 09:22:00 AM,County,CEDAR LA,ELMHIRST PKWY,,N/A,PEDESTRIAN,SINGLE VEHICLE,CLOUDY,DRY,DAYLIGHT,TRAFFIC SIGNAL,NONE DETECTED,NONE DETECTED,E3A56A20-5FDA-4828-89F7-8366BF9AC3CD,PEDESTRIAN,Cross/Enter at Intersection,DART DASH,AT INTERSECTION MARKED CROSSWALK,Yes,SUSPECTED MINOR INJURY,NONE,39.00792,-77.09456167,"    (39.00792, -77.09456167)"
MCP2740001C,15058201,MONTGOMERY,Injury Crash,11/15/2015 06:49:00 PM,Maryland (State),PINEY BRANCH RD,DALE DR,,N/A,PEDESTRIAN,SINGLE VEHICLE,CLEAR,DRY,DARK LIGHTS ON,TRAFFIC SIGNAL,UNKNOWN,NONE DETECTED,A73E325B-FF18-44ED-BB1A-9167A011786F,PEDESTRIAN,Cross/Enter at Intersection,NO IMPROPER ACTIONS,ON ROADWAY AT CROSSWALK,No,SUSPECTED MINOR INJURY,NONE,38.99374833,-77.00917167,"    (38.99374833, -77.00917167)"
MCP2813001L,15058336,MONTGOMERY,Injury Crash,11/15/2015 05:15:00 PM,County,VALLEYWOOD DR,MEDWAY ST,,N/A,PEDESTRIAN,SINGLE VEHICLE,CLEAR,DRY,DARK LIGHTS ON,NO CONTROLS,N/A,N/A,5BABD51C-FFB9-428B-8499-50EDC28BEE22,PEDESTRIAN,Playing,INATTENTIVE,CURB,Yes,POSSIBLE INJURY,NONE,39.05404333,-77.06722167,"    (39.05404333, -77.06722167)"
MCP2177000S,15058277,MONTGOMERY,Injury Crash,11/15/2015 10:05:00 AM,County,TUCKERMAN LA,DEBORAH DR,,N/A,BICYCLIST,SAME DIR REAR END,CLEAR,DRY,DAYLIGHT,NO CONTROLS,NONE DETECTED,NONE DETECTED,0D6807CD-A2EE-40DE-9D01-C377599E5AA5,BICYCLIST,Walking/Riding w/Traffic,NO IMPROPER ACTIONS,IN BIKEWAY,No,SUSPECTED MINOR INJURY,MC/BIKE HELMET,39.04142793,-77.16446042,"    (39.04142793, -77.16446042)"
MCP27450018,15058225,MONTGOMERY,Injury Crash,11/14/2015 09:50:00 PM,County,FLOWER HILL WAY,WOODFIELD RD,,N/A,PEDESTRIAN,OTHER,N/A,DRY,DARK LIGHTS ON,NO CONTROLS,UNKNOWN,N/A,B928E4E0-F6F9-4E53-A6B2-31F6E55F2F28,PEDESTRIAN,Cross/Enter not at Intersection,UNKNOWN,SIDEWALK,No,SUSPECTED SERIOUS INJURY,NONE,39.15570833,-77.16471833,"    (39.15570833, -77.16471833)"
MCP2874000W,15058210,MONTGOMERY,Injury Crash,11/14/2015 08:07:00 PM,Maryland (State),GEORGIA AVE,SHOREFIELD RD,,N/A,PEDESTRIAN,SINGLE VEHICLE,CLEAR,DRY,DARK LIGHTS ON,TRAFFIC SIGNAL,NONE DETECTED,UNKNOWN,0265D3BF-51A5-4DC2-9C1F-30170CF57E07,PEDESTRIAN,Cross/Enter at Intersection,NO IMPROPER ACTIONS,ON ROADWAY AT CROSSWALK,No,SUSPECTED MINOR INJURY,N/A,39.053245,-77.05103333,"    (39.053245, -77.05103333)"
MCP04050004,15058162,Montgomery County Police,Injury Crash,11/14/2015 02:45:00 PM,,11902 RUSTIC FARM COURT,RUSTIC FARM COURT,,N/A,PEDESTRIAN,SINGLE VEHICLE,CLEAR,DRY,DAYLIGHT,NO CONTROLS,NONE DETECTED,N/A,CF636CCD-EBEC-4A4F-B84B-CA039B94FC40,PEDESTRIAN,Playing,NOT VISIBLE,ON ROADWAY NOT AT CROSSWALK,Unknown,SUSPECTED SERIOUS INJURY,N/A,39.171015,-77.24577167,"    (39.171015, -77.24577167)"
MCP2298006X,15058021,MONTGOMERY,Injury Crash,11/13/2015 07:13:00 PM,,,,DRIVE WAY TO 19815 GERMANTOWN ROAD EXXON,,PEDESTRIAN,OTHER,CLEAR,,DARK LIGHTS ON,NO CONTROLS,NONE DETECTED,NONE DETECTED,E7ABAB42-5A70-4151-B788-8F851BA8AF10,PEDESTRIAN,Walking/Cycling on Sidewalk,UNKNOWN,OTHER,Unknown,SUSPECTED MINOR INJURY,NONE,39.181165,-77.26164833,"    (39.181165, -77.26164833)"
MCP1227000F,15058046,MONTGOMERY,Fatal Crash,11/13/2015 06:11:00 PM,Maryland (State),FREDERICK RD,MAGNOLIA DR,,N/A,PEDESTRIAN,SINGLE VEHICLE,CLEAR,DRY,DARK NO LIGHTS,NO CONTROLS,NONE DETECTED,NONE DETECTED,20B85BBE-DA98-46F9-AD23-64FF7B134EAD,PEDESTRIAN,Cross/Enter not at Intersection,UNKNOWN,ON ROADWAY NOT AT CROSSWALK,Unknown,FATAL INJURY,NONE,39.176967,-77.2383821,"    (39.176967, -77.2383821)"
MCP28860010,15057995,MONTGOMERY,Injury Crash,11/13/2015 04:19:00 PM,County,GRIDLEY RD,SELFRIDGE RD,,N/A,PEDESTRIAN,SINGLE VEHICLE,CLEAR,DRY,DAYLIGHT,N/A,NONE DETECTED,NONE DETECTED,AA212CF7-22FD-467D-A997-6CBB4912CF52,PEDESTRIAN,Cross/Enter at Intersection,NO IMPROPER ACTIONS,AT INTERSECTION MARKED CROSSWALK,No,POSSIBLE INJURY,NONE,39.056545,-77.08547,"    (39.056545, -77.08547)"
MCP2933000N,15058000,MONTGOMERY,Injury Crash,11/13/2015 04:10:00 PM,Maryland (State),WILSON LA,MERRICK RD,,N/A,PEDESTRIAN,SINGLE VEHICLE,CLEAR,DRY,DAYLIGHT,NO CONTROLS,NONE DETECTED,NONE DETECTED,87CBB804-905E-41FB-A27D-2BB1EFD0034C,PEDESTRIAN,Cross/Enter not at Intersection,DART DASH,ON ROADWAY NOT AT CROSSWALK,Yes,SUSPECTED MINOR INJURY,N/A,38.98963612,-77.12262869,"    (38.98963612, -77.12262869)"
MCP28460019,15057967,MONTGOMERY,Injury Crash,11/13/2015 02:50:00 PM,County,GRANDVIEW AVE,BLUERIDGE AVE,,N/A,PEDESTRIAN,OTHER,CLEAR,DRY,DAYLIGHT,NO CONTROLS,NONE DETECTED,NONE DETECTED,5E5194E6-475A-4A36-B2E4-BE60B2FBC644,PEDESTRIAN,Cross/Enter at Intersection,INATTENTIVE,ON ROADWAY AT CROSSWALK,No,POSSIBLE INJURY,NONE,39.04284167,-77.05323167,"    (39.04284167, -77.05323167)"
MCP2717003W,15037541,MONTGOMERY,Injury Crash,11/12/2015 19:10,County,MARINELLI RD,CITADEL AVE,,N/A,PEDESTRIAN,OTHER,CLEAR,DRY,DARK LIGHTS ON,NO CONTROLS,NONE DETECTED,NONE DETECTED,E31764FE-4F85-416B-BC0E-29FFA4C89A09,PEDESTRIAN,Cross/Enter at Intersection,NO IMPROPER ACTIONS,AT INTERSECTION MARKED CROSSWALK,No,SUSPECTED MINOR INJURY,N/A,39.04724412,-77.11291909,"    (39.04724412, -77.11291909)"
MCP20610005,15061920,Montgomery County Police,Injury Crash,11/12/2015 7:30,Municipality,NORRIS RD,FISHER AVE,,N/A,PEDESTRIAN,STRAIGHT MOVEMENT ANGLE,CLEAR,DRY,DAWN,STOP SIGN,N/A,N/A,0B3B1321-2B1E-46E3-84B4-FA167BB1684F,PEDESTRIAN,Cross/Enter at Intersection,NO IMPROPER ACTIONS,ON ROADWAY AT CROSSWALK,Unknown,SUSPECTED MINOR INJURY,NONE,39.14544691,-77.41474271,"    (39.14544691, -77.41474271)"
MCP27980017,15057637,MONTGOMERY,Injury Crash,11/11/2015 21:28,,,,"rear parking lot of 15503 Old Columbia Pike, Burtonsville, MD 20866",,PEDESTRIAN,OTHER,CLEAR,,DARK LIGHTS ON,N/A,UNKNOWN,NONE DETECTED,2C8A55B1-15C6-4D92-B749-306581014270,PEDESTRIAN,Other,OTHER,OTHER,No,POSSIBLE INJURY,NONE,39.04617333,-76.990255,"    (39.04617333, -76.990255)"
MCP2909000V,15057599,MONTGOMERY,Property Damage Crash,11/11/2015 18:09,Maryland (State),OLD GEORGETOWN RD,DEL RAY AVE,,N/A,BICYCLIST,OTHER,CLEAR,N/A,DARK LIGHTS ON,N/A,NONE DETECTED,NONE DETECTED,5A5B0280-A135-45FD-984B-5298C02580D7,BICYCLIST,Other,NO IMPROPER ACTIONS,ON ROADWAY NOT AT CROSSWALK,No,NO APPARENT INJURY,NONE,38.990655,-77.09964167,"    (38.990655, -77.09964167)"
DD5574000B,15057604,ROCKVILLE,Injury Crash,11/11/2015 17:46,Municipality,VEIRS MILL SERV RD,CLAGETT DR,,ROCKVILLE,PEDESTRIAN,SINGLE VEHICLE,CLEAR,DRY,DARK NO LIGHTS,NO CONTROLS,NONE DETECTED,NONE DETECTED,23D48318-35E7-4165-89F2-1A21B2857C07,PEDESTRIAN,Cross/Enter at Intersection,N/A,AT INTERSECTION BUT NO CROSSWALK,No,SUSPECTED SERIOUS INJURY,NONE,39.07829178,-77.12795019,"    (39.07829178, -77.12795019)"
MCP2840000M,15057597,MONTGOMERY,Injury Crash,11/11/2015 17:30,County,LOCKWOOD DR,NEW HAMPSHIRE AVE,,N/A,PEDESTRIAN,N/A,N/A,DRY,DUSK,NO CONTROLS,N/A,NONE DETECTED,B398C0C2-16C0-4339-82E1-0DE8E4358016,PEDESTRIAN,Cross/Enter not at Intersection,NOT VISIBLE,UNKNOWN,Yes,POSSIBLE INJURY,NONE,39.04226667,-76.98699167,"    (39.04226667, -76.98699167)"
MCP2008001G,15057569,MONTGOMERY,Injury Crash,11/11/2015 15:53,,,,Parking lot of 7103 Democracy Blvd (Sears-Montgomery Mall),,PEDESTRIAN,OTHER,CLEAR,,DAYLIGHT,N/A,NONE DETECTED,NONE DETECTED,C4272973-F77D-4E6E-8556-5590AEF77944,PEDESTRIAN,Cross/Enter not at Intersection,IN ROADWAY IMPROPERLY,ON ROADWAY NOT AT CROSSWALK,Yes,POSSIBLE INJURY,N/A,39.02492669,-77.14436531,"    (39.02492669, -77.14436531)"
MCP00360034,15057435,MONTGOMERY,Injury Crash,11/10/2015 20:18,Maryland (State),WOODFIELD RD,BETHESDA CHURCH RD,,N/A,PEDESTRIAN,SINGLE VEHICLE,RAINING,WET,DARK LIGHTS ON,NO CONTROLS,NONE DETECTED,NONE DETECTED,165315B7-130C-4534-B51B-1C2A0886D9FB,PEDESTRIAN,Cross/Enter not at Intersection,DART DASH,OUTSIDE RIGHT OF WAY,Unknown,SUSPECTED SERIOUS INJURY,N/A,39.28388833,-77.20184667,"    (39.28388833, -77.20184667)"
MCP2656000Z,15057405,MONTGOMERY,Injury Crash,11/10/2015 18:25,Maryland (State),OLD COLUMBIA PIKE,ENT TO BUSINESS,,N/A,PEDESTRIAN,OTHER,RAINING,WET,DARK NO LIGHTS,TRAFFIC SIGNAL,NONE DETECTED,NONE DETECTED,C8A3F647-7FF8-4E3F-9999-28A550AA105A,PEDESTRIAN,Cross/Enter at Intersection,NO IMPROPER ACTIONS,ON ROADWAY AT CROSSWALK,No,POSSIBLE INJURY,N/A,39.11253333,-76.932735,"    (39.11253333, -76.932735)"
EJ7829001N,15057386,GAITHERSBURG,Injury Crash,11/10/2015 17:40,Municipality,PALM SPRING DR,PALMTREE DR,,GAITHERSBURG,PEDESTRIAN,SINGLE VEHICLE,RAINING,WET,DARK LIGHTS ON,NO CONTROLS,NONE DETECTED,NONE DETECTED,56E96419-7E87-418E-9E15-E50886C20558,PEDESTRIAN,Cross/Enter at Intersection,FAILURE TO YIELD RIGHT OF WAY,ON ROADWAY AT CROSSWALK,No,SUSPECTED MINOR INJURY,NONE,39.12377667,-77.21204167,"    (39.12377667, -77.21204167)"
EJ7829001N,15057386,GAITHERSBURG,Injury Crash,11/10/2015 17:40,Municipality,PALM SPRING DR,PALMTREE DR,,GAITHERSBURG,PEDESTRIAN,SINGLE VEHICLE,RAINING,WET,DARK LIGHTS ON,NO CONTROLS,NONE DETECTED,NONE DETECTED,78111F0E-1331-4D51-ABF1-3A6D0256A7BB,PEDESTRIAN,Cross/Enter at Intersection,FAILURE TO YIELD RIGHT OF WAY,ON ROADWAY AT CROSSWALK,No,SUSPECTED MINOR INJURY,N/A,39.12377667,-77.21204167,"    (39.12377667, -77.21204167)"
MCP2298006W,15057385,MONTGOMERY,Injury Crash,11/10/2015 17:26,County,FATHER HURLEY BLVD,HOPKINS RD,,N/A,PEDESTRIAN,OTHER,SEVERE WINDS,WET,DUSK,TRAFFIC SIGNAL,NONE DETECTED,NONE DETECTED,6B82E6C9-C3A2-4E42-833A-07F8D101064C,PEDESTRIAN,Cross/Enter at Intersection,FAILURE TO OBEY TRAFFIC SIGNS SIGNALS OR OFFICER,AT INTERSECTION MARKED CROSSWALK,Yes,SUSPECTED MINOR INJURY,NONE,39.16919019,-77.28293896,"    (39.16919019, -77.28293896)"
MCP2671000Y,15057392,MONTGOMERY,Injury Crash,11/10/2015 17:20,County,FOREST GLEN RD,SLIGO CREEK PKWY,,N/A,PEDESTRIAN,SINGLE VEHICLE,RAINING,WET,DARK NO LIGHTS,OTHER,NONE DETECTED,NONE DETECTED,EB715312-379F-4AAB-97C7-F2D98B2C1E55,PEDESTRIAN,Cross/Enter at Intersection,NOT VISIBLE,ON ROADWAY AT CROSSWALK,No,SUSPECTED MINOR INJURY,NONE,39.0161057,-77.0331046,"    (39.0161057, -77.0331046)"
MCP2770000S,15057404,MONTGOMERY,Injury Crash,11/10/2015 15:30,,,,"Parking lot area of 10011 Stedwick Road, between the Capitol One bank and US Post Office.",,BICYCLIST,HEAD ON LEFT TURN,RAINING,,DAYLIGHT,NO CONTROLS,UNKNOWN,NONE DETECTED,6ECA0951-31A1-485C-B89C-30E2956D50D3,BICYCLIST,Walking/Riding w/Traffic,UNKNOWN,OTHER,Unknown,SUSPECTED MINOR INJURY,NONE,39.17091198,-77.20771909,"    (39.17091198, -77.20771909)"
MCP2774001G,15057231,MONTGOMERY,Injury Crash,11/10/2015 5:34,Maryland (State),EAST WEST HWY,COLESVILLE RD,,N/A,PEDESTRIAN,N/A,RAINING,WET,DARK LIGHTS ON,TRAFFIC SIGNAL,NONE DETECTED,N/A,977A32E2-2588-4465-91E8-867BFFB7BD43,PEDESTRIAN,Cross/Enter at Intersection,NO IMPROPER ACTIONS,AT INTERSECTION MARKED CROSSWALK,No,SUSPECTED MINOR INJURY,N/A,38.99418,-77.03288167,"    (38.99418, -77.03288167)"
MCP20540005,15057210,MONTGOMERY,Injury Crash,11/09/2015 21:30,County,TECH RD,BROADBIRCH DR,,N/A,PEDESTRIAN,STRAIGHT MOVEMENT ANGLE,RAINING,WET,DARK NO LIGHTS,STOP SIGN,NONE DETECTED,NONE DETECTED,7B7B5AA6-21AF-499A-BE8D-361A1B6E9A15,PEDESTRIAN,Cross/Enter at Intersection,NO IMPROPER ACTIONS,AT INTERSECTION MARKED CROSSWALK,No,POSSIBLE INJURY,NONE,39.05590918,-76.96655363,"    (39.05590918, -76.96655363)"
MCP27820016,15057063,MONTGOMERY,Injury Crash,11/09/2015 7:30,County,LONGMEAD CROSSING DR,LADY MEADE DR,,N/A,PEDESTRIAN,STRAIGHT MOVEMENT ANGLE,CLEAR,DRY,DAYLIGHT,NO CONTROLS,NONE DETECTED,NONE DETECTED,0F9815A6-3679-48D5-8AA2-F8E08F66B9A5,PEDESTRIAN,Cross/Enter not at Intersection,IN ROADWAY IMPROPERLY,ON ROADWAY NOT AT CROSSWALK,Yes,SUSPECTED MINOR INJURY,NONE,39.10058167,-77.05125,"    (39.10058167, -77.05125)"
MCP2512001K,15056825,MONTGOMERY,Injury Crash,11/07/2015 18:40,,,,Parking lot of 16541 S Frederick Ave,,PEDESTRIAN,OTHER,CLOUDY,,DARK LIGHTS ON,NO CONTROLS,NONE DETECTED,NONE DETECTED,9EE90D6C-AEB3-4B8D-A508-C48E4C105136,PEDESTRIAN,Other,NO IMPROPER ACTIONS,OTHER,No,SUSPECTED MINOR INJURY,N/A,39.12707,-77.18435,"    (39.12707, -77.18435)"
MCP2659000W,15056739,MONTGOMERY,Injury Crash,11/07/2015 3:30,County,GRANDVIEW AVE,REEDIE DR,,N/A,PEDESTRIAN,OTHER,CLEAR,DRY,DARK LIGHTS ON,NO CONTROLS,UNKNOWN,ALCOHOL PRESENT,79B7E095-6A46-4534-98B7-9F0EC2D97F44,PEDESTRIAN,Other,INATTENTIVE,ON ROADWAY NOT AT CROSSWALK,Yes,POSSIBLE INJURY,NONE,39.03918167,-77.05237833,"    (39.03918167, -77.05237833)"
MCP2789001R,15056617,MONTGOMERY,Injury Crash,11/06/2015 18:00,Maryland (State),GEORGIA AVE,16TH ST,,N/A,PEDESTRIAN,SINGLE VEHICLE,N/A,DRY,DARK LIGHTS ON,TRAFFIC SIGNAL,UNKNOWN,N/A,9EC04718-153F-4465-826C-930469470117,PEDESTRIAN,Cross/Enter at Intersection,NO IMPROPER ACTIONS,ON ROADWAY AT CROSSWALK,Unknown,SUSPECTED MINOR INJURY,N/A,39.00546667,-77.02337667,"    (39.00546667, -77.02337667)"
MCP2796002C,15056537,MONTGOMERY,Injury Crash,11/06/2015 11:15,,,,"Parking lot in front of entrance to Best Buy located at 10901 Georgia Avenue, Silver Spring",,PEDESTRIAN,SINGLE VEHICLE,CLEAR,,DAYLIGHT,N/A,UNKNOWN,NONE DETECTED,83ABAFF8-23B0-45CC-819C-6D05504C3CE6,PEDESTRIAN,Other,NO IMPROPER ACTIONS,OTHER,No,SUSPECTED MINOR INJURY,N/A,39.03438333,-77.04835667,"    (39.03438333, -77.04835667)"
MCP1205001J,15056511,MONTGOMERY,Injury Crash,11/06/2015 8:58,Maryland (State),CONNECTICUT AVE,CHEVY CHASE LAKE DR,,N/A,BICYCLIST,STRAIGHT MOVEMENT ANGLE,CLOUDY,WET,DAYLIGHT,TRAFFIC SIGNAL,NONE DETECTED,NONE DETECTED,2EBCE682-6916-4AC1-88D2-F16BD42BCF18,BICYCLIST,Cross/Enter at Intersection,N/A,AT INTERSECTION MARKED CROSSWALK,No,POSSIBLE INJURY,MC/BIKE HELMET,38.99387225,-77.07717061,"    (38.99387225, -77.07717061)"