Report Number,Local Case Number,Agency Name,ACRS Report Type,Crash Date/Time,Route Type,Road Name,Cross-Street Name,Off-Road Description,Municipality,Related Non-Motorist,Collision Type,Weather,Surface Condition,Light,Traffic Control,Driver Substance Abuse,Non-Motorist Substance Abuse,Person ID,Pedestrian Type,Pedestrian Movement,Pedestrian Actions,Pedestrian Location,At Fault,Injury Severity,Safety Equipment,Latitude,Longitude,Location
EJ78470011,15035006,GAITHERSBURG,Injury Crash,07/17/2015 12:33:00 AM,Maryland (State),S FREDERICK RD,W DEER PARK RD,,GAITHERSBURG,PEDESTRIAN,SINGLE VEHICLE,CLEAR,DRY,DARK LIGHTS ON,TRAFFIC SIGNAL,N/A,ILLEGAL DRUG PRESENT,450EFED1-3AE8-4E49-8CEA-AD5B037B0B44,PEDESTRIAN,Cross/Enter at Intersection,IN ROADWAY IMPROPERLY,ON ROADWAY NOT AT CROSSWALK,Yes,POSSIBLE INJURY,NONE,39.13183333,-77.188705,"    (39.13183333, -77.188705)"
MCP2959000W,15035001,MONTGOMERY,Injury Crash,07/16/2015 04:23:00 PM,,,,"Occured in the 7-11 Parking lot at11445 AMHERST AVE, WHEATON, MARYLAND, 20902.",,PEDESTRIAN,SINGLE VEHICLE,CLEAR,,DAYLIGHT,NO CONTROLS,NONE DETECTED,ALCOHOL PRESENT,BD4AAB0A-A547-40B1-A59A-1B3F951F9566,PEDESTRIAN,Other,FAILURE TO YIELD RIGHT OF WAY,OTHER,Unknown,SUSPECTED MINOR INJURY,NONE,39.04295285,-77.04758048,"    (39.04295285, -77.04758048)"
MCP1301000C,15034958,MONTGOMERY,Fatal Crash,07/16/2015 10:53:00 AM,County,RANDOLPH RD,SELFRIDGE RD,,N/A,PEDESTRIAN,SINGLE VEHICLE,CLEAR,DRY,DAYLIGHT,TRAFFIC SIGNAL,NONE DETECTED,UNKNOWN,3A3AAFD7-E6DD-446E-9974-A50D806A2A31,PEDESTRIAN,Walking/Cycling on Sidewalk,NO IMPROPER ACTIONS,SIDEWALK,No,FATAL INJURY,N/A,39.05535932,-77.08352208,"    (39.05535932, -77.08352208)"
MCP1417003N,15034903,MONTGOMERY,Injury Crash,07/16/2015 08:16:00 AM,Municipality,FIRSTFIELD RD,CLOPPER RD,,N/A,BICYCLIST,SAME DIRECTION LEFT TURN,CLEAR,DRY,DAYLIGHT,TRAFFIC SIGNAL,NONE DETECTED,NONE DETECTED,73AA8147-5ADD-4063-9B9A-EC1982967930,BICYCLIST,Cross/Enter at Intersection,NO IMPROPER ACTIONS,AT INTERSECTION MARKED CROSSWALK,No,SUSPECTED MINOR INJURY,NONE,39.14369746,-77.22373188,"    (39.14369746, -77.22373188)"
MCP24250058,15034899,MONTGOMERY,Injury Crash,07/16/2015 06:37:00 AM,County,FENWICK LA,GEORGIA AVE,,N/A,PEDESTRIAN,OTHER,CLEAR,DRY,DAYLIGHT,STOP SIGN,NONE DETECTED,NONE DETECTED,27E4E26A-1CAF-452F-99DF-AF7425F0398B,PEDESTRIAN,Cross/Enter at Intersection,DART DASH,ON ROADWAY AT CROSSWALK,No,SUSPECTED MINOR INJURY,NONE,38.99809833,-77.03058333,"    (38.99809833, -77.03058333)"
DD55220024,15034857,ROCKVILLE,Injury Crash,07/15/2015 09:39:00 PM,Municipality,EDMONSTON DR,VEIRS MILL SERV RD,,ROCKVILLE,BICYCLIST,STRAIGHT MOVEMENT ANGLE,CLEAR,DRY,DARK LIGHTS ON,TRAFFIC SIGNAL,ALCOHOL CONTRIBUTED,NONE DETECTED,BEB68C76-406B-4D45-A441-41F606725691,BICYCLIST,Cross/Enter at Intersection,UNKNOWN,MIDBLOCK MARKED CROSSWALK,No,SUSPECTED MINOR INJURY,NONE,39.07821833,-77.13039667,"    (39.07821833, -77.13039667)"
MCP2717001Z,15034844,MONTGOMERY,Injury Crash,07/15/2015 07:56:00 PM,Maryland (State),OLD GEORGETOWN RD,GREENTREE RD,,N/A,PEDESTRIAN,OTHER,CLEAR,DRY,DAYLIGHT,TRAFFIC SIGNAL,NONE DETECTED,NONE DETECTED,F9C53CF0-C1FA-4EB8-A876-AF588D6611AF,PEDESTRIAN,Cross/Enter at Intersection,NO IMPROPER ACTIONS,ON ROADWAY AT CROSSWALK,No,SUSPECTED MINOR INJURY,NONE,39.04668167,-77.11303333,"    (39.04668167, -77.11303333)"
MCP2064000G,15034829,MONTGOMERY,Injury Crash,07/15/2015 06:00:00 PM,County,HENDERSON AVE,CLARIDGE RD,,N/A,BICYCLIST,SINGLE VEHICLE,CLEAR,DRY,DAYLIGHT,N/A,UNKNOWN,NONE DETECTED,6DDFFBBB-515B-4996-921F-A73AF27CBE4E,BICYCLIST,Walking/Riding w/Traffic,UNKNOWN,ON ROADWAY NOT AT CROSSWALK,Unknown,SUSPECTED MINOR INJURY,MC/BIKE HELMET,39.054887,-77.064613,"    (39.054887, -77.064613)"
MCP29050017,15034795,MONTGOMERY,Property Damage Crash,07/15/2015 03:51:00 PM,County,PERSIMMON TREE RD,SAUNDERS LA,,N/A,BICYCLIST,SAME DIRECTION SIDESWIPE,CLEAR,DRY,DAYLIGHT,NO CONTROLS,NONE DETECTED,NONE DETECTED,4228B66E-7424-47B1-AFE7-A5D9EC71A9CD,BICYCLIST,Walking/Riding w/Traffic,UNKNOWN,ON ROADWAY NOT AT CROSSWALK,Unknown,NO APPARENT INJURY,MC/BIKE HELMET,38.99170667,-77.17801333,"    (38.99170667, -77.17801333)"
DD5611000B,15034736,ROCKVILLE,Injury Crash,07/15/2015 03:40:00 PM,Maryland (State),ROCKVILLE PIKE,CONGRESSIONAL LA,,N/A,PEDESTRIAN,SINGLE VEHICLE,CLEAR,DRY,DAYLIGHT,NO CONTROLS,N/A,NONE DETECTED,B01A66B1-FEBC-4BDE-B999-7178D6C1091A,PEDESTRIAN,Other,INATTENTIVE,ON ROADWAY NOT AT CROSSWALK,No,SUSPECTED MINOR INJURY,N/A,39.06934167,-77.161965,"    (39.06934167, -77.161965)"
MCP9418000K,15034761,MONTGOMERY,Injury Crash,07/15/2015 01:14:00 PM,County,FENTON ST,WAYNE AVE,,N/A,PEDESTRIAN,SINGLE VEHICLE,CLEAR,DRY,DAYLIGHT,NO CONTROLS,NONE DETECTED,UNKNOWN,74BF8BEA-04DA-4DEB-8B9F-49C0CAEBF865,PEDESTRIAN,Cross/Enter not at Intersection,NO IMPROPER ACTIONS,ON ROADWAY AT CROSSWALK,No,SUSPECTED SERIOUS INJURY,N/A,38.99614865,-77.02473879,"    (38.99614865, -77.02473879)"
MCP2850000S,15034760,MONTGOMERY,Injury Crash,07/15/2015 01:07:00 PM,,,,"Wheaton Plaza Ring Rd, between Target and Giant",,PEDESTRIAN,SINGLE VEHICLE,CLEAR,,DAYLIGHT,N/A,N/A,N/A,895990FA-1CC4-453E-BC13-8705CB20F8E7,PEDESTRIAN,Cross/Enter at Intersection,NO IMPROPER ACTIONS,ON ROADWAY AT CROSSWALK,No,POSSIBLE INJURY,N/A,39.03736333,-77.05747333,"    (39.03736333, -77.05747333)"
MCP24250057,15034512,MONTGOMERY,Injury Crash,07/14/2015 08:34:00 AM,,,,Parking Lot Access on 2nd Ave for 8405 Colesville Rd,,OTHER PEDALCYCLIST,OTHER,CLEAR,,DAYLIGHT,NO CONTROLS,UNKNOWN,NONE DETECTED,C587C869-DDE9-44E5-B0B4-E586C79F5FFC,OTHER PEDALCYCLIST,Walking/Cycling on Sidewalk,NO IMPROPER ACTIONS,SIDEWALK,No,SUSPECTED MINOR INJURY,MC/BIKE HELMET,38.99551333,-77.03160333,"    (38.99551333, -77.03160333)"
MCP29050016,15034441,MONTGOMERY,Property Damage Crash,07/13/2015 05:43:00 PM,County,FERNWOOD RD,ROCK SPRING DR,,N/A,BICYCLIST,STRAIGHT MOVEMENT ANGLE,CLEAR,WET,DAYLIGHT,TRAFFIC SIGNAL,NONE DETECTED,NONE DETECTED,EA4A2940-6D33-41E5-8038-07B169F7C13C,BICYCLIST,Cross/Enter at Intersection,NO IMPROPER ACTIONS,AT INTERSECTION MARKED CROSSWALK,No,NO APPARENT INJURY,MC/BIKE HELMET,39.02381833,-77.13551333,"    (39.02381833, -77.13551333)"
DD5595001F,15034430,ROCKVILLE,Injury Crash,07/13/2015 04:30:00 PM,,,,the parking lot located at 500 N. Washington St,,PEDESTRIAN,SINGLE VEHICLE,CLOUDY,,DAYLIGHT,NO CONTROLS,UNKNOWN,NONE DETECTED,E7CF2215-F339-4B37-8C3D-845EA26C6C3B,PEDESTRIAN,Other,N/A,OTHER,No,SUSPECTED MINOR INJURY,N/A,39.09125983,-77.15380617,"    (39.09125983, -77.15380617)"
MCP1505000H,15034210,MONTGOMERY,Injury Crash,07/12/2015 14:04,County,DAVIS MILL RD,WILDCAT RD,,N/A,BICYCLIST,STRAIGHT MOVEMENT ANGLE,CLEAR,DRY,DAYLIGHT,NO CONTROLS,N/A,N/A,62B66522-35C0-4221-A98C-1948C1824B61,BICYCLIST,Walking/Riding w/Traffic,NO IMPROPER ACTIONS,SHOULDER,No,SUSPECTED MINOR INJURY,MC/BIKE HELMET,39.219934,-77.221913,"    (39.219934, -77.221913)"
MCP2969000P,15034213,MONTGOMERY,Injury Crash,07/12/2015 13:55,,,,"Parking Lot rear of 1111 University Blvd, Wheaton MD 20902.",,PEDESTRIAN,OTHER,CLEAR,,DAYLIGHT,NO CONTROLS,NONE DETECTED,NONE DETECTED,E863D339-CF13-4C21-81FB-9B82F2F13870,PEDESTRIAN,Other Working,NO IMPROPER ACTIONS,N/A,No,SUSPECTED MINOR INJURY,N/A,39.03709152,-77.02691406,"    (39.03709152, -77.02691406)"
MCP91300018,15034205,MONTGOMERY,Injury Crash,07/12/2015 13:29,County,ALLEY,DOMER AVE,,N/A,PEDESTRIAN,STRAIGHT MOVEMENT ANGLE,CLEAR,DRY,DAYLIGHT,NO CONTROLS,NONE DETECTED,NONE DETECTED,76FAA8A9-8A7E-4FA2-8CC6-85418F8DCF46,PEDESTRIAN,Standing,NO IMPROPER ACTIONS,CURB,No,SUSPECTED SERIOUS INJURY,NONE,38.99673667,-77.00256333,"    (38.99673667, -77.00256333)"
MCP2791001D,15034093,MONTGOMERY,Property Damage Crash,07/10/2015 20:43,County,FENTON ST,SLIGO AVE,,N/A,PEDESTRIAN,SINGLE VEHICLE,N/A,DRY,DARK LIGHTS ON,TRAFFIC SIGNAL,NONE DETECTED,N/A,88181B3E-A081-4E21-B250-C0E0B94DDD29,PEDESTRIAN,Cross/Enter at Intersection,N/A,AT INTERSECTION MARKED CROSSWALK,No,NO APPARENT INJURY,NONE,38.99015314,-77.02397704,"    (38.99015314, -77.02397704)"
MCP2565001S,15033708,MONTGOMERY,Injury Crash,07/09/2015 21:56,,,,"In Parking lot of 11710 Hunters Lane, Rockville, MD",,PEDESTRIAN,OTHER,CLEAR,,DARK LIGHTS ON,NO CONTROLS,NONE DETECTED,NONE DETECTED,DC11BE07-8B7B-4A5D-9ECA-CA97ECF17D47,PEDESTRIAN,Other,NO IMPROPER ACTIONS,OTHER,No,SUSPECTED MINOR INJURY,N/A,39.04886473,-77.09873557,"    (39.04886473, -77.09873557)"
MCP2565001S,15033708,MONTGOMERY,Injury Crash,07/09/2015 21:56,,,,"In Parking lot of 11710 Hunters Lane, Rockville, MD",,PEDESTRIAN,OTHER,CLEAR,,DARK LIGHTS ON,NO CONTROLS,NONE DETECTED,NONE DETECTED,65088DFD-432E-434F-B8F9-C9BB6F246C21,PEDESTRIAN,Other,NO IMPROPER ACTIONS,N/A,No,SUSPECTED MINOR INJURY,NONE,39.04886473,-77.09873557,"    (39.04886473, -77.09873557)"
MCP2960000L,15033506,MONTGOMERY,Injury Crash,07/08/2015 22:32,Maryland (State),GEORGIA AVE,SHOREFIELD RD,,N/A,PEDESTRIAN,OTHER,N/A,N/A,DARK -- UNKNOWN LIGHTING,NO CONTROLS,NONE DETECTED,ALCOHOL PRESENT,8E4CCC65-383F-4029-A15C-07E6B1EBA23D,PEDESTRIAN,Cross/Enter not at Intersection,IN ROADWAY IMPROPERLY,ON ROADWAY NOT AT CROSSWALK,Yes,POSSIBLE INJURY,NONE,39.05325562,-77.05094397,"    (39.05325562, -77.05094397)"
MCP1378006W,15033452,MONTGOMERY,Injury Crash,07/08/2015 17:26,Maryland (State),MONTGOMERY VILLAGE AVE,FREDERICK RD,,N/A,BICYCLIST,STRAIGHT MOVEMENT ANGLE,CLEAR,DRY,DAYLIGHT,TRAFFIC SIGNAL,UNKNOWN,NONE DETECTED,EE80C96A-F432-48CC-9EF1-D4B82A18E8A7,BICYCLIST,Cross/Enter at Intersection,NO IMPROPER ACTIONS,ON ROADWAY AT CROSSWALK,No,SUSPECTED MINOR INJURY,MC/BIKE HELMET,39.15345833,-77.21257,"    (39.15345833, -77.21257)"
DD56010010,15033268,ROCKVILLE,Injury Crash,07/07/2015 19:05,Maryland (State),NORBECK RD,BALTIMORE RD,,N/A,BICYCLIST,STRAIGHT MOVEMENT ANGLE,CLEAR,DRY,DAYLIGHT,TRAFFIC SIGNAL,N/A,N/A,E98A687F-2E95-42B7-A90D-DEB4324A8DE3,BICYCLIST,Walking/Riding w/Traffic,NO IMPROPER ACTIONS,ON ROADWAY AT CROSSWALK,No,SUSPECTED MINOR INJURY,MC/BIKE HELMET,39.08491333,-77.13606167,"    (39.08491333, -77.13606167)"
MCP2928000N,15033174,MONTGOMERY,Injury Crash,07/07/2015 11:40,,,,IN THE PARKING LOT OF THE 7 ELEVEN,,PEDESTRIAN,SINGLE VEHICLE,CLEAR,,DAYLIGHT,NO CONTROLS,NONE DETECTED,NONE DETECTED,05AC91E6-2255-4FC1-B3A4-A47F4A9784C2,PEDESTRIAN,Walking/Cycling on Sidewalk,UNKNOWN,AT INTERSECTION MARKED CROSSWALK,Unknown,POSSIBLE INJURY,N/A,39.02021333,-77.013595,"    (39.02021333, -77.013595)"
MCP2928000P,15033137,MONTGOMERY,Injury Crash,07/07/2015 8:00,Maryland (State),GEORGIA AVE,BELVEDERE BLVD,,N/A,PEDESTRIAN,SINGLE VEHICLE,CLEAR,DRY,DAYLIGHT,NO CONTROLS,,NONE DETECTED,2718F89C-3315-4B74-A8A3-AD027251D4EC,PEDESTRIAN,Cross/Enter at Intersection,DART DASH,CURB,Yes,POSSIBLE INJURY,N/A,39.01950044,-77.04405069,"    (39.01950044, -77.04405069)"
HA23300007,15000703,Maryland-National Capital,Injury Crash,07/06/2015 10:11,Maryland (State),UNIVERSITY BLVD W,SLIGO CREEK PKWY,,N/A,PEDESTRIAN,OTHER,CLEAR,DRY,DAYLIGHT,TRAFFIC SIGNAL,NONE DETECTED,NONE DETECTED,43B919F3-198F-4AAB-B2D9-18797A218B3F,PEDESTRIAN,Other,OTHER,OTHER,Yes,SUSPECTED MINOR INJURY,N/A,39.07366167,-77.00741167,"    (39.07366167, -77.00741167)"
MCP2951000F,15032919,MONTGOMERY,Injury Crash,07/06/2015 5:37,,,,"2212 Glenmont Circle 
Silver Spring MD 20902
Parking Lot",,PEDESTRIAN,STRAIGHT MOVEMENT ANGLE,CLOUDY,,DARK LIGHTS ON,STOP SIGN,"N/A, NONE DETECTED",N/A,7C34C70B-6681-475D-A4A9-498AF8DD48EC,PEDESTRIAN,Getting off/on Vehicle,NO IMPROPER ACTIONS,SHOULDER,No,SUSPECTED MINOR INJURY,N/A,39.05815833,-77.048595,"    (39.05815833, -77.048595)"
MCP1148000V,15032830,MONTGOMERY,Injury Crash,07/05/2015 11:55,County,WOODMONT AVE,BETHESDA AVE,,N/A,BICYCLIST,SINGLE VEHICLE,CLEAR,DRY,DAYLIGHT,NO CONTROLS,NONE DETECTED,NONE DETECTED,76D1977C-89D5-4A06-BFEE-306702360697,BICYCLIST,Walking/Riding w/Traffic,NO IMPROPER ACTIONS,IN BIKEWAY,No,SUSPECTED MINOR INJURY,MC/BIKE HELMET,38.98154,-77.09578667,"    (38.98154, -77.09578667)"
EJ7857000H,15032732,GAITHERSBURG,Injury Crash,07/04/2015 22:33,Municipality,PERRY PKWY,STRUC OV CSX R/R,,N/A,PEDESTRIAN,OTHER,CLOUDY,DRY,DARK LIGHTS ON,NO CONTROLS,NONE DETECTED,NONE DETECTED,18BDD405-AC87-4E65-B798-369E44271933,PEDESTRIAN,Walking/Riding against Traffic,WRONG WAY RIDING OR WALKING,ON ROADWAY NOT AT CROSSWALK,No,SUSPECTED MINOR INJURY,NONE,39.147355,-77.21405667,"    (39.147355, -77.21405667)"
MCP2764000R,15032702,MONTGOMERY,Injury Crash,07/04/2015 19:04,Maryland (State),VEIRS MILL RD,VALLEYWOOD DR,,N/A,PEDESTRIAN,OTHER,N/A,N/A,DAYLIGHT,NO CONTROLS,NONE DETECTED,NONE DETECTED,D7EF38EC-C4E7-4D7D-BA33-25E6CEAC3240,PEDESTRIAN,Cross/Enter not at Intersection,DART DASH,ON ROADWAY AT CROSSWALK,Unknown,POSSIBLE INJURY,NONE,39.04960212,-77.0709157,"    (39.04960212, -77.0709157)"
MCP2923000N,15032224,MONTGOMERY,Injury Crash,06/30/2015 04:25:00 PM,County,S WESTLAND DR,FREDERICK RD,,N/A,PEDESTRIAN,OTHER,CLEAR,DRY,DAYLIGHT,NO CONTROLS,UNKNOWN,UNKNOWN,01834BB0-DCCB-466C-8167-EBD6BA7FEDB3,PEDESTRIAN,Cross/Enter not at Intersection,IN ROADWAY IMPROPERLY,ON ROADWAY NOT AT CROSSWALK,No,SUSPECTED MINOR INJURY,N/A,39.12641176,-77.18231857,"    (39.12641176, -77.18231857)"
MCP2675000S,15031652,Montgomery County Police,Injury Crash,06/28/2015 09:19:00 PM,County,RANDOLPH RD,BLUHILL RD,,N/A,BICYCLIST,HEAD ON LEFT TURN,CLEAR,DRY,DARK LIGHTS ON,NO CONTROLS,NONE DETECTED,NONE DETECTED,EC72741F-4797-441E-A6F3-8FFAA117D007,BICYCLIST,Cross/Enter not at Intersection,IN ROADWAY IMPROPERLY,ON ROADWAY NOT AT CROSSWALK,,SUSPECTED MINOR INJURY,NONE,39.05903667,-77.06514167,"    (39.05903667, -77.06514167)"
DD56100012,15031619,Rockville Police Departme,Injury Crash,06/28/2015 06:17:00 PM,Municipality,S HORNERS LA,PARK RD,,ROCKVILLE,PEDESTRIAN,OTHER,CLEAR,DRY,DAYLIGHT,NO CONTROLS,N/A,N/A,1F3D3B20-DC68-4FC5-83ED-BDED1F62DD21,PEDESTRIAN,Cross/Enter not at Intersection,IN ROADWAY IMPROPERLY,AT INTERSECTION BUT NO CROSSWALK,,SUSPECTED MINOR INJURY,NONE,39.08679067,-77.1436805,"    (39.08679067, -77.1436805)"
DD55740004,15031596,Rockville Police Departme,Injury Crash,06/28/2015 04:00:00 PM,Maryland (State),ROCKVILLE PIKE,ENT TO WOODMONT COUNTRY CLUB,,N/A,BICYCLIST,STRAIGHT MOVEMENT ANGLE,CLEAR,DRY,DAYLIGHT,TRAFFIC SIGNAL,N/A,N/A,835E6E29-A11F-4B10-9372-17183557D880,BICYCLIST,Walking/Cycling on Sidewalk,NO IMPROPER ACTIONS,DRIVEWAY ACCESS MARKED CROSSWALK,,SUSPECTED MINOR INJURY,MC/BIKE HELMET,39.069365,-77.13067,"    (39.069365, -77.13067)"
MCP28120017,15031560,Montgomery County Police,Injury Crash,06/28/2015 12:13:00 PM,US (State),COLESVILLE RD,SPRING ST,,N/A,PEDESTRIAN,SINGLE VEHICLE,CLEAR,DRY,DAYLIGHT,N/A,N/A,N/A,EC6F394A-3EB5-486D-AD93-1971C2BA2FD1,PEDESTRIAN,Cross/Enter not at Intersection,NO IMPROPER ACTIONS,ON ROADWAY AT CROSSWALK,,SUSPECTED MINOR INJURY,N/A,38.99976333,-77.02590333,"    (38.99976333, -77.02590333)"
MCP2796001Y,15031558,Montgomery County Police,Injury Crash,06/28/2015 11:20:00 AM,County,BEAVERWOOD LA,BEL PRE RD,,N/A,BICYCLIST,STRAIGHT MOVEMENT ANGLE,CLEAR,DRY,DAYLIGHT,TRAFFIC SIGNAL,NONE DETECTED,NONE DETECTED,66DE60E6-C70C-4031-AA14-0E095AD52ACA,BICYCLIST,Walking/Cycling on Sidewalk,FAILURE TO YIELD RIGHT OF WAY,ON ROADWAY AT CROSSWALK,,SUSPECTED MINOR INJURY,NONE,39.09046667,-77.05909,"    (39.09046667, -77.05909)"
MCP2783000M,15031359,MONTGOMERY,Injury Crash,06/27/2015 02:41:00 AM,County,RANDOLPH RD,DENLEY RD,,N/A,PEDESTRIAN,OTHER,CLEAR,DRY,DARK LIGHTS ON,NO CONTROLS,,ALCOHOL PRESENT,6BEED241-AEB0-4634-BA1F-2059B4A1A510,PEDESTRIAN,Unknown,UNKNOWN,ON ROADWAY NOT AT CROSSWALK,No,SUSPECTED MINOR INJURY,NONE,39.05930167,-77.06207833,"    (39.05930167, -77.06207833)"
MCP28130016,15031257,Montgomery County Police,Injury Crash,06/26/2015 03:10:00 PM,,,,DRIVEWAY OF 10820 GEORGIA AVE,,BICYCLIST,SINGLE VEHICLE,CLEAR,,DAYLIGHT,NO CONTROLS,N/A,N/A,DC2D21EB-E9D6-4D88-8630-6386EC4B7705,BICYCLIST,Walking/Riding against Traffic,WRONG WAY RIDING OR WALKING,SHOULDER,,POSSIBLE INJURY,N/A,39.03275667,-77.04888667,"    (39.03275667, -77.04888667)"
MCP2942000P,15031239,Montgomery County Police,Injury Crash,06/26/2015 01:21:00 PM,Maryland (State),BRADLEY BLVD,OAK FOREST LA,,N/A,BICYCLIST,SAME DIR REAR END,CLOUDY,DRY,DAYLIGHT,N/A,NONE DETECTED,NONE DETECTED,A57194B0-EF9C-4EA5-95B7-AB2CF4886EC2,BICYCLIST,Walking/Riding w/Traffic,INATTENTIVE,SHOULDER,,SUSPECTED MINOR INJURY,MC/BIKE HELMET,39.00080667,-77.07756833,"    (39.00080667, -77.07756833)"
DD5593001B,15031012,Rockville Police Departme,Injury Crash,06/25/2015 01:09:00 PM,Municipality,WOOTTON PKWY,HURLEY AVE,,ROCKVILLE,BICYCLIST,ANGLE MEETS LEFT TURN,N/A,DRY,DAYLIGHT,TRAFFIC SIGNAL,N/A,N/A,2729A8B5-BA74-4753-BFCB-66DA13183975,BICYCLIST,Cross/Enter at Intersection,DART DASH,IN BIKEWAY,,SUSPECTED MINOR INJURY,N/A,39.080785,-77.18507,"    (39.080785, -77.18507)"
MCP2967000G,15030920,Montgomery County Police,Injury Crash,06/24/2015 10:57:00 PM,County,MARINELLI RD,ROCKVILLE PIKE,,N/A,PEDESTRIAN,SAME DIRECTION SIDESWIPE,CLEAR,DRY,DARK LIGHTS ON,TRAFFIC SIGNAL,UNKNOWN,NONE DETECTED,D059832F-7F86-4259-AA88-6C47404710B1,PEDESTRIAN,Cross/Enter not at Intersection,FAILURE TO YIELD RIGHT OF WAY,ON ROADWAY NOT AT CROSSWALK,,SUSPECTED SERIOUS INJURY,NONE,39.04727745,-77.11285472,"    (39.04727745, -77.11285472)"
MCP2948000D,15030901,Montgomery County Police,Injury Crash,06/24/2015 10:00:00 PM,,,,"exiting the shopping plaza onto Georgia Avenue. Off road, just before Georgia Avenue.",,PEDESTRIAN,OTHER,CLEAR,,DARK LIGHTS ON,NO CONTROLS,NONE DETECTED,NONE DETECTED,9C47C16B-B17A-4E1E-B39D-D1F5AABF932E,PEDESTRIAN,Walking/Cycling on Sidewalk,NO IMPROPER ACTIONS,SIDEWALK,,POSSIBLE INJURY,N/A,39.15259507,-77.06695274,"    (39.15259507, -77.06695274)"
MCP2613000F,15030869,Montgomery County Police,Injury Crash,06/24/2015 07:27:00 PM,,,,"On the sidewalk located at 411 N. Frederick Ave, Gaithersburg Maryland",,PEDESTRIAN,OTHER,CLEAR,,DAYLIGHT,NO CONTROLS,NONE DETECTED,UNKNOWN,8794AFC7-60B0-4FE4-9A1C-B4E9BEA43B06,PEDESTRIAN,Walking/Cycling on Sidewalk,NO IMPROPER ACTIONS,SIDEWALK,,SUSPECTED MINOR INJURY,NONE,39.146765,-77.20504833,"    (39.146765, -77.20504833)"
EJ78520010,15030791,Gaithersburg Police Depar,Injury Crash,06/24/2015 12:23:00 PM,Maryland (State),S FREDERICK RD,CEDAR AVE,,GAITHERSBURG,PEDESTRIAN,SAME DIR REAR END,N/A,DRY,DAYLIGHT,OTHER,UNKNOWN,N/A,F0BBBE0E-D1D8-400F-B753-C3300E5EAA75,PEDESTRIAN,Other Working,NO IMPROPER ACTIONS,OTHER,,SUSPECTED SERIOUS INJURY,REFLECTIVE CLOTHING,39.13965546,-77.196486,"    (39.13965546, -77.196486)"
MCP15650014,15030756,Montgomery County Police,Injury Crash,06/24/2015 08:54:00 AM,Maryland (State),CONNECTICUT AVE,INDEPENDENCE ST,,N/A,BICYCLIST,OTHER,CLEAR,DRY,DAYLIGHT,TRAFFIC SIGNAL,NONE DETECTED,NONE DETECTED,F2D19952-FFF9-4A65-93F4-1EC89AFB6618,BICYCLIST,Cross/Enter at Intersection,NO IMPROPER ACTIONS,AT INTERSECTION MARKED CROSSWALK,,POSSIBLE INJURY,NONE,39.07672667,-77.0803,"    (39.07672667, -77.0803)"
DM8453000C,15030651,Takoma Park Police Depart,Injury Crash,06/23/2015 03:54:00 PM,,,,Entrance of Parking Lot,,BICYCLIST,HEAD ON,CLEAR,,DAYLIGHT,NO CONTROLS,NONE DETECTED,NONE DETECTED,AF3148B9-D69D-4824-A1CB-8B415C4250F0,BICYCLIST,Walking/Cycling on Sidewalk,FAILURE TO YIELD RIGHT OF WAY,SIDEWALK,,SUSPECTED MINOR INJURY,N/A,38.98126317,-77.01094151,"    (38.98126317, -77.01094151)"
MCP28810015,15030553,Montgomery County Police,Injury Crash,06/23/2015 07:36:00 AM,County,CENTURY BLVD,MIDDLEBROOK RD,,N/A,BICYCLIST,OTHER,CLEAR,DRY,DAYLIGHT,TRAFFIC SIGNAL,NONE DETECTED,UNKNOWN,355F55E4-91C8-4A6C-B602-C8A9B25C3BAB,BICYCLIST,Cross/Enter at Intersection,IN ROADWAY IMPROPERLY,ON ROADWAY AT CROSSWALK,,POSSIBLE INJURY,NONE,39.18019391,-77.26860523,"    (39.18019391, -77.26860523)"
EJ77470015,15030436,Gaithersburg Police Depar,Injury Crash,06/22/2015 12:45:00 PM,Municipality,CHESTERTOWN ST,LITTLE QUARRY RD,,GAITHERSBURG,PEDESTRIAN,HEAD ON LEFT TURN,N/A,DRY,DAYLIGHT,NO CONTROLS,NONE DETECTED,NONE DETECTED,3CB1A0A3-365E-4869-8F36-50239E572364,PEDESTRIAN,Cross/Enter not at Intersection,N/A,ON ROADWAY NOT AT CROSSWALK,,POSSIBLE INJURY,N/A,39.123305,-77.24685333,"    (39.123305, -77.24685333)"
MCP1202000K,15030096,Montgomery County Police,Injury Crash,06/20/2015 08:06:00 AM,County,MACARTHUR BLVD,MOHICAN RD,,N/A,BICYCLIST,HEAD ON LEFT TURN,CLEAR,DRY,DAYLIGHT,NO CONTROLS,NONE DETECTED,NONE DETECTED,51461ADE-EFB9-4089-BA20-37F3FE918622,BICYCLIST,Walking/Riding w/Traffic,NO IMPROPER ACTIONS,IN BIKEWAY,,SUSPECTED MINOR INJURY,MC/BIKE HELMET,38.95980667,-77.13144167,"    (38.95980667, -77.13144167)"
MCP29050013,15030009,Montgomery County Police,Property Damage Crash,06/19/2015 05:25:00 PM,County,ROCKING HORSE RD,BOILING BROOK PKWY,,N/A,BICYCLIST,STRAIGHT MOVEMENT ANGLE,CLOUDY,DRY,DAYLIGHT,STOP SIGN,NONE DETECTED,ALCOHOL PRESENT,443DE02C-B11F-4DF2-A3C6-EB5068747281,BICYCLIST,Cross/Enter at Intersection,FAILURE TO YIELD RIGHT OF WAY,ON ROADWAY AT CROSSWALK,,NO APPARENT INJURY,NONE,39.04771698,-77.09821656,"    (39.04771698, -77.09821656)"
MCP2680001F,15029963,Montgomery County Police,Injury Crash,06/19/2015 02:00:00 PM,Maryland (State),COLESVILLE RD,SECOND AVE,,N/A,PEDESTRIAN,STRAIGHT MOVEMENT ANGLE,CLEAR,DRY,DAYLIGHT,TRAFFIC SIGNAL,NONE DETECTED,NONE DETECTED,096A825F-8178-42C2-8266-E1B0485D4317,PEDESTRIAN,Cross/Enter at Intersection,NO IMPROPER ACTIONS,ON ROADWAY AT CROSSWALK,,SUSPECTED MINOR INJURY,NONE,38.99485167,-77.03069833,"    (38.99485167, -77.03069833)"
MCP21160026,15029921,Montgomery County Police,Injury Crash,06/19/2015 10:51:00 AM,,,,Parking Lot of 7945 Tuckerman Lane,,PEDESTRIAN,STRAIGHT MOVEMENT ANGLE,CLEAR,,DAYLIGHT,N/A,NONE DETECTED,NONE DETECTED,8242B525-F4EC-4079-8D59-198794010B22,PEDESTRIAN,Standing,NO IMPROPER ACTIONS,ON ROADWAY NOT AT CROSSWALK,,SUSPECTED MINOR INJURY,NONE,39.04094667,-77.15733833,"    (39.04094667, -77.15733833)"
MCP1417003D,15029880,Montgomery County Police,Injury Crash,06/19/2015 07:37:00 AM,County,MIDCOUNTY HWY,ENT TO SHADY GROVE MIDDLE SCHOOL,,N/A,BICYCLIST,SAME DIRECTION RIGHT TURN,CLEAR,DRY,DAYLIGHT,NO CONTROLS,NONE DETECTED,NONE DETECTED,E8AA977B-AFBA-4021-BACF-F9A8A8939BE8,BICYCLIST,Walking/Riding w/Traffic,NO IMPROPER ACTIONS,IN BIKEWAY,,SUSPECTED MINOR INJURY,MC/BIKE HELMET,39.14394084,-77.16219664,"    (39.14394084, -77.16219664)"