Report Number,Local Case Number,Agency Name,ACRS Report Type,Crash Date/Time,Route Type,Road Name,Cross-Street Name,Off-Road Description,Municipality,Related Non-Motorist,Collision Type,Weather,Surface Condition,Light,Traffic Control,Driver Substance Abuse,Non-Motorist Substance Abuse,Person ID,Pedestrian Type,Pedestrian Movement,Pedestrian Actions,Pedestrian Location,At Fault,Injury Severity,Safety Equipment,Latitude,Longitude,Location
MCP29360009,15024180,Montgomery County Police,Injury Crash,05/20/2015 11:21:00 AM,,,,"Parking Lot of Bobby's Burger Palace (7101 Democracy Blvd. Bethesda, MD 20817)",,PEDESTRIAN,STRAIGHT MOVEMENT ANGLE,CLEAR,,DAYLIGHT,STOP SIGN,NONE DETECTED,NONE DETECTED,3E8A896C-341E-4BCF-9668-438C785C846D,PEDESTRIAN,Cross/Enter at Intersection,NO IMPROPER ACTIONS,ON ROADWAY AT CROSSWALK,,SUSPECTED MINOR INJURY,N/A,39.02590833,-77.14587833,"    (39.02590833, -77.14587833)"
MCP2978000F,15024066,Montgomery County Police,Injury Crash,05/19/2015 07:03:00 PM,County,SHADY GROVE RD,GAITHER RD,,ROCKVILLE,PEDESTRIAN,SINGLE VEHICLE,CLEAR,DRY,DAYLIGHT,TRAFFIC SIGNAL,NONE DETECTED,ALCOHOL PRESENT,E1B8F409-E882-4199-89C1-10A64CECA858,PEDESTRIAN,Cross/Enter not at Intersection,IN ROADWAY IMPROPERLY,ON ROADWAY NOT AT CROSSWALK,,SUSPECTED MINOR INJURY,N/A,39.11725904,-77.18386352,"    (39.11725904, -77.18386352)"
MCP26650010,15024061,Montgomery County Police,Injury Crash,05/19/2015 06:48:00 PM,County,CHESHIRE DR,OLD GEORGETOWN RD,,N/A,PEDESTRIAN,OTHER,CLEAR,DRY,DAYLIGHT,TRAFFIC SIGNAL,N/A,N/A,3BED917E-F2A2-451E-859A-88F7712D4083,PEDESTRIAN,Cross/Enter at Intersection,NO IMPROPER ACTIONS,AT INTERSECTION MARKED CROSSWALK,,POSSIBLE INJURY,N/A,39.02256833,-77.12319667,"    (39.02256833, -77.12319667)"
MCP1022002N,15023984,Montgomery County Police,Injury Crash,05/19/2015 01:26:00 PM,,,,"PARKING LOT IN FRONT OF WALMART 20910 FREDERICK RD GERMANTOWN, MD 20874",,PEDESTRIAN,OTHER,CLEAR,,DAYLIGHT,NO CONTROLS,NONE DETECTED,NONE DETECTED,65A30961-69BD-4BBE-B484-E4533E8D6C78,PEDESTRIAN,Other,NO IMPROPER ACTIONS,ON ROADWAY AT CROSSWALK,,SUSPECTED SERIOUS INJURY,N/A,39.19894333,-77.251515,"    (39.19894333, -77.251515)"
MCP2710000K,15023834,MONTGOMERY,Injury Crash,05/18/2015 04:20:00 PM,Maryland (State),FREDERICK RD,DALAMAR ST,,N/A,BICYCLIST,HEAD ON LEFT TURN,N/A,DRY,DAYLIGHT,N/A,NONE DETECTED,NONE DETECTED,8356F294-E3F0-4B37-868A-D71B54B3F6BC,BICYCLIST,Cross/Enter at Intersection,NO IMPROPER ACTIONS,SIDEWALK,No,SUSPECTED MINOR INJURY,NONE,39.14748167,-77.205925,"    (39.14748167, -77.205925)"
MCP2746000S,15023661,Montgomery County Police,Injury Crash,05/17/2015 05:53:00 PM,County,BEL PRE RD,NORTH GATE DR,,N/A,PEDESTRIAN,N/A,CLEAR,DRY,DAYLIGHT,NO CONTROLS,NONE DETECTED,NONE DETECTED,BB058361-E0D4-4F85-BD26-8A95594AEE0D,PEDESTRIAN,Cross/Enter at Intersection,NO IMPROPER ACTIONS,ON ROADWAY AT CROSSWALK,,SUSPECTED MINOR INJURY,N/A,39.09035062,-77.05115318,"    (39.09035062, -77.05115318)"
MCP22910015,15023665,Montgomery County Police,Injury Crash,05/17/2015 05:49:00 PM,,,,entrance/driveway to 4601 N.Park Avenue (The Elizabeth Apartments),,PEDESTRIAN,OTHER,CLEAR,,DAYLIGHT,N/A,NONE DETECTED,NONE DETECTED,C4D96C75-B143-4126-AC1F-305A9427F23A,PEDESTRIAN,Standing,OTHER,CURB,,POSSIBLE INJURY,N/A,38.96341667,-77.09098333,"    (38.96341667, -77.09098333)"
MCP2689000X,15023448,Montgomery County Police,Injury Crash,05/16/2015 11:17:00 AM,Maryland (State),ROCKVILLE PIKE,TWINBROOK PKWY,,ROCKVILLE,BICYCLIST,SAME DIRECTION RIGHT TURN,CLEAR,DRY,DAYLIGHT,TRAFFIC SIGNAL,NONE DETECTED,NONE DETECTED,F5C60ED5-D31F-48B4-A863-866B78184E25,BICYCLIST,Walking/Riding w/Traffic,NO IMPROPER ACTIONS,ON ROADWAY NOT AT CROSSWALK,,SUSPECTED MINOR INJURY,MC/BIKE HELMET,39.059225,-77.12142833,"    (39.059225, -77.12142833)"
MCP28670019,15023259,Montgomery County Police,Injury Crash,05/15/2015 02:52:00 PM,US (State),COLESVILLE RD,UNIVERSITY BLVD E,,N/A,PEDESTRIAN,OTHER,CLEAR,DRY,DAYLIGHT,TRAFFIC SIGNAL,NONE DETECTED,NONE DETECTED,A4128C5D-74CC-40FB-AFF4-D7603639885B,PEDESTRIAN,Cross/Enter at Intersection,NO IMPROPER ACTIONS,ON ROADWAY AT CROSSWALK,,SUSPECTED MINOR INJURY,N/A,39.02033333,-77.01328667,"    (39.02033333, -77.01328667)"
MCP29770009,15023098,Montgomery County Police,Injury Crash,05/14/2015 05:37:00 PM,County,BARRON ST,GILBERT PL,,N/A,PEDESTRIAN,OTHER,CLEAR,DRY,DAYLIGHT,N/A,UNKNOWN,N/A,C6E30AB7-57CE-4AA3-AD80-D12856058052,PEDESTRIAN,Playing,DART DASH,ON ROADWAY NOT AT CROSSWALK,,SUSPECTED MINOR INJURY,N/A,38.99844999,-76.99719787,"    (38.99844999, -76.99719787)"
MCP29190008,15022769,Montgomery County Police,Injury Crash,05/13/2015 07:21:00 AM,County,WAYNE AVE,GEORGIA AVE,,N/A,PEDESTRIAN,SINGLE VEHICLE,CLEAR,DRY,DAYLIGHT,TRAFFIC SIGNAL,NONE DETECTED,NONE DETECTED,F4F465F5-B7D9-4AC8-AE1B-BE620F892D7C,PEDESTRIAN,Cross/Enter at Intersection,FAILURE TO OBEY TRAFFIC SIGNS SIGNALS OR OFFICER,AT INTERSECTION MARKED CROSSWALK,,SUSPECTED MINOR INJURY,N/A,38.9945977,-77.02675581,"    (38.9945977, -77.02675581)"
MCP29670009,15022674,Montgomery County Police,Injury Crash,05/12/2015 15:24,Maryland (State),WISCONSIN AVE,DORSET AVE,,SOMERSET,PEDESTRIAN,OTHER,CLEAR,DRY,DAYLIGHT,OTHER,NONE DETECTED,NONE DETECTED,302EE51D-0D4F-474C-9089-3B98CA3B76BD,PEDESTRIAN,Walking/Riding against Traffic,NO IMPROPER ACTIONS,ON ROADWAY AT CROSSWALK,,POSSIBLE INJURY,N/A,38.96738392,-77.08868265,"    (38.96738392, -77.08868265)"
MCP2892000S,15022587,Montgomery County Police,Injury Crash,05/12/2015 10:09,,,,Darcars parking lot,,PEDESTRIAN,OTHER,CLEAR,,DAYLIGHT,NO CONTROLS,NONE DETECTED,NONE DETECTED,01BEE23C-0983-4D2D-AD47-FB5AACCB6CDF,PEDESTRIAN,Standing,NO IMPROPER ACTIONS,OTHER,,SUSPECTED MINOR INJURY,N/A,39.06004971,-76.95906758,"    (39.06004971, -76.95906758)"
MCP2203000N,15022465,Montgomery County Police,Injury Crash,05/11/2015 15:10,Maryland (State),CONNECTICUT AVE,DENFELD AVE,,N/A,PEDESTRIAN,SINGLE VEHICLE,CLEAR,DRY,DAYLIGHT,TRAFFIC SIGNAL,N/A,N/A,16CF5A0B-FC9A-42F8-958E-D21C1C8B3912,PEDESTRIAN,Walking to/from school,DART DASH,ON ROADWAY AT CROSSWALK,,SUSPECTED MINOR INJURY,N/A,39.03896333,-77.07703833,"    (39.03896333, -77.07703833)"
MCP28810011,15022293,Montgomery County Police,Injury Crash,05/10/2015 14:00,County,ARDENNES AVE,TWINBROOK PKWY,,N/A,BICYCLIST,SINGLE VEHICLE,CLEAR,DRY,DAYLIGHT,TRAFFIC SIGNAL,NONE DETECTED,NONE DETECTED,E578FE1B-14CA-4EC7-86C2-7227E5A423C4,BICYCLIST,Cross/Enter at Intersection,NO IMPROPER ACTIONS,AT INTERSECTION MARKED CROSSWALK,,POSSIBLE INJURY,N/A,39.18523167,-77.24490833,"    (39.18523167, -77.24490833)"
EJ78440008,15022193,Gaithersburg Police Depar,Property Damage Crash,05/09/2015 23:39,Municipality,LAKE FOREST BLVD,FREDERICK RD,,N/A,BICYCLIST,OTHER,CLEAR,DRY,DARK LIGHTS ON,TRAFFIC SIGNAL,NONE DETECTED,NONE DETECTED,3ADC51E4-C312-429B-AE3A-FB6CB22A2ABD,BICYCLIST,Cross/Enter at Intersection,FAILURE TO YIELD RIGHT OF WAY,ON ROADWAY AT CROSSWALK,,NO APPARENT INJURY,NONE,39.15031,-77.20887167,"    (39.15031, -77.20887167)"
MCP2757000L,15022185,Montgomery County Police,Injury Crash,05/09/2015 22:07,Maryland (State),VEIRS MILL RD,CLARIDGE RD,,N/A,BICYCLIST,HEAD ON LEFT TURN,N/A,N/A,DARK LIGHTS ON,TRAFFIC SIGNAL,UNKNOWN,NONE DETECTED,6C76793C-A639-4B42-B5A0-994C4FB0983D,BICYCLIST,Cross/Enter at Intersection,FAILURE TO OBEY TRAFFIC SIGNS SIGNALS OR OFFICER,ON ROADWAY AT CROSSWALK,,SUSPECTED MINOR INJURY,NONE,39.04842167,-77.06903167,"    (39.04842167, -77.06903167)"
MCP2765001D,15022170,Montgomery County Police,Injury Crash,05/09/2015 20:42,Maryland (State),DARNESTOWN RD,CROSSOVER,,N/A,PEDESTRIAN,SINGLE VEHICLE,CLEAR,DRY,DARK LIGHTS ON,TRAFFIC SIGNAL,NONE DETECTED,UNKNOWN,1238DAB5-A6B1-420B-B31D-6E0C5B55B552,PEDESTRIAN,Cross/Enter at Intersection,DART DASH,ON ROADWAY AT CROSSWALK,,POSSIBLE INJURY,NONE,39.11727152,-77.25116551,"    (39.11727152, -77.25116551)"
MCP29590009,15022132,Montgomery County Police,Injury Crash,05/09/2015 15:05,County,BLUHILL RD,RANDOLPH RD,,N/A,PEDESTRIAN,SINGLE VEHICLE,CLEAR,DRY,DAYLIGHT,NO CONTROLS,NONE DETECTED,NONE DETECTED,DB5113B9-D4CB-40F3-9EC6-BD96ED4B270E,PEDESTRIAN,Cross/Enter not at Intersection,INATTENTIVE,ON ROADWAY NOT AT CROSSWALK,,POSSIBLE INJURY,NONE,39.05903334,-77.06491828,"    (39.05903334, -77.06491828)"
MCP2846000Y,15022119,Montgomery County Police,Injury Crash,05/09/2015 13:01,Maryland (State),UNIVERSITY BLVD W,DAYTON ST,,N/A,PEDESTRIAN,SINGLE VEHICLE,CLEAR,DRY,DAYLIGHT,STOP SIGN,NONE DETECTED,NONE DETECTED,7B733A95-BA87-438A-8ED4-3EA1B0E78A16,PEDESTRIAN,Cross/Enter at Intersection,NO IMPROPER ACTIONS,ON ROADWAY AT CROSSWALK,,POSSIBLE INJURY,LIGHTING,39.03875,-77.04170667,"    (39.03875, -77.04170667)"
MCP2736002C,15022048,Montgomery County Police,Property Damage Crash,05/08/2015 23:17,,,,Cheltnham Parking Garage,,BICYCLIST,SAME DIRECTION SIDESWIPE,N/A,,DARK LIGHTS ON,N/A,N/A,N/A,E15DDF14-0510-4040-933D-FA86B875E9E5,BICYCLIST,Walking/Riding w/Traffic,OTHER,OTHER,,NO APPARENT INJURY,NONE,38.98834354,-77.09422946,"    (38.98834354, -77.09422946)"
MCP2978000D,15021984,Montgomery County Police,Injury Crash,05/08/2015 16:55,Maryland (State),DARNESTOWN RD,VICARS WAY,,N/A,BICYCLIST,SINGLE VEHICLE,CLEAR,DRY,DAYLIGHT,N/A,NONE DETECTED,NONE DETECTED,DB6A4BA6-A65A-4D5F-8905-D970F38F864A,BICYCLIST,Walking/Riding w/Traffic,NO IMPROPER ACTIONS,SHOULDER,,SUSPECTED SERIOUS INJURY,UNKNOWN,39.10357,-77.28741,"    (39.10357, -77.28741)"
MCP15800035,15021894,Montgomery County Police,Injury Crash,05/08/2015 8:57,County,HADLEY FARMS DR,WOODFIELD RD,,N/A,PEDESTRIAN,OTHER,CLEAR,DRY,DAYLIGHT,TRAFFIC SIGNAL,NONE DETECTED,NONE DETECTED,63608BBA-F97A-484E-83FE-F8082D297CB9,PEDESTRIAN,Cross/Enter at Intersection,NO IMPROPER ACTIONS,AT INTERSECTION MARKED CROSSWALK,,SUSPECTED SERIOUS INJURY,N/A,39.18016833,-77.15091667,"    (39.18016833, -77.15091667)"
MCP1453001G,15021869,Montgomery County Police,Injury Crash,05/08/2015 6:14,Maryland (State),S FREDERICK RD,E DEER PARK DR,,GAITHERSBURG,BICYCLIST,SINGLE VEHICLE,CLEAR,DRY,DAWN,NO CONTROLS,NONE DETECTED,NONE DETECTED,D6E9567E-B3F4-4F27-8950-BA515C73A28A,BICYCLIST,Other,NO IMPROPER ACTIONS,SIDEWALK,,POSSIBLE INJURY,NONE,39.13335833,-77.18974833,"    (39.13335833, -77.18974833)"
DD56040013,15021865,Rockville Police Departme,Injury Crash,05/08/2015 2:48,Municipality,FREDERICK AVE,N STONESTREET AVE,,ROCKVILLE,PEDESTRIAN,OTHER,CLEAR,DRY,DARK NO LIGHTS,NO CONTROLS,UNKNOWN,ALCOHOL PRESENT,881FD5F7-5A77-4D6E-B088-6C5F7BAAD2BD,PEDESTRIAN,Standing,IN ROADWAY IMPROPERLY,ON ROADWAY NOT AT CROSSWALK,,SUSPECTED MINOR INJURY,NONE,39.09468833,-77.14998667,"    (39.09468833, -77.14998667)"
MCP2871001J,15021807,Montgomery County Police,Injury Crash,05/07/2015 18:45,County,SEVEN LOCKS RD,ENGLISH WAY,,N/A,PEDESTRIAN,OTHER,CLEAR,DRY,DAYLIGHT,NO CONTROLS,NONE DETECTED,NONE DETECTED,DFC755D0-ACEB-4FA1-8F5B-C8875476BC2A,PEDESTRIAN,Walking/Riding against Traffic,DART DASH,ON ROADWAY NOT AT CROSSWALK,,SUSPECTED MINOR INJURY,N/A,39.00661167,-77.15979833,"    (39.00661167, -77.15979833)"
MCP2240000M,15021766,Montgomery County Police,Injury Crash,05/07/2015 15:37,County,SHADY GROVE RD,MUNCASTER MILL RD,,N/A,BICYCLIST,STRAIGHT MOVEMENT ANGLE,CLEAR,DRY,DAYLIGHT,TRAFFIC SIGNAL,NONE DETECTED,NONE DETECTED,A9FC4B96-63C9-463F-8331-3074731B63B7,BICYCLIST,Cross/Enter at Intersection,FAILURE TO YIELD RIGHT OF WAY,ON ROADWAY NOT AT CROSSWALK,,SUSPECTED MINOR INJURY,UNKNOWN,39.14884,-77.14724833,"    (39.14884, -77.14724833)"
MCP2094004W,15021686,Montgomery County Police,Injury Crash,05/07/2015 10:20,,,,"PARKING LOT OF
 11820 PARKLAWN DR",,OTHER,SINGLE VEHICLE,CLEAR,,DAYLIGHT,N/A,NONE DETECTED,NONE DETECTED,1E454FC7-5217-4FF3-94E6-9CE8E538C37E,OTHER,Other,OTHER,INSIDE BUILDING,,SUSPECTED SERIOUS INJURY,N/A,39.27647167,-77.21262167,"    (39.27647167, -77.21262167)"
MCP2094004W,15021686,Montgomery County Police,Injury Crash,05/07/2015 10:20,,,,"PARKING LOT OF
 11820 PARKLAWN DR",,OTHER,SINGLE VEHICLE,CLEAR,,DAYLIGHT,N/A,NONE DETECTED,NONE DETECTED,C71C405B-D4EA-4A61-A91A-7F3582F0DDB6,OTHER,N/A,N/A,INSIDE BUILDING,,SUSPECTED MINOR INJURY,N/A,39.27647167,-77.21262167,"    (39.27647167, -77.21262167)"
MCP2094004W,15021686,Montgomery County Police,Injury Crash,05/07/2015 10:20,,,,"PARKING LOT OF
 11820 PARKLAWN DR",,OTHER,SINGLE VEHICLE,CLEAR,,DAYLIGHT,N/A,NONE DETECTED,NONE DETECTED,FC0D5857-6BE3-4D08-9B8E-7D839395D0FB,OTHER,N/A,OTHER,INSIDE BUILDING,,POSSIBLE INJURY,N/A,39.27647167,-77.21262167,"    (39.27647167, -77.21262167)"
EJ78550009,15021600,Gaithersburg Police Depar,Injury Crash,05/06/2015 18:40,Municipality,N SUMMIT AVE,BROOKS AVE,,GAITHERSBURG,PEDESTRIAN,SINGLE VEHICLE,CLEAR,DRY,DAYLIGHT,NO CONTROLS,NONE DETECTED,NONE DETECTED,628190DF-823F-48F7-AE5B-EE1E1D6B4124,PEDESTRIAN,Walking/Riding against Traffic,DART DASH,ON ROADWAY NOT AT CROSSWALK,,SUSPECTED MINOR INJURY,NONE,39.14326269,-77.19311178,"    (39.14326269, -77.19311178)"
MCP1379003Y,15021552,Montgomery County Police,Injury Crash,05/06/2015 14:15,County,EXECUTIVE BLVD,OLD GEORGETOWN RD,,N/A,PEDESTRIAN,OTHER,CLEAR,DRY,DAYLIGHT,NO CONTROLS,NONE DETECTED,NONE DETECTED,04158147-305A-49D3-9D0E-5C671AA610F9,PEDESTRIAN,Other Working,NO IMPROPER ACTIONS,ON ROADWAY NOT AT CROSSWALK,,SUSPECTED SERIOUS INJURY,UNKNOWN,39.04871833,-77.123845,"    (39.04871833, -77.123845)"
MCP2094004S,15021276,Montgomery County Police,Injury Crash,05/05/2015 11:05,Maryland (State),BRADLEY LA,WISCONSIN AVE,,N/A,PEDESTRIAN,OTHER,CLEAR,DRY,DAYLIGHT,TRAFFIC SIGNAL,NONE DETECTED,NONE DETECTED,4706679A-0EB1-406B-9313-EA15825CFB4C,PEDESTRIAN,Cross/Enter at Intersection,NO IMPROPER ACTIONS,ON ROADWAY AT CROSSWALK,,POSSIBLE INJURY,N/A,38.97723333,-77.09056,"    (38.97723333, -77.09056)"
MCP28160011,15021152,Montgomery County Police,Property Damage Crash,05/04/2015 17:37,Municipality,TWINBROOK PKWY,CHAPMAN AVE,,ROCKVILLE,BICYCLIST,SAME DIR REAR END,CLEAR,DRY,DAYLIGHT,NO CONTROLS,NONE DETECTED,NONE DETECTED,529F0C9B-A86B-4552-8C63-4D4B0D3412D0,BICYCLIST,Other,NO IMPROPER ACTIONS,SIDEWALK,,NO APPARENT INJURY,MC/BIKE HELMET,39.05886,-77.11837167,"    (39.05886, -77.11837167)"
MCP2046003V,15021033,Montgomery County Police,Injury Crash,05/04/2015 7:40,County,FOREST GLEN RD,STRUC #M0225 SLIGO CREEK,,N/A,BICYCLIST,STRAIGHT MOVEMENT ANGLE,CLEAR,DRY,DAYLIGHT,NO CONTROLS,NONE DETECTED,NONE DETECTED,8C20657B-7B10-42FC-A6AC-2C2714E36177,BICYCLIST,Cross/Enter not at Intersection,NO IMPROPER ACTIONS,ON ROADWAY AT CROSSWALK,,SUSPECTED MINOR INJURY,MC/BIKE HELMET,39.01626667,-77.03280167,"    (39.01626667, -77.03280167)"
MCP2639000T,15021005,Montgomery County Police,Injury Crash,05/03/2015 23:41,Maryland (State),GEORGIA AVE,REEDIE DR,,N/A,PEDESTRIAN,STRAIGHT MOVEMENT ANGLE,CLEAR,DRY,DARK LIGHTS ON,NO CONTROLS,NONE DETECTED,NONE DETECTED,ACDCCFCE-699A-492C-AFC0-29E0A22F7EF3,PEDESTRIAN,Cross/Enter not at Intersection,FAILURE TO YIELD RIGHT OF WAY,ON ROADWAY NOT AT CROSSWALK,,SUSPECTED SERIOUS INJURY,N/A,39.03910167,-77.05091,"    (39.03910167, -77.05091)"
MCP24920009,15020994,Montgomery County Police,Injury Crash,05/03/2015 22:06,Maryland (State),FREDERICK RD,MAGNOLIA DR,,N/A,PEDESTRIAN,OTHER,CLEAR,DRY,DARK NO LIGHTS,NO CONTROLS,NONE DETECTED,UNKNOWN,38FD4162-7386-49B3-99B6-D916A01318CE,PEDESTRIAN,Cross/Enter not at Intersection,UNKNOWN,ON ROADWAY NOT AT CROSSWALK,,SUSPECTED SERIOUS INJURY,N/A,39.17761156,-77.23842904,"    (39.17761156, -77.23842904)"
MCP2339000Y,15020839,Montgomery County Police,Property Damage Crash,05/03/2015 3:08,County,ASPEN HILL RD,EADES ST,,N/A,OTHER,SAME DIR REAR END,CLEAR,DRY,DARK -- UNKNOWN LIGHTING,NO CONTROLS,ILLEGAL DRUG PRESENT,N/A,DCA2F068-A328-40CC-A347-DCF3ECF1D503,OTHER,N/A,N/A,N/A,,NO APPARENT INJURY,N/A,39.07341,-77.095435,"    (39.07341, -77.095435)"
MCP29730009,15020978,Montgomery County Police,Injury Crash,05/03/2015 0:00,Maryland (State),GEORGIA AVE,UNIVERSITY BLVD W,,N/A,BICYCLIST,STRAIGHT MOVEMENT ANGLE,CLEAR,DRY,DARK LIGHTS ON,NO CONTROLS,NONE DETECTED,NONE DETECTED,09D8C04D-DFC5-47B0-A49A-A12235F568DC,BICYCLIST,Walking/Riding against Traffic,NO IMPROPER ACTIONS,SIDEWALK,,POSSIBLE INJURY,NONE,39.04195667,-77.051715,"    (39.04195667, -77.051715)"
MCP27200013,15020637,Montgomery County Police,Injury Crash,05/01/2015 19:05,Maryland (State),GEORGIA AVE,REEDIE DR,,N/A,PEDESTRIAN,STRAIGHT MOVEMENT ANGLE,CLEAR,DRY,DAYLIGHT,TRAFFIC SIGNAL,N/A,N/A,B0105DE1-B57D-42BD-B0ED-798DE63DB44E,PEDESTRIAN,Unknown,UNKNOWN,UNKNOWN,,POSSIBLE INJURY,N/A,39.03855333,-77.051755,"    (39.03855333, -77.051755)"
DD56050016,15020623,Rockville Police Departme,Property Damage Crash,05/01/2015 17:33,,,,"PARKING LOT OF 360 HUNGERFORD DR, ROCKVILLE, MD",,PEDESTRIAN,OTHER,CLEAR,,DAYLIGHT,NO CONTROLS,NONE DETECTED,NONE DETECTED,395F561E-1251-4053-8BBC-34FB8D098E2E,PEDESTRIAN,Standing,NO IMPROPER ACTIONS,OTHER,,NO APPARENT INJURY,N/A,39.09218667,-77.15235667,"    (39.09218667, -77.15235667)"
HA24010008,15000376,Maryland-National Capital,Property Damage Crash,05/01/2015 12:18,County,CEDAR LA,BEACH DR,,N/A,BICYCLIST,STRAIGHT MOVEMENT ANGLE,CLEAR,DRY,DAYLIGHT,TRAFFIC SIGNAL,NONE DETECTED,NONE DETECTED,B44B8975-1953-44C1-8800-71B9777E46DB,BICYCLIST,Cross/Enter at Intersection,NO IMPROPER ACTIONS,N/A,,NO APPARENT INJURY,MC/BIKE HELMET,39.01238567,-77.09093034,"    (39.01238567, -77.09093034)"
MCP15500018,15020472,Montgomery County Police,Injury Crash,04/30/2015 07:19:00 PM,Municipality,FREDERICK PL,FREDERICK AVE,,KENSINGTON,PEDESTRIAN,SINGLE VEHICLE,CLOUDY,N/A,DAYLIGHT,N/A,NONE DETECTED,NONE DETECTED,77710985-FE06-4BE3-B3C4-F1C8408BAB45,PEDESTRIAN,Standing,N/A,OTHER,,SUSPECTED SERIOUS INJURY,N/A,39.020775,-77.07114333,"    (39.020775, -77.07114333)"
MCP2298005D,15020223,Montgomery County Police,Injury Crash,04/29/2015 06:02:00 PM,County,TANNERY RIDGE DR,CLARKSBURG RD,,N/A,BICYCLIST,ANGLE MEETS LEFT TURN,CLEAR,DRY,DAYLIGHT,STOP SIGN,NONE DETECTED,NONE DETECTED,47CD84B7-B675-4811-BF01-5F45D11A6DBD,BICYCLIST,Other,IN ROADWAY IMPROPERLY,ON ROADWAY NOT AT CROSSWALK,,SUSPECTED MINOR INJURY,NONE,39.24287,-77.27976,"    (39.24287, -77.27976)"
MCP28800011,15020169,Montgomery County Police,Injury Crash,04/29/2015 12:34:00 PM,Maryland (State),QUINCE ORCHARD RD,FIRSTFIELD RD,,GAITHERSBURG,PEDESTRIAN,SINGLE VEHICLE,CLEAR,DRY,DAYLIGHT,TRAFFIC SIGNAL,NONE DETECTED,NONE DETECTED,985C25BB-E9D2-4B8B-9D10-7CD2D8E234F9,PEDESTRIAN,Cross/Enter at Intersection,DART DASH,ON ROADWAY NOT AT CROSSWALK,,POSSIBLE INJURY,N/A,39.14534667,-77.21987667,"    (39.14534667, -77.21987667)"
MCP28880008,15019744,Montgomery County Police,Injury Crash,04/27/2015 10:24:00 PM,County,LOCKWOOD DR,ENT TO SHOPPING CENTER,,N/A,PEDESTRIAN,OTHER,CLEAR,DRY,DARK LIGHTS ON,NO CONTROLS,N/A,ALCOHOL PRESENT,12A9FA0A-6023-4FBE-82C5-30F98B23AFD2,PEDESTRIAN,Other,DART DASH,ON ROADWAY NOT AT CROSSWALK,,POSSIBLE INJURY,NONE,39.04130167,-76.98569833,"    (39.04130167, -76.98569833)"
MCP26430008,15019405,Montgomery County Police,Injury Crash,04/24/2015 08:52:00 PM,Maryland (State),NEW HAMPSHIRE AVE,CHALMERS RD,,N/A,PEDESTRIAN,SAME DIR REAR END,CLEAR,DRY,DARK LIGHTS ON,N/A,"ALCOHOL CONTRIBUTED, N/A",N/A,0A778EDE-B2FC-4061-BDCB-36E9A4F300A6,PEDESTRIAN,Standing,NO IMPROPER ACTIONS,OTHER,,SUSPECTED MINOR INJURY,N/A,39.02885833,-76.98325333,"    (39.02885833, -76.98325333)"
MCP0704000J,15018940,Montgomery County Police,Property Damage Crash,04/24/2015 05:45:00 PM,Maryland (State),OLD GEORGETOWN RD,CORDELL AVE,,N/A,BICYCLIST,SINGLE VEHICLE,CLEAR,DRY,DAYLIGHT,NO CONTROLS,NONE DETECTED,NONE DETECTED,32AF35D0-4143-42EB-8D02-D82E3B4C23B9,BICYCLIST,Walking/Riding w/Traffic,NO IMPROPER ACTIONS,OTHER,,NO APPARENT INJURY,MC/BIKE HELMET,38.98662833,-77.09057333,"    (38.98662833, -77.09057333)"
MCP2719000J,15019317,Montgomery County Police,Injury Crash,04/24/2015 02:35:00 PM,County,RANDOLPH RD,MIDDLEVALE LA,,N/A,PEDESTRIAN,N/A,N/A,N/A,DAYLIGHT,N/A,,N/A,B9ED6297-BCF8-473B-83DC-522F0DB31300,PEDESTRIAN,Walking to/from school,N/A,SIDEWALK,,SUSPECTED MINOR INJURY,NONE,39.06457333,-77.03838333,"    (39.06457333, -77.03838333)"
MCP2534000M,15019024,Montgomery County Police,Injury Crash,04/23/2015 03:20:00 AM,US (State),COLESVILLE RD,UNIVERSITY BLVD E,,N/A,PEDESTRIAN,SINGLE VEHICLE,CLEAR,DRY,DARK LIGHTS ON,TRAFFIC SIGNAL,NONE DETECTED,NONE DETECTED,1A4B4494-92C9-4509-BB99-32930BCF3B41,PEDESTRIAN,Cross/Enter at Intersection,DART DASH,AT INTERSECTION MARKED CROSSWALK,,SUSPECTED SERIOUS INJURY,N/A,39.020365,-77.01277,"    (39.020365, -77.01277)"
MCP1575002G,15018735,Montgomery County Police,Injury Crash,04/21/2015 04:25:00 PM,County,SHADY GROVE RD,MEDICAL CENTER WAY,,N/A,BICYCLIST,STRAIGHT MOVEMENT ANGLE,CLEAR,DRY,DAYLIGHT,TRAFFIC SIGNAL,NONE DETECTED,NONE DETECTED,0874F7FE-BCB5-40C3-869F-6608FA7CBC0B,BICYCLIST,Cross/Enter at Intersection,FAILURE TO YIELD RIGHT OF WAY,ON ROADWAY AT CROSSWALK,,POSSIBLE INJURY,UNKNOWN,39.09729667,-77.19467333,"    (39.09729667, -77.19467333)"
MCP93860025,15018685,Montgomery County Police,Injury Crash,04/21/2015 11:00:00 AM,County,MORGAN DR,STRATFORD RD,,N/A,PEDESTRIAN,OTHER,CLEAR,DRY,DAYLIGHT,NO CONTROLS,NONE DETECTED,NONE DETECTED,ABAACFEB-6287-43B1-AEB2-C75CE821567F,PEDESTRIAN,Getting off/on Vehicle,NO IMPROPER ACTIONS,SHOULDER,,SUSPECTED MINOR INJURY,NONE,39.28264,-77.17787333,"    (39.28264, -77.17787333)"
MCP2698000R,15018521,Montgomery County Police,Injury Crash,04/20/2015 02:20:00 PM,,,,"3470 Olney Laytonsville Rd (Ledos Pizza)
Olney, MD 20832  - Occurred in parking retail parking lot.",,PEDESTRIAN,SINGLE VEHICLE,CLEAR,,DAYLIGHT,NO CONTROLS,NONE DETECTED,NONE DETECTED,44A52EB6-C7DF-4985-ACFD-316C686A3156,PEDESTRIAN,Cross/Enter not at Intersection,UNKNOWN,N/A,,POSSIBLE INJURY,N/A,39.15321833,-77.06855,"    (39.15321833, -77.06855)"
MCP2845000X,15018338,Montgomery County Police,Injury Crash,04/19/2015 11:54:00 AM,County,LARISTON LA,LA GRANDE RD,,N/A,PEDESTRIAN,SINGLE VEHICLE,CLEAR,DRY,DAYLIGHT,NO CONTROLS,NONE DETECTED,NONE DETECTED,79CD1293-01BC-4835-BC78-099F288F3DF8,PEDESTRIAN,Walking/Riding against Traffic,NOT VISIBLE,ON ROADWAY NOT AT CROSSWALK,,POSSIBLE INJURY,N/A,39.02471833,-76.989235,"    (39.02471833, -76.989235)"