Report Number,Local Case Number,Agency Name,ACRS Report Type,Crash Date/Time,Route Type,Road Name,Cross-Street Name,Off-Road Description,Municipality,Related Non-Motorist,Collision Type,Weather,Surface Condition,Light,Traffic Control,Driver Substance Abuse,Non-Motorist Substance Abuse,Person ID,Pedestrian Type,Pedestrian Movement,Pedestrian Actions,Pedestrian Location,At Fault,Injury Severity,Safety Equipment,Latitude,Longitude,Location
MCP2348000N,15005502,Montgomery County Police,Injury Crash,02/03/2015 16:07,Maryland (State),VEIRS MILL RD,GEORGIA AVE,,N/A,PEDESTRIAN,SINGLE VEHICLE,CLEAR,DRY,DAYLIGHT,NO CONTROLS,NONE DETECTED,NONE DETECTED,8C474BDD-35CE-44D7-B704-8DB9EEE6C610,PEDESTRIAN,Cross/Enter not at Intersection,DART DASH,ON ROADWAY NOT AT CROSSWALK,,POSSIBLE INJURY,N/A,39.0375,-77.05092667,"    (39.0375, -77.05092667)"
MCP28120011,15005442,Montgomery County Police,Injury Crash,02/03/2015 10:09,County,FENTON ST,ELLSWORTH DR,,N/A,PEDESTRIAN,SINGLE VEHICLE,CLEAR,DRY,DAYLIGHT,TRAFFIC SIGNAL,N/A,N/A,2D60AD7C-9329-47B4-9D4C-C951555264DA,PEDESTRIAN,Cross/Enter at Intersection,NO IMPROPER ACTIONS,ON ROADWAY AT CROSSWALK,,POSSIBLE INJURY,N/A,38.99688,-77.02540833,"    (38.99688, -77.02540833)"
MCP2203000M,15005131,Montgomery County Police,Injury Crash,02/01/2015 6:55,Maryland (State),GEORGIA AVE,PRICHARD RD,,N/A,PEDESTRIAN,STRAIGHT MOVEMENT ANGLE,N/A,DRY,DARK LIGHTS ON,OTHER,NONE DETECTED,NONE DETECTED,DE59E9AD-736C-4A0C-9C77-6A5D4507DDF3,PEDESTRIAN,Cross/Enter at Intersection,FAILURE TO OBEY TRAFFIC SIGNS SIGNALS OR OFFICER,AT INTERSECTION MARKED CROSSWALK,,SUSPECTED SERIOUS INJURY,NONE,39.03660833,-77.05022833,"    (39.03660833, -77.05022833)"
MCP2246000C,15005075,Montgomery County Police,Property Damage Crash,01/31/2015 07:11:00 PM,,,,parking lot of 8010 Fenton Street,,OTHER,OTHER,CLEAR,,DARK LIGHTS ON,N/A,ALCOHOL PRESENT,N/A,74ED8AC5-0707-44A1-9C58-A0DA78F3BB3C,OTHER,N/A,NO IMPROPER ACTIONS,SIDEWALK,,NO APPARENT INJURY,N/A,38.98996968,-77.02413797,"    (38.98996968, -77.02413797)"
DD5586000H,15005024,Rockville Police Departme,Injury Crash,01/31/2015 01:40:00 PM,,,,865 Rockville Pike,,PEDESTRIAN,SINGLE VEHICLE,CLEAR,,DAYLIGHT,NO CONTROLS,NONE DETECTED,NONE DETECTED,C5D2F2C6-F00A-4078-8D98-9EF0FF1DAF92,PEDESTRIAN,Cross/Enter at Intersection,INATTENTIVE,AT INTERSECTION MARKED CROSSWALK,,SUSPECTED MINOR INJURY,N/A,39.07357761,-77.14599609,"    (39.07357761, -77.14599609)"
MCP13780047,15004900,Montgomery County Police,Injury Crash,01/30/2015 06:09:00 PM,,,,DRIVEWAY ENTRANCE TO 390 N. SUMMIT AVE,,PEDESTRIAN,SINGLE VEHICLE,CLEAR,,DARK LIGHTS ON,NO CONTROLS,NONE DETECTED,NONE DETECTED,68089F6D-31EC-41B3-B6A2-D43C2DEB2EF1,PEDESTRIAN,Cross/Enter at Intersection,NO IMPROPER ACTIONS,DRIVEWAY ACCESS MARKED CROSSWALK,,NO APPARENT INJURY,N/A,39.14908,-77.19287667,"    (39.14908, -77.19287667)"
MCP13780047,15004900,Montgomery County Police,Injury Crash,01/30/2015 06:09:00 PM,,,,DRIVEWAY ENTRANCE TO 390 N. SUMMIT AVE,,PEDESTRIAN,SINGLE VEHICLE,CLEAR,,DARK LIGHTS ON,NO CONTROLS,NONE DETECTED,NONE DETECTED,DE93EAB7-9CAF-4AF4-BFB2-359B65F1B81B,PEDESTRIAN,Cross/Enter at Intersection,NO IMPROPER ACTIONS,DRIVEWAY ACCESS MARKED CROSSWALK,,SUSPECTED MINOR INJURY,N/A,39.14908,-77.19287667,"    (39.14908, -77.19287667)"
MCP26760011,15004572,Montgomery County Police,Injury Crash,01/28/2015 09:04:00 PM,Maryland (State),GEORGIA AVE,ARCOLA AVE,,N/A,PEDESTRIAN,OTHER,CLEAR,DRY,DARK LIGHTS ON,TRAFFIC SIGNAL,N/A,N/A,82D08DDB-C780-4858-90CA-01734CA9BA43,PEDESTRIAN,Cross/Enter at Intersection,NO IMPROPER ACTIONS,ON ROADWAY AT CROSSWALK,,POSSIBLE INJURY,NONE,39.04961333,-77.05171667,"    (39.04961333, -77.05171667)"
MCP1382001X,15004447,Montgomery County Police,Injury Crash,01/28/2015 08:56:00 AM,,,,PARKING LOT OF 710 BEACON ROAD SILVER SPRING MD,,PEDESTRIAN,SINGLE VEHICLE,CLEAR,,DAYLIGHT,N/A,NONE DETECTED,NONE DETECTED,DF70982B-FC42-411A-8209-5B53588B64C6,PEDESTRIAN,Walking to/from school,IN ROADWAY IMPROPERLY,OTHER,,SUSPECTED SERIOUS INJURY,N/A,39.00903833,-76.98453833,"    (39.00903833, -76.98453833)"
MCP2882000M,15004378,Montgomery County Police,Injury Crash,01/27/2015 06:54:00 PM,,,,20910 Frederick Rd. Germantown Montgomery County Maryaland. Roadway in front of the Walmart,,PEDESTRIAN,OTHER,CLEAR,,DARK LIGHTS ON,NO CONTROLS,NONE DETECTED,NONE DETECTED,7670AEB8-1B96-4719-BA4E-2BDDEE574A56,PEDESTRIAN,Cross/Enter not at Intersection,IN ROADWAY IMPROPERLY,ON ROADWAY NOT AT CROSSWALK,,SUSPECTED MINOR INJURY,N/A,39.19866333,-77.25179333,"    (39.19866333, -77.25179333)"
MCP2015000D,15004236,Montgomery County Police,Injury Crash,01/26/2015 07:02:00 PM,Maryland (State),CLOPPER RD,MATENY RD,,N/A,PEDESTRIAN,SINGLE VEHICLE,SNOW,SNOW,DARK LIGHTS ON,TRAFFIC SIGNAL,NONE DETECTED,NONE DETECTED,060BB66D-82BB-4107-B4C8-5CBCAD6CB033,PEDESTRIAN,Cross/Enter at Intersection,DART DASH,ON ROADWAY AT CROSSWALK,,POSSIBLE INJURY,NONE,39.15640667,-77.26634833,"    (39.15640667, -77.26634833)"
DD5594000P,15004227,Rockville Police Departme,Injury Crash,01/26/2015 06:25:00 PM,Municipality,MONROE ST,E JEFFERSON ST,,N/A,PEDESTRIAN,OTHER,SNOW,WET,DARK LIGHTS ON,TRAFFIC SIGNAL,NONE DETECTED,NONE DETECTED,B323E55E-FC12-48F0-94E8-D1747624025D,PEDESTRIAN,Cross/Enter at Intersection,NO IMPROPER ACTIONS,ON ROADWAY AT CROSSWALK,,POSSIBLE INJURY,N/A,39.082715,-77.15589167,"    (39.082715, -77.15589167)"
MCP15530019,15004184,Montgomery County Police,Injury Crash,01/26/2015 02:53:00 PM,County,ELDRID DR,JOHNSON AVE,,N/A,PEDESTRIAN,OTHER,SNOW,SNOW,DAYLIGHT,N/A,NONE DETECTED,NONE DETECTED,0BD7553F-98BC-4BB1-8F1E-E3B1255E4E46,PEDESTRIAN,Walking/Riding against Traffic,NO IMPROPER ACTIONS,ON ROADWAY NOT AT CROSSWALK,,POSSIBLE INJURY,N/A,39.066665,-76.99651167,"    (39.066665, -76.99651167)"
MCP2809001J,15004314,Montgomery County Police,Injury Crash,01/26/2015 07:00:00 AM,Maryland (State),UNIVERSITY BLVD W,CADDINGTON AVE,,N/A,PEDESTRIAN,OTHER,RAINING,WET,DAWN,TRAFFIC SIGNAL,UNKNOWN,N/A,4A719E47-0EEC-4243-80A5-0CE8D8AF52E1,PEDESTRIAN,Walking to/from school,UNKNOWN,UNKNOWN,,POSSIBLE INJURY,NONE,39.03357,-77.0238,"    (39.03357, -77.0238)"
MCP20460039,15004131,Montgomery County Police,Injury Crash,01/26/2015 06:53:00 AM,Maryland (State),EAST WEST HWY,COLESVILLE RD,,N/A,PEDESTRIAN,ANGLE MEETS LEFT TURN,SNOW,WET,DARK LIGHTS ON,TRAFFIC SIGNAL,NONE DETECTED,NONE DETECTED,05805778-D6B9-47CC-9870-6F4D3F9174CD,PEDESTRIAN,Cross/Enter at Intersection,NO IMPROPER ACTIONS,ON ROADWAY AT CROSSWALK,,SUSPECTED MINOR INJURY,N/A,38.993415,-77.03198667,"    (38.993415, -77.03198667)"
MCP2907000W,15004097,Montgomery County Police,Injury Crash,01/25/2015 09:04:00 PM,County,ELM ST,WISCONSIN AVE,,N/A,PEDESTRIAN,OTHER,CLEAR,DRY,DARK LIGHTS ON,TRAFFIC SIGNAL,NONE DETECTED,NONE DETECTED,509DF3AE-1744-469E-AA63-0CDDEBB262B4,PEDESTRIAN,Cross/Enter at Intersection,NO IMPROPER ACTIONS,ON ROADWAY AT CROSSWALK,,SUSPECTED MINOR INJURY,N/A,38.98287833,-77.09362,"    (38.98287833, -77.09362)"
MCP2847000N,15004014,Montgomery County Police,Injury Crash,01/25/2015 08:53:00 AM,County,ATHERTON DR,RANDOLPH RD,,N/A,PEDESTRIAN,OTHER,CLEAR,DRY,DAYLIGHT,STOP SIGN,NONE DETECTED,NONE DETECTED,6CDFBA21-8C89-44A5-AC91-3FF904DC38E2,PEDESTRIAN,Cross/Enter at Intersection,NO IMPROPER ACTIONS,ON ROADWAY AT CROSSWALK,,POSSIBLE INJURY,N/A,39.05713167,-77.07692833,"    (39.05713167, -77.07692833)"
MCP2688001B,15003830,Montgomery County Police,Injury Crash,01/23/2015 09:45:00 PM,Maryland (State),NEW HAMPSHIRE AVE,ELTON RD,,N/A,PEDESTRIAN,OTHER,RAINING,WET,DARK LIGHTS ON,TRAFFIC SIGNAL,NONE DETECTED,NONE DETECTED,3B5EDDAD-6364-4A80-9439-FC1B9584C2F0,PEDESTRIAN,Cross/Enter at Intersection,UNKNOWN,ON ROADWAY AT CROSSWALK,,SUSPECTED MINOR INJURY,N/A,39.02051333,-76.97672333,"    (39.02051333, -76.97672333)"
MCP2789000K,15003826,Montgomery County Police,Injury Crash,01/23/2015 08:10:00 PM,Maryland (State),COLESVILLE RD,GEORGIA AVE,,N/A,PEDESTRIAN,SINGLE VEHICLE,RAINING,WET,DARK LIGHTS ON,TRAFFIC SIGNAL,N/A,N/A,BE95E8A5-2271-404B-9A7E-665E6DAF897F,PEDESTRIAN,Cross/Enter at Intersection,NO IMPROPER ACTIONS,AT INTERSECTION MARKED CROSSWALK,,SUSPECTED MINOR INJURY,N/A,38.99734667,-77.029575,"    (38.99734667, -77.029575)"
MCP2767000L,15003795,Montgomery County Police,Injury Crash,01/23/2015 05:30:00 PM,County,AMHERST AVE,BLUERIDGE AVE,,N/A,PEDESTRIAN,SINGLE VEHICLE,SLEET,WET,DARK LIGHTS ON,YIELD SIGN,NONE DETECTED,NONE DETECTED,384DE869-2028-4682-B18A-DCB2E130AE4A,PEDESTRIAN,Cross/Enter at Intersection,DART DASH,AT INTERSECTION MARKED CROSSWALK,,SUSPECTED SERIOUS INJURY,N/A,39.04335333,-77.047845,"    (39.04335333, -77.047845)"
MCP25490048,15003663,Montgomery County Police,Injury Crash,01/23/2015 07:15:00 AM,Maryland (State),CONNECTICUT AVE,THORNAPPLE ST,,CHEVY CHASE #4,BICYCLIST,HEAD ON LEFT TURN,N/A,WET,DAWN,NO CONTROLS,NONE DETECTED,NONE DETECTED,622B15DA-2896-4E24-A7AA-712F986E3251,BICYCLIST,Walking/Riding w/Traffic,NO IMPROPER ACTIONS,OTHER,,SUSPECTED MINOR INJURY,MC/BIKE HELMET,39.21237333,-77.14266,"    (39.21237333, -77.14266)"
MCP26310006,15003514,Montgomery County Police,Injury Crash,01/22/2015 09:45:00 AM,County,ELM ST,ARLINGTON RD,,N/A,PEDESTRIAN,OTHER,CLOUDY,DRY,DAYLIGHT,TRAFFIC SIGNAL,NONE DETECTED,NONE DETECTED,76455FEE-27C2-4F75-B4F9-A0B9D5331FA2,PEDESTRIAN,Cross/Enter at Intersection,NO IMPROPER ACTIONS,AT INTERSECTION MARKED CROSSWALK,,SUSPECTED MINOR INJURY,N/A,38.98193,-77.09826333,"    (38.98193, -77.09826333)"
MCP13970005,15000489,Montgomery County Police,Injury Crash,01/22/2015 07:27:00 AM,Maryland (State),GERMANTOWN RD,FREDERICK RD,,N/A,PEDESTRIAN,OTHER,FOGGY,WET,DAWN,TRAFFIC SIGNAL,NONE DETECTED,NONE DETECTED,D3F0B888-DDB6-4406-A65B-3528F036F90D,PEDESTRIAN,Cross/Enter at Intersection,NO IMPROPER ACTIONS,ON ROADWAY AT CROSSWALK,,POSSIBLE INJURY,NONE,39.19185667,-77.24314333,"    (39.19185667, -77.24314333)"
MCP2348000M,15003441,Montgomery County Police,Injury Crash,01/21/2015 07:30:00 PM,Maryland (State),UNIVERSITY BLVD W,INWOOD AVE,,N/A,PEDESTRIAN,SINGLE VEHICLE,OTHER,WET,DARK LIGHTS ON,TRAFFIC SIGNAL,NONE DETECTED,NONE DETECTED,46E778DA-A668-46ED-A447-576A216AAA15,PEDESTRIAN,Other,NO IMPROPER ACTIONS,OTHER,,SUSPECTED SERIOUS INJURY,N/A,39.03602,-77.03609333,"    (39.03602, -77.03609333)"
MCP28050015,15003440,Montgomery County Police,Injury Crash,01/21/2015 07:14:00 PM,,,,20110 ROTHBURY LANE (PARKING LOT),,PEDESTRIAN,OTHER,CLOUDY,,DARK NO LIGHTS,N/A,NONE DETECTED,NONE DETECTED,5A6E218A-7453-4EF9-B2BE-212A7B893853,PEDESTRIAN,Unknown,UNKNOWN,ON ROADWAY AT CROSSWALK,,POSSIBLE INJURY,N/A,39.18607,-77.19134333,"    (39.18607, -77.19134333)"
MCP13780041,15003408,Montgomery County Police,Injury Crash,01/21/2015 02:56:00 PM,County,PLUM CREEK DR,WHIRLWIND CT,,N/A,PEDESTRIAN,SINGLE VEHICLE,CLOUDY,SNOW,DAYLIGHT,N/A,NONE DETECTED,NONE DETECTED,06E7FF4D-1018-4C92-AF64-25B1B56BA345,PEDESTRIAN,Walking/Riding w/Traffic,NO IMPROPER ACTIONS,ON ROADWAY NOT AT CROSSWALK,,POSSIBLE INJURY,N/A,39.19406667,-77.16626167,"    (39.19406667, -77.16626167)"
MCP2769000N,15003271,Montgomery County Police,Injury Crash,01/20/2015 09:13:00 PM,,,,PARKING LOT @ 237 KENTLANDS BLVD,,PEDESTRIAN,OTHER,CLEAR,,DARK LIGHTS ON,N/A,N/A,N/A,C28CC53B-7A2B-424F-810F-2D07C0BC45C8,PEDESTRIAN,Cross/Enter at Intersection,NO IMPROPER ACTIONS,OUTSIDE RIGHT OF WAY,,POSSIBLE INJURY,N/A,39.12499,-77.239035,"    (39.12499, -77.239035)"
MCP13780040,15003250,Montgomery County Police,Injury Crash,01/20/2015 06:53:00 PM,,,,PARKING LOT OF 9235 HUMMINGBIRD TERR,,PEDESTRIAN,SINGLE VEHICLE,CLOUDY,,DARK LIGHTS ON,N/A,NONE DETECTED,NONE DETECTED,9D01B1C8-C8CC-4243-AD66-28049C4CC06E,PEDESTRIAN,Other,NO IMPROPER ACTIONS,OTHER,,SUSPECTED MINOR INJURY,N/A,39.16101167,-77.190915,"    (39.16101167, -77.190915)"
MCP25970015,15003230,Montgomery County Police,Injury Crash,01/20/2015 05:46:00 PM,County,WAYNE AVE,RAMSEY AVE,,N/A,PEDESTRIAN,OTHER,CLEAR,DRY,DARK LIGHTS ON,TRAFFIC SIGNAL,NONE DETECTED,ALCOHOL PRESENT,D40E853D-4DD8-4833-9A6A-E4358E0384D7,PEDESTRIAN,Cross/Enter at Intersection,IN ROADWAY IMPROPERLY,ON ROADWAY NOT AT CROSSWALK,,SUSPECTED MINOR INJURY,NONE,38.99450598,-77.02920198,"    (38.99450598, -77.02920198)"
MCP13660027,15003123,Montgomery County Police,Injury Crash,01/20/2015 06:40:00 AM,County,CENTERWAY RD,GOSHEN RD,,N/A,PEDESTRIAN,SINGLE VEHICLE,CLEAR,UNKNOWN,DARK LIGHTS ON,TRAFFIC SIGNAL,UNKNOWN,NONE DETECTED,C123231A-D5E9-4C34-B677-1D15373709EE,PEDESTRIAN,Cross/Enter at Intersection,NO IMPROPER ACTIONS,AT INTERSECTION MARKED CROSSWALK,,SUSPECTED MINOR INJURY,NONE,39.16943141,-77.19063878,"    (39.16943141, -77.19063878)"
MCP2708000G,15003037,Montgomery County Police,Injury Crash,01/19/2015 04:07:00 PM,County,DILSTON RD,ARMISTEAD RD,,N/A,PEDESTRIAN,STRAIGHT MOVEMENT ANGLE,N/A,DRY,DAYLIGHT,NO CONTROLS,NONE DETECTED,NONE DETECTED,6E18F8AB-BB4F-489C-B3BA-8B047F206CC6,PEDESTRIAN,Cross/Enter not at Intersection,NO IMPROPER ACTIONS,ON ROADWAY NOT AT CROSSWALK,,POSSIBLE INJURY,N/A,39.0134819,-76.98371172,"    (39.0134819, -76.98371172)"
MCP2859000N,15003015,Montgomery County Police,Injury Crash,01/19/2015 01:47:00 PM,,,,"PARKING LOT IN FRONT OF 842 MUDDY BRANCH RD, GAITHERSBURG, MARYLAND, 20878",,PEDESTRIAN,OTHER,CLOUDY,,DAYLIGHT,NO CONTROLS,NONE DETECTED,NONE DETECTED,DD9A9D84-1478-4F79-9F71-0FCA962FB49D,PEDESTRIAN,Cross/Enter not at Intersection,UNKNOWN,ON ROADWAY NOT AT CROSSWALK,,SUSPECTED MINOR INJURY,NONE,39.114485,-77.21735,"    (39.114485, -77.21735)"
MCP2816000Y,15002925,Montgomery County Police,Injury Crash,01/18/2015 06:43:00 PM,Maryland (State),ROCKVILLE PIKE,HALPINE RD,,ROCKVILLE,MACHINE OPERATOR/RIDER,HEAD ON LEFT TURN,N/A,WET,DARK -- UNKNOWN LIGHTING,TRAFFIC SIGNAL,NONE DETECTED,NONE DETECTED,1B8964D7-25C0-4DA6-B34D-1B3F3F3A677C,MACHINE OPERATOR/RIDER,Cross/Enter at Intersection,NO IMPROPER ACTIONS,AT INTERSECTION MARKED CROSSWALK,,POSSIBLE INJURY,NONE,39.06174,-77.12406167,"    (39.06174, -77.12406167)"
MCP2504000G,15002621,Montgomery County Police,Injury Crash,01/16/2015 06:17:00 PM,County,TUCKERMAN LA,DURYEA DR,,N/A,PEDESTRIAN,SINGLE VEHICLE,CLOUDY,DRY,DARK LIGHTS ON,N/A,NONE DETECTED,NONE DETECTED,92E787A8-A90B-4CDB-8307-A15083A702A0,PEDESTRIAN,Cross/Enter not at Intersection,IN ROADWAY IMPROPERLY,ON ROADWAY NOT AT CROSSWALK,,SUSPECTED SERIOUS INJURY,NONE,39.04316833,-77.179015,"    (39.04316833, -77.179015)"
MCP2594000H,15002555,Montgomery County Police,Injury Crash,01/16/2015 11:59:00 AM,County,PRINCE PHILIP DR,OLNEY SANDY SPRING RD,,N/A,PEDESTRIAN,STRAIGHT MOVEMENT ANGLE,CLEAR,DRY,DAYLIGHT,STOP SIGN,NONE DETECTED,NONE DETECTED,377C523C-DE00-4D27-AB30-62F9CC5E49F7,PEDESTRIAN,Cross/Enter at Intersection,NO IMPROPER ACTIONS,ON ROADWAY AT CROSSWALK,,SUSPECTED MINOR INJURY,N/A,39.153095,-77.05558833,"    (39.153095, -77.05558833)"
MCP24250048,15002228,Montgomery County Police,Injury Crash,01/14/2015 06:48:00 PM,County,LOCKWOOD DR,OAK LEAF DR,,N/A,PEDESTRIAN,OTHER,CLEAR,DRY,DARK LIGHTS ON,OTHER,NONE DETECTED,NONE DETECTED,90EA26F2-A8DB-49B0-B741-3FCCF45AE76C,PEDESTRIAN,Cross/Enter at Intersection,NO IMPROPER ACTIONS,ON ROADWAY AT CROSSWALK,,SUSPECTED MINOR INJURY,NONE,39.03840333,-76.994445,"    (39.03840333, -76.994445)"
MCP2008000M,15002220,Montgomery County Police,Injury Crash,01/14/2015 05:17:00 PM,County,SANGAMORE RD,BROOKES LA,,N/A,PEDESTRIAN,OTHER,CLOUDY,DRY,DUSK,STOP SIGN,UNKNOWN,NONE DETECTED,7A26980B-BFE5-42F4-9E96-BA18E59616C6,PEDESTRIAN,Cross/Enter at Intersection,NO IMPROPER ACTIONS,ON ROADWAY AT CROSSWALK,,POSSIBLE INJURY,N/A,38.94900833,-77.12020333,"    (38.94900833, -77.12020333)"
MCP26940012,15002209,Montgomery County Police,Injury Crash,01/14/2015 04:16:00 PM,,,,Parking lot 5809 Nicholson Ln T1 level,,PEDESTRIAN,OTHER,N/A,,DARK LIGHTS ON,NO CONTROLS,NONE DETECTED,NONE DETECTED,2499251E-C8B1-4814-A64E-BF2233274D56,PEDESTRIAN,Other,NO IMPROPER ACTIONS,OTHER,,POSSIBLE INJURY,NONE,39.05546833,-77.09720167,"    (39.05546833, -77.09720167)"
MCP2116001B,15001974,Montgomery County Police,Injury Crash,01/13/2015 09:17:00 AM,Municipality,BALTIMORE RD,BALTIMORE RD (AHEAD),,N/A,PEDESTRIAN,SINGLE VEHICLE,CLEAR,DRY,DAYLIGHT,N/A,NONE DETECTED,NONE DETECTED,2B715340-4EB8-43CE-8250-72BB978C78D2,PEDESTRIAN,Walking/Riding w/Traffic,NO IMPROPER ACTIONS,SHOULDER,,SUSPECTED MINOR INJURY,REFLECTIVE CLOTHING,39.09107,-77.114849,"    (39.09107, -77.114849)"
MCP2847000L,15001793,Montgomery County Police,Injury Crash,01/12/2015 10:05,County,RANDOLPH RD,BUSHEY DR,,N/A,BICYCLIST,SINGLE VEHICLE,RAINING,WET,DAYLIGHT,STOP SIGN,NONE DETECTED,NONE DETECTED,54C47C1D-A838-443E-BC00-73D134CDACEE,BICYCLIST,Cross/Enter at Intersection,NO IMPROPER ACTIONS,ON ROADWAY AT CROSSWALK,,POSSIBLE INJURY,UNKNOWN,39.05767333,-77.07777167,"    (39.05767333, -77.07777167)"
EJ7847000Q,15001725,Gaithersburg Police Depar,Injury Crash,01/11/2015 15:00,,,,"Parking lot of 18435 Lost Knife Circle, Montgomery Village, MD 20877",,PEDESTRIAN,OTHER,CLEAR,,DAYLIGHT,NO CONTROLS,N/A,N/A,FB4C7CC5-417A-4BB6-B923-CA0A8589FAEE,PEDESTRIAN,Getting off/on Vehicle,DART DASH,OTHER,,SUSPECTED MINOR INJURY,NONE,39.15674,-77.20306167,"    (39.15674, -77.20306167)"
DD5595000V,15001558,Rockville Police Departme,Property Damage Crash,01/10/2015 13:03,,,,THE REAR OF THE PARKING LOT AT 820 BALTIMORE RD,,OTHER,SINGLE VEHICLE,CLEAR,,DAYLIGHT,N/A,NONE DETECTED,N/A,04E6C31A-1A67-428A-BC16-A7FC8271E446,OTHER,N/A,N/A,OTHER,,NO APPARENT INJURY,N/A,39.08497103,-77.13515997,"    (39.08497103, -77.13515997)"
DD5595000V,15001558,Rockville Police Departme,Property Damage Crash,01/10/2015 13:03,,,,THE REAR OF THE PARKING LOT AT 820 BALTIMORE RD,,OTHER,SINGLE VEHICLE,CLEAR,,DAYLIGHT,N/A,NONE DETECTED,N/A,8BACDC76-CE55-4369-A71F-2AA8325ADF0F,OTHER,N/A,N/A,OTHER,,NO APPARENT INJURY,N/A,39.08497103,-77.13515997,"    (39.08497103, -77.13515997)"
MCP2654000L,15001472,Montgomery County Police,Injury Crash,01/09/2015 21:23,,,,Parking Lot of 525 Thayer Ave,,PEDESTRIAN,SINGLE VEHICLE,CLEAR,,DARK NO LIGHTS,NO CONTROLS,NONE DETECTED,NONE DETECTED,D607FAFE-C599-4FEC-8448-4F68086C55DF,PEDESTRIAN,Cross/Enter not at Intersection,NOT VISIBLE,OTHER,,POSSIBLE INJURY,NONE,38.99605167,-77.02778,"    (38.99605167, -77.02778)"
DD5601000H,15001410,Rockville Police Departme,Injury Crash,01/09/2015 14:56,Maryland (State),ROCKVILLE PIKE,MONROE PL,,ROCKVILLE,PEDESTRIAN,OTHER,CLEAR,DRY,DAYLIGHT,TRAFFIC SIGNAL,N/A,N/A,1AC4359B-2F58-47DC-BE98-6BDDB5066101,PEDESTRIAN,Cross/Enter at Intersection,DART DASH,ON ROADWAY AT CROSSWALK,,SUSPECTED MINOR INJURY,N/A,39.08345,-77.14692333,"    (39.08345, -77.14692333)"
MCP2384000Q,15001274,Montgomery County Police,Injury Crash,01/08/2015 18:00,Municipality,THE HILLS PLAZA,S PARK AVE,,FRIENDSHIP HEIGHTS,PEDESTRIAN,OTHER,N/A,DRY,DARK LIGHTS ON,STOP SIGN,UNKNOWN,NONE DETECTED,7C4FB622-873E-4554-BE31-EBE27385A56C,PEDESTRIAN,Cross/Enter at Intersection,NO IMPROPER ACTIONS,ON ROADWAY AT CROSSWALK,,SUSPECTED MINOR INJURY,N/A,38.9633631,-77.08818913,"    (38.9633631, -77.08818913)"
MCP2766000W,15000959,Montgomery County Police,Injury Crash,01/06/2015 18:35,Maryland (State),GEORGIA AVE,RALPH RD,,N/A,PEDESTRIAN,SINGLE VEHICLE,SNOW,SLUSH,DARK LIGHTS ON,NO CONTROLS,NONE DETECTED,NONE DETECTED,AFF3220E-A364-4CA0-9AF8-3D8532DC71F1,PEDESTRIAN,Cross/Enter not at Intersection,N/A,MEDIAN,,POSSIBLE INJURY,N/A,39.07908,-77.07245167,"    (39.07908, -77.07245167)"
MCP2813000V,15000853,Montgomery County Police,Injury Crash,01/06/2015 8:04,County,CENTERHILL ST,BLUHILL RD,,N/A,PEDESTRIAN,SINGLE VEHICLE,SNOW,ICE,DAYLIGHT,STOP SIGN,NONE DETECTED,NONE DETECTED,CE10B1E5-9766-48E1-8B9E-8E1ACDF21810,PEDESTRIAN,Getting off/on Vehicle,NO IMPROPER ACTIONS,OTHER,,SUSPECTED SERIOUS INJURY,N/A,39.05038833,-77.07255167,"    (39.05038833, -77.07255167)"
MCP21340008,15000784,Montgomery County Police,Fatal Crash,01/05/2015 17:55,Maryland (State),VEIRS MILL RD,PARKLAND DR,,N/A,PEDESTRIAN,OTHER,CLEAR,DRY,DARK LIGHTS ON,TRAFFIC SIGNAL,NONE DETECTED,UNKNOWN,B47E36B8-6457-40C4-B2A1-73F5450A32E7,PEDESTRIAN,Cross/Enter at Intersection,FAILURE TO OBEY TRAFFIC SIGNS SIGNALS OR OFFICER,ON ROADWAY AT CROSSWALK,,FATAL INJURY,NONE,39.06151591,-77.09187984,"    (39.06151591, -77.09187984)"
MCP9379000G,15000697,Montgomery County Police,Injury Crash,01/05/2015 12:23,Maryland (State),FREDERICK RD,KING FARM BLVD,,ROCKVILLE,PEDESTRIAN,HEAD ON LEFT TURN,CLEAR,DRY,DAYLIGHT,TRAFFIC SIGNAL,N/A,NONE DETECTED,FDEDF7D9-E358-49EC-9552-FA61069E098A,PEDESTRIAN,Cross/Enter at Intersection,NO IMPROPER ACTIONS,ON ROADWAY AT CROSSWALK,,POSSIBLE INJURY,N/A,39.116905,-77.16849167,"    (39.116905, -77.16849167)"
MCP27650015,15000583,Montgomery County Police,Injury Crash,01/04/2015 14:55,,,,Parking lot of Giant Food (12051 Rockville Pike),,PEDESTRIAN,SINGLE VEHICLE,RAINING,,DAYLIGHT,NO CONTROLS,NONE DETECTED,NONE DETECTED,B0192567-A332-44AA-B745-26DEC4046E9B,PEDESTRIAN,Cross/Enter at Intersection,NO IMPROPER ACTIONS,ON ROADWAY AT CROSSWALK,,POSSIBLE INJURY,NONE,38.96282667,-77.08798333,"    (38.96282667, -77.08798333)"
MCP2690000N,15000473,Montgomery County Police,Injury Crash,01/03/2015 20:31,,,,Parking Lot 13 at 11219 Grandview Ave,,PEDESTRIAN,SINGLE VEHICLE,RAINING,,DARK LIGHTS ON,NO CONTROLS,ALCOHOL CONTRIBUTED,NONE DETECTED,4D6B0D8F-90B1-4BF0-9D2E-3A831F578D44,PEDESTRIAN,Standing,NO IMPROPER ACTIONS,OTHER,,SUSPECTED MINOR INJURY,N/A,39.03882591,-77.05136508,"    (39.03882591, -77.05136508)"
DD5508000L,15000253,Rockville Police Departme,Injury Crash,01/02/2015 11:51,,,,Parking Lot of 14939 Shady Grove Rd,,PEDESTRIAN,SINGLE VEHICLE,CLEAR,,DAYLIGHT,NO CONTROLS,NONE DETECTED,UNKNOWN,23EB05DF-B752-4D50-95A1-3E5A0371D899,PEDESTRIAN,Cross/Enter not at Intersection,IN ROADWAY IMPROPERLY,ON ROADWAY NOT AT CROSSWALK,,POSSIBLE INJURY,NONE,39.09749501,-77.19245195,"    (39.09749501, -77.19245195)"
MCP2439000D,14064779,Montgomery County Police,Injury Crash,01/01/2015 18:00,County,CONTOUR RD,HORIZON RUN RD,,N/A,PEDESTRIAN,N/A,CLEAR,DRY,DARK NO LIGHTS,NO CONTROLS,N/A,N/A,9E175636-4D5C-4C5D-A2E8-B03CD962B532,PEDESTRIAN,N/A,INATTENTIVE,ON ROADWAY AT CROSSWALK,,POSSIBLE INJURY,N/A,39.1552397,-77.197752,"    (39.1552397, -77.197752)"